label,eccentricity,area_um2,diameter_um,perimeter_um,centroid_x_um,centroid_y_um,circularity,size_class
1,0.9986136701422079,35200.0,211.7026971360491,1744.142135623731,12046.136363636362,985.909090909091,0.14540816016034286,200-400
2,0.9981256192872442,13200.0,129.6408962885715,620.0,13086.666666666668,1026.6666666666667,0.43151949039830795,100-200
3,0.9992318033827307,8000.0,100.92530088080642,364.14213562373095,11115.0,1021.0,0.7581549610137911,100-200
4,0.9964385910067536,6000.0,87.40387444736633,284.14213562373095,10732.0,1052.0,0.9338773317285286,<100
5,0.902694735470332,54000.0,262.21162334209896,1460.832611206852,10128.148148148148,1194.2222222222222,0.3179821292560771,200-400
6,1.0,1200.0,39.08820095223359,20.0,10520.0,1080.0,1.0,<100
7,0.4692034281797029,52400.0,258.29779740470593,812.5483399593904,10928.854961832061,1220.6106870229007,0.9973388488964197,200-400
8,0.7029544970824422,60400.0,277.3151068766428,1019.4112549695427,11848.476821192053,1207.1523178807947,0.7303784559614732,200-400
9,0.9957780525567909,7600.0,98.3698151873187,356.5685424949238,13556.842105263158,1123.157894736842,0.751168564027431,<100
10,1.0,1600.0,45.1351666838205,40.0,13790.0,1160.0,1.0,<100
11,0.9960968245732498,25200.0,179.1246396432554,1157.989898732233,14244.126984126982,1264.4444444444443,0.23615702154680945,100-200
12,0.9891527151132065,2400.0,55.27906391541368,88.2842712474619,9710.0,1206.6666666666667,1.0,<100
13,0.998427984509783,6800.0,93.04852983362557,324.8528137423857,9460.0,1265.8823529411766,0.8097398467246145,<100
14,0.8862441993534412,118000.0,387.610972856483,1558.8225099390854,12357.42372881356,1483.864406779661,0.6102369971101298,200-400
15,0.0,1600.0,45.1351666838205,80.0,13030.0,1270.0,1.0,<100
16,0.6292889820590859,5600.0,84.44016491289504,221.4213562373095,11495.714285714286,1327.1428571428573,1.0,<100
17,1.0,1600.0,45.1351666838205,40.0,9230.0,1320.0,1.0,<100
18,0.9977314574301542,6000.0,87.40387444736633,284.8528137423857,9020.0,1365.3333333333333,0.9292232911910493,<100
19,0.9960794218438584,4400.0,74.84820637019111,196.5685424949238,14780.0,1385.4545454545453,1.0,<100
20,0.9946544270942009,6000.0,87.40387444736633,268.2842712474619,8725.333333333332,1450.6666666666665,1.0,<100
21,0.7276119925147901,62800.0,282.77100878514443,1061.543289325507,10922.929936305733,1543.0573248407643,0.7003160654639456,200-400
22,0.0,400.0,22.56758334191025,0.0,14940.0,1420.0,1.0,<100
23,0.9863006605741669,34400.0,209.28315827817966,1213.259018078045,15276.046511627908,1571.627906976744,0.2936711273632817,200-400
24,0.8312922821043541,97600.0,352.5169209643019,2907.9393923933994,9346.39344262295,1786.1475409836066,0.14504039717724695,200-400
25,0.5773502691896258,3200.0,63.83076486422923,153.1370849898476,13780.0,1490.0,1.0,<100
26,0.5473017179827889,5600.0,84.44016491289504,296.5685424949238,13035.714285714286,1515.7142857142858,0.8001063651285885,<100
27,1.0,800.0,31.915382432114615,0.0,8570.0,1500.0,1.0,<100
28,1.0,800.0,31.915382432114615,0.0,8510.0,1520.0,1.0,<100
29,0.9972007957901827,5600.0,84.44016491289504,264.8528137423857,8338.57142857143,1581.4285714285713,1.0,<100
30,0.13684536091285482,124400.0,397.9836672089123,1832.6702730475881,9939.549839228295,1734.6623794212219,0.4654377168903455,200-400
31,1.0,800.0,31.915382432114615,0.0,9050.0,1600.0,1.0,<100
32,0.9885879027046066,3600.0,67.70275002573075,148.2842712474619,8108.888888888889,1662.2222222222222,1.0,<100
33,0.6903764086970495,10000.0,112.83791670955125,357.9898987322333,14739.2,1717.6,0.9805467826748303,100-200
34,0.377964473009227,2800.0,59.708213214418464,136.5685424949238,11334.285714285714,1700.0,1.0,<100
35,0.8106015913881411,64400.0,286.35053113438516,1742.9646455628165,7696.521739130435,1959.3788819875776,0.2663904034029986,200-400
36,1.0,800.0,31.915382432114615,0.0,13530.0,1700.0,1.0,<100
37,0.16102090635875654,86800.0,332.44126170349574,1024.2640687119285,14528.202764976959,1871.4285714285713,1.0,200-400
38,0.6538067849786263,13600.0,131.59049284959082,397.9898987322333,13170.588235294117,1814.1176470588234,1.0,100-200
39,0.9851714310094161,1600.0,45.1351666838205,48.2842712474619,15830.0,1750.0,1.0,<100
40,0.5773502691896258,3200.0,63.83076486422923,153.1370849898476,12700.0,1790.0,1.0,<100
41,0.8230173129766362,4800.0,78.17640190446718,216.5685424949238,13748.333333333332,1783.3333333333335,1.0,<100
42,0.8574791725932179,14000.0,133.5116235624909,426.2741699796952,13585.142857142857,1846.857142857143,0.968188377340075,100-200
43,0.9916448927174536,4000.0,71.36496464611085,172.42640687119285,15982.0,1818.0,1.0,<100
44,0.41203860321932984,74400.0,307.7808020788433,1352.5483399593904,10730.752688172042,1935.9139784946237,0.5110662575017608,200-400
45,0.36601167972398835,60000.0,276.3953195770684,1172.5483399593904,12302.4,1984.0,0.5484027224315711,200-400
46,0.7917413587484459,4000.0,71.36496464611085,164.14213562373095,10256.0,1886.0,1.0,<100
47,0.9995391596080486,30400.0,196.7396303746374,1644.9747468305832,16733.684210526317,2165.5263157894738,0.1411773342864749,100-200
48,0.2970442628930021,6800.0,93.04852983362557,249.7056274847714,8540.0,1912.941176470588,1.0,<100
49,0.523556754446835,5200.0,81.36857890256438,204.85281374238568,11832.307692307693,1912.3076923076924,1.0,<100
50,0.85555917543882,68800.0,295.9710808132768,1109.1168824543142,11536.744186046511,2069.302325581395,0.7028192858337619,200-400
51,0.9332357627699662,312400.0,630.6821971288431,4447.47258045114,15442.304737516006,2554.212548015365,0.19846975369348427,400-800
52,0.316296327099529,81600.0,322.3295624828558,1029.1168824543142,10105.49019607843,2156.078431372549,0.9682123483547483,200-400
53,0.3490650890657696,99200.0,355.39465786323825,1205.685424949238,7466.209677419355,2189.5967741935483,0.8575382770767673,200-400
54,0.30814115448638985,66000.0,289.88585676524605,1041.5432893255072,11070.181818181818,2158.5454545454545,0.76453812894329,200-400
55,0.12584809142994702,126800.0,401.8043980252315,1273.9696961967,12006.940063091482,2208.895899053628,0.98177263398602,400-800
56,0.7961950099902761,60800.0,278.2318535320819,1012.5483399593904,8002.631578947368,2157.2368421052633,0.745215554837959,200-400
57,0.9988574578057609,9600.0,110.55812783082736,506.2741699796952,6970.833333333334,2172.5,0.47066245568575477,100-200
58,0.7905694150420949,1600.0,45.1351666838205,92.42640687119284,14215.0,2080.0,1.0,<100
59,0.4830671903590267,62000.0,280.96414677602564,1009.1168824543142,8813.032258064515,2221.290322580645,0.765100718169089,200-400
60,0.873922780678676,6400.0,90.270333367641,268.99494936611666,13367.5,2127.5,1.0,<100
61,0.0,1600.0,45.1351666838205,80.0,10570.0,2130.0,1.0,<100
62,0.6879980348831336,22800.0,170.38151783559658,546.2741699796952,12491.228070175439,2182.8070175438597,0.9601152754280603,100-200
63,0.27587879295150913,25200.0,179.1246396432554,562.842712474619,12858.730158730159,2198.7301587301586,0.9996231611421234,100-200
64,0.868092576279353,80400.0,319.9507140118726,1378.8225099390854,15854.228855721392,2370.1492537313434,0.5314338126126159,200-400
65,0.8536477987323924,37600.0,218.80083839428522,755.9797974644666,16505.31914893617,2266.595744680851,0.8267559507050279,200-400
66,0.6989307064764699,5600.0,84.44016491289504,236.5685424949238,11537.142857142859,2232.8571428571427,1.0,<100
67,0.7915127706675325,57200.0,269.8690459442344,1242.2539674441618,8369.37062937063,2418.3216783216785,0.46578458106437054,200-400
68,0.46147233034504503,14800.0,137.27325035155394,757.2792206135786,13050.81081081081,2357.837837837838,0.32430937190519876,100-200
69,0.8604396031511091,6000.0,87.40387444736633,244.85281374238568,12398.666666666666,2326.6666666666665,1.0,<100
70,0.8330957480586888,97200.0,351.7938085701024,2131.9595949289333,13591.851851851852,2581.3168724279835,0.26873126076673565,200-400
71,0.8206292385258204,148400.0,434.68235349355757,3091.492782986674,6520.754716981132,2656.1185983827495,0.19512247271422642,400-800
72,0.7905694150420949,2400.0,55.27906391541368,120.0,7950.0,2380.0,1.0,<100
73,0.6945875203623408,3600.0,67.70275002573075,164.85281374238568,11762.222222222223,2393.3333333333335,1.0,<100
74,1.0,800.0,31.915382432114615,0.0,10090.0,2400.0,1.0,<100
75,0.7193470962594296,25200.0,179.1246396432554,602.842712474619,7602.222222222222,2496.190476190476,0.8713695396084653,100-200
76,0.7823030349715967,41200.0,229.03595622322865,779.4112549695427,12636.893203883494,2520.1941747572814,0.8522631959629257,200-400
77,0.9184784482757838,63200.0,283.67012395961314,1349.8275605729689,9250.506329113925,2571.26582278481,0.43588343006092267,200-400
78,0.4446032248061662,68800.0,295.9710808132768,965.685424949238,11296.39534883721,2598.0232558139533,0.927100785257559,200-400
79,0.5083680499828891,32000.0,201.85060176161284,634.558441227157,10974.75,2601.25,0.9986575529061889,200-400
80,0.6945875203623408,3600.0,67.70275002573075,164.85281374238568,14226.666666666668,2502.222222222222,1.0,<100
81,0.0,400.0,22.56758334191025,0.0,17340.0,2500.0,1.0,<100
82,0.8811467107454348,5200.0,81.36857890256438,236.5685424949238,16984.615384615387,2572.3076923076924,1.0,<100
83,0.9737231303459101,2000.0,50.46265044040321,88.2842712474619,17412.0,2544.0,1.0,<100
84,0.333678299443138,27600.0,187.46042631630414,574.558441227157,8013.333333333334,2624.63768115942,1.0,100-200
85,0.6749366698716383,138400.0,419.78131567680157,2124.5079348883237,16313.930635838151,2792.8901734104047,0.38532682070366653,400-800
86,0.994803578239987,3600.0,67.70275002573075,184.8528137423857,17555.555555555555,2624.4444444444443,1.0,<100
87,0.893478181485516,8800.0,105.85134856802455,341.4213562373095,8670.0,2626.363636363636,0.9486612686285208,100-200
88,0.6190905549335954,9600.0,110.55812783082736,329.70562748477136,15867.5,2649.166666666667,1.0,100-200
89,0.8467257043744318,20800.0,162.73715780512876,539.4112549695428,10010.76923076923,2732.3076923076924,0.8983243900615637,100-200
90,0.20650918733801912,40800.0,227.92141940852034,682.842712474619,10520.392156862745,2725.6862745098038,1.0,200-400
91,0.6340404069866101,13200.0,129.6408962885715,369.70562748477136,8235.151515151516,2693.333333333333,1.0,100-200
92,0.8825197875574703,31200.0,199.31149940667518,699.4112549695427,8915.641025641025,2726.4102564102564,0.8014920604244758,100-200
93,0.646458571000926,14000.0,133.5116235624909,409.70562748477136,12813.714285714286,2753.714285714286,1.0,100-200
94,0.7905694150420949,2400.0,55.27906391541368,120.0,14980.0,2690.0,1.0,<100
95,0.9875882399909854,2400.0,55.27906391541368,116.5685424949238,17703.333333333332,2716.666666666667,1.0,<100
96,0.5889359770037258,5600.0,84.44016491289504,292.42640687119285,12575.714285714286,2765.7142857142853,0.822933449015137,<100
97,0.7567167786801207,67600.0,293.3785834448333,1367.1067811865476,7812.1893491124265,2879.408284023669,0.45451862577847385,200-400
98,0.6305875632540672,16400.0,144.50303987687133,605.5634918610405,13174.146341463416,2843.9024390243903,0.5619974472589244,100-200
99,0.0,3600.0,67.70275002573075,160.0,17580.0,2780.0,1.0,<100
100,0.9995206257427574,49600.0,251.3019725725687,2327.106781186548,18518.06451612903,3303.5483870967746,0.11509565190342583,200-400
101,0.22461368554601024,57200.0,269.8690459442344,829.1168824543142,14178.32167832168,2908.811188811189,1.0,200-400
102,0.816496580927726,2000.0,50.46265044040321,104.14213562373095,7084.0,2832.0,1.0,<100
103,1.0,1200.0,39.08820095223359,28.284271247461902,5820.0,2860.0,1.0,<100
104,1.0,1600.0,45.1351666838205,56.568542494923804,5730.0,2930.0,1.0,<100
105,0.7905694150420949,4000.0,71.36496464611085,176.5685424949238,9450.0,2920.0,1.0,<100
106,0.9358731339921322,14000.0,133.5116235624909,495.26911934581193,12237.142857142859,2984.5714285714284,0.7172249677875473,100-200
107,0.669864373206872,15600.0,140.93451279891855,421.4213562373095,16842.5641025641,2943.0769230769233,1.0,100-200
108,0.9975403469662695,160400.0,451.9155042433487,7638.965363437814,3423.690773067332,5448.678304239402,0.03454181439707216,400-800
109,0.0,1600.0,45.1351666838205,80.0,6610.0,2990.0,1.0,<100
110,0.6175476995418487,30800.0,198.02974013476614,760.8326112068522,17283.376623376622,3072.207792207792,0.6686245859275219,100-200
111,0.4113681706683992,19200.0,156.35280380893437,471.12698372208087,10114.166666666666,3083.333333333333,1.0,100-200
112,0.1323077704274597,101600.0,359.66809386584816,1153.9696961967,5941.181102362205,3218.3464566929133,0.9587707222044587,200-400
113,0.5230584543494627,7600.0,98.3698151873187,381.4213562373095,9627.368421052632,3082.105263157895,0.6564678235042711,<100
114,0.2628256332398802,66000.0,289.88585676524605,892.5483399593904,10818.060606060606,3170.4242424242425,1.0,200-400
115,0.7822629857533819,49600.0,251.3019725725687,814.558441227157,14896.290322580646,3206.290322580645,0.9393924022023649,200-400
116,0.4768330324471965,70000.0,298.54106607209235,1643.6753236814711,16109.028571428571,3201.3714285714286,0.32559358052908965,200-400
117,0.5977103425803237,56800.0,268.9237924411993,1042.2539674441618,6699.014084507043,3211.690140845071,0.6570691630332264,200-400
118,0.4898979485566357,6000.0,87.40387444736633,228.2842712474619,8512.0,3112.0,1.0,<100
119,0.9326661595588099,17600.0,149.69641274038221,574.5584412271571,9853.181818181818,3193.181818181818,0.6699680817003969,100-200
120,0.760619992007793,66400.0,290.76297180076904,1258.8225099390856,18089.397590361445,3213.975903614458,0.5265613069427311,200-400
121,0.3334363219085138,20800.0,162.73715780512876,1028.9949493661168,13203.461538461539,3229.6153846153848,0.2468577195837283,100-200
122,0.352659854966948,70400.0,299.39282548076443,937.4011537017761,14100.795454545456,3266.7045454545455,1.0,200-400
123,0.8364134394389688,57200.0,269.8690459442344,909.1168824543142,7185.874125874126,3290.2097902097903,0.8696939467208119,200-400
124,0.7162306082714237,8800.0,105.85134856802455,457.9898987322333,8836.363636363636,3210.9090909090905,0.527206477125316,100-200
125,0.24483654448945058,54400.0,263.18098569918163,819.4112549695428,12057.35294117647,3259.264705882353,1.0,200-400
126,0.7248202316632061,10800.0,117.26460285670078,357.98989873223326,9524.444444444445,3204.4444444444443,1.0,100-200
127,0.0,400.0,22.56758334191025,0.0,5480.0,3180.0,1.0,<100
128,0.934313012363232,7600.0,98.3698151873187,333.84776310850236,5572.631578947368,3230.5263157894733,0.8568928419646189,<100
129,0.884751514322514,11600.0,121.53015559492998,386.2741699796952,12387.58620689655,3241.3793103448274,0.9769594030638753,100-200
130,0.32322051417748787,42000.0,231.2489154112443,711.1269837220809,15771.238095238095,3322.6666666666665,1.0,200-400
131,0.5440588203494177,10400.0,115.07254783503184,313.1370849898476,14350.0,3280.0,1.0,100-200
132,0.8657796308651013,6800.0,93.04852983362557,273.1370849898476,17188.235294117647,3298.823529411765,1.0,<100
133,0.9778710766139984,2000.0,50.46265044040321,72.42640687119285,8780.0,3328.0,1.0,<100
134,0.8386256845071495,116400.0,384.9741329065797,1676.812408671319,13765.704467353951,3548.7972508591065,0.5202281948748783,200-400
135,0.7167618474849579,30000.0,195.44100476116796,626.2741699796952,8556.8,3406.133333333333,0.9611742304449445,100-200
136,0.4872557436471923,43200.0,234.52920571340155,795.9797974644666,16769.074074074073,3436.111111111111,0.8568198524088867,200-400
137,0.6684219155465119,16400.0,144.50303987687133,437.98989873223326,7641.463414634146,3408.292682926829,1.0,100-200
138,0.657614113976141,46800.0,244.10573670769315,835.9797974644666,17515.213675213676,3452.4786324786323,0.8415194389285295,200-400
139,0.7529429513692922,52000.0,257.3100393032275,859.4112549695428,16370.76923076923,3465.6923076923076,0.8847307738447533,200-400
140,0.906832347498062,151600.0,439.34395976484154,1740.243866176395,9208.390501319262,3537.9419525065964,0.6290553234326036,400-800
141,0.7905694150420949,1600.0,45.1351666838205,92.42640687119284,18345.0,3420.0,1.0,<100
142,1.0,800.0,31.915382432114615,0.0,6110.0,3420.0,1.0,<100
143,0.1946475806908883,66000.0,289.88585676524605,909.1168824543142,11460.363636363636,3555.6363636363635,1.0,200-400
144,0.9007291355644607,10000.0,112.83791670955125,484.85281374238576,10074.400000000001,3572.0,0.5345520795881494,100-200
145,0.5325365110323286,12400.0,125.65098628628435,625.5634918610405,14198.064516129032,3570.967741935484,0.39818854190195885,100-200
146,0.9471025991002737,18800.0,154.71555655790098,655.269119345812,17102.55319148936,3543.404255319149,0.5502097855662128,100-200
147,0.9896042691156521,3200.0,63.83076486422923,148.99494936611666,9867.5,3530.0,1.0,<100
148,0.2377332209761646,58400.0,272.6851470332286,1036.6904755831215,13024.383561643835,3590.0,0.6828487111618771,200-400
149,0.9606594016383402,1600.0,45.1351666838205,68.2842712474619,14115.0,3480.0,1.0,<100
150,0.7286291184062819,216000.0,524.4232466841979,3681.787155501902,15812.481481481482,3840.3333333333335,0.2002378892360441,400-800
151,0.48149318807707586,37600.0,218.80083839428522,659.4112549695427,12637.446808510638,3570.0,1.0,200-400
152,0.5907030891845738,4800.0,78.17640190446718,204.8528137423857,15213.333333333332,3518.333333333333,1.0,<100
153,0.5058462655975269,29200.0,192.81751659604674,746.2741699796952,9667.671232876712,3597.8082191780823,0.6588641770793603,100-200
154,0.781153410073242,27200.0,186.09705966725113,579.4112549695428,5141.764705882352,3617.9411764705883,1.0,100-200
155,0.9002802425052858,98400.0,353.9587139793849,1580.243866176395,11972.682926829268,3749.268292682927,0.4951727489215585,200-400
156,0.7645658323078774,45600.0,240.95585330081406,1448.4062043356594,17937.01754385965,3763.684210526316,0.27314543944080616,200-400
157,0.990499198431833,2800.0,59.708213214418464,128.99494936611666,9902.857142857143,3694.2857142857147,1.0,<100
158,0.8063478387373696,13600.0,131.59049284959082,426.2741699796952,10912.35294117647,3735.882352941176,0.9405258522732157,100-200
159,0.3548420488279882,22000.0,167.3656774376801,506.2741699796952,8559.272727272726,3749.4545454545455,1.0,100-200
160,0.1916032984241816,71200.0,301.0891156869401,949.1168824543144,11239.887640449437,3828.5393258426966,0.9932314452569487,200-400
161,0.9114749825836355,170800.0,466.33605290687717,2029.9494936611666,5998.220140515223,3896.2529274004687,0.5208675062420892,400-800
162,0.48119969726340217,40400.0,226.80140565547774,699.4112549695427,6554.059405940594,3817.4257425742576,1.0,200-400
163,0.0,6400.0,90.270333367641,320.0,15600.0,3780.0,0.7853981633897784,<100
164,0.6788791130975612,30400.0,196.7396303746374,909.1168824543142,17061.84210526316,3844.2105263157896,0.46221496469078116,100-200
165,0.9995545352461169,57600.0,270.811000102923,3232.203461105328,19954.86111111111,4697.638888888889,0.06928432105301485,200-400
166,0.6001591575484752,6400.0,90.270333367641,244.85281374238568,7371.25,3787.5,1.0,<100
167,0.9128709291752769,1600.0,45.1351666838205,64.14213562373095,8275.0,3795.0,1.0,<100
168,1.0,800.0,31.915382432114615,0.0,13430.0,3780.0,1.0,<100
169,0.9128709291752769,1600.0,45.1351666838205,64.14213562373095,10795.0,3835.0,1.0,<100
170,0.45729929370557176,34800.0,210.49640414216978,1208.4062043356594,5200.689655172414,3960.9195402298847,0.29947682153783795,200-400
171,0.5115219133012743,27200.0,186.09705966725113,747.6955262170047,15247.058823529413,3940.2941176470586,0.6114053067226358,100-200
172,0.7888954830250753,3600.0,67.70275002573075,152.42640687119285,18940.0,3906.666666666667,1.0,<100
173,0.19656135948387687,86000.0,330.90572803628527,1045.685424949238,12524.558139534884,4058.4186046511627,0.9883396207036271,200-400
174,0.5916333851656252,16400.0,144.50303987687133,454.558441227157,13713.170731707316,3986.341463414634,0.9974112395922762,100-200
175,0.7209474544685717,36000.0,214.09489393833255,732.5483399593904,16865.333333333332,4054.6666666666665,0.8430237069442829,200-400
176,0.2955225594347379,68800.0,295.9710808132768,920.8326112068522,11575.465116279069,4092.906976744186,1.0,200-400
177,0.8831760866327847,4800.0,78.17640190446718,204.14213562373095,14095.0,3955.0,1.0,<100
178,0.6447614458348786,26800.0,184.7236308621676,704.2640687119285,17404.4776119403,4035.820895522388,0.6790059738901931,100-200
179,0.0,400.0,22.56758334191025,0.0,5180.0,3980.0,1.0,<100
180,0.377964473009227,2800.0,59.708213214418464,136.5685424949238,14414.285714285714,4000.0,1.0,<100
181,0.2644320882295505,69600.0,297.6868695686246,932.5483399593904,8222.298850574713,4139.310344827586,1.0,200-400
182,0.4904879621851718,6800.0,93.04852983362557,261.4213562373095,18734.117647058825,4035.2941176470586,1.0,<100
183,0.815381503651332,69600.0,297.6868695686246,1364.9747468305832,4762.528735632184,4193.333333333333,0.469428951110292,200-400
184,0.8790197602709293,61200.0,279.14558950087667,1010.5382386916237,8779.346405228758,4159.346405228758,0.7531054361766262,200-400
185,0.3675756336186473,42800.0,233.4408972623798,722.842712474619,7174.392523364486,4161.121495327103,1.0,200-400
186,1.0,800.0,31.915382432114615,0.0,19000.0,4070.0,1.0,<100
187,0.4863668520617327,36800.0,216.46065519224038,666.2741699796952,7449.347826086956,4178.695652173913,1.0,200-400
188,0.8198380199034034,36800.0,216.46065519224038,739.4112549695428,16260.869565217392,4211.521739130435,0.8458348381827958,200-400
189,0.0,1600.0,45.1351666838205,80.0,17910.0,4110.0,1.0,<100
190,0.5447968914816204,8400.0,103.41765891652821,289.7056274847714,18561.904761904763,4156.190476190476,1.0,100-200
191,0.4608625775443974,10800.0,117.26460285670078,373.1370849898476,7753.333333333334,4192.592592592592,0.9747579606053097,100-200
192,0.6824590097552857,86800.0,332.44126170349574,1142.2539674441618,5367.096774193549,4374.193548387097,0.8359960757599829,200-400
193,0.9706023650123871,270000.0,586.323014283504,3780.6096654409876,13079.022222222222,4749.333333333333,0.23738318228529004,400-800
194,0.8672852733610056,23600.0,173.34489682638437,574.558441227157,18992.542372881355,4282.033898305084,0.8983662913709872,100-200
195,0.774657416957074,18800.0,154.71555655790098,482.842712474619,11197.87234042553,4251.914893617021,1.0,100-200
196,0.3551878210808042,53200.0,260.26206750102995,824.2640687119285,15041.954887218046,4307.81954887218,0.9839856372601502,200-400
197,0.7902676188189215,18400.0,153.06079714651622,482.842712474619,17135.652173913044,4244.782608695652,0.9917822353886167,100-200
198,0.3933331685817229,11600.0,121.53015559492998,341.4213562373095,9831.724137931034,4257.241379310345,1.0,100-200
199,0.21484666354549134,21200.0,164.29448666460308,506.2741699796952,12840.377358490567,4301.509433962264,1.0,100-200
200,0.869128157283919,27200.0,186.09705966725113,647.6955262170047,14243.823529411766,4302.35294117647,0.8147736464683395,100-200
201,0.84480427013137,109200.0,372.8776720119881,1353.9696961967,15517.728937728936,4438.9010989010985,0.7485393121297076,200-400
202,0.8445548949619013,42800.0,233.4408972623798,1144.9747468305832,18767.28971962617,4386.542056074766,0.41026249492825256,200-400
203,0.8294391267945617,73600.0,306.12159429303244,1024.2640687119285,14587.717391304348,4373.260869565218,0.881584209237267,200-400
204,0.816496580927726,2000.0,50.46265044040321,104.14213562373095,15912.0,4284.0,1.0,<100
205,0.5907030891845738,4800.0,78.17640190446718,204.8528137423857,15726.666666666668,4301.666666666667,1.0,<100
206,0.9100950493399682,46000.0,242.01036973199618,960.8326112068522,6150.260869565218,4445.565217391305,0.6261411203713783,200-400
207,0.33490191914962997,72000.0,302.7759026424192,972.5483399593904,7668.888888888889,4438.333333333333,0.956577070945517,200-400
208,0.7905694150420949,1600.0,45.1351666838205,92.42640687119284,8420.0,4325.0,1.0,<100
209,0.5051128344791006,28000.0,188.81394877652593,579.4112549695428,5838.285714285714,4428.571428571428,1.0,100-200
210,0.8868347472095123,164000.0,456.95873482905074,1841.6652224137044,11162.975609756097,4698.390243902439,0.607620388372389,400-800
211,0.8652268292230232,9600.0,110.55812783082736,341.4213562373095,16115.833333333332,4491.666666666667,1.0,100-200
212,0.6402242110892515,85600.0,330.1352829210018,1174.6803743153546,7040.467289719626,4617.5700934579445,0.779550407337835,200-400
213,0.29801978033963483,32000.0,201.85060176161284,602.842712474619,8770.0,4522.5,1.0,200-400
214,0.4398270254366816,231600.0,543.0306423772638,3212.203461105328,9831.917098445596,4763.972366148531,0.28206053651721413,400-800
215,0.9144466506213088,6400.0,90.270333367641,237.27922061357856,15272.5,4486.25,1.0,<100
216,0.7316481953119169,86400.0,331.6743834924821,1137.4011537017761,18141.851851851854,4627.222222222223,0.8392595225817443,200-400
217,0.46520538347051216,27200.0,186.09705966725113,562.842712474619,16328.235294117647,4531.470588235294,1.0,100-200
218,0.8886656215775005,2800.0,59.708213214418464,144.14213562373095,10725.714285714286,4488.571428571428,1.0,<100
219,0.23418091702396465,62800.0,282.77100878514443,875.9797974644666,9404.968152866242,4649.554140127389,1.0,200-400
220,0.6238089682014849,96000.0,349.61549778946534,1363.6753236814711,11666.166666666666,4715.333333333334,0.6487227574611818,200-400
221,0.6720558650604812,10800.0,117.26460285670078,348.9949493661166,13807.407407407407,4574.814814814815,1.0,100-200
222,0.8404062515063949,8800.0,105.85134856802455,313.1370849898476,4588.181818181818,4611.818181818182,1.0,100-200
223,0.49440192055521665,16800.0,146.25465582862904,449.70562748477136,12085.238095238095,4649.047619047619,1.0,100-200
224,0.953665734183447,290000.0,607.6507779746498,3893.0360723121803,19106.124137931034,4883.751724137931,0.2404534464357396,400-800
225,0.5279360859963301,26400.0,183.33991376950163,562.842712474619,5541.212121212121,4689.090909090909,1.0,100-200
226,1.0,800.0,31.915382432114615,0.0,19650.0,4600.0,1.0,<100
227,0.4685493350991314,29200.0,192.81751659604674,692.5483399593904,7961.369863013699,4726.027397260274,0.7650547753012373,100-200
228,0.816496580927726,5200.0,81.36857890256438,244.8528137423857,14100.0,4660.0,1.0,<100
229,0.3882967509425439,62400.0,281.8690255978371,904.9747468305833,6022.5641025641025,4796.153846153847,0.9574619695647173,200-400
230,0.7282227090372173,95200.0,348.15571898044055,1391.9595949289333,13453.025210084033,4840.16806722689,0.617438284295873,200-400
231,0.5115537876680863,18000.0,151.3879513212096,509.70562748477136,4823.555555555556,4784.888888888889,0.8706498150508984,100-200
232,0.2734169220888925,66000.0,289.88585676524605,904.2640687119285,6381.696969696969,4829.939393939394,1.0,200-400
233,0.7310092337756364,57600.0,270.811000102923,880.8326112068522,12670.833333333332,4855.138888888889,0.9329225206263116,200-400
234,0.8886656215775005,2800.0,59.708213214418464,144.14213562373095,10354.285714285714,4728.571428571428,1.0,<100
235,0.8396120265538595,22000.0,167.3656774376801,534.5584412271571,4129.090909090909,4826.545454545454,0.9674803678446163,100-200
236,0.7963471924190888,58000.0,271.74968922638976,904.2640687119285,13877.103448275862,4863.172413793103,0.891348029935948,200-400
237,0.898813710350014,14400.0,135.4055000514615,449.70562748477136,14118.333333333332,4783.888888888889,0.8947788532350466,100-200
238,0.8805252012372462,17600.0,149.69641274038221,494.558441227157,16463.636363636364,4796.818181818182,0.9042474527847397,100-200
239,0.8652971442830639,162400.0,454.72420439755615,2859.06637611548,5461.231527093596,4992.95566502463,0.24965910702599017,400-800
240,0.9002052936128725,106000.0,367.37364051048525,1507.1067811865476,9155.169811320755,4954.792452830189,0.5864455314203861,200-400
241,0.7460460350384098,25200.0,179.1246396432554,591.1269837220809,14445.396825396827,4837.142857142857,0.9062517034601965,100-200
242,0.36697711938462996,53600.0,261.2386640560787,824.2640687119285,7106.268656716418,4949.253731343284,0.9913840255102265,200-400
243,0.49075981611415154,38000.0,219.96159369293582,715.9797974644666,12312.421052631578,4975.578947368421,0.93151944354654,200-400
244,0.6699530271891799,46400.0,243.06031118985996,932.5483399593904,16602.068965517243,5019.137931034483,0.6704789351633821,200-400
245,0.4818544941129378,22800.0,170.38151783559658,506.2741699796952,17119.64912280702,4932.982456140351,1.0,100-200
246,0.8599597224031864,3600.0,67.70275002573075,164.8528137423857,16222.222222222223,4955.555555555556,1.0,<100
247,0.8978634164696842,33600.0,206.83531783305642,887.6955262170047,17313.095238095237,5141.190476190476,0.5358226638339042,200-400
248,0.2557719157984338,48000.0,247.21548929484132,836.6904755831213,4856.0,5126.666666666666,0.8616312681585955,200-400
249,0.8330223137849979,92800.0,343.7391885593249,1323.6753236814711,17830.431034482757,5253.534482758621,0.6655717724891648,200-400
250,0.8910694055225312,28800.0,191.49229459268767,664.2640687119285,11636.388888888889,5110.555555555556,0.8202020099799183,100-200
251,0.91111890867053,104400.0,364.5904667847899,1521.6652224137044,6095.172413793103,5303.295019157087,0.5665942108029524,200-400
252,0.0,400.0,22.56758334191025,0.0,18760.0,5060.0,1.0,<100
253,0.9048485800801698,139200.0,420.99280828433956,1825.0966799187809,13786.436781609194,5315.114942528736,0.5251427198655406,400-800
254,0.6656485021154407,10000.0,112.83791670955125,341.4213562373095,3584.8,5177.6,1.0,100-200
255,0.8945121151192235,143600.0,427.5946662716566,1958.2337649086285,6765.292479108635,5390.306406685237,0.47058191709659913,400-800
256,0.8453178446691514,75200.0,309.43111311580196,1484.386001800126,16737.127659574468,5272.765957446809,0.42887823237492845,200-400
257,0.9402140329018328,219200.0,528.2935814544293,3000.48773235279,15064.379562043796,5572.408759124088,0.3059614446791763,400-800
258,0.12849718774874896,88000.0,334.7313548753602,1085.685424949238,10098.90909090909,5291.545454545454,0.9381764367951099,200-400
259,0.816496580927726,1200.0,39.08820095223359,68.2842712474619,8253.333333333334,5206.666666666666,1.0,<100
260,0.206025079396754,116400.0,384.9741329065797,1238.8225099390856,8783.43642611684,5395.807560137457,0.9531136035944191,200-400
261,0.8838031248718294,151600.0,439.34395976484154,2785.218613006978,19225.910290237465,5390.501319261213,0.2455785821885363,400-800
262,0.6123724356957945,3200.0,63.83076486422923,148.2842712474619,15482.5,5237.5,1.0,<100
263,0.91114771283967,28000.0,188.81394877652593,692.5483399593904,18422.571428571428,5332.571428571428,0.7336141680970768,100-200
264,0.816496580927726,1200.0,39.08820095223359,68.2842712474619,5786.666666666666,5253.333333333334,1.0,<100
265,0.820870675954286,22000.0,167.3656774376801,534.558441227157,7720.363636363636,5310.909090909091,0.9674803678446168,100-200
266,0.36199154514357135,16800.0,146.25465582862904,449.7056274847714,10494.761904761905,5296.190476190476,1.0,100-200
267,0.8778830668985905,14800.0,137.27325035155394,454.5584412271571,12232.972972972973,5305.405405405405,0.9001028259735171,100-200
268,0.7697760393367624,16000.0,142.7299292922217,426.2741699796952,12661.5,5328.0,1.0,100-200
269,0.9241763718304448,1600.0,45.1351666838205,88.2842712474619,4430.0,5300.0,1.0,<100
270,0.767830779409613,16400.0,144.50303987687133,442.842712474619,3720.487804878049,5389.268292682927,1.0,100-200
271,0.10649955403405069,9200.0,108.23032759612019,233.1370849898476,4910.434782608696,5350.434782608696,1.0,100-200
272,0.30833147297559044,74000.0,306.95231927842156,960.8326112068522,8104.108108108108,5449.405405405405,1.0,200-400
273,0.5081397159034496,5200.0,81.36857890256438,216.5685424949238,7056.923076923077,5349.2307692307695,1.0,<100
274,0.8476113474533179,33600.0,206.83531783305642,682.842712474619,18073.333333333332,5461.428571428571,0.9055403018785051,200-400
275,0.22969903426421578,70000.0,298.54106607209235,944.2640687119285,11440.114285714284,5473.028571428572,0.9865542588485892,200-400
276,0.4868131833736411,72400.0,303.6157819330639,977.401153701776,11840.220994475138,5473.259668508288,0.9523634850021994,200-400
277,0.3368623476715455,48400.0,248.24341676101278,755.9797974644665,9635.537190082645,5477.6859504132235,1.0,200-400
278,0.7131795312507127,6000.0,87.40387444736633,233.1370849898476,3946.666666666667,5410.666666666667,1.0,<100
279,0.816496580927726,2800.0,59.708213214418464,136.5685424949238,15400.0,5400.0,1.0,<100
280,0.3667900294219469,39600.0,224.5446191105733,682.842712474619,15940.202020202021,5501.212121212121,1.0,200-400
281,1.0,800.0,31.915382432114615,0.0,17290.0,5420.0,1.0,<100
282,0.9263597148698833,4000.0,71.36496464611085,208.99494936611666,4254.0,5502.0,1.0,<100
283,0.8588662469222033,76400.0,311.8902069924069,1712.5483399593904,5049.842931937173,5670.680628272252,0.3273539188336188,200-400
284,1.0,800.0,31.915382432114615,0.0,19580.0,5470.0,1.0,<100
285,0.7117639563193815,6400.0,90.270333367641,244.8528137423857,6318.75,5506.25,1.0,<100
286,0.7929831828029458,19200.0,156.35280380893437,517.9898987322333,11207.083333333332,5584.583333333334,0.8992252874055593,100-200
287,0.7350359259652126,20000.0,159.57691216057307,499.41125496954277,13284.0,5551.599999999999,1.0,100-200
288,0.9128709291752769,2400.0,55.27906391541368,132.42640687119285,5260.0,5533.333333333334,1.0,<100
289,0.962844953328887,60000.0,276.3953195770684,1679.53318805774,12059.066666666668,5693.6,0.26729075290078014,200-400
290,0.7040243301194413,69200.0,296.83021493047715,1017.4011537017761,16462.658959537574,5630.867052023122,0.8401010101939786,200-400
291,0.816496580927726,2000.0,50.46265044040321,104.14213562373095,9892.0,5536.0,1.0,<100
292,0.2015510640632682,52400.0,258.29779740470593,795.9797974644666,15655.877862595418,5661.221374045801,1.0,200-400
293,1.0,800.0,31.915382432114615,0.0,10770.0,5560.0,1.0,<100
294,0.3131052415722598,95600.0,348.88637187009977,1113.9696961967,12528.78661087866,5735.31380753138,0.9681017449258764,200-400
295,0.4605941222808641,251200.0,565.5420175702889,3415.046173579947,13159.872611464969,5896.305732484077,0.2706676417664465,400-800
296,0.5295484747549981,12000.0,123.60774464742066,369.70562748477136,14057.333333333334,5651.333333333333,1.0,100-200
297,0.816496580927726,1200.0,39.08820095223359,68.2842712474619,17273.333333333332,5646.666666666666,1.0,<100
298,0.674199862463242,2400.0,55.27906391541368,124.8528137423857,7643.333333333334,5676.666666666666,1.0,<100
299,0.8382518122278518,9600.0,110.55812783082736,346.2741699796952,20155.0,5708.333333333334,1.0,100-200
300,0.8835426187866638,4000.0,71.36496464611085,172.42640687119285,3138.0,5716.0,1.0,<100
301,0.7905694150420949,1600.0,45.1351666838205,92.42640687119284,4120.0,5685.0,1.0,<100
302,0.2552132771907753,57600.0,270.811000102923,852.5483399593904,8831.527777777777,5811.527777777778,0.9958509024110447,200-400
303,0.8471498881847936,346800.0,664.4994161879711,3972.325394193526,10909.734717416379,6089.52710495963,0.2761845114809522,400-800
304,0.7253748200105267,43200.0,234.52920571340155,812.5483399593904,19360.0,5778.518518518518,0.822233554815369,200-400
305,0.507736885683277,69200.0,296.83021493047715,965.685424949238,7767.514450867052,5854.1040462427745,0.9324909061020796,200-400
306,1.0,800.0,31.915382432114615,0.0,11570.0,5720.0,1.0,<100
307,0.9321089507222585,9600.0,110.55812783082736,397.27922061357856,13829.166666666668,5772.5,0.7643449431159459,100-200
308,0.48905708081879606,23200.0,171.86959427966244,517.9898987322333,17426.206896551725,5825.172413793103,1.0,100-200
309,0.0,400.0,22.56758334191025,0.0,4100.0,5760.0,1.0,<100
310,0.5997299261267705,20400.0,161.1647812414279,501.4213562373095,9832.549019607843,5820.78431372549,1.0,100-200
311,0.5062628542856322,25200.0,179.1246396432554,551.1269837220809,14772.380952380952,5830.476190476191,1.0,100-200
312,1.0,800.0,31.915382432114615,0.0,20810.0,5770.0,1.0,<100
313,0.8847213111500645,35200.0,211.7026971360491,739.4112549695427,4230.681818181818,5926.363636363636,0.8090594104357179,200-400
314,0.18522390315208698,62400.0,281.8690255978371,897.401153701776,4613.076923076923,5922.179487179487,0.9736911140847433,200-400
315,0.816496580927726,2000.0,50.46265044040321,104.14213562373095,11616.0,5788.0,1.0,<100
316,0.7313566401783308,10800.0,117.26460285670078,377.9898987322333,11775.555555555557,5874.074074074074,0.9498898156986629,100-200
317,0.7627522671859709,16000.0,142.7299292922217,442.842712474619,20065.5,5909.5,1.0,100-200
318,0.8296536980239788,25600.0,180.540666735282,562.842712474619,6038.125,5924.6875,1.0,100-200
319,0.9108494469275581,6800.0,93.04852983362557,289.7056274847714,9074.117647058823,5880.0,1.0,<100
320,0.8069489644052942,9200.0,108.23032759612019,469.70562748477136,18322.608695652176,5929.565217391304,0.5240179508193159,100-200
321,0.0,400.0,22.56758334191025,0.0,20860.0,5840.0,1.0,<100
322,0.4050757694812966,54000.0,262.21162334209896,829.1168824543142,17710.074074074073,5987.703703703704,0.9871249003761099,200-400
323,0.3898047891406119,49600.0,251.3019725725687,795.9797974644666,12760.483870967742,5999.354838709677,0.9837561268398328,200-400
324,0.49570351865684054,42400.0,232.3474912642073,751.1269837220809,14448.301886792453,5975.283018867924,0.9443848091219725,200-400
325,0.8007972547548657,154800.0,443.9566212199151,2082.375900532359,18565.94315245478,6095.762273901809,0.4486034015826682,400-800
326,1.0,800.0,31.915382432114615,0.0,20890.0,5890.0,1.0,<100
327,0.9469139798601449,3200.0,63.83076486422923,164.14213562373095,5830.0,5925.0,1.0,<100
328,0.2765204602139205,64800.0,287.23844188903155,904.2640687119285,15945.555555555557,6046.666666666666,0.995850902411197,200-400
329,0.9160241540875075,39200.0,223.4076770248023,857.401153701776,3277.1428571428573,6064.693877551021,0.6700817716919186,200-400
330,0.0,400.0,22.56758334191025,0.0,5460.0,5920.0,1.0,<100
331,0.8658910272418631,8400.0,103.41765891652821,313.1370849898476,4074.2857142857147,6002.857142857143,1.0,100-200
332,0.48795003647426666,2400.0,55.27906391541368,128.2842712474619,20386.666666666668,5963.333333333334,1.0,<100
333,0.9973317019313668,3600.0,67.70275002573075,177.27922061357856,20966.666666666664,6020.0,1.0,<100
334,0.3203852653416426,95600.0,348.88637187009977,1137.4011537017761,12222.76150627615,6116.234309623432,0.9286251198936892,200-400
335,0.0,400.0,22.56758334191025,0.0,11680.0,5980.0,1.0,<100
336,0.36414852588367186,99200.0,355.39465786323825,1142.2539674441618,15461.209677419354,6154.112903225806,0.9554240865828375,200-400
337,0.14022043017551983,102000.0,360.3754064347158,1226.396103067893,19698.27450980392,6147.137254901962,0.8522137010330262,200-400
338,0.38060734521049794,43200.0,234.52920571340155,722.842712474619,8792.407407407407,6107.0370370370365,1.0,200-400
339,0.7950060587397373,4800.0,78.17640190446718,204.85281374238568,18903.333333333332,6018.333333333334,1.0,<100
340,0.7811234096165246,20000.0,159.57691216057307,489.70562748477136,5040.400000000001,6082.799999999999,1.0,100-200
341,0.2389035577948193,75200.0,309.43111311580196,972.5483399593904,14111.595744680852,6161.702127659574,0.9990916074319843,200-400
342,0.0,400.0,22.56758334191025,0.0,8500.0,6060.0,1.0,<100
343,0.2408485794523187,26400.0,183.33991376950163,557.9898987322333,10084.545454545456,6142.424242424242,1.0,100-200
344,0.41420327857600175,42400.0,232.3474912642073,722.842712474619,13680.0,6154.716981132076,1.0,200-400
345,0.3300159319439411,158400.0,449.0892382211466,2065.096679918781,4734.343434343435,6329.595959595959,0.4667499330532293,400-800
346,0.16634339075050508,64400.0,286.35053113438516,892.5483399593904,6485.590062111801,6230.80745341615,1.0,200-400
347,1.0,1200.0,39.08820095223359,20.0,8020.0,6100.0,1.0,<100
348,0.816496580927726,2000.0,50.46265044040321,104.14213562373095,18872.0,6116.0,1.0,<100
349,1.0,800.0,31.915382432114615,0.0,4370.0,6120.0,1.0,<100
350,0.7306370916090046,35200.0,211.7026971360491,671.1269837220809,16298.636363636362,6225.454545454545,0.9820715413765672,200-400
351,0.816496580927726,1200.0,39.08820095223359,68.2842712474619,17053.333333333332,6153.333333333334,1.0,<100
352,0.7932044869877422,46400.0,243.06031118985996,1085.685424949238,3067.5862068965516,6320.689655172414,0.4946748484919671,200-400
353,0.6123724356957945,3200.0,63.83076486422923,148.2842712474619,5357.5,6202.5,1.0,<100
354,0.0,400.0,22.56758334191025,0.0,7440.0,6180.0,1.0,<100
355,0.6164414002968978,4000.0,71.36496464611085,181.4213562373095,17394.0,6206.0,1.0,<100
356,0.8625661628198051,29600.0,194.13369239820483,659.4112549695427,18953.513513513513,6259.18918918919,0.8554386414143662,100-200
357,0.40804356301730604,10800.0,117.26460285670078,329.70562748477136,17869.62962962963,6257.777777777778,1.0,100-200
358,0.0,1600.0,45.1351666838205,80.0,8070.0,6230.0,1.0,<100
359,0.5207037318817047,7600.0,98.3698151873187,261.4213562373095,9163.157894736842,6263.157894736842,1.0,<100
360,0.4948195785636828,27200.0,186.09705966725113,567.6955262170047,16028.235294117647,6331.176470588235,1.0,100-200
361,0.8789855974454351,20400.0,161.1647812414279,562.842712474619,3407.843137254902,6383.529411764706,0.8092187494960047,100-200
362,0.3864696797405861,64800.0,287.23844188903155,892.5483399593904,9884.32098765432,6416.172839506173,1.0,200-400
363,0.5390840528919184,56400.0,267.9752046795807,909.1168824543142,20500.28368794326,6412.056737588653,0.857530395018423,200-400
364,0.9892996329463546,1600.0,45.1351666838205,48.2842712474619,21140.0,6310.0,1.0,<100
365,0.8031792719368788,52800.0,259.281792577143,1205.685424949238,13728.181818181818,6464.69696969697,0.4564316636053762,200-400
366,0.8734701331269753,38000.0,219.96159369293582,835.9797974644666,15123.78947368421,6404.0,0.6832850145146179,200-400
367,0.3694831626715882,32000.0,201.85060176161284,614.5584412271571,7852.5,6425.25,1.0,200-400
368,0.5596540302118516,18000.0,151.3879513212096,437.9898987322333,10492.0,6396.444444444443,1.0,100-200
369,0.8346557196357709,52400.0,258.29779740470593,1358.8225099390854,13040.0,6449.312977099236,0.3566282033421521,200-400
370,0.5133391276651345,114400.0,381.6524648390242,1482.2539674441618,14157.482517482516,6529.2307692307695,0.6543206785378411,200-400
371,0.9237427853554974,8000.0,100.92530088080642,292.42640687119285,20300.0,6422.0,1.0,100-200
372,0.7809513140640048,44800.0,238.83285285767386,1001.543289325507,2839.4642857142853,6542.321428571429,0.5612397561450452,200-400
373,0.8172267289913522,34000.0,208.06283791440396,828.4062043356595,6127.529411764706,6512.7058823529405,0.6225899348011823,200-400
374,0.41187448920264436,7200.0,95.74614729634384,288.2842712474619,12101.111111111111,6441.111111111111,1.0,<100
375,0.0,1600.0,45.1351666838205,80.0,19770.0,6430.0,1.0,<100
376,0.0,400.0,22.56758334191025,0.0,21200.0,6420.0,1.0,<100
377,0.9033837494790381,128800.0,404.9608047229867,1804.386001800126,8466.211180124224,6741.8633540372675,0.4971264017431925,400-800
378,0.6730463973541889,10800.0,117.26460285670078,329.70562748477136,15640.0,6475.555555555556,1.0,100-200
379,0.9002004990407686,163200.0,455.8428388170407,1926.5180361560901,17780.98039215686,6750.14705882353,0.552565619765286,400-800
380,0.8792919064820987,37200.0,217.6338922689847,760.8326112068523,4348.1720430107525,6607.956989247312,0.807559564821552,200-400
381,0.8355774137439674,3600.0,67.70275002573075,164.8528137423857,5255.555555555556,6491.111111111111,1.0,<100
382,0.682431578113227,39600.0,224.5446191105733,823.5533905932738,12778.989898989897,6602.424242424242,0.7337050881831643,200-400
383,0.9621325796846579,4000.0,71.36496464611085,204.14213562373095,20716.0,6498.0,1.0,<100
384,0.97372313034591,1200.0,39.08820095223359,24.14213562373095,21246.666666666664,6500.0,1.0,<100
385,0.8598261120949463,207200.0,513.6294711843605,2437.6450198781713,10400.30888030888,6844.517374517374,0.4381861948507556,400-800
386,0.2711657102969911,38400.0,221.11625566165472,682.842712474619,16402.5,6600.0,1.0,200-400
387,0.0,400.0,22.56758334191025,0.0,12600.0,6520.0,1.0,<100
388,0.5875495265217077,7600.0,98.3698151873187,356.5685424949238,14708.42105263158,6576.842105263158,0.751168564027431,<100
389,0.599538185482671,18000.0,151.3879513212096,466.2741699796952,3780.4444444444443,6633.333333333334,1.0,100-200
390,0.6239933144075046,28000.0,188.81394877652593,567.6955262170047,7327.142857142857,6654.285714285715,1.0,100-200
391,0.0,400.0,22.56758334191025,0.0,21280.0,6560.0,1.0,<100
392,0.19960492372684452,14000.0,133.5116235624909,673.1370849898476,3390.285714285714,6662.285714285714,0.38826734347584985,100-200
393,0.31602337789282764,53200.0,260.26206750102995,819.4112549695428,5580.751879699248,6700.300751879699,0.995675100445768,200-400
394,0.9036517885812497,20000.0,159.57691216057307,567.6955262170047,20108.0,6645.599999999999,0.7798461208617642,100-200
395,0.7869526281849772,3600.0,67.70275002573075,176.5685424949238,10944.444444444443,6622.222222222222,1.0,<100
396,0.9128709291752769,1600.0,45.1351666838205,64.14213562373095,20575.0,6615.0,1.0,<100
397,0.0,400.0,22.56758334191025,0.0,21300.0,6600.0,1.0,<100
398,0.8007155502661897,30800.0,198.02974013476614,642.842712474619,18934.025974025975,6701.038961038961,0.9365934810828181,100-200
399,0.8611248962064064,8800.0,105.85134856802455,444.8528137423857,7071.818181818181,6710.0,0.558804445490163,100-200
400,0.747102836415358,3200.0,63.83076486422923,164.85281374238568,14315.0,6687.5,1.0,<100
401,1.0,800.0,31.915382432114615,0.0,5330.0,6680.0,1.0,<100
402,1.0,800.0,31.915382432114615,0.0,13780.0,6710.0,1.0,<100
403,0.5181560166865683,32000.0,201.85060176161284,642.842712474619,6757.5,6812.5,0.9730841361899408,200-400
404,0.7818400427828912,8400.0,103.41765891652821,301.4213562373095,20623.809523809523,6765.714285714285,1.0,100-200
405,0.9616424220608244,5600.0,84.44016491289504,240.0,6984.285714285715,6820.0,1.0,<100
406,0.5078597389583113,42400.0,232.3474912642073,763.5533905932738,14377.924528301886,6838.1132075471705,0.9138962612274755,200-400
407,0.3669437395749522,40400.0,226.80140565547774,847.6955262170047,9118.019801980197,6860.198019801981,0.7064988298129635,200-400
408,0.8400420348467115,120400.0,391.5329375494655,1625.0966799187809,9495.348837209302,6949.7009966777405,0.5728988425919148,200-400
409,0.9081977636772923,9600.0,110.55812783082736,357.9898987322333,19251.666666666668,6825.833333333334,0.941324911367837,100-200
410,0.7271398646108289,9600.0,110.55812783082736,329.70562748477136,11214.166666666668,6841.666666666666,1.0,100-200
411,0.38590764406821465,14000.0,133.5116235624909,700.7106781186548,15430.285714285714,6890.857142857143,0.3583112369239444,100-200
412,0.37644307571980457,76000.0,311.0726690017501,989.1168824543142,16878.0,6963.263157894737,0.9761762274410642,200-400
413,0.8207754837098431,43200.0,234.52920571340155,1204.2640687119283,18949.444444444445,6953.518518518518,0.3743261380145504,200-400
414,1.0,800.0,31.915382432114615,0.0,2880.0,6850.0,1.0,<100
415,0.6865311859766711,34800.0,210.49640414216978,675.9797974644666,8002.758620689655,6941.839080459769,0.9570214560668915,200-400
416,0.6907402444815129,22800.0,170.38151783559658,522.842712474619,19551.929824561405,6929.8245614035095,1.0,100-200
417,0.8711353799725075,69600.0,297.6868695686246,1338.8225099390854,20186.896551724138,7033.448275862069,0.4879474945083347,200-400
418,0.3362626305568215,10000.0,112.83791670955125,440.71067811865476,21394.4,6914.400000000001,0.6469976711308812,100-200
419,0.7905694150420949,2400.0,55.27906391541368,120.0,3020.0,6890.0,1.0,<100
420,1.0,800.0,31.915382432114615,0.0,4060.0,6890.0,1.0,<100
421,0.0,400.0,22.56758334191025,0.0,12800.0,6880.0,1.0,<100
422,0.7710430144018423,67200.0,292.5093116572581,949.1168824543142,15208.690476190477,7023.452380952381,0.9374319258604911,200-400
423,0.816496580927726,1200.0,39.08820095223359,68.2842712474619,13693.333333333332,6926.666666666666,1.0,<100
424,0.8052776538317423,80000.0,319.15382432114615,1220.1219330881977,20677.399999999998,7120.700000000001,0.6752947645890444,200-400
425,0.7638599002735252,26800.0,184.7236308621676,574.558441227157,3182.9850746268658,7003.582089552238,1.0,100-200
426,0.5855990266485889,25600.0,180.540666735282,551.1269837220809,7717.8125,7028.125,1.0,100-200
427,0.5127898420242001,39600.0,224.5446191105733,682.842712474619,13408.484848484848,7026.868686868687,1.0,200-400
428,0.8057375999600882,110400.0,374.9208526326083,1528.528137423857,14228.115942028984,7109.492753623189,0.5937888824354911,200-400
429,0.28655258236956704,146800.0,432.33270194044064,1721.6652224137044,6217.547683923705,7197.874659400545,0.622355462784679,400-800
430,0.0,3600.0,67.70275002573075,160.0,16060.0,7000.0,1.0,<100
431,0.377964473009227,2800.0,59.708213214418464,136.5685424949238,3794.2857142857147,7020.0,1.0,<100
432,0.9024656286911225,15200.0,139.11592676604096,449.70562748477136,18719.473684210527,7050.526315789474,0.9444887895258826,100-200
433,0.41883493894436796,34000.0,208.06283791440396,642.842712474619,15569.176470588236,7117.64705882353,1.0,200-400
434,0.8198658705555657,34800.0,210.49640414216978,1095.9797974644666,12710.344827586207,7169.19540229885,0.3640692595324246,200-400
435,0.3671945686682044,40000.0,225.6758334191025,704.2640687119285,5389.400000000001,7175.2,1.0,200-400
436,0.6771498122893864,16000.0,142.7299292922217,421.4213562373095,6805.0,7110.5,1.0,100-200
437,0.6945875203623408,3600.0,67.70275002573075,164.85281374238568,7386.666666666666,7082.222222222222,1.0,<100
438,0.6494797963097507,4000.0,71.36496464611085,176.5685424949238,9222.0,7086.0,1.0,<100
439,0.5177464914854786,21200.0,164.29448666460308,506.2741699796952,10998.113207547169,7129.056603773584,1.0,100-200
440,0.7138290973910744,4800.0,78.17640190446718,213.1370849898476,11231.666666666668,7105.0,1.0,<100
441,0.8510482560154216,30000.0,195.44100476116796,671.1269837220809,17305.6,7132.266666666666,0.8369927909459379,100-200
442,0.9157938562442205,2400.0,55.27906391541368,104.14213562373095,21533.333333333336,7090.0,1.0,<100
443,0.8311659834810003,11200.0,119.41642642883693,357.9898987322333,7046.428571428571,7137.857142857143,1.0,100-200
444,0.9241763718304448,1600.0,45.1351666838205,88.2842712474619,2870.0,7120.0,1.0,<100
445,0.45818140097557564,30000.0,195.44100476116796,574.5584412271571,14822.4,7192.799999999999,1.0,100-200
446,0.9074928602979543,14400.0,135.4055000514615,454.5584412271571,8367.222222222223,7185.555555555556,0.8757757225688274,100-200
447,0.5162121451081062,29200.0,192.81751659604674,637.9898987322333,11751.232876712329,7200.54794520548,0.9014987113420695,100-200
448,0.4256997438097292,57200.0,269.8690459442344,835.9797974644666,2449.9300699300697,7256.923076923077,1.0,200-400
449,0.24314818885246614,103600.0,363.1908820917216,1160.832611206852,9532.123552123552,7309.72972972973,0.9661185458348239,200-400
450,0.6544677419055771,79600.0,318.3549399034338,1040.832611206852,10094.572864321608,7296.0804020100495,0.9233389363215356,200-400
451,0.6748203885823693,158800.0,449.65591256420043,2366.51803615609,18533.60201511335,7388.312342569269,0.35632043068686453,400-800
452,0.45271072051193034,8000.0,100.92530088080642,400.0,19292.0,7188.0,0.6283185307140315,100-200
453,0.6123724356957945,3200.0,63.83076486422923,148.2842712474619,19797.5,7162.5,1.0,<100
454,0.8216788594170132,164400.0,457.51566219579934,2503.086578651014,2882.0924574209243,7382.725060827251,0.32973111720446413,400-800
455,0.7905694150420949,2400.0,55.27906391541368,120.0,3380.0,7170.0,1.0,<100
456,0.8975913198381239,4400.0,74.84820637019111,140.71067811865476,13478.181818181818,7203.636363636364,1.0,<100
457,0.546104873797574,42800.0,233.4408972623798,767.6955262170047,17772.33644859813,7318.130841121496,0.9125898066999236,200-400
458,0.4894100793140684,86400.0,331.6743834924821,1069.1168824543142,16683.425925925927,7368.24074074074,0.9498898157044803,200-400
459,0.3779644730092273,2800.0,59.708213214418464,136.5685424949238,20980.0,7234.285714285715,1.0,<100
460,0.5433208123550455,14400.0,135.4055000514615,397.9898987322333,4146.666666666667,7288.333333333334,1.0,100-200
461,0.9008151487989825,58800.0,273.61740666563514,1318.1118318204308,14357.551020408164,7425.442176870748,0.4252875539391673,200-400
462,0.834080356208291,42400.0,232.3474912642073,795.9797974644666,10677.924528301886,7360.188679245283,0.8409528181050184,200-400
463,0.896225222399919,17600.0,149.69641274038221,557.9898987322333,19190.0,7355.0,0.710345866827957,100-200
464,0.40459864888047453,8800.0,105.85134856802455,301.42135623730945,19430.90909090909,7296.363636363636,1.0,100-200
465,0.49048796218517204,6800.0,93.04852983362557,261.4213562373095,12224.70588235294,7314.117647058823,1.0,<100
466,0.45957925974760655,16000.0,142.7299292922217,426.2741699796952,17145.0,7343.5,1.0,100-200
467,0.691601669073684,8800.0,105.85134856802455,384.8528137423857,17501.818181818184,7320.0,0.7466261624293186,100-200
468,0.3006042513952401,58000.0,271.74968922638976,852.5483399593904,8229.103448275862,7430.896551724138,1.0,200-400
469,0.7125294884495903,45200.0,239.89670156554752,751.1269837220809,7327.610619469026,7413.62831858407,1.0,200-400
470,0.6043560613609598,13200.0,129.6408962885715,477.2792206135785,3870.9090909090905,7411.515151515151,0.7281799916694387,100-200
471,0.4587554843679339,27200.0,186.09705966725113,591.1269837220809,5449.411764705883,7451.764705882352,0.9781764418300533,100-200
472,0.8421570570828869,172800.0,469.0584114268031,2272.792206135786,13764.212962962964,7619.768518518518,0.42037234683499025,400-800
473,0.8799720398793862,174400.0,471.2249745098538,1943.086578651014,12562.385321100917,7729.128440366972,0.5804596566355373,400-800
474,0.23924783918128945,60800.0,278.2318535320819,875.9797974644666,15198.947368421052,7511.842105263158,0.9956925618299471,200-400
475,0.4910374048723985,24000.0,174.80774889473267,1148.9949493661165,5702.333333333334,7514.666666666667,0.22844668817271455,100-200
476,0.4248901719131892,25600.0,180.540666735282,562.842712474619,12847.1875,7488.4375,1.0,100-200
477,0.3545930544366077,135200.0,414.89997161749,1583.6753236814711,19707.159763313608,7599.585798816568,0.6774141376722738,400-800
478,0.27217862916889246,38000.0,219.96159369293582,659.4112549695428,6962.105263157895,7539.368421052632,1.0,200-400
479,0.7572927717269822,15600.0,140.93451279891855,426.2741699796952,17562.5641025641,7491.282051282051,1.0,100-200
480,0.4491186673637602,8800.0,105.85134856802455,289.7056274847714,17222.727272727272,7520.0,1.0,100-200
481,0.6279981670957864,22800.0,170.38151783559658,527.6955262170047,20544.912280701756,7553.333333333334,1.0,100-200
482,0.40732466922393046,56400.0,267.9752046795807,824.2640687119285,12027.517730496455,7616.312056737588,1.0,200-400
483,0.7830992618543764,25200.0,179.1246396432554,567.6955262170047,13267.936507936509,7591.746031746032,0.9826061122858228,100-200
484,0.8892380666767794,30800.0,198.02974013476614,699.4112549695428,3720.5194805194806,7604.415584415584,0.7912165211882645,100-200
485,0.5849076906626884,25600.0,180.540666735282,557.9898987322333,16379.375,7621.875,1.0,100-200
486,0.7546163597672045,35200.0,211.7026971360491,699.4112549695427,2409.090909090909,7674.545454545455,0.9042474527865881,200-400
487,0.9942483652670522,6400.0,90.270333367641,316.5685424949238,1998.75,7715.0,0.8025171544873486,<100
488,0.674199862463242,2400.0,55.27906391541368,124.8528137423857,4423.333333333333,7623.333333333334,1.0,<100
489,0.4673826270369052,61600.0,280.0563442518059,892.5483399593904,3158.311688311688,7757.662337662337,0.9716885450978162,200-400
490,0.0,400.0,22.56758334191025,0.0,5180.0,7620.0,1.0,<100
491,0.8573065631532452,146400.0,431.7432910297829,1698.2337649086285,16788.196721311477,7924.972677595629,0.6379049877281647,400-800
492,0.3257449815287392,29600.0,194.13369239820483,597.9898987322333,18269.18918918919,7741.891891891892,1.0,100-200
493,0.3472253733488653,68000.0,294.2452872043851,932.5483399593904,5880.0,7822.235294117647,0.9825984394635773,200-400
494,0.856873272969766,14000.0,133.5116235624909,454.5584412271571,5172.571428571428,7752.571428571428,0.8514486191641377,100-200
495,0.4315725802580546,70400.0,299.39282548076443,967.6955262170047,9554.090909090908,7843.522727272728,0.9447242354442407,200-400
496,0.5773502691896258,3200.0,63.83076486422923,153.1370849898476,19990.0,7720.0,1.0,<100
497,0.79065002332151,39200.0,223.4076770248023,774.558441227157,10136.73469387755,7799.591836734694,0.8210839226577614,200-400
498,0.9011460214423155,29600.0,194.13369239820483,731.8376618407356,16142.702702702702,7857.027027027027,0.6944997029059226,100-200
499,0.5603696529954888,10400.0,115.07254783503184,488.28427124746185,8083.846153846153,7814.615384615385,0.5481478733767616,100-200
500,0.7965925063152551,18800.0,154.71555655790098,494.5584412271571,11811.063829787234,7813.191489361702,0.9659006882018807,100-200
501,0.21666353078632347,91600.0,341.50950542809335,1080.8326112068523,14240.0,7920.436681222708,0.9853453194034005,200-400
502,0.5691753143624871,33200.0,205.6004690782767,614.5584412271571,7369.156626506024,7872.289156626506,1.0,200-400
503,0.5871219581899318,28400.0,190.15783725757564,602.842712474619,2809.8591549295775,7877.7464788732395,0.9820196398762069,100-200
504,0.8102253293884785,125600.0,399.89859566987286,1615.3910524340095,4597.133757961784,8023.694267515923,0.6048450870708185,200-400
505,0.0,1600.0,45.1351666838205,80.0,19090.0,7810.0,1.0,<100
506,0.9061625420559465,223600.0,533.5694539633828,3012.203461105328,3394.2754919499107,8218.747763864043,0.30967992763792335,400-800
507,0.8982010232961406,207200.0,513.6294711843605,2244.5079348883237,15105.482625482626,8188.841698841698,0.5168414365668631,400-800
508,0.8854483399930572,145200.0,429.9702104745695,2100.2438661763954,11306.170798898072,8070.523415977961,0.41365381149118835,400-800
509,0.7689108349213261,63600.0,284.56639830654,939.4112549695427,12182.641509433963,7981.761006289308,0.9056397193538529,200-400
510,0.5156859723733253,92400.0,342.9975713230766,1370.5382386916235,20147.01298701299,8015.238095238095,0.6181580384000268,200-400
511,0.9077640519947647,86000.0,330.90572803628527,1600.243866176395,10611.348837209302,8008.558139534884,0.4220228566465554,200-400
512,0.8920977631586515,30000.0,195.44100476116796,706.2741699796952,13176.0,7946.933333333334,0.7557609911213351,100-200
513,0.30682855132305814,27600.0,187.46042631630414,557.9898987322333,15432.753623188404,7961.449275362319,1.0,100-200
514,0.9943559744106825,74400.0,307.7808020788433,2646.396103067893,1688.1720430107525,8875.16129032258,0.13349749080527915,200-400
515,0.926049497849221,100400.0,357.5377606511099,1753.380951166243,13920.079681274901,8121.83266932271,0.4103845561280194,200-400
516,0.3369649040315924,92400.0,342.9975713230766,1102.2539674441618,8524.415584415585,8087.619047619048,0.9556931954737756,200-400
517,0.6741998624632421,2400.0,55.27906391541368,124.8528137423857,20696.666666666664,7943.333333333334,1.0,<100
518,0.816496580927726,1200.0,39.08820095223359,68.2842712474619,21866.666666666664,7933.333333333334,1.0,<100
519,0.816496580927726,2000.0,50.46265044040321,104.14213562373095,9888.0,7996.0,1.0,<100
520,0.7623892544293173,14000.0,133.5116235624909,454.5584412271572,5054.285714285715,8054.285714285715,0.8514486191641376,100-200
521,1.0,800.0,31.915382432114615,0.0,3680.0,8030.0,1.0,<100
522,0.8780419072019297,6400.0,90.270333367641,282.13203435596427,10062.5,8072.5,1.0,<100
523,0.4374402266362634,36800.0,216.46065519224038,699.4112549695427,18890.869565217392,8147.826086956521,0.945349609731433,200-400
524,0.6874689540795297,73200.0,305.2886088189566,1062.2539674441618,18053.551912568306,8214.863387978143,0.8152000946673307,200-400
525,0.782467480173459,47200.0,245.14670406003768,824.2640687119285,2568.813559322034,8191.6949152542375,0.8730098135090054,200-400
526,0.47082924068150206,50400.0,253.3204947386851,795.9797974644665,4213.333333333333,8186.190476190476,0.9996231611437015,200-400
527,0.7905694150420949,1600.0,45.1351666838205,92.42640687119284,19765.0,8080.0,1.0,<100
528,0.7367394581392347,11600.0,121.53015559492998,357.9898987322333,21264.137931034486,8127.586206896551,1.0,100-200
529,0.3890507266100748,43200.0,234.52920571340155,727.6955262170047,16346.48148148148,8204.62962962963,1.0,200-400
530,0.816496580927726,2000.0,50.46265044040321,104.14213562373095,17292.0,8124.0,1.0,<100
531,0.2590705446968944,129600.0,406.21650015438456,1518.8225099390854,19202.53086419753,8309.135802469136,0.7059936835310808,400-800
532,0.8889517034168949,7200.0,95.74614729634384,284.8528137423857,20492.222222222223,8142.222222222222,1.0,<100
533,0.5207037318817048,7600.0,98.3698151873187,261.4213562373095,21056.84210526316,8196.842105263158,1.0,<100
534,0.2501864677862747,56800.0,268.9237924411993,819.4112549695428,12058.450704225352,8297.887323943662,1.0,200-400
535,0.9528090627122776,18400.0,153.06079714651622,679.4112549695427,21385.21739130435,8248.695652173912,0.5009128962965601,100-200
536,0.23936394588582238,60400.0,277.3151068766428,875.9797974644665,2841.9867549668875,8332.450331125827,0.9891419528705399,200-400
537,0.6123724356957946,4000.0,71.36496464611085,176.5685424949238,5140.0,8224.0,1.0,<100
538,0.5875495265217077,7600.0,98.3698151873187,356.5685424949238,7996.842105263158,8251.57894736842,0.751168564027431,<100
539,0.6831300510639732,4000.0,71.36496464611085,176.5685424949238,17716.0,8230.0,1.0,<100
540,0.674199862463242,2400.0,55.27906391541368,124.8528137423857,5823.333333333334,8236.666666666666,1.0,<100
541,0.7486708880415575,20400.0,161.1647812414279,562.842712474619,20670.58823529412,8292.549019607843,0.8092187494960047,100-200
542,0.24851160662247165,35600.0,212.90215544369624,637.9898987322333,10152.359550561798,8352.808988764045,1.0,200-400
543,0.9081704845990709,115200.0,382.98458918537534,1558.8225099390856,17429.166666666668,8480.694444444445,0.5957567971787028,200-400
544,0.740971222810684,6400.0,90.270333367641,249.70562748477138,4437.5,8320.0,1.0,<100
545,0.3645267989568937,39600.0,224.5446191105733,671.1269837220809,13283.434343434345,8417.979797979799,1.0,200-400
546,0.27322182547481594,69200.0,296.83021493047715,932.5483399593904,8141.271676300577,8479.306358381502,0.9999384119246991,200-400
547,0.726913898078848,36000.0,214.09489393833255,687.6955262170047,9146.666666666666,8433.111111111111,0.9565770709445056,200-400
548,0.26138780282632423,42000.0,231.2489154112443,885.685424949238,19924.761904761905,8472.0,0.6728219613123189,200-400
549,0.0,1600.0,45.1351666838205,80.0,10350.0,8370.0,1.0,<100
550,0.7725338186482117,95200.0,348.15571898044055,1614.6803743153546,6449.579831932773,8566.218487394959,0.4588531094566807,200-400
551,0.6123724356957945,3200.0,63.83076486422923,148.2842712474619,18237.5,8402.5,1.0,<100
552,0.7892773842857549,63600.0,284.56639830654,1505.685424949238,4653.333333333333,8535.220125786163,0.35253195285753974,200-400
553,0.8956899991904813,252400.0,566.8912250962746,3457.056274847714,7408.843106180666,8860.66561014263,0.26539107662752903,400-800
554,0.0,2000.0,50.46265044040321,113.13708498984761,13960.0,8420.0,1.0,<100
555,0.9458803686645146,243600.0,556.9211372335276,2902.4978336205572,20928.013136289002,8726.141215106732,0.36336520627257607,400-800
556,0.8772805107537706,92400.0,342.9975713230766,1415.3910524340095,11710.04329004329,8589.004329004329,0.5796007564092787,200-400
557,0.35432061041100815,59200.0,274.5465007031079,875.9797974644665,16058.108108108108,8544.054054054053,0.9694901259923172,200-400
558,0.5660051826683191,36400.0,215.28102431092233,687.6955262170047,20391.648351648353,8534.725274725275,0.9672057050661113,200-400
559,0.6758609066891933,2800.0,59.708213214418464,164.85281374238568,11157.142857142859,8494.285714285714,1.0,<100
560,0.921177596179394,20400.0,161.1647812414279,626.2741699796952,14818.039215686274,8576.078431372549,0.6535984767025623,100-200
561,0.0,1600.0,45.1351666838205,80.0,18930.0,8470.0,1.0,<100
562,0.3218521894115936,74000.0,306.95231927842156,944.2640687119285,8640.648648648648,8643.45945945946,1.0,200-400
563,0.816496580927726,1200.0,39.08820095223359,68.2842712474619,10753.333333333332,8506.666666666666,1.0,<100
564,0.6843769431908054,55600.0,266.0678836073137,949.1168824543142,14092.94964028777,8611.510791366907,0.7756133196107635,200-400
565,0.6461621652955032,4800.0,78.17640190446718,204.85281374238568,20848.333333333336,8525.0,1.0,<100
566,0.4236121725745663,244000.0,557.3781919983771,2717.6450198781713,12617.67213114754,8820.590163934427,0.4151587863335898,400-800
567,0.1675777083779936,64400.0,286.35053113438516,892.5483399593904,16669.068322981366,8652.422360248447,1.0,200-400
568,0.44026108797945906,94000.0,345.95450164017996,1193.9696961967,3949.957446808511,8700.085106382978,0.8286117914249586,200-400
569,0.7707648955748724,8400.0,103.41765891652821,408.99494936611666,6174.285714285715,8597.142857142857,0.631034727269958,100-200
570,0.6150088258786414,34000.0,208.06283791440396,642.842712474619,12177.882352941177,8645.176470588234,1.0,200-400
571,0.4629533931118105,32400.0,203.10825007719228,654.558441227157,11013.086419753086,8647.407407407407,0.9502940682144765,200-400
572,0.3826275494515594,68400.0,295.10944556195614,944.2640687119285,15321.052631578948,8708.30409356725,0.9640044472177642,200-400
573,0.3751768291793138,34400.0,209.28315827817966,659.4112549695427,16975.348837209305,8656.976744186046,0.9941584211031823,200-400
574,0.7848063975456027,88800.0,336.2494186946387,1137.4011537017761,19099.099099099098,8703.243243243243,0.8625722870979038,200-400
575,0.9263789431720753,78800.0,316.75112647807714,1398.1118318204308,22059.898477157363,8812.994923857868,0.506584922158053,200-400
576,0.2729202989443092,42800.0,233.4408972623798,727.6955262170047,5791.028037383177,8738.878504672897,1.0,200-400
577,0.6945875203623408,3600.0,67.70275002573075,164.85281374238568,2033.3333333333335,8657.777777777777,1.0,<100
578,0.0,1600.0,45.1351666838205,80.0,3570.0,8650.0,1.0,<100
579,0.1746516507247484,48800.0,249.2671052968601,772.5483399593904,13721.639344262296,8772.131147540984,1.0,200-400
580,1.0,800.0,31.915382432114615,0.0,14670.0,8640.0,1.0,<100
581,0.29161715220881657,79200.0,317.55404570407364,1029.1168824543142,16298.78787878788,8796.666666666666,0.9397355145796087,200-400
582,0.40714789856975747,85600.0,330.1352829210018,1035.9797974644666,17694.672897196262,8823.084112149532,1.0,200-400
583,1.0,800.0,31.915382432114615,0.0,18430.0,8660.0,1.0,<100
584,0.7281345768304935,9200.0,108.23032759612019,216.5685424949238,2440.869565217391,8732.173913043478,1.0,100-200
585,0.49026290845261483,14000.0,133.5116235624909,393.13708498984766,6974.857142857143,8747.42857142857,1.0,100-200
586,0.2212924414283129,91200.0,340.76303567119317,1069.1168824543142,9056.57894736842,8846.228070175439,1.0,200-400
587,0.9868613207214115,2400.0,55.27906391541368,84.14213562373095,6150.0,8716.666666666666,1.0,<100
588,0.377964473009227,2800.0,59.708213214418464,136.5685424949238,3540.0,8745.714285714286,1.0,<100
589,0.78066804141784,28800.0,191.49229459268767,602.842712474619,6665.555555555556,8830.555555555555,0.9958509024096746,100-200
590,0.44058630956596706,37600.0,218.80083839428522,654.5584412271571,18086.808510638297,8821.91489361702,1.0,200-400
591,0.816496580927726,1200.0,39.08820095223359,68.2842712474619,3273.333333333333,8746.666666666666,1.0,<100
592,0.816496580927726,1200.0,39.08820095223359,68.2842712474619,21586.666666666664,8753.333333333334,1.0,<100
593,0.8964546030332435,36800.0,216.46065519224038,939.4112549695427,1989.3478260869565,8835.434782608696,0.5240179508210973,200-400
594,0.8341422111288387,15200.0,139.11592676604096,433.1370849898476,10300.526315789473,8818.42105263158,1.0,100-200
595,0.522198879690786,34400.0,209.28315827817966,637.9898987322333,3080.9302325581393,8896.744186046511,1.0,200-400
596,0.3370999312316211,6400.0,90.270333367641,249.7056274847714,8472.5,8862.5,1.0,<100
597,0.7905694150420949,1600.0,45.1351666838205,92.42640687119284,17140.0,8825.0,1.0,<100
598,0.33558144685370406,34000.0,208.06283791440396,631.1269837220809,5191.764705882352,8936.0,1.0,200-400
599,0.3249418884882991,84400.0,327.8130832893156,1029.1168824543142,8240.284360189573,8990.710900473934,1.0,200-400
600,0.45286779302984714,46000.0,242.01036973199618,739.4112549695428,14040.17391304348,8940.347826086956,1.0,200-400
601,0.3167521872991573,57600.0,270.811000102923,847.6955262170047,4686.666666666667,8988.888888888889,1.0,200-400
602,0.4106246124018427,72400.0,303.6157819330639,1336.101730552664,14964.088397790056,9010.60773480663,0.5096468886311227,200-400
603,0.5000032612824487,28400.0,190.15783725757564,569.7056274847714,18795.211267605635,8945.633802816901,1.0,100-200
604,0.31154934208929846,88800.0,336.2494186946387,1154.6803743153546,19848.46846846847,9024.684684684686,0.836949513275516,200-400
605,0.11626067821156234,86000.0,330.90572803628527,1045.685424949238,3799.627906976744,9079.627906976744,0.9883396207036271,200-400
606,0.8347009888765207,110400.0,374.9208526326083,1669.9494936611666,9691.594202898552,9092.898550724638,0.4974761498764263,200-400
607,0.9211295506114359,55200.0,265.1090773047596,1125.685424949238,10150.869565217392,9091.884057971016,0.5474126834838873,200-400
608,0.0,400.0,22.56758334191025,0.0,17380.0,8920.0,1.0,<100
609,1.0,1200.0,39.08820095223359,20.0,1980.0,8940.0,1.0,<100
610,0.40411626255299554,29200.0,192.81751659604674,683.5533905932738,10802.739726027397,9019.72602739726,0.7853221226455699,100-200
611,0.4633676002599629,22800.0,170.38151783559658,522.842712474619,17110.175438596492,9017.894736842105,1.0,100-200
612,0.4886563952061044,34800.0,210.49640414216978,652.5483399593904,5680.229885057471,9059.540229885057,1.0,200-400
613,1.0,800.0,31.915382432114615,0.0,2040.0,8990.0,1.0,<100
614,0.2747331070735994,66000.0,289.88585676524605,892.5483399593904,8712.363636363636,9106.181818181818,1.0,200-400
615,0.5080890518490063,19200.0,156.35280380893437,489.70562748477136,11977.083333333332,9041.25,1.0,100-200
616,0.5523259206477811,16800.0,146.25465582862904,461.4213562373095,21885.238095238095,9042.857142857143,0.9915708775061167,100-200
617,0.632078588702211,9200.0,108.23032759612019,313.1370849898476,2432.173913043478,9046.086956521738,1.0,100-200
618,0.2955858155289607,56400.0,267.9752046795807,831.1269837220809,18300.14184397163,9114.468085106384,1.0,200-400
619,0.7202979472635617,38400.0,221.11625566165472,704.2640687119285,7012.916666666666,9128.541666666666,0.9729040819919184,200-400
620,0.7175247632452134,10400.0,115.07254783503184,329.7056274847714,4106.153846153847,9119.23076923077,1.0,100-200
621,0.701133344647762,13200.0,129.6408962885715,386.2741699796952,11281.21212121212,9125.454545454544,1.0,100-200
622,0.7836400208153956,48400.0,248.24341676101278,824.2640687119285,20458.347107438018,9164.628099173553,0.8952049782592344,200-400
623,0.961036503526686,163600.0,456.40112786744146,2854.213562373095,1855.7457212713937,9489.388753056235,0.25235983365437603,400-800
624,0.18644168015793183,131200.0,408.7163175960233,1302.2539674441618,3288.4756097560976,9289.451219512195,0.9721926213955354,400-800
625,0.17960986009275529,83200.0,325.4743156102575,1029.1168824543142,5182.211538461538,9255.961538461539,0.9871969042048414,200-400
626,0.7795425002208074,59200.0,274.5465007031079,932.5483399593904,7668.783783783783,9269.72972972973,0.8554386414153496,200-400
627,0.6381458095618924,5600.0,84.44016491289504,240.71067811865476,8965.714285714286,9138.57142857143,1.0,<100
628,0.816496580927726,2000.0,50.46265044040321,104.14213562373095,16648.0,9116.0,1.0,<100
629,0.8802468599546724,26800.0,184.7236308621676,666.2741699796952,18900.597014925374,9183.283582089553,0.7586451822438715,100-200
630,0.511237358145545,15200.0,139.11592676604096,393.1370849898476,20790.0,9160.0,1.0,100-200
631,0.8927110953409618,137600.0,418.5663165563593,1973.380951166243,20982.267441860462,9339.883720930233,0.444023989455495,400-800
632,0.8986429433204123,23600.0,173.34489682638437,607.6955262170047,8003.389830508475,9182.033898305086,0.8030633177964579,100-200
633,0.440960970196861,34800.0,210.49640414216978,637.9898987322333,10449.19540229885,9212.41379310345,1.0,200-400
634,0.406109787799758,22000.0,167.3656774376801,534.5584412271571,15692.363636363636,9207.636363636364,0.9674803678446163,100-200
635,0.0,400.0,22.56758334191025,0.0,2600.0,9140.0,1.0,<100
636,0.3751422470601009,74000.0,306.95231927842156,960.8326112068522,14570.378378378377,9285.513513513513,1.0,200-400
637,0.8681147322824312,4800.0,78.17640190446718,193.1370849898476,21736.666666666664,9190.0,1.0,<100
638,0.717746540401042,200000.0,504.626504404032,2441.076477383248,2776.08,9391.76,0.42177136198950066,400-800
639,0.6091320750935263,20000.0,159.57691216057307,506.2741699796952,4827.200000000001,9285.599999999999,0.9805467826786558,100-200
640,0.28400088599886325,9200.0,108.23032759612019,493.1370849898476,12140.0,9260.869565217392,0.47540348828793494,100-200
641,0.40399162060280835,22800.0,170.38151783559658,522.842712474619,6656.842105263158,9291.57894736842,1.0,100-200
642,0.6945875203623408,3600.0,67.70275002573075,164.85281374238568,3617.777777777778,9286.666666666666,1.0,<100
643,0.6441588269595488,22800.0,170.38151783559658,534.5584412271571,18002.456140350878,9355.78947368421,1.0,100-200
644,0.8413104429236201,19600.0,157.97308339337175,545.5634918610405,14052.65306122449,9395.102040816326,0.8275139706543427,100-200
645,0.3281219622054702,128000.0,403.7012035232257,1438.8225099390854,10640.3125,9510.125,0.77697203254972,400-800
646,0.7382939346214636,2400.0,55.27906391541368,104.14213562373095,8363.333333333334,9353.333333333334,1.0,<100
647,0.3309158532421252,11200.0,119.41642642883693,601.4213562373095,4504.285714285715,9442.857142857143,0.38910803175014297,100-200
648,0.7593923676688293,47600.0,246.1832697999475,824.2640687119285,5729.243697478992,9471.09243697479,0.8804082017590817,200-400
649,0.4082027170245424,58000.0,271.74968922638976,1413.259018078045,21260.8275862069,9523.724137931034,0.36491719404911027,200-400
650,0.3084876157214383,14400.0,135.4055000514615,386.2741699796952,2238.3333333333335,9439.444444444445,1.0,100-200
651,0.3091451639421165,67600.0,293.3785834448333,925.685424949238,11273.491124260354,9535.739644970414,0.9913561575829253,200-400
652,0.9380831519646858,2000.0,50.46265044040321,108.2842712474619,11756.0,9396.0,1.0,<100
653,0.8517157340209912,6000.0,87.40387444736633,308.2842712474619,11821.333333333334,9440.0,0.7933382237279871,<100
654,0.46806212508649647,25200.0,179.1246396432554,529.7056274847714,8851.111111111111,9483.492063492064,1.0,100-200
655,0.6198510516500745,122400.0,394.77147854877245,1587.8174593052022,4345.490196078432,9708.039215686274,0.610084702894175,200-400
656,0.8768719639588145,12000.0,123.60774464742066,397.98989873223326,9594.0,9456.666666666666,0.9520220582275888,100-200
657,0.6509178259906752,80800.0,320.7456238432586,1567.8174593052022,6726.138613861386,9588.81188118812,0.4130762558222463,200-400
658,0.7950060587397373,4800.0,78.17640190446718,204.85281374238568,12543.333333333332,9461.666666666666,1.0,<100
659,1.0,800.0,31.915382432114615,0.0,14290.0,9440.0,1.0,<100
660,0.4509717590117593,12000.0,123.60774464742066,341.4213562373095,16172.666666666666,9492.666666666666,1.0,100-200
661,0.29026402973625,89600.0,337.76065965158017,1073.9696961967,17072.410714285714,9600.80357142857,0.9761887969808238,200-400
662,0.8519605692004036,65600.0,289.00607975374265,1092.5483399593904,3518.9024390243903,9661.09756097561,0.6906092332043756,200-400
663,0.21328430809234777,10000.0,112.83791670955125,329.70562748477136,13214.400000000001,9502.4,1.0,100-200
664,0.438217490025107,52800.0,259.281792577143,880.8326112068522,11602.121212121212,9615.454545454544,0.8551789772407857,200-400
665,0.321120289834712,50000.0,252.313252202016,784.2640687119285,13641.6,9600.96,1.0,200-400
666,1.0,800.0,31.915382432114615,0.0,3620.0,9510.0,1.0,<100
667,0.6386505718287544,12800.0,127.66152972845846,381.4213562373095,10135.0,9543.75,1.0,100-200
668,0.7950060587397373,4800.0,78.17640190446718,204.85281374238568,15176.666666666668,9541.666666666666,1.0,<100
669,0.22572826787885528,54800.0,264.14679072721464,852.5483399593904,6219.416058394161,9659.854014598539,0.9474414835438412,200-400
670,0.5293402895003764,14400.0,135.4055000514615,664.8528137423858,16549.444444444445,9603.888888888889,0.40937501565608386,100-200
671,0.370226702324178,106400.0,368.0661456312185,1177.4011537017761,18303.984962406015,9777.744360902256,0.964500768284761,200-400
672,0.210759122435807,53200.0,260.26206750102995,829.1168824543142,19286.315789473683,9758.796992481204,0.9725008277779453,200-400
673,0.7462992779997443,86800.0,332.44126170349574,1340.243866176395,14835.57603686636,9800.645161290324,0.6072421826633453,200-400
674,0.7273852979169615,5200.0,81.36857890256438,221.4213562373095,16770.76923076923,9683.076923076922,1.0,<100
675,0.31119293657029545,33200.0,205.6004690782767,631.1269837220809,19904.819277108432,9730.120481927712,1.0,200-400
676,0.887218846665733,21200.0,164.29448666460308,574.5584412271571,17870.566037735847,9717.358490566037,0.8070070075027509,100-200
677,0.9975093925425259,4800.0,78.17640190446718,208.2842712474619,1450.0,9790.0,1.0,<100
678,0.5688317031208067,22400.0,168.88032982579008,506.2741699796952,9021.785714285714,9776.07142857143,1.0,100-200
679,0.34006802040680223,8000.0,100.92530088080642,421.4213562373095,11130.0,9742.0,0.5660656087073318,100-200
680,0.7386259424940452,10800.0,117.26460285670078,544.8528137423857,18710.37037037037,9785.925925925927,0.45716736797406643,100-200
681,0.523556754446835,5200.0,81.36857890256438,204.85281374238568,5072.307692307692,9767.692307692307,1.0,<100
682,0.4580538299209067,42400.0,232.3474912642073,699.4112549695428,7863.396226415094,9840.0,1.0,200-400
683,0.8105079788299249,73600.0,306.12159429303244,1274.6803743153546,2773.695652173913,9952.282608695652,0.5692264603007126,200-400
684,0.7703081970472485,8800.0,105.85134856802455,317.9898987322333,10653.636363636362,9804.545454545456,1.0,100-200
685,0.3925889587005486,62400.0,281.8690255978371,882.842712474619,16430.384615384613,9878.333333333334,1.0,200-400
686,0.559388215472433,21600.0,165.83719174624105,489.7056274847714,17407.407407407405,9830.74074074074,1.0,100-200
687,0.9327579039110918,4400.0,74.84820637019111,164.85281374238568,2427.272727272727,9814.545454545456,1.0,<100
688,0.8637571746034985,57200.0,269.8690459442344,949.116882454314,10503.916083916083,9955.524475524475,0.797933127369347,200-400
689,0.7841277465805033,57200.0,269.8690459442344,984.2640687119285,20310.76923076923,9900.559440559442,0.7419636525568425,200-400
690,0.21507251609788947,8400.0,103.41765891652821,469.70562748477136,3949.5238095238096,9854.285714285714,0.4784511724872015,100-200
691,0.8315458608229446,63600.0,284.56639830654,1356.812408671319,21158.993710691826,9954.591194968554,0.4341375651221941,200-400
692,0.6376884651387368,16400.0,144.50303987687133,442.842712474619,9569.268292682926,9888.292682926829,1.0,100-200
693,1.0,1200.0,39.08820095223359,20.0,2260.0,9840.0,1.0,<100
694,0.24257589716583414,23600.0,173.34489682638437,522.842712474619,11009.49152542373,9920.338983050848,1.0,100-200
695,0.6559600086565213,61200.0,279.14558950087667,904.2640687119285,17898.169934640522,9975.16339869281,0.9405258522772416,200-400
696,0.97372313034591,1200.0,39.08820095223359,24.14213562373095,18780.0,9873.333333333334,1.0,<100
697,0.0,400.0,22.56758334191025,0.0,2440.0,9880.0,1.0,<100
698,0.0,400.0,22.56758334191025,0.0,2480.0,9880.0,1.0,<100
699,0.7905694150420949,2400.0,55.27906391541368,120.0,13520.0,9890.0,1.0,<100
700,0.9016807980806704,17200.0,147.9855404066384,522.842712474619,12280.0,9958.139534883721,0.7906716965607326,100-200
701,0.8074556356109913,33200.0,205.6004690782767,659.4112549695428,15043.614457831325,9999.759036144578,0.959478476180978,200-400
702,0.9059630061207029,160800.0,452.47863904654565,1978.2337649086285,15548.208955223881,10224.378109452737,0.5163458466205377,400-800
703,1.0,800.0,31.915382432114615,0.0,2450.0,9920.0,1.0,<100
704,0.8755989883658382,4800.0,78.17640190446718,192.42640687119285,5278.333333333334,9961.666666666666,1.0,<100
705,1.0,800.0,31.915382432114615,0.0,10010.0,9920.0,1.0,<100
706,0.6945875203623408,3600.0,67.70275002573075,164.85281374238568,17642.222222222223,9946.666666666666,1.0,<100
707,0.4322926637012028,50000.0,252.313252202016,915.9797974644665,1683.04,10051.68,0.7488728368284107,200-400
708,0.6847340610348954,12800.0,127.66152972845846,376.5685424949238,6043.125,9998.125,1.0,100-200
709,0.99763960732473,5200.0,81.36857890256438,228.2842712474619,1407.6923076923076,10080.0,1.0,<100
710,0.9466280914598396,133200.0,411.8197510546619,1853.380951166243,4074.1741741741744,10303.903903903903,0.48728685796255927,400-800
711,0.524873683787394,24800.0,177.69732893161913,539.4112549695428,7292.58064516129,10042.258064516129,1.0,100-200
712,0.3712950117170673,22800.0,170.38151783559658,1146.2741699796952,2063.157894736842,10131.57894736842,0.21805582804025309,100-200
713,0.5372626442030966,10400.0,115.07254783503184,521.4213562373095,8438.461538461539,10041.538461538461,0.4806905380099647,100-200
714,0.501705794517183,9200.0,108.23032759612019,301.42135623730945,14551.304347826088,10016.521739130436,1.0,100-200
715,0.1538432578727303,35200.0,211.7026971360491,642.842712474619,6267.727272727272,10090.909090909092,1.0,200-400
716,0.4226389076091557,42400.0,232.3474912642073,722.842712474619,6920.943396226416,10115.283018867924,1.0,200-400
717,0.36442884493616856,61600.0,280.0563442518059,909.116882454314,11201.558441558442,10135.324675324675,0.9365934810839518,200-400
718,0.5745382768683366,13200.0,129.6408962885715,381.4213562373095,11428.484848484848,10054.545454545456,1.0,100-200
719,0.7935707780822384,50000.0,252.313252202016,944.2640687119285,12912.16,10130.08,0.704681613463278,200-400
720,0.7355016703869487,24000.0,174.80774889473267,541.4213562373095,19853.666666666664,10099.0,1.0,100-200
721,0.816496580927726,2000.0,50.46265044040321,104.14213562373095,21428.0,10024.0,1.0,<100
722,0.47199941859464184,9200.0,108.23032759612019,436.5685424949238,15907.826086956522,10070.434782608696,0.6065866020918746,100-200
723,0.8801917268642485,43600.0,235.6124872549269,835.9797974644666,11885.504587155963,10174.311926605504,0.7839796482325616,200-400
724,0.5965882340472783,31200.0,199.31149940667518,720.1219330881975,21744.871794871797,10140.51282051282,0.7560532433269699,100-200
725,0.2523799285320506,20800.0,162.73715780512876,494.5584412271571,5806.538461538462,10137.307692307693,1.0,100-200
726,0.8933253125384825,55200.0,265.1090773047596,1024.2640687119285,3595.217391304348,10213.913043478262,0.6611881569279503,200-400
727,0.9298676572153666,2800.0,59.708213214418464,144.14213562373095,9034.285714285714,10100.0,1.0,<100
728,0.7743030572147485,75600.0,310.2529767495846,1125.685424949238,7486.984126984126,10246.243386243386,0.7497173708583675,200-400
729,0.8832014299355615,16000.0,142.7299292922217,482.842712474619,12699.0,10197.5,0.8624193351205363,100-200
730,0.816496580927726,2000.0,50.46265044040321,104.14213562373095,19576.0,10108.0,1.0,<100
731,0.5426814083693925,16800.0,146.25465582862904,453.13708498984766,8301.904761904761,10183.333333333334,1.0,100-200
732,0.20162500887614399,67200.0,292.5093116572581,920.8326112068522,12384.285714285714,10262.380952380952,0.9959046365509371,200-400
733,0.5569311040855826,10400.0,115.07254783503184,424.8528137423857,4339.2307692307695,10181.538461538461,0.7240460782878279,100-200
734,0.8858172620003121,5600.0,84.44016491289504,244.85281374238568,9858.57142857143,10184.285714285714,1.0,<100
735,0.16655355522649087,102400.0,361.081333470564,1149.1168824543142,10331.40625,10314.375,0.974499027930064,200-400
736,0.4302912568608103,42400.0,232.3474912642073,739.4112549695427,11610.0,10242.830188679245,0.9745488352975694,200-400
737,0.9574685668056676,2400.0,55.27906391541368,128.2842712474619,17136.666666666668,10173.333333333334,1.0,<100
738,0.944046624624074,12400.0,125.65098628628435,454.5584412271571,20274.1935483871,10224.516129032258,0.7541402055453792,100-200
739,0.377964473009227,2800.0,59.708213214418464,136.5685424949238,4765.714285714285,10180.0,1.0,<100
740,0.5773502691896258,3200.0,63.83076486422923,153.1370849898476,8820.0,10190.0,1.0,<100
741,0.4483783862392856,11600.0,121.53015559492998,588.2842712474619,20633.103448275862,10226.206896551725,0.4212048655763011,100-200
742,0.0,4800.0,78.17640190446718,193.1370849898476,17830.0,10210.0,1.0,<100
743,0.9069854503812497,12000.0,123.60774464742066,442.842712474619,1714.6666666666667,10258.666666666666,0.7689393843539951,100-200
744,0.5669364987829579,10000.0,112.83791670955125,456.5685424949238,21364.8,10251.199999999999,0.6028342146550412,100-200
745,0.8049176856094425,116800.0,385.6350331920935,1676.812408671319,2759.3150684931506,10503.561643835617,0.5220159206304621,200-400
746,0.6032798164152479,14000.0,133.5116235624909,721.4213562373095,14824.571428571428,10310.285714285714,0.3380336310662378,100-200
747,0.9993222819244885,10000.0,112.83791670955125,468.2842712474619,1367.2,10480.0,0.5730476319104355,100-200
748,0.7905694150420949,4000.0,71.36496464611085,176.5685424949238,7090.0,10280.0,1.0,<100
749,0.2132150870581137,77600.0,314.3300632638384,1000.8326112068522,10960.824742268042,10406.80412371134,0.9735285432324151,200-400
750,0.7936670846339963,47600.0,246.1832697999475,835.9797974644666,5580.336134453782,10385.042016806721,0.8559043866025214,200-400
751,0.45147295289072187,44800.0,238.83285285767386,734.5584412271571,13222.32142857143,10389.464285714286,1.0,200-400
752,0.8680234077356683,29200.0,192.81751659604674,677.9898987322332,3253.9726027397264,10373.424657534248,0.798263493893269,100-200
753,0.8696412433399208,8800.0,105.85134856802455,317.2792206135785,4763.636363636364,10375.454545454544,1.0,100-200
754,0.864472987486667,96400.0,350.3431062722223,1394.6803743153546,18758.340248962657,10527.883817427388,0.6227841034153703,200-400
755,0.800613822401457,39600.0,224.5446191105733,751.1269837220809,5199.191919191919,10428.484848484848,0.8820197745573138,200-400
756,0.8495312263799238,5200.0,81.36857890256438,237.2792206135786,19524.615384615387,10380.0,1.0,<100
757,0.8148704454802487,116400.0,384.9741329065797,1438.8225099390854,20711.9587628866,10545.223367697596,0.7065589420999017,200-400
758,0.9134746463877919,14000.0,133.5116235624909,433.13708498984766,6168.0,10428.0,0.9377501901445255,100-200
759,0.8698270887229977,13200.0,129.6408962885715,410.41630560342617,12912.727272727272,10465.454545454544,0.9847694830079866,100-200
760,0.9152020928800234,18000.0,151.3879513212096,517.9898987322333,3584.8888888888887,10454.222222222223,0.8430237069427119,100-200
761,0.9517422413324946,9600.0,110.55812783082736,393.84776310850236,6385.833333333334,10479.166666666668,0.7777219038691203,100-200
762,0.0,400.0,22.56758334191025,0.0,20300.0,10420.0,1.0,<100
763,0.2923123709417623,76800.0,312.70560761786874,984.2640687119285,8592.8125,10583.645833333332,0.996202946090306,200-400
764,0.5314485395738747,18000.0,151.3879513212096,454.5584412271571,3809.3333333333335,10521.333333333334,1.0,100-200
765,0.8110863961731595,47200.0,245.14670406003768,807.6955262170047,6954.406779661017,10598.474576271186,0.9091938888442614,200-400
766,0.6945875203623408,3600.0,67.70275002573075,164.85281374238568,16893.333333333332,10517.777777777777,1.0,<100
767,0.32176022137290833,31600.0,200.585068271871,614.558441227157,22191.392405063292,10588.101265822785,1.0,200-400
768,0.32012319895296315,70000.0,298.54106607209235,1221.543289325507,2218.057142857143,10663.885714285714,0.5895086467928466,200-400
769,0.45376120967781663,39200.0,223.4076770248023,824.2640687119285,7682.857142857143,10625.102040816328,0.7250420485074791,200-400
770,0.931806554312144,307200.0,625.4112152357375,3519.188309203678,19448.28125,10994.0625,0.3117066465695433,400-800
771,0.7904724582331574,47600.0,246.1832697999475,847.6955262170047,9931.764705882353,10712.436974789916,0.8324095123538877,200-400
772,0.4596603188891017,9200.0,108.23032759612019,481.4213562373095,6627.826086956521,10659.130434782608,0.4988235942514781,100-200
773,0.9586907114045357,2000.0,50.46265044040321,84.14213562373095,7936.0,10604.0,1.0,<100
774,0.33573616951901053,52000.0,257.3100393032275,795.9797974644665,12135.384615384613,10721.692307692309,1.0,200-400
775,0.6247418994308416,56800.0,268.9237924411993,835.9797974644666,16054.788732394365,10710.281690140846,1.0,200-400
776,0.6887642907394602,13600.0,131.59049284959082,381.4213562373095,9523.529411764706,10684.70588235294,1.0,100-200
777,0.26265245238622126,56400.0,267.9752046795807,847.6955262170047,15680.709219858156,10746.524822695035,0.9863003465705728,200-400
778,0.747470665022941,4400.0,74.84820637019111,193.1370849898476,17896.363636363636,10649.09090909091,1.0,<100
779,0.21695185464532313,78400.0,315.9461667867435,984.2640687119285,14603.265306122448,10796.326530612245,1.0,200-400
780,0.6144509519251035,6800.0,93.04852983362557,304.14213562373095,16680.0,10727.058823529413,0.9237737016769056,<100
781,0.41475671594685626,17200.0,147.9855404066384,673.8477631085025,3655.3488372093025,10797.674418604653,0.476008522969503,100-200
782,0.3021056479104252,89600.0,337.76065965158017,1069.1168824543142,8076.339285714285,10853.392857142859,0.9850709199898312,200-400
783,0.9767005057023782,166000.0,459.73662506487017,2604.5079348883237,1531.5662650602408,11187.277108433735,0.30751519655436405,400-800
784,0.786283935618104,3600.0,67.70275002573075,152.42640687119285,7268.888888888889,10753.333333333332,1.0,<100
785,0.43194677157372074,14000.0,133.5116235624909,724.8528137423857,7472.0,10839.42857142857,0.3348407002590196,100-200
786,0.8770498766431354,126400.0,401.170136543742,1785.0966799187809,18075.949367088608,11002.088607594938,0.4984636043038945,400-800
787,0.8530750331023861,82400.0,323.9057555619804,1487.8174593052022,8751.941747572815,10910.485436893205,0.4677758258242035,200-400
788,0.3532335854004316,72400.0,303.6157819330639,960.8326112068522,4445.193370165745,10950.276243093922,0.9854916764106041,200-400
789,0.8022543256616564,22400.0,168.88032982579008,534.5584412271571,4802.142857142857,10902.5,0.9850709199872457,100-200
790,0.8785005405958208,208800.0,515.6087828389873,2484.5079348883237,4022.4137931034484,11186.666666666668,0.42506914565685244,400-800
791,0.9580873330086234,78000.0,315.13915099419603,1511.959594928933,9768.410256410258,11050.76923076923,0.4287697084779046,200-400
792,0.9046164367176253,10000.0,112.83791670955125,381.4213562373095,22471.199999999997,10884.8,0.8637734519793041,100-200
793,1.0,6400.0,90.270333367641,280.0,1340.0,10990.0,1.0,<100
794,0.6741998624632421,2400.0,55.27906391541368,124.8528137423857,17036.666666666668,10856.666666666668,1.0,<100
795,0.4956472763546926,15600.0,140.93451279891855,797.9898987322333,1918.4615384615383,10950.76923076923,0.30785036620363154,100-200
796,0.7633184059113998,65600.0,289.00607975374265,949.1168824543142,6714.756097560976,11017.682926829268,0.915112118101908,200-400
797,0.5110466517405254,12000.0,123.60774464742066,600.0,18958.666666666664,10955.333333333332,0.4188790204774755,100-200
798,0.2689915541760637,23600.0,173.34489682638437,522.842712474619,16642.711864406778,10987.796610169491,1.0,100-200
799,0.7792358325403315,19200.0,156.35280380893437,494.5584412271571,17242.083333333332,10962.083333333332,0.9864517666742612,100-200
800,0.7689747815126537,58400.0,272.6851470332286,1132.5483399593904,2473.150684931507,11125.753424657534,0.5721490951621152,200-400
801,0.928277084500365,17600.0,149.69641274038221,539.4112549695428,17693.636363636364,11019.09090909091,0.7601206377444001,100-200
802,0.816496580927726,1200.0,39.08820095223359,68.2842712474619,10006.666666666666,10953.333333333332,1.0,<100
803,0.37044942852889823,23200.0,171.86959427966244,506.2741699796952,11448.965517241379,11010.0,1.0,100-200
804,0.9014939574427129,48400.0,248.24341676101278,915.9797974644666,5749.421487603306,11147.438016528926,0.7249089060499014,200-400
805,0.377964473009227,2800.0,59.708213214418464,136.5685424949238,20974.285714285717,10980.0,1.0,<100
806,0.8870529139169169,80400.0,319.9507140118726,1255.3910524340095,3437.0149253731342,11210.646766169155,0.6410735442302564,200-400
807,0.83748008483855,40000.0,225.6758334191025,795.9797974644666,7714.0,11075.2,0.7933517151934136,200-400
808,0.5773502691896258,3200.0,63.83076486422923,153.1370849898476,15850.0,11000.0,1.0,<100
809,0.7888954830250753,3600.0,67.70275002573075,152.42640687119285,12253.333333333332,11020.0,1.0,<100
810,0.5324633046268128,8000.0,100.92530088080642,301.42135623730945,14656.0,11045.0,1.0,100-200
811,0.6541593900094647,54000.0,262.21162334209896,852.5483399593904,16089.629629629631,11160.74074074074,0.9336102210103544,200-400
812,0.4710883021664574,13600.0,131.59049284959082,381.4213562373095,5256.470588235294,11116.470588235296,1.0,100-200
813,0.19045670486085495,42000.0,231.2489154112443,722.842712474619,8851.047619047618,11185.333333333332,1.0,200-400
814,0.0,1600.0,45.1351666838205,80.0,6170.0,11130.0,1.0,<100
815,0.7480547208530071,44400.0,237.76424412901372,779.4112549695427,2736.0360360360364,11241.62162162162,0.9184583956493665,200-400
816,0.36259512722505033,95200.0,348.15571898044055,1097.4011537017761,21089.831932773108,11298.991596638654,0.9933813165059486,200-400
817,0.27942894395504975,62400.0,281.8690255978371,892.5483399593904,12842.564102564102,11306.153846153846,0.9843078768523332,200-400
818,0.523556754446835,5200.0,81.36857890256438,204.85281374238568,18232.30769230769,11192.307692307693,1.0,<100
819,0.40335838218978837,20800.0,162.73715780512876,499.4112549695428,17655.76923076923,11269.23076923077,1.0,100-200
820,0.1710768467641855,18400.0,153.06079714651622,913.8477631085025,21784.347826086956,11274.782608695652,0.2768726011338767,100-200
821,0.031606977062046654,8800.0,105.85134856802455,304.8528137423857,7069.090909090909,11250.0,1.0,100-200
822,0.8628766950308364,30800.0,198.02974013476614,682.842712474619,7930.909090909091,11269.35064935065,0.8300786100552965,100-200
823,0.924108120306956,13600.0,131.59049284959082,449.7056274847714,10184.70588235294,11287.64705882353,0.8450689169442104,100-200
824,0.3235994919549424,56000.0,267.0232471249818,824.2640687119285,14582.0,11333.857142857143,1.0,200-400
825,0.6836769065909086,40400.0,226.80140565547774,715.9797974644666,4555.445544554455,11327.524752475247,0.9903522505073743,200-400
826,1.0,16400.0,144.50303987687133,780.0,1320.0,11640.0,0.33873845837467403,100-200
827,0.25140999173146944,98400.0,353.9587139793849,1293.9696961967,15616.666666666668,11404.552845528455,0.7385106306769265,200-400
828,0.6860835776225644,40400.0,226.80140565547774,856.6904755831213,18089.30693069307,11376.039603960397,0.691740736521929,200-400
829,0.5201329903822953,64400.0,286.35053113438516,904.2640687119285,2178.2608695652175,11424.347826086958,0.9897036746185353,200-400
830,0.36089423520696684,88400.0,335.4912454216777,1142.2539674441618,2954.7511312217193,11438.733031674208,0.8514061416726093,200-400
831,0.9444962230898339,10800.0,117.26460285670078,429.7056274847714,7488.148148148148,11368.148148148148,0.7350071044218865,100-200
832,0.4376310685794772,36800.0,216.46065519224038,654.558441227157,9602.391304347826,11371.739130434782,1.0,200-400
833,1.0,800.0,31.915382432114615,0.0,10560.0,11310.0,1.0,<100
834,0.0,2000.0,50.46265044040321,113.13708498984761,20540.0,11320.0,1.0,<100
835,0.8501209011750569,36000.0,214.09489393833255,1009.116882454314,6350.888888888889,11395.333333333332,0.44425202990463253,200-400
836,0.8265235349676783,238400.0,550.944922351466,4164.6298679765205,7156.543624161073,11783.791946308724,0.17272821943588268,400-800
837,0.8468413944019118,4400.0,74.84820637019111,180.71067811865476,8398.181818181818,11363.636363636362,1.0,<100
838,0.23676193161967204,51600.0,256.3184747698347,795.9797974644666,11825.891472868218,11455.813953488374,1.0,200-400
839,0.9556570302804939,16800.0,146.25465582862904,578.7005768508881,20184.285714285714,11437.142857142859,0.6303929030144644,100-200
840,0.541685301593144,168400.0,463.04809613408565,1588.528137423857,5568.883610451307,11599.61995249406,0.8386140370170567,400-800
841,0.8397340971181012,54400.0,263.18098569918163,892.5483399593904,13986.176470588234,11476.323529411766,0.8581145593071622,200-400
842,0.26548128666907017,50800.0,254.32374814898088,920.8326112068522,8895.590551181102,11506.929133858268,0.7528564812021965,200-400
843,0.6017668260098685,89200.0,337.0058862844632,1130.5382386916237,9255.156950672646,11560.807174887894,0.8770093143925153,200-400
844,0.34528652417055883,66000.0,289.88585676524605,915.9797974644665,13654.303030303032,11511.272727272728,0.9885121446135022,200-400
845,0.8931353344442872,183200.0,482.96737425573775,2492.0815280171305,18627.903930131004,11549.912663755458,0.37068997510154783,400-800
846,1.0,800.0,31.915382432114615,0.0,22520.0,11390.0,1.0,<100
847,0.7213540118667657,6400.0,90.270333367641,273.1370849898476,3861.25,11447.5,1.0,<100
848,0.8307840538113956,38000.0,219.96159369293582,739.4112549695428,8544.0,11532.0,0.8734164089931044,200-400
849,0.2983243348351572,24400.0,176.25846048215095,546.2741699796952,5216.72131147541,11542.95081967213,1.0,100-200
850,0.7905694150420949,2400.0,55.27906391541368,120.0,21550.0,11500.0,1.0,<100
851,0.851739221906767,29200.0,192.81751659604674,642.842712474619,8163.013698630138,11557.260273972603,0.8879392742733211,100-200
852,0.3419720883911079,40400.0,226.80140565547774,711.1269837220809,12691.683168316831,11600.990099009901,1.0,200-400
853,0.42772058050521533,16400.0,144.50303987687133,769.7056274847714,4358.536585365854,11599.024390243903,0.3478599165881485,100-200
854,0.6656372421167979,63200.0,283.67012395961314,1149.1168824543142,10800.12658227848,11674.810126582279,0.6014486188005864,200-400
855,0.184307590839198,20000.0,159.57691216057307,539.4112549695428,22018.800000000003,11618.4,0.8637734519822728,100-200
856,0.922197665380641,34800.0,210.49640414216978,795.9797974644666,10292.643678160919,11684.367816091954,0.6902159922182698,200-400
857,1.0,800.0,31.915382432114615,0.0,22210.0,11560.0,1.0,<100
858,0.8198433941684979,44800.0,238.83285285767386,932.5483399593904,17009.10714285714,11697.67857142857,0.6473589718818862,200-400
859,1.0,800.0,31.915382432114615,0.0,3260.0,11630.0,1.0,<100
860,0.5179495607954637,29600.0,194.13369239820483,586.2741699796952,9560.81081081081,11703.243243243243,1.0,100-200
861,0.2529308516395816,92000.0,342.2543471099161,1097.4011537017761,19427.91304347826,11784.869565217392,0.9599903478838999,200-400
862,0.8587821277261873,35200.0,211.7026971360491,766.98484809835,22157.954545454544,11761.59090909091,0.7519326770280521,200-400
863,0.5907030891845739,4800.0,78.17640190446718,204.8528137423857,2501.6666666666665,11686.666666666668,1.0,<100
864,0.33244912680586214,42000.0,231.2489154112443,715.9797974644665,4153.714285714285,11773.142857142857,1.0,200-400
865,0.24825666918843006,62000.0,280.96414677602564,897.401153701776,14816.387096774195,11794.580645161292,0.9674495043790718,200-400
866,0.8949098149729715,7200.0,95.74614729634384,289.7056274847714,2257.777777777778,11745.555555555557,1.0,<100
867,0.852929817047179,128800.0,404.9608047229867,1655.3910524340095,3857.639751552795,11898.63354037267,0.5906422640072011,400-800
868,0.7959976516779286,14000.0,133.5116235624909,441.4213562373095,13857.714285714284,11726.285714285714,0.902882464056798,100-200
869,0.2339138218072335,96800.0,351.0692067532608,1109.1168824543142,2731.404958677686,11857.272727272728,0.9888503905335487,200-400
870,0.8104487766694333,68000.0,294.2452872043851,1000.8326112068522,14452.588235294117,11821.882352941177,0.8530920224201576,200-400
871,0.36778710722360225,48000.0,247.21548929484132,772.5483399593904,2015.8333333333335,11840.5,1.0,200-400
872,0.3278624032878852,36000.0,214.09489393833255,659.4112549695427,12406.444444444443,11825.777777777777,1.0,200-400
873,0.4914598554726449,18000.0,151.3879513212096,726.2741699796952,6085.333333333333,11819.11111111111,0.42882606188421224,100-200
874,0.8696510754977308,177200.0,474.9926813405348,1761.6652224137047,18305.553047404064,12012.866817155757,0.7175081191629437,400-800
875,0.7579683988791017,4800.0,78.17640190446718,212.42640687119285,11695.0,11790.0,1.0,<100
876,0.9356090760721691,114800.0,382.31910720705116,1942.375900532359,14175.191637630662,12054.773519163764,0.3823712140800489,200-400
877,0.5526820968472154,6000.0,87.40387444736633,233.1370849898476,19006.666666666668,11805.333333333332,1.0,<100
878,0.862377602090871,23200.0,171.86959427966244,569.7056274847715,4835.172413793103,11855.51724137931,0.8982491814929829,100-200
879,0.934850715703481,206800.0,513.1334503335675,2870.782104868019,4462.785299806576,12246.69245647969,0.3153261132636918,400-800
880,0.41477703147944,34800.0,210.49640414216978,647.6955262170047,13024.597701149425,11933.103448275862,1.0,200-400
881,0.4271675625069739,24400.0,176.25846048215095,542.8427124746189,5745.901639344262,11938.032786885247,1.0,100-200
882,0.8483186091280656,8400.0,103.41765891652821,313.1370849898476,7836.190476190476,11920.952380952382,1.0,100-200
883,0.6591469963197039,24400.0,176.25846048215095,551.1269837220809,8427.868852459016,11920.327868852459,1.0,100-200
884,0.816496580927726,1200.0,39.08820095223359,68.2842712474619,13853.333333333332,11873.333333333332,1.0,<100
885,0.7084437526351622,4400.0,74.84820637019111,188.2842712474619,13372.727272727272,11898.181818181818,1.0,<100
886,0.9051583611991212,92800.0,343.7391885593249,1347.1067811865476,20786.55172413793,12105.948275862069,0.6426193456550995,200-400
887,0.5419072325213974,56400.0,267.9752046795807,1211.2489168102784,1595.4609929078015,12052.624113475176,0.48308345604838576,200-400
888,0.5096581831727545,37200.0,217.6338922689847,727.6955262170047,9480.21505376344,12020.0,0.8827818470284958,200-400
889,0.8361885909392233,7600.0,98.3698151873187,293.1370849898476,13803.157894736842,11964.21052631579,1.0,<100
890,0.47641713233266236,22000.0,167.3656774376801,529.7056274847714,16085.454545454544,12020.0,0.98528840323813,100-200
891,0.21995641682941872,84800.0,328.58897332920617,1035.9797974644666,5068.679245283019,12107.735849056604,0.9928945881797472,200-400
892,0.9615957063794088,26000.0,181.9456736586892,774.558441227157,10153.23076923077,12031.384615384615,0.5445964793138214,100-200
893,0.8789946860254305,12400.0,125.65098628628435,391.1269837220809,12719.354838709678,12036.129032258064,1.0,100-200
894,0.8846517369293828,2000.0,50.46265044040321,80.0,19944.0,11976.0,1.0,<100
895,0.9410852397111366,277600.0,594.5177016864016,3494.9242404917495,6849.250720461096,12352.79538904899,0.2855971004079705,400-800
896,0.9035424780079041,55200.0,265.1090773047596,1205.685424949238,21427.82608695652,12185.217391304348,0.4771785574056205,200-400
897,0.3866802766441735,27600.0,187.46042631630414,572.5483399593904,11020.289855072464,12111.304347826088,1.0,100-200
898,0.8835426187866638,4000.0,71.36496464611085,176.5685424949238,17188.0,12066.0,1.0,<100
899,1.0,800.0,31.915382432114615,0.0,5580.0,12070.0,1.0,<100
900,0.21215422334512005,68400.0,295.10944556195614,932.5483399593904,12920.0,12197.076023391812,0.9883784302839512,200-400
901,0.0,400.0,22.56758334191025,0.0,1320.0,12080.0,1.0,<100
902,0.8228987621838934,104000.0,363.8913473173784,1733.3809511662425,8082.923076923076,12263.23076923077,0.4349658530940414,200-400
903,0.8635839097357755,149600.0,436.4362907600379,2646.51803615609,2167.860962566845,12557.112299465241,0.2684057042668326,400-800
904,0.9586460455790968,135200.0,414.89997161749,2738.233764908628,14982.781065088757,12341.656804733728,0.22659249050549657,400-800
905,0.2271278995495438,80000.0,319.15382432114615,1092.5483399593904,5383.099999999999,12286.900000000001,0.8422063819565557,200-400
906,0.20035221517734345,8800.0,105.85134856802455,416.5685424949238,11775.454545454544,12188.181818181818,0.6372643073099391,100-200
907,1.0,800.0,31.915382432114615,0.0,20980.0,12150.0,1.0,<100
908,0.7161324819564894,71200.0,301.0891156869401,993.9696961966999,16657.41573033708,12315.61797752809,0.9056149216625797,200-400
909,0.9991278130126101,8400.0,103.41765891652821,388.2842712474619,1348.5714285714287,12380.0,0.7001475176539339,100-200
910,0.8137015906108942,42800.0,233.4408972623798,999.4112549695428,17204.29906542056,12337.383177570093,0.5384745240477335,200-400
911,0.674199862463242,2400.0,55.27906391541368,124.8528137423857,21923.333333333336,12223.333333333332,1.0,<100
912,0.5724125976557588,10800.0,117.26460285670078,324.8528137423857,22108.148148148146,12238.51851851852,1.0,100-200
913,0.8282384729501172,10400.0,115.07254783503184,373.8477631085024,12543.846153846154,12280.76923076923,0.9350904691001896,100-200
914,0.3148606556347243,65600.0,289.00607975374265,892.5483399593904,13264.024390243903,12354.146341463416,1.0,200-400
915,0.9314408103746775,238800.0,551.406930753284,2797.6450198781713,2587.0686767169177,12750.251256281408,0.38340605775186615,400-800
916,0.5272545807975709,5600.0,84.44016491289504,224.85281374238568,10675.714285714286,12268.57142857143,1.0,<100
917,0.9393131894261688,11200.0,119.41642642883693,421.4213562373095,10956.42857142857,12269.285714285714,0.7924918521902645,100-200
918,0.2540521770069384,76400.0,311.8902069924069,1005.685424949238,13661.780104712043,12400.732984293192,0.9492462943155594,200-400
919,0.9093087121712009,5600.0,84.44016491289504,181.4213562373095,15970.0,12295.714285714286,1.0,<100
920,0.4030099965940685,24000.0,174.80774889473267,529.7056274847714,18152.0,12364.0,1.0,100-200
921,0.4282593998234224,8800.0,105.85134856802455,284.8528137423857,18658.181818181816,12321.818181818182,1.0,100-200
922,0.6945875203623408,3600.0,67.70275002573075,164.85281374238568,21833.333333333336,12322.222222222223,1.0,<100
923,0.29223030875912437,92000.0,342.2543471099161,1085.685424949238,9569.652173913044,12476.173913043478,0.9808208202857969,200-400
924,0.7704385206634564,44400.0,237.76424412901372,949.1168824543142,8933.153153153153,12455.495495495496,0.6193746653006816,200-400
925,0.8790873475450663,121200.0,392.83155782332676,1700.243866176395,19566.930693069306,12535.247524752476,0.5268537193773085,200-400
926,0.0,1600.0,45.1351666838205,80.0,21590.0,12350.0,1.0,<100
927,1.0,800.0,31.915382432114615,0.0,8630.0,12360.0,1.0,<100
928,0.44440394076573275,26400.0,183.33991376950163,604.2640687119285,12147.878787878788,12471.515151515152,0.9085738847288461,100-200
929,0.9190862167414559,2800.0,59.708213214418464,148.2842712474619,6245.714285714285,12405.714285714286,1.0,<100
930,0.816496580927726,2000.0,50.46265044040321,104.14213562373095,7372.0,12404.0,1.0,<100
931,0.8986653402111716,17200.0,147.9855404066384,562.842712474619,12573.488372093023,12429.767441860466,0.6822824750652587,100-200
932,0.6123724356957945,4000.0,71.36496464611085,176.5685424949238,20756.0,12400.0,1.0,<100
933,0.8465265385473333,11600.0,121.53015559492998,397.2792206135785,21395.862068965514,12468.965517241379,0.9235834729317681,100-200
934,0.0,400.0,22.56758334191025,0.0,2440.0,12400.0,1.0,<100
935,0.19388941890630768,93200.0,344.4792091974742,1080.832611206852,4197.854077253219,12563.261802575107,1.0,200-400
936,0.3275045677912341,86400.0,331.6743834924821,1040.832611206852,5096.574074074074,12580.833333333332,1.0,200-400
937,0.816496580927726,2000.0,50.46265044040321,104.14213562373095,10324.0,12428.0,1.0,<100
938,0.21495436146664543,57200.0,269.8690459442344,840.8326112068522,11463.776223776224,12567.692307692307,1.0,200-400
939,0.3289220702281673,73200.0,305.2886088189566,977.401153701776,5803.497267759562,12600.983606557376,0.962886838427638,200-400
940,0.9666968676861704,3600.0,67.70275002573075,160.0,9980.0,12466.666666666668,1.0,<100
941,0.629288982059086,5600.0,84.44016491289504,221.4213562373095,12944.285714285714,12487.142857142859,1.0,<100
942,0.7719256612285964,78400.0,315.9461667867435,1502.9646455628165,6486.836734693878,12653.061224489795,0.43614248852228854,200-400
943,0.6123724356957945,3200.0,63.83076486422923,148.2842712474619,7977.5,12502.5,1.0,<100
944,0.9195028071179805,5600.0,84.44016491289504,232.42640687119288,16567.14285714286,12522.857142857141,1.0,<100
945,0.8881372318479431,8400.0,103.41765891652821,349.70562748477136,4718.095238095238,12568.57142857143,0.8631452958364497,100-200
946,0.5798196605825273,18000.0,151.3879513212096,449.7056274847714,6141.333333333333,12580.444444444445,1.0,100-200
947,0.7018382320017067,24000.0,174.80774889473267,574.5584412271571,16451.666666666668,12626.333333333334,0.9135928386823594,100-200
948,0.6415562113277729,55600.0,266.0678836073137,917.401153701776,20673.237410071943,12675.539568345323,0.8301681965521214,200-400
949,0.34546578647646864,57600.0,270.811000102923,835.9797974644666,12607.222222222223,12681.666666666668,1.0,200-400
950,0.9328884093031766,109200.0,372.8776720119881,2126.51803615609,13946.739926739927,12722.417582417582,0.3034550444172577,200-400
951,0.9003007274243955,12800.0,127.66152972845846,666.2741699796952,18966.875,12750.625,0.36233799748961026,100-200
952,0.9169823917181047,14000.0,133.5116235624909,673.1370849898476,19229.714285714286,12715.428571428572,0.38826734347584985,100-200
953,0.9172679419652873,8000.0,100.92530088080642,329.70562748477136,21693.0,12630.0,0.9247985312523938,100-200
954,0.8014169368107724,66400.0,290.76297180076904,1394.6803743153546,1682.5301204819277,12748.433734939757,0.4289716230993837,200-400
955,0.7919200393152083,38000.0,219.96159369293582,789.1168824543142,11808.21052631579,12725.052631578947,0.7668506516905031,200-400
956,0.4524139283588641,17600.0,149.69641274038221,426.2741699796952,17660.0,12670.0,1.0,100-200
957,0.8590786054258672,34400.0,209.28315827817966,715.9797974644666,8640.697674418605,12704.418604651162,0.8432702331052889,200-400
958,0.5148228421775042,22400.0,168.88032982579008,506.2741699796952,17969.285714285714,12700.357142857141,1.0,100-200
959,0.9985314342399417,6800.0,93.04852983362557,308.2842712474619,1392.941176470588,12800.0,0.8991166535583853,<100
960,0.8274003380920034,56000.0,267.0232471249818,887.6955262170047,15788.285714285714,12715.857142857141,0.8930377730565069,200-400
961,0.2777060967160916,47200.0,245.14670406003768,762.842712474619,16195.93220338983,12770.0,1.0,200-400
962,0.7880812442254388,23600.0,173.34489682638437,602.842712474619,22246.101694915254,12754.237288135593,0.8160444894745944,100-200
963,0.09401131720489508,77200.0,313.5188875547286,1269.827560572969,4811.39896373057,12852.227979274612,0.6016413355591477,200-400
964,0.41455904596805165,34000.0,208.06283791440396,659.4112549695427,3588.235294117647,12815.529411764706,0.9825984394624476,200-400
965,0.8537326555499323,6800.0,93.04852983362557,273.1370849898476,5595.294117647059,12765.882352941175,1.0,<100
966,0.5884097743753787,21600.0,165.83719174624105,511.12698372208087,13249.629629629631,12808.51851851852,1.0,100-200
967,0.3778832803604828,114400.0,381.6524648390242,1302.2539674441618,17219.93006993007,12926.153846153846,0.847704541826595,200-400
968,0.8394594766729641,39600.0,224.5446191105733,795.9797974644666,20270.303030303032,12900.202020202021,0.7854181980414794,200-400
969,0.7791766493258571,40800.0,227.92141940852034,755.9797974644666,12886.078431372549,12844.70588235294,0.8971181592756687,200-400
970,0.7429881364958281,8400.0,103.41765891652821,289.7056274847714,8878.095238095239,12830.47619047619,1.0,100-200
971,0.4781128018200067,44400.0,237.76424412901372,744.2640687119285,10455.495495495496,12901.801801801803,1.0,200-400
972,0.865400663673452,35600.0,212.90215544369624,869.1168824543142,12047.640449438202,12949.887640449437,0.592247845879285,200-400
973,0.6194563048857066,96400.0,350.3431062722223,1137.4011537017761,19826.141078838176,12978.755186721992,0.9363960413990757,200-400
974,0.8897891991866603,3200.0,63.83076486422923,164.14213562373095,9610.0,12825.0,1.0,<100
975,0.8211217302782678,16800.0,146.25465582862904,482.842712474619,9877.619047619048,12869.047619047618,0.9055403018765631,100-200
976,0.7597385522800203,92000.0,342.2543471099161,1358.8225099390854,6692.869565217392,13020.347826086956,0.6261411203717175,200-400
977,0.690860161935659,134000.0,413.0545956583848,1536.812408671319,3867.1641791044776,13079.940298507463,0.7129727731267821,400-800
978,0.599318405480315,11600.0,121.53015559492998,357.9898987322333,18555.1724137931,12915.862068965516,1.0,100-200
979,0.5528590928211529,22800.0,170.38151783559658,546.2741699796952,3210.877192982456,12983.157894736842,0.9601152754280603,100-200
980,0.770873885927155,18800.0,154.71555655790098,482.842712474619,15069.36170212766,13000.425531914894,1.0,100-200
981,0.3192125066508594,44000.0,236.6908109081279,727.6955262170047,9266.181818181818,13033.636363636362,1.0,200-400
982,0.2822742393655158,116400.0,384.9741329065797,1222.2539674441618,14033.058419243987,13107.766323024054,0.9791290434049535,200-400
983,0.8097271320422287,5600.0,84.44016491289504,240.71067811865476,22115.714285714283,12951.42857142857,1.0,<100
984,0.25621708390482345,52000.0,257.3100393032275,795.9797974644666,7106.461538461539,13099.846153846154,1.0,200-400
985,0.1991154492367125,70400.0,299.39282548076443,949.1168824543142,16529.431818181816,13122.045454545456,0.9820715413776574,200-400
986,0.9981192871052406,14800.0,137.27325035155394,720.7106781186548,1461.081081081081,13270.27027027027,0.3580549368189433,100-200
987,0.5440588203494177,10400.0,115.07254783503184,313.1370849898476,2030.0,13040.0,1.0,100-200
988,0.2462845405218468,31200.0,199.31149940667518,619.4112549695428,15692.051282051281,13083.333333333332,1.0,100-200
989,0.9180014240818947,19200.0,156.35280380893437,591.1269837220809,10171.25,13142.5,0.6904774883506258,100-200
990,0.816496580927726,2000.0,50.46265044040321,104.14213562373095,10676.0,13052.0,1.0,<100
991,1.0,800.0,31.915382432114615,0.0,12290.0,13040.0,1.0,<100
992,1.0,800.0,31.915382432114615,0.0,3490.0,13070.0,1.0,<100
993,0.7801051592114945,52000.0,257.3100393032275,847.6955262170047,14555.692307692307,13218.0,0.9093549294622303,200-400
994,0.5694519939229976,40000.0,225.6758334191025,715.9797974644666,17822.0,13188.800000000001,0.9805467826805686,200-400
995,0.0,400.0,22.56758334191025,0.0,13400.0,13080.0,1.0,<100
996,0.9080989378964447,5200.0,81.36857890256438,208.2842712474619,5109.2307692307695,13116.923076923076,1.0,<100
997,0.35301251391342675,55200.0,265.1090773047596,819.4112549695428,10402.898550724638,13227.68115942029,1.0,200-400
998,0.2722787084533974,84000.0,327.0353524586503,1309.8275605729689,12683.714285714286,13265.52380952381,0.6152631454146439,200-400
999,0.6949408385330526,26400.0,183.33991376950163,687.6955262170047,13082.424242424242,13224.545454545456,0.7014898520259708,100-200
1000,0.7463307334734736,4400.0,74.84820637019111,213.1370849898476,16852.727272727272,13127.272727272728,1.0,<100
1001,0.4646804536279567,43200.0,234.52920571340155,722.842712474619,6460.555555555556,13237.407407407407,1.0,200-400
1002,0.9074495789829206,11600.0,121.53015559492998,402.13203435596427,3468.965517241379,13213.793103448277,0.9014268946199588,100-200
1003,0.9737231303459101,3200.0,63.83076486422923,120.0,5040.0,13190.0,1.0,<100
1004,0.2557224040115633,37200.0,217.6338922689847,699.4112549695427,19353.763440860217,13238.494623655914,0.9556251489676442,200-400
1005,0.4302705173704481,6000.0,87.40387444736633,264.8528137423857,5900.0,13206.666666666668,1.0,<100
1006,0.6779837559404196,6800.0,93.04852983362557,256.5685424949238,3298.823529411765,13215.29411764706,1.0,<100
1007,0.0,400.0,22.56758334191025,0.0,5160.0,13180.0,1.0,<100
1008,0.8670927849146648,19200.0,156.35280380893437,562.842712474619,13390.833333333332,13239.583333333332,0.761617646584475,100-200
1009,0.816496580927726,2800.0,59.708213214418464,136.5685424949238,1760.0,13220.0,1.0,<100
1010,0.23380668650539171,131600.0,409.33888660515436,1322.2539674441618,7335.379939209726,13397.446808510638,0.9458798976364988,400-800
1011,0.816496580927726,1200.0,39.08820095223359,68.2842712474619,8986.666666666666,13213.333333333332,1.0,<100
1012,0.5954574649768566,12400.0,125.65098628628435,429.70562748477136,14952.90322580645,13278.709677419354,0.8438970458177216,100-200
1013,0.97372313034591,1200.0,39.08820095223359,24.14213562373095,5633.333333333334,13260.0,1.0,<100
1014,0.6292889820590859,5600.0,84.44016491289504,221.4213562373095,8167.142857142857,13304.285714285714,1.0,<100
1015,0.34101755493816577,39200.0,223.4076770248023,682.842712474619,5428.367346938776,13381.020408163266,1.0,200-400
1016,0.27815944892913974,81200.0,321.5385684991696,1052.5483399593904,8579.901477832513,13443.645320197045,0.9210469993099764,200-400
1017,0.523556754446835,5200.0,81.36857890256438,204.85281374238568,1692.3076923076924,13327.692307692307,1.0,<100
1018,0.8882957207433088,3600.0,67.70275002573075,136.5685424949238,2973.333333333333,13324.444444444443,1.0,<100
1019,0.7928423381600131,22000.0,167.3656774376801,578.7005768508881,3656.727272727273,13389.454545454546,0.8255145158522746,100-200
1020,0.6741998624632421,4000.0,71.36496464611085,201.4213562373095,5810.0,13330.0,1.0,<100
1021,0.5546204898507964,18000.0,151.3879513212096,454.5584412271571,9283.555555555557,13376.888888888889,1.0,100-200
1022,0.6403334401907398,54000.0,262.21162334209896,937.401153701776,16052.0,13415.85185185185,0.7722406459694776,200-400
1023,0.41552867963468476,63200.0,283.67012395961314,1129.8275605729689,16996.58227848101,13432.78481012658,0.6221607553657648,200-400
1024,0.9177743823998121,12000.0,123.60774464742066,409.7056274847714,21372.0,13392.666666666666,0.8983534740823933,100-200
1025,0.7974784368997841,10400.0,115.07254783503184,357.9898987322333,15573.846153846154,13387.692307692307,1.0,100-200
1026,0.6367926331596016,14800.0,137.27325035155394,444.8528137423857,2015.6756756756758,13404.324324324325,0.939807476506183,100-200
1027,0.8504373205465222,69200.0,296.83021493047715,1024.2640687119285,18574.91329479769,13434.21965317919,0.8288808054241695,200-400
1028,0.816496580927726,1200.0,39.08820095223359,68.2842712474619,19433.333333333332,13366.666666666668,1.0,<100
1029,0.5309942520524958,39600.0,224.5446191105733,715.9797974644666,19670.90909090909,13460.808080808081,0.9707413148537629,200-400
1030,0.49477836792418195,20000.0,159.57691216057307,506.2741699796952,22100.8,13433.199999999999,0.9805467826786558,100-200
1031,0.8327028344421389,153200.0,441.65631236678473,2041.6652224137044,4124.595300261097,13639.268929503916,0.46184853154585953,400-800
1032,0.6064580634294093,6800.0,93.04852983362557,261.4213562373095,9583.529411764706,13412.941176470587,1.0,<100
1033,0.0,400.0,22.56758334191025,0.0,15020.0,13380.0,1.0,<100
1034,0.9586408909659728,7200.0,95.74614729634384,325.56349186104046,15167.777777777777,13450.0,0.8536325456080417,<100
1035,0.7038189324761547,12000.0,123.60774464742066,374.5584412271571,5074.666666666666,13464.666666666668,1.0,100-200
1036,0.8425035674268531,64400.0,286.35053113438516,1017.4011537017761,2500.745341614907,13575.27950310559,0.7818281077527779,200-400
1037,0.2967597223506372,27600.0,187.46042631630414,579.4112549695428,7728.695652173912,13531.014492753622,1.0,100-200
1038,0.7569619870114248,11200.0,119.41642642883693,357.98989873223326,10169.285714285714,13491.42857142857,1.0,100-200
1039,0.40096450170185255,43200.0,234.52920571340155,739.4112549695428,16624.25925925926,13556.851851851852,0.9929365491711082,200-400
1040,0.5456753867456401,26000.0,181.9456736586892,591.1269837220809,8038.7692307692305,13553.846153846154,0.9350215988081393,100-200
1041,0.8329931278350429,2800.0,59.708213214418464,153.1370849898476,14571.42857142857,13485.714285714286,1.0,<100
1042,0.7863020272486577,8800.0,105.85134856802455,301.4213562373095,19316.363636363636,13508.181818181818,1.0,100-200
1043,0.8655249136057221,11200.0,119.41642642883693,417.2792206135785,12533.57142857143,13558.57142857143,0.8083033329932674,100-200
1044,0.5289069899914507,33200.0,205.6004690782767,686.98484809835,2816.144578313253,13609.397590361445,0.8840027798286286,200-400
1045,0.8301897102445062,43200.0,234.52920571340155,835.9797974644666,12124.444444444443,13652.222222222223,0.7767871743955657,200-400
1046,0.6297235299224027,16000.0,142.7299292922217,409.70562748477136,10576.0,13570.0,1.0,100-200
1047,0.747417692714607,34400.0,209.28315827817966,699.4112549695427,12828.372093023256,13638.139534883721,0.8836963743141657,200-400
1048,0.9345459630635089,55600.0,266.0678836073137,1165.685424949238,6690.215827338129,13643.884892086331,0.5141879833806825,200-400
1049,0.87416951193742,5600.0,84.44016491289504,248.99494936611666,22307.14285714286,13577.142857142859,1.0,<100
1050,0.5684668991442237,8400.0,103.41765891652821,428.28427124746185,19016.190476190477,13611.42857142857,0.5754729303155922,100-200
1051,0.8404874129030548,70000.0,298.54106607209235,1272.5483399593904,21475.085714285713,13723.657142857144,0.5431994562413164,200-400
1052,0.9948080588663645,3600.0,67.70275002573075,148.2842712474619,1533.3333333333335,13660.0,1.0,<100
1053,0.24062152456851066,54800.0,264.14679072721464,944.2640687119285,14464.525547445255,13705.693430656935,0.7723310483557527,200-400
1054,0.19463062263371345,113200.0,379.6455142155909,1258.8225099390856,14879.363957597172,13770.388692579507,0.897691866655379,200-400
1055,0.8052023389602714,128000.0,403.7012035232257,1587.1067811865476,9875.0625,13839.0625,0.6385685702755343,400-800
1056,1.0,1200.0,39.08820095223359,20.0,13280.0,13620.0,1.0,<100
1057,0.7905694150420949,1600.0,45.1351666838205,92.42640687119284,6140.0,13645.0,1.0,<100
1058,0.8311760792573695,70800.0,300.2421685360828,1045.685424949238,15305.988700564973,13828.926553672316,0.8136563389048466,200-400
1059,0.3772303231292889,10400.0,115.07254783503184,329.70562748477136,21741.53846153846,13684.615384615387,1.0,100-200
1060,0.49585037387388103,84400.0,327.8130832893156,1165.685424949238,5686.445497630331,13823.886255924172,0.7805299603836258,200-400
1061,0.7128792715947211,18000.0,151.3879513212096,497.98989873223326,5972.0,13726.222222222223,0.9120975768655848,100-200
1062,0.7950060587397373,4800.0,78.17640190446718,204.85281374238568,17136.666666666668,13681.666666666668,1.0,<100
1063,0.3852121939933516,70000.0,298.54106607209235,977.401153701776,18643.77142857143,13801.371428571429,0.9207934247258833,200-400
1064,0.6945875203623408,3600.0,67.70275002573075,164.85281374238568,8742.222222222223,13713.333333333332,1.0,<100
1065,0.7202236798591897,33600.0,206.83531783305642,647.6955262170047,15588.809523809523,13777.142857142859,1.0,200-400
1066,0.6570207601941479,128000.0,403.7012035232257,2652.792206135786,7786.4375,13984.625,0.2285669156469014,400-800
1067,0.12647077391526557,70800.0,300.2421685360828,1061.543289325507,16983.27683615819,13842.711864406778,0.7895283031026649,200-400
1068,0.578153321196823,57200.0,269.8690459442344,875.9797974644666,8246.993006993007,13847.552447552447,0.9367370811952792,200-400
1069,0.8890166434998691,16000.0,142.7299292922217,538.7005768508881,8958.0,13802.0,0.6928432105278272,100-200
1070,0.8768656971549937,12400.0,125.65098628628435,426.2741699796952,16488.387096774193,13755.483870967742,0.857538277072638,100-200
1071,0.315657142594638,84800.0,328.58897332920617,1045.685424949238,16248.962264150943,13911.226415094341,0.9745488352984604,200-400
1072,0.816496580927726,1200.0,39.08820095223359,68.2842712474619,21833.333333333336,13746.666666666668,1.0,<100
1073,0.816496580927726,1200.0,39.08820095223359,68.2842712474619,3173.333333333333,13766.666666666668,1.0,<100
1074,0.8703882797784891,2400.0,55.27906391541368,124.14213562373095,3243.333333333333,13780.0,1.0,<100
1075,0.8124482685983793,41600.0,230.14509567006368,791.1269837220809,19618.076923076922,13875.192307692307,0.8352390665137317,200-400
1076,0.7716901048850685,7200.0,95.74614729634384,261.42135623730945,21082.222222222223,13797.777777777777,1.0,<100
1077,0.9987325739619417,72000.0,302.7759026424192,3408.528137423857,1999.1111111111109,15122.666666666666,0.0778768888930223,200-400
1078,0.5873299897562775,27200.0,186.09705966725113,557.9898987322333,5105.588235294118,13847.64705882353,1.0,100-200
1079,0.776311200412489,90400.0,339.2651689225682,1442.2539674441618,10750.973451327434,13962.12389380531,0.5461284608326941,200-400
1080,1.0,800.0,31.915382432114615,0.0,17280.0,13830.0,1.0,<100
1081,0.2951286309692959,34800.0,210.49640414216978,647.6955262170047,13006.206896551723,13940.689655172413,1.0,200-400
1082,0.18378546665086667,69200.0,296.83021493047715,972.5483399593904,6734.682080924855,14012.601156069362,0.9193768515198579,200-400
1083,0.8147002144375849,28800.0,191.49229459268767,920.8326112068522,15955.277777777777,13976.111111111111,0.4268162728075445,100-200
1084,0.9298676572153666,2800.0,59.708213214418464,144.14213562373095,7225.714285714285,13900.0,1.0,<100
1085,0.6708203932499369,5600.0,84.44016491289504,216.5685424949238,20230.0,13910.0,1.0,<100
1086,0.835615333915176,174800.0,471.76506061778935,2589.360748630709,20417.66590389016,14275.240274599542,0.32761680569435103,400-800
1087,0.7751966799408491,8400.0,103.41765891652821,296.5685424949238,22205.714285714283,13928.57142857143,1.0,100-200
1088,0.9022092653325903,17200.0,147.9855404066384,562.842712474619,3139.5348837209303,13943.255813953489,0.6822824750652587,100-200
1089,0.12332118108760189,113200.0,379.6455142155909,1333.259018078045,19941.837455830388,14077.31448763251,0.8002528528754289,200-400
1090,0.6179220635299593,29600.0,194.13369239820483,614.5584412271571,2646.2162162162163,14007.027027027027,0.9848615864046982,100-200
1091,0.3078125188312469,104800.0,365.2882482208332,1182.2539674441618,18928.01526717557,14097.251908396947,0.9422140726471472,200-400
1092,0.9278971987767857,74000.0,306.95231927842156,1302.2539674441618,4624.216216216217,14040.54054054054,0.548340350482238,200-400
1093,0.7254691807003352,21200.0,164.29448666460308,546.2741699796952,6171.698113207547,13996.603773584906,0.8927387648717053,100-200
1094,0.6123724356957945,3200.0,63.83076486422923,148.2842712474619,8602.5,13962.5,1.0,<100
1095,0.26936441265861594,90000.0,338.5137501286538,1085.685424949238,16682.48888888889,14112.888888888887,0.9594986285404535,200-400
1096,0.0,1600.0,45.1351666838205,80.0,2050.0,13970.0,1.0,<100
1097,0.8915405094675554,191200.0,493.3998388258382,2449.360748630709,21208.99581589958,14311.380753138075,0.4004905234441729,400-800
1098,0.4546407194431985,19600.0,157.97308339337175,482.842712474619,3777.1428571428573,14088.57142857143,1.0,100-200
1099,0.816496580927726,2000.0,50.46265044040321,104.14213562373095,4044.0,14028.0,1.0,<100
1100,0.27147642787390447,47600.0,246.1832697999475,767.6955262170047,18105.882352941175,14146.38655462185,1.0,200-400
1101,0.7084437526351621,4400.0,74.84820637019111,188.2842712474619,6447.272727272728,14061.818181818182,1.0,<100
1102,0.8212433457062593,9200.0,108.23032759612019,313.1370849898476,11261.739130434782,14071.304347826088,1.0,100-200
1103,0.552381950007449,60000.0,276.3953195770684,1081.543289325507,14721.6,14184.400000000001,0.6445747672131759,200-400
1104,0.49873842154998405,26000.0,181.9456736586892,551.1269837220809,5306.153846153847,14151.384615384615,1.0,100-200
1105,0.6796785849701205,14800.0,137.27325035155394,466.2741699796952,9469.18918918919,14124.864864864865,0.8554386414123986,100-200
1106,0.5081397159034496,5200.0,81.36857890256438,216.5685424949238,5949.2307692307695,14116.923076923076,1.0,<100
1107,0.0,400.0,22.56758334191025,0.0,7620.0,14080.0,1.0,<100
1108,0.568113722095347,63600.0,284.56639830654,960.8326112068522,15511.82389937107,14207.169811320755,0.8657081577308621,200-400
1109,0.816496580927726,1200.0,39.08820095223359,68.2842712474619,14146.666666666668,14113.333333333332,1.0,<100
1110,0.6461621652955031,4800.0,78.17640190446718,204.85281374238568,2135.0,14168.333333333332,1.0,<100
1111,0.7808335151692036,36400.0,215.28102431092233,955.9797974644665,13215.824175824175,14245.494505494506,0.5005112212769106,200-400
1112,0.8982496995132453,5600.0,84.44016491289504,257.2792206135785,16322.857142857141,14167.142857142859,1.0,<100
1113,0.8474519548406848,62800.0,282.77100878514443,1121.5432893255072,22015.03184713376,14320.254777070062,0.6273897591865961,200-400
1114,0.3812246696566345,77200.0,313.5188875547286,1000.8326112068522,3236.476683937824,14322.072538860104,0.9685103548652378,200-400
1115,0.0,2000.0,50.46265044040321,113.13708498984761,2440.0,14200.0,1.0,<100
1116,0.3666613518666466,24000.0,174.80774889473267,534.558441227157,17105.0,14258.0,1.0,100-200
1117,0.6844481596899136,13600.0,131.59049284959082,409.70562748477136,9747.64705882353,14255.29411764706,1.0,100-200
1118,0.8856226375573597,35200.0,211.7026971360491,751.1269837220809,5786.590909090909,14278.40909090909,0.784017577384279,200-400
1119,0.6292889820590859,5600.0,84.44016491289504,221.4213562373095,19215.714285714286,14247.142857142859,1.0,<100
1120,0.4207235058651162,30000.0,195.44100476116796,595.9797974644666,2614.1333333333337,14340.533333333333,1.0,100-200
1121,0.6043189096013316,58800.0,273.61740666563514,927.6955262170047,12445.578231292518,14378.367346938776,0.8585710997038674,200-400
1122,0.8671894849457015,137600.0,418.5663165563593,1801.6652224137044,17516.39534883721,14492.674418604653,0.532696823487847,400-800
1123,1.0,800.0,31.915382432114615,0.0,3960.0,14270.0,1.0,<100
1124,0.37193426591451245,51600.0,256.3184747698347,784.2640687119285,7434.108527131783,14378.294573643412,1.0,200-400
1125,0.5138653048861637,12000.0,123.60774464742066,374.5584412271571,10297.333333333334,14319.333333333334,1.0,100-200
1126,0.2504457836458963,74400.0,307.7808020788433,972.5483399593904,6921.827956989247,14449.032258064517,0.9884629733103675,200-400
1127,0.4611801699000018,24800.0,177.69732893161913,562.842712474619,15097.09677419355,14383.548387096773,0.9837561268382802,100-200
1128,0.7868222127318906,42000.0,231.2489154112443,755.9797974644666,20036.380952380954,14434.095238095237,0.9235039874896589,200-400
1129,1.0,800.0,31.915382432114615,0.0,16670.0,14320.0,1.0,<100
1130,0.946026075324115,9200.0,108.23032759612019,388.99494936611666,13062.608695652176,14430.434782608696,0.7640288644778046,100-200
1131,0.41652044217833617,7200.0,95.74614729634384,261.4213562373095,21764.444444444445,14378.888888888889,1.0,<100
1132,0.8662195799202443,104400.0,364.5904667847899,1648.528137423857,3942.681992337165,14587.27969348659,0.48274483331801266,200-400
1133,0.9369595779990064,15200.0,139.11592676604096,562.842712474619,11505.78947368421,14406.315789473683,0.6029473035460426,100-200
1134,1.0,800.0,31.915382432114615,0.0,4290.0,14380.0,1.0,<100
1135,0.9252741613028527,2400.0,55.27906391541368,100.0,4183.333333333333,14413.333333333332,1.0,<100
1136,0.7422191880285478,63200.0,283.67012395961314,1052.5483399593904,14485.949367088608,14579.240506329113,0.7168740191673708,200-400
1137,0.5081397159034496,5200.0,81.36857890256438,216.5685424949238,9210.76923076923,14463.076923076924,1.0,<100
1138,0.8633001308173375,28800.0,191.49229459268767,642.842712474619,12021.666666666668,14524.722222222223,0.8757757225709468,100-200
1139,0.43362964712709723,9600.0,110.55812783082736,488.2842712474619,13474.166666666668,14497.5,0.5059826523477798,100-200
1140,0.674199862463242,2400.0,55.27906391541368,124.8528137423857,3463.333333333333,14476.666666666668,1.0,<100
1141,0.6734524187169465,36000.0,214.09489393833255,687.6955262170047,9995.111111111111,14584.444444444443,0.9565770709445056,200-400
1142,0.8685727179817878,109200.0,372.8776720119881,1476.812408671319,4253.846153846153,14761.538461538461,0.6291900365859802,200-400
1143,0.3029657449589984,33600.0,206.83531783305642,647.6955262170047,6027.857142857143,14573.333333333332,1.0,200-400
1144,0.7053714156435726,10400.0,115.07254783503184,324.8528137423857,9797.692307692307,14546.923076923076,1.0,100-200
1145,0.5022266919647336,13200.0,129.6408962885715,401.4213562373095,11005.454545454544,14563.636363636362,1.0,100-200
1146,0.8056286302572617,14000.0,133.5116235624909,471.1269837220809,21692.0,14569.142857142859,0.7926143695067368,100-200
1147,0.0,1600.0,45.1351666838205,80.0,4730.0,14530.0,1.0,<100
1148,0.827343709853588,23200.0,171.86959427966244,602.842712474619,16688.96551724138,14604.137931034484,0.8022132269411267,100-200
1149,0.7918902787266604,49200.0,250.28660691489267,864.2640687119285,19675.28455284553,14619.349593495936,0.8277173356613654,200-400
1150,0.6171140837550076,48400.0,248.24341676101278,831.8376618407356,2997.190082644628,14678.677685950413,0.8789781249181544,200-400
1151,0.362738994583393,42000.0,231.2489154112443,715.9797974644666,5362.857142857143,14656.761904761905,1.0,200-400
1152,0.6741998624632421,2400.0,55.27906391541368,124.8528137423857,10476.666666666668,14563.333333333332,1.0,<100
1153,1.0,800.0,31.915382432114615,0.0,12950.0,14540.0,1.0,<100
1154,0.42047319384618004,59600.0,275.472461175733,892.5483399593904,13321.879194630872,14679.328859060402,0.9401402157115233,200-400
1155,0.9451357936282927,6800.0,93.04852983362557,281.4213562373095,8617.64705882353,14600.0,1.0,<100
1156,0.2660773820746142,43600.0,235.6124872549269,727.6955262170047,14016.51376146789,14670.091743119267,1.0,200-400
1157,0.15666978727650718,63600.0,284.56639830654,875.9797974644666,19368.17610062893,14710.566037735847,1.0,200-400
1158,0.3916492487990003,36400.0,215.28102431092233,687.6955262170047,5684.615384615385,14699.780219780221,0.9672057050661113,200-400
1159,0.8201371418426631,32000.0,201.85060176161284,671.1269837220809,15483.5,14722.0,0.8927923103423338,200-400
1160,0.4729814408879504,44800.0,238.83285285767386,739.4112549695428,3347.1428571428573,14763.214285714286,1.0,200-400
1161,0.38491074395526415,70400.0,299.39282548076443,960.8326112068523,15870.681818181818,14814.772727272728,0.9582681494379353,200-400
1162,0.0,1600.0,45.1351666838205,80.0,20130.0,14670.0,1.0,<100
1163,0.6741998624632421,2400.0,55.27906391541368,124.8528137423857,4556.666666666667,14703.333333333332,1.0,<100
1164,0.8187622044732641,167600.0,461.9469100422832,2393.5028842544402,12772.410501193317,15051.026252983293,0.36763425263878546,400-800
1165,0.6827237912847984,22400.0,168.88032982579008,562.842712474619,2780.3571428571427,14827.5,0.8885539210152207,100-200
1166,0.446397152087932,35200.0,211.7026971360491,642.842712474619,18479.09090909091,14832.272727272728,1.0,200-400
1167,0.5773502691896258,6400.0,90.270333367641,233.1370849898476,10000.0,14790.0,1.0,<100
1168,0.8703882797784892,4000.0,71.36496464611085,176.5685424949238,11348.0,14806.0,1.0,<100
1169,0.7313333237175903,14800.0,137.27325035155394,409.70562748477136,14355.675675675675,14815.135135135135,1.0,100-200
1170,0.8619509614347801,15600.0,140.93451279891855,454.558441227157,10798.974358974358,14863.589743589744,0.948757032782897,100-200
1171,0.7084437526351621,4400.0,74.84820637019111,188.2842712474619,17412.727272727272,14801.818181818182,1.0,<100
1172,0.6123724356957945,3200.0,63.83076486422923,148.2842712474619,13137.5,14822.5,1.0,<100
1173,0.6945875203623408,3600.0,67.70275002573075,164.85281374238568,20593.333333333336,14837.777777777777,1.0,<100
1174,0.218609125002532,36400.0,215.28102431092233,682.842712474619,7242.6373626373625,14936.923076923076,0.981001993701714,200-400
1175,1.0,800.0,31.915382432114615,0.0,15470.0,14860.0,1.0,<100
1176,0.8315347778504079,107200.0,369.4472617243352,1631.9595949289333,2902.8358208955224,15117.089552238805,0.5058081762812824,200-400
1177,0.5773502691896258,3200.0,63.83076486422923,153.1370849898476,8770.0,14900.0,1.0,<100
1178,0.48115761227251663,94400.0,346.68979365276874,1310.538238691624,9810.42372881356,15067.796610169491,0.6906888797545374,200-400
1179,0.79218182769789,76000.0,311.0726690017501,1040.832611206852,3322.105263157895,15051.894736842105,0.8815798889502099,200-400
1180,0.7204921182014214,15200.0,139.11592676604096,426.2741699796952,5122.105263157895,14996.315789473683,1.0,100-200
1181,0.6699400759632772,22400.0,168.88032982579008,546.2741699796952,15433.214285714286,15018.92857142857,0.9432711477889716,100-200
1182,1.0,800.0,31.915382432114615,0.0,20080.0,14950.0,1.0,<100
1183,0.9288520435544144,20000.0,159.57691216057307,586.2741699796952,20944.4,14988.4,0.7312036299071659,100-200
1184,0.35749561821112674,54800.0,264.14679072721464,824.2640687119285,9220.583941605839,15095.766423357663,1.0,200-400
1185,0.7437416923744714,8400.0,103.41765891652821,321.4213562373095,16193.333333333332,15025.714285714286,1.0,100-200
1186,0.8552432350492233,24800.0,177.69732893161913,642.842712474619,21865.16129032258,15089.032258064517,0.7541402055472043,100-200
1187,0.8355573871538061,37600.0,218.80083839428522,732.5483399593904,4550.212765957447,15096.808510638297,0.8804914272529176,200-400
1188,0.7066292843995428,30800.0,198.02974013476614,631.1269837220809,8673.246753246753,15097.142857142859,0.9716885450965964,100-200
1189,0.657202217890323,14000.0,133.5116235624909,397.9898987322333,16367.428571428572,15082.285714285716,1.0,100-200
1190,0.6123724356957945,3200.0,63.83076486422923,148.2842712474619,16937.5,15017.5,1.0,<100
1191,0.8470675454148304,44000.0,236.6908109081279,835.9797974644665,20269.818181818184,15133.454545454544,0.7911721220695578,200-400
1192,0.7905694150420949,2400.0,55.27906391541368,120.0,7840.0,15030.0,1.0,<100
1193,0.0,400.0,22.56758334191025,0.0,7900.0,15020.0,1.0,<100
1194,0.21333093168771342,96000.0,349.61549778946534,1097.4011537017761,13409.75,15182.5,1.0,200-400
1195,0.7440347217318606,22000.0,167.3656774376801,542.842712474619,3736.363636363636,15176.0,0.9381764367927221,100-200
1196,0.816496580927726,1200.0,39.08820095223359,68.2842712474619,11553.333333333332,15086.666666666668,1.0,<100
1197,0.8393765419962286,27600.0,187.46042631630414,614.558441227157,13874.202898550724,15149.855072463768,0.9183168846205974,100-200
1198,0.6998542122237653,8000.0,100.92530088080642,313.1370849898476,4874.0,15142.0,1.0,100-200
1199,0.8755455807009696,5600.0,84.44016491289504,240.71067811865476,6570.0,15131.42857142857,1.0,<100
1200,0.38815382034324636,34000.0,208.06283791440396,654.5584412271571,10900.470588235294,15198.588235294117,0.9972221703485245,200-400
1201,0.7071335152350627,16000.0,142.7299292922217,442.842712474619,2345.0,15225.5,1.0,100-200
1202,0.7462957763063012,77200.0,313.5188875547286,1341.543289325507,19948.18652849741,15277.61658031088,0.539036013774393,200-400
1203,0.8610650980662673,16800.0,146.25465582862904,670.416305603426,21552.85714285714,15194.285714285714,0.4697102189803543,100-200
1204,0.6837274727329747,91600.0,341.50950542809335,1137.4011537017761,10415.80786026201,15399.825327510916,0.8897705123667567,200-400
1205,0.20141820538715005,30400.0,196.7396303746374,796.6904755831215,19245.0,15298.42105263158,0.6018720796082517,100-200
1206,0.5408650746463546,33200.0,205.6004690782767,659.4112549695427,2574.457831325301,15337.831325301204,0.9594784761809783,200-400
1207,0.3361363192030878,56800.0,268.9237924411993,835.9797974644666,7188.732394366198,15339.859154929578,1.0,200-400
1208,0.8260760631934135,68000.0,294.2452872043851,1315.3910524340097,14457.176470588236,15386.705882352942,0.49386586538062277,200-400
1209,0.0,400.0,22.56758334191025,0.0,15960.0,15220.0,1.0,<100
1210,0.44269449089897206,78800.0,316.75112647807714,1062.2539674441618,17851.776649746193,15376.649746192892,0.8775651292320445,200-400
1211,0.6707743255753512,8400.0,103.41765891652821,301.4213562373095,20930.47619047619,15260.0,1.0,100-200
1212,0.7517921109211892,32400.0,203.10825007719228,637.9898987322333,8911.604938271605,15351.851851851852,1.0,200-400
1213,0.487583052604957,21600.0,165.83719174624105,511.12698372208087,11200.74074074074,15319.629629629631,1.0,100-200
1214,0.41971185524477933,49600.0,251.3019725725687,772.5483399593904,16355.16129032258,15355.967741935483,1.0,200-400
1215,0.3218521725155492,126800.0,401.8043980252315,2193.380951166242,3118.7381703470032,15491.35646687697,0.3312081254550613,400-800
1216,0.9437191415351625,16400.0,144.50303987687133,575.2691193458119,6463.414634146342,15306.341463414636,0.6227469209579214,100-200
1217,0.9551491649225358,6000.0,87.40387444736633,288.2842712474619,17024.0,15289.333333333334,0.9072337926063962,<100
1218,0.6741998624632421,2400.0,55.27906391541368,124.8528137423857,8276.666666666666,15296.666666666668,1.0,<100
1219,0.4907192147942729,4800.0,78.17640190446718,204.85281374238568,10753.333333333332,15305.0,1.0,<100
1220,0.26967994498529707,4400.0,74.84820637019111,193.1370849898476,11823.636363636362,15336.363636363638,1.0,<100
1221,0.9484193062590237,260000.0,575.3627391751592,3598.477631085024,17263.846153846156,15692.83076923077,0.25231646836030114,400-800
1222,0.0,2000.0,50.46265044040321,113.13708498984761,20660.0,15360.0,1.0,<100
1223,0.9029071603308506,185600.0,486.1206223797199,2293.380951166243,7775.991379310345,15663.491379310344,0.4434405804219332,400-800
1224,0.6909108231773817,120800.0,392.1827851958926,1511.9595949289333,12365.099337748345,15526.423841059603,0.6640433433862929,200-400
1225,0.3393765587611323,76800.0,312.70560761786874,1125.685424949238,14112.916666666668,15503.854166666668,0.7616176465862781,200-400
1226,0.5169120604963564,41200.0,229.03595622322865,880.8326112068523,15159.611650485438,15463.88349514563,0.6672987473924312,200-400
1227,0.3435043220082982,89200.0,337.0058862844632,1052.5483399593904,15561.793721973096,15571.838565022423,1.0,200-400
1228,0.748205755895792,69200.0,296.83021493047715,993.9696961966999,16118.959537572255,15587.167630057804,0.8801763002675634,200-400
1229,0.816496580927726,1200.0,39.08820095223359,68.2842712474619,21166.666666666664,15446.666666666668,1.0,<100
1230,0.898570821967582,144000.0,428.1897878766651,1796.812408671319,4653.944444444444,15620.277777777777,0.5604887240356263,400-800
1231,0.8274034658550993,58400.0,272.6851470332286,989.1168824543142,6453.013698630138,15592.739726027397,0.7501143642441862,200-400
1232,0.816496580927726,1200.0,39.08820095223359,68.2842712474619,8633.333333333334,15493.333333333332,1.0,<100
1233,0.7885333624674986,8800.0,105.85134856802455,320.71067811865476,20772.727272727276,15530.0,1.0,100-200
1234,0.816496580927726,2800.0,59.708213214418464,136.5685424949238,9380.0,15520.0,1.0,<100
1235,0.285592506625154,72400.0,303.6157819330639,949.1168824543142,12970.165745856355,15642.43093922652,1.0,200-400
1236,0.4254536795815868,10800.0,117.26460285670078,504.14213562373095,13394.074074074073,15579.25925925926,0.5339832397233365,100-200
1237,0.3064965306815581,10800.0,117.26460285670078,433.13708498984766,3718.5185185185182,15576.296296296296,0.7234072895400627,100-200
1238,0.08857743995941705,73600.0,306.12159429303244,960.8326112068522,11504.021739130436,15665.108695652176,1.0,200-400
1239,1.0,800.0,31.915382432114615,0.0,18200.0,15530.0,1.0,<100
1240,0.0,1600.0,45.1351666838205,80.0,2810.0,15550.0,1.0,<100
1241,0.34090146233476637,65200.0,288.1236163814633,904.2640687119285,14783.803680981597,15694.478527607362,1.0,200-400
1242,0.3929370384600237,52400.0,258.29779740470593,824.2640687119285,18863.358778625956,15697.099236641223,0.9691888607599976,200-400
1243,0.7882572040605835,6800.0,93.04852983362557,273.1370849898476,7149.411764705883,15623.529411764704,1.0,<100
1244,0.8740386222305705,16400.0,144.50303987687133,506.2741699796952,3527.317073170732,15701.951219512195,0.8040483617964976,100-200
1245,0.9348803365849727,2800.0,59.708213214418464,124.14213562373095,19197.14285714286,15625.714285714286,1.0,<100
1246,0.5289353225106542,10800.0,117.26460285670078,341.4213562373095,20934.814814814814,15674.074074074073,1.0,100-200
1247,0.9555222257595805,14000.0,133.5116235624909,487.6955262170047,11151.42857142857,15731.42857142857,0.73967400522235,100-200
1248,0.26641789019183854,40400.0,226.80140565547774,699.4112549695428,15079.603960396038,15746.930693069307,1.0,200-400
1249,0.9029970304215733,172000.0,467.97136845585754,2307.9393923934,20044.558139534885,15811.627906976744,0.4057789473899108,400-800
1250,0.789261577849393,16800.0,146.25465582862904,449.7056274847714,13922.857142857141,15730.47619047619,1.0,100-200
1251,0.5788269741608898,21200.0,164.29448666460308,522.842712474619,8284.905660377359,15779.245283018867,0.9745488352957866,100-200
1252,0.816496580927726,1200.0,39.08820095223359,68.2842712474619,10366.666666666668,15733.333333333332,1.0,<100
1253,0.0,400.0,22.56758334191025,0.0,12720.0,15720.0,1.0,<100
1254,0.8148002032897345,24800.0,177.69732893161913,611.1269837220809,5639.354838709677,15797.41935483871,0.8344467448932675,100-200
1255,0.9153302770840898,12000.0,123.60774464742066,409.70562748477136,8608.0,15808.666666666666,0.8983534740823936,100-200
1256,0.5347560198632774,27600.0,187.46042631630414,591.1269837220809,20675.942028985504,15850.434782608696,0.9925613895040246,100-200
1257,0.7272052293734607,147600.0,433.50911963061407,2705.929291125633,21203.739837398374,16076.856368563685,0.2533164154160811,400-800
1258,0.8353595197893253,16800.0,146.25465582862904,494.5584412271571,21585.714285714283,15842.857142857141,0.8631452958399785,100-200
1259,0.7123914276083689,90400.0,339.2651689225682,1515.3910524340097,2930.619469026549,15942.920353982301,0.4946851315144912,200-400
1260,1.0,800.0,31.915382432114615,0.0,18230.0,15800.0,1.0,<100
1261,0.777748319269733,41600.0,230.14509567006368,767.6955262170047,10424.807692307693,15964.807692307693,0.8870031766055333,200-400
1262,0.6532546317266904,59600.0,275.472461175733,932.5483399593904,10855.838926174496,15967.114093959732,0.8612186322357236,200-400
1263,0.8790746228277341,6000.0,87.40387444736633,233.1370849898476,15493.333333333332,15852.0,1.0,<100
1264,0.7546177257701969,66800.0,291.63744887841284,1005.685424949238,18435.808383233532,15935.08982035928,0.8299692730403059,200-400
1265,0.5037577999281629,59200.0,274.5465007031079,875.9797974644666,19021.08108108108,15941.081081081082,0.969490125992317,200-400
1266,0.40900030443339597,50800.0,254.32374814898088,824.2640687119285,5154.330708661418,15988.818897637795,0.9395953077596922,200-400
1267,0.7073783223340039,12800.0,127.66152972845846,369.7056274847714,16573.125,15920.625,1.0,100-200
1268,0.3781330499272858,6000.0,87.40387444736633,244.85281374238568,11102.666666666666,15914.666666666668,1.0,<100
1269,0.9066238830971044,36400.0,215.28102431092233,847.6955262170047,13636.703296703297,16063.736263736264,0.6365484506235611,200-400
1270,0.913387922181753,18400.0,153.06079714651622,546.98484809835,3640.869565217391,16024.782608695652,0.7728177611390074,100-200
1271,0.27302456647732565,70800.0,300.2421685360828,944.2640687119285,9605.42372881356,16059.548022598869,0.9978291646640016,200-400
1272,1.0,800.0,31.915382432114615,0.0,9920.0,15930.0,1.0,<100
1273,0.48825209663286034,30000.0,195.44100476116796,602.842712474619,6421.333333333333,16031.466666666667,1.0,100-200
1274,0.24552003619746574,86000.0,330.90572803628527,1029.1168824543142,6765.488372093023,16100.372093023256,1.0,200-400
1275,0.38960181614198747,57600.0,270.811000102923,835.9797974644665,16362.222222222223,16123.888888888889,1.0,200-400
1276,0.6592084118023263,80800.0,320.7456238432586,1040.832611206852,12061.881188118812,16188.217821782178,0.9372586187786442,200-400
1277,0.816496580927726,1200.0,39.08820095223359,68.2842712474619,7446.666666666666,16066.666666666668,1.0,<100
1278,0.9099356776948798,8000.0,100.92530088080642,317.9898987322333,11437.0,16118.0,0.9941987258118021,100-200
1279,0.40223361786287154,86400.0,331.6743834924821,1120.832611206852,13172.129629629631,16223.98148148148,0.8642553756606367,200-400
1280,0.3405792373368159,51200.0,255.32305945691692,784.2640687119285,3291.09375,16235.625,1.0,200-400
1281,0.9128709291752769,1600.0,45.1351666838205,64.14213562373095,6115.0,16165.0,1.0,<100
1282,0.8004714123777823,4000.0,71.36496464611085,168.99494936611666,8712.0,16196.0,1.0,<100
1283,0.8716278358760261,20000.0,159.57691216057307,542.842712474619,12750.0,16252.8,0.8528876698115656,100-200
1284,0.9961623147417934,481200.0,782.7406140775885,13410.82394568908,4356.791354945968,18520.881130507067,0.0336220786884732,400-800
1285,0.4469972465675456,48000.0,247.21548929484132,815.9797974644666,4086.8333333333335,16300.333333333332,0.9059250918460524,200-400
1286,0.377964473009227,2800.0,59.708213214418464,136.5685424949238,4614.285714285715,16200.0,1.0,<100
1287,0.5773502691896258,6400.0,90.270333367641,233.1370849898476,9770.0,16220.0,1.0,<100
1288,0.49743083809700867,25200.0,179.1246396432554,551.1269837220809,11038.095238095239,16273.015873015873,1.0,100-200
1289,0.23637170034597904,93200.0,344.4792091974742,1085.685424949238,14256.995708154507,16342.317596566525,0.9936141353330028,200-400
1290,0.0,2000.0,50.46265044040321,113.13708498984761,14620.0,16200.0,1.0,<100
1291,0.82991328713758,8400.0,103.41765891652821,317.98989873223326,16698.095238095237,16253.333333333332,1.0,100-200
1292,0.23019753193537154,74400.0,307.7808020788433,1086.396103067893,12473.548387096773,16368.387096774193,0.7921481300393671,200-400
1293,0.8503866547337262,123200.0,396.0594802695323,1747.8174593052022,16974.61038961039,16439.285714285714,0.506790453341689,200-400
1294,0.495211102249133,15600.0,140.93451279891855,426.2741699796952,8296.923076923078,16335.384615384613,1.0,100-200
1295,0.0,400.0,22.56758334191025,0.0,17300.0,16260.0,1.0,<100
1296,0.7974991951320598,33600.0,206.83531783305642,671.1269837220809,19848.095238095237,16366.904761904761,0.9374319258594505,200-400
1297,0.8305071931468501,4800.0,78.17640190446718,221.4213562373095,20566.666666666664,16301.666666666668,1.0,<100
1298,0.5683804863611124,29600.0,194.13369239820483,614.558441227157,5148.108108108108,16404.054054054053,0.9848615864046987,100-200
1299,0.7870909554489267,46000.0,242.01036973199618,812.5483399593904,8621.04347826087,16433.217391304348,0.8755264704052539,200-400
1300,0.869647182843817,5600.0,84.44016491289504,245.56349186104046,17255.714285714286,16365.714285714286,1.0,<100
1301,0.9331024587352489,8800.0,105.85134856802455,313.1370849898476,6205.454545454545,16398.181818181816,1.0,100-200
1302,0.398386651824312,76400.0,311.8902069924069,972.5483399593904,14685.235602094239,16473.0890052356,1.0,200-400
1303,0.24870433901595104,51200.0,255.32305945691692,824.2640687119285,9230.9375,16479.53125,0.9469936960097686,200-400
1304,0.6953275883366999,81200.0,321.5385684991696,1073.9696961967,17999.310344827587,16516.55172413793,0.8846710972638716,200-400
1305,0.8891849681001942,6800.0,93.04852983362557,253.1370849898476,5644.705882352941,16441.176470588234,1.0,<100
1306,0.20348133754217,97600.0,352.5169209643019,1651.2489168102786,4745.163934426229,16570.491803278688,0.449815679904441,200-400
1307,0.21868383488246476,80400.0,319.9507140118726,1000.8326112068522,6386.36815920398,16572.6368159204,1.0,200-400
1308,0.6441319456698869,37600.0,218.80083839428522,727.6955262170047,19521.489361702126,16524.893617021276,0.8922741249535334,200-400
1309,0.7559289460184544,4400.0,74.84820637019111,193.1370849898476,20960.0,16460.0,1.0,<100
1310,0.7913529016910199,32000.0,201.85060176161284,687.6955262170047,21163.0,16513.0,0.8502907297284493,200-400
1311,0.8675163105156863,127600.0,403.0699268218938,2279.6551211459378,3958.3699059561127,16777.05329153605,0.30854764743039814,400-800
1312,0.8600329598993371,46400.0,243.06031118985996,847.6955262170047,16213.965517241379,16571.724137931036,0.8114243985970669,200-400
1313,0.34071267426589946,45600.0,240.95585330081406,744.2640687119285,20007.36842105263,16602.280701754386,1.0,200-400
1314,0.7714373888775219,38400.0,221.11625566165472,771.1269837220809,3357.916666666667,16620.833333333332,0.8115014262207012,200-400
1315,0.21228789550336602,110000.0,374.24103185095555,1198.8225099390856,6829.309090909091,16694.836363636365,0.9618177138549512,200-400
1316,0.0,400.0,22.56758334191025,0.0,10740.0,16520.0,1.0,<100
1317,0.6420747488488667,79200.0,317.55404570407364,1177.4011537017761,11228.08080808081,16679.59595959596,0.7179366621067018,200-400
1318,0.3105338523084712,86800.0,332.44126170349574,1069.1168824543142,12937.327188940091,16703.410138248848,0.9542874537401491,200-400
1319,0.881227250910128,18000.0,151.3879513212096,511.12698372208087,20341.777777777777,16640.0,0.8658142929899596,100-200
1320,0.2632001047660969,31200.0,199.31149940667518,602.842712474619,15533.589743589744,16671.53846153846,1.0,100-200
1321,0.489101308255713,28000.0,188.81394877652593,574.558441227157,18664.571428571428,16673.142857142855,1.0,100-200
1322,0.860439603151109,6000.0,87.40387444736633,244.85281374238568,11886.666666666668,16621.333333333336,1.0,<100
1323,0.816496580927726,1200.0,39.08820095223359,68.2842712474619,15886.666666666668,16613.333333333332,1.0,<100
1324,0.8164066073828526,86800.0,332.44126170349574,1262.2539674441618,5706.820276497696,16805.069124423964,0.684598747682982,200-400
1325,0.6963293022611868,21200.0,164.29448666460308,517.9898987322333,7664.528301886793,16697.358490566035,0.9928945881769718,100-200
1326,0.8434634971196802,83600.0,326.25576767294035,1455.391052434009,14442.966507177034,16807.272727272728,0.4959715215839169,200-400
1327,0.2827115626748439,63200.0,283.67012395961314,875.9797974644666,10089.746835443038,16793.41772151899,1.0,200-400
1328,0.8684937437243959,130800.0,408.09279882320794,1821.6652224137044,5272.782874617737,16921.65137614679,0.49531385181136894,400-800
1329,0.2114742309432899,88400.0,335.4912454216777,1090.5382386916237,9458.914027149322,16844.25339366516,0.9340719541402384,200-400
1330,0.759020571087094,117600.0,386.95344740789574,1663.6753236814711,19074.353741496598,16939.115646258502,0.5339247287731766,200-400
1331,0.7335047237673843,70000.0,298.54106607209235,1205.685424949238,20900.228571428568,16884.685714285715,0.6051177358404608,200-400
1332,1.0,800.0,31.915382432114615,0.0,16790.0,16740.0,1.0,<100
1333,0.41274672772618626,20000.0,159.57691216057307,619.4112549695428,17128.399999999998,16826.4,0.655060895939901,100-200
1334,0.7905694150420949,4000.0,71.36496464611085,176.5685424949238,4540.0,16810.0,1.0,<100
1335,0.9436590741025758,16400.0,144.50303987687133,581.4213562373095,18454.146341463416,16860.0,0.6096376108097761,100-200
1336,0.9256865169386924,6800.0,93.04852983362557,273.1370849898476,7491.764705882352,16854.117647058825,1.0,<100
1337,0.9140336509140135,120400.0,391.5329375494655,1757.5230867899736,10786.8438538206,17063.654485049832,0.48981747333184855,200-400
1338,0.7987028614641103,46800.0,244.10573670769315,819.4112549695427,12165.641025641025,16916.923076923078,0.8758946372342474,200-400
1339,0.9437972007463251,171200.0,466.8817945247596,2312.792206135786,20014.205607476637,16994.672897196262,0.40219845140207483,400-800
1340,1.0,800.0,31.915382432114615,0.0,2780.0,16850.0,1.0,<100
1341,0.7905694150420949,2400.0,55.27906391541368,120.0,8460.0,16850.0,1.0,<100
1342,1.0,800.0,31.915382432114615,0.0,2900.0,16870.0,1.0,<100
1343,0.24874252991127302,84400.0,327.8130832893156,1045.685424949238,8873.838862559242,17010.42654028436,0.9699519068300713,200-400
1344,0.35415706819195975,12000.0,123.60774464742066,482.13203435596427,15459.333333333334,16923.333333333332,0.6487227574587395,100-200
1345,0.19484186977787832,54400.0,263.18098569918163,807.6955262170047,8371.470588235294,17023.235294117647,1.0,200-400
1346,0.35870219875800213,103200.0,362.4890633062862,1153.9696961967,17987.98449612403,17072.55813953488,0.9738694737352376,200-400
1347,0.5417573775069717,10000.0,112.83791670955125,317.9898987322333,10284.8,16987.2,1.0,100-200
1348,0.9425919327719461,8000.0,100.92530088080642,305.56349186104046,14973.0,16994.0,1.0,100-200
1349,0.5568375921980503,60800.0,278.2318535320819,913.9696961966999,16258.947368421052,17092.5,0.9146392839775096,200-400
1350,0.6643992011617152,44400.0,237.76424412901372,807.6955262170047,14069.72972972973,17086.84684684685,0.8552586581501104,200-400
1351,0.24608820495861924,79200.0,317.55404570407364,1069.8275605729689,4346.363636363636,17140.20202020202,0.869575873887063,200-400
1352,0.888711872787838,120800.0,392.1827851958926,1511.9595949289333,7162.582781456954,17253.443708609273,0.6640433433862929,200-400
1353,0.5655613553169613,13600.0,131.59049284959082,393.1370849898476,13753.529411764704,17044.117647058825,1.0,100-200
1354,0.6123724356957945,3200.0,63.83076486422923,148.2842712474619,10097.5,17022.5,1.0,<100
1355,0.41834269806021085,29200.0,192.81751659604674,591.1269837220809,12459.178082191782,17099.72602739726,1.0,100-200
1356,0.48362752690950117,50800.0,254.32374814898088,936.6904755831213,5864.4094488188975,17135.748031496063,0.7275810307370945,200-400
1357,0.41733045046034456,36000.0,214.09489393833255,647.6955262170047,12962.444444444445,17124.222222222223,1.0,200-400
1358,0.9265701773286975,150400.0,437.60167678857044,2058.944443027283,18670.26595744681,17404.14893617021,0.4458291327224115,400-800
1359,0.7498956409459779,24000.0,174.80774889473267,579.4112549695428,20630.333333333332,17135.666666666664,0.8983534740850693,100-200
1360,0.6150961186215627,17200.0,147.9855404066384,449.70562748477136,11188.837209302326,17140.930232558138,1.0,100-200
1361,0.8389075090006729,22000.0,167.3656774376801,551.1269837220809,4828.0,17214.545454545456,0.9101839956870627,100-200
1362,0.7241172809903932,40400.0,226.80140565547774,744.2640687119285,17065.148514851484,17264.356435643564,0.9165098219726467,200-400
1363,0.6756175143209537,60800.0,278.2318535320819,932.5483399593904,18265.78947368421,17294.21052631579,0.8785586046968455,200-400
1364,0.26735208006659783,84400.0,327.8130832893156,1165.685424949238,6391.8483412322275,17309.668246445497,0.7805299603836258,200-400
1365,0.816496580927726,2800.0,59.708213214418464,136.5685424949238,13520.0,17180.0,1.0,<100
1366,0.40531488653095427,11200.0,119.41642642883693,508.2842712474619,16037.857142857141,17215.0,0.5447717082475042,100-200
1367,0.33822197235735113,79600.0,318.3549399034338,1022.2539674441617,8435.577889447235,17342.311557788944,0.9572058016972033,200-400
1368,0.8457915898290922,6800.0,93.04852983362557,273.1370849898476,9196.470588235294,17210.58823529412,1.0,<100
1369,0.8628492071240019,40000.0,225.6758334191025,755.9797974644666,3680.6,17312.4,0.8795276071330085,200-400
1370,0.6164414002968978,4000.0,71.36496464611085,181.4213562373095,9474.0,17226.0,1.0,<100
1371,0.8704746666260129,132400.0,410.5811926074251,1709.9494936611666,14945.075528700907,17450.453172205438,0.5690249158777299,400-800
1372,0.8468413944019119,3600.0,67.70275002573075,164.14213562373095,3926.666666666667,17233.333333333332,1.0,<100
1373,0.8861714834189127,7200.0,95.74614729634384,293.1370849898476,17432.222222222223,17268.88888888889,1.0,<100
1374,1.0,800.0,31.915382432114615,0.0,5680.0,17250.0,1.0,<100
1375,0.3145828143206336,94000.0,345.95450164017996,1097.4011537017761,10396.425531914894,17402.808510638297,0.9808597032726803,200-400
1376,0.968899287741726,50400.0,253.3204947386851,1253.9696961967,19928.25396825397,17307.93650793651,0.402778534872095,200-400
1377,0.29393452819654453,62800.0,282.77100878514443,892.5483399593904,9258.853503184713,17416.942675159233,0.9906175427295918,200-400
1378,0.838218100059503,33200.0,205.6004690782767,687.6955262170047,12260.240963855422,17401.44578313253,0.8821766320932662,200-400
1379,0.5523578125533959,27600.0,187.46042631630414,579.4112549695428,8099.130434782609,17382.028985507248,1.0,100-200
1380,0.18377223192693773,82800.0,324.69098278836054,1029.1168824543142,16852.07729468599,17465.700483091787,0.9824507652423181,200-400
1381,0.9417909389479484,5600.0,84.44016491289504,240.71067811865476,3547.1428571428573,17371.428571428572,1.0,<100
1382,0.8173361495205788,37200.0,217.6338922689847,699.4112549695427,15590.752688172042,17400.21505376344,0.9556251489676442,200-400
1383,0.16703969590566328,90000.0,338.5137501286538,1085.685424949238,16245.955555555556,17482.933333333334,0.9594986285404535,200-400
1384,0.8706062539189908,182400.0,481.9117066016281,2641.076477383248,4186.578947368421,17580.0,0.32860392276506845,400-800
1385,0.8741702565042069,37200.0,217.6338922689847,835.9797974644666,11138.709677419354,17495.483870967742,0.668900066840626,200-400
1386,0.6123724356957945,3200.0,63.83076486422923,148.2842712474619,11642.5,17362.5,1.0,<100
1387,0.9327579039110918,4400.0,74.84820637019111,164.85281374238568,11854.545454545456,17387.272727272728,1.0,<100
1388,0.7799886996778046,12000.0,123.60774464742066,369.7056274847714,15852.666666666666,17412.666666666668,1.0,100-200
1389,0.7626974687003161,4400.0,74.84820637019111,204.8528137423857,19549.09090909091,17423.636363636364,1.0,<100
1390,0.5185340157048096,6800.0,93.04852983362557,288.2842712474619,5343.529411764706,17437.647058823528,1.0,<100
1391,0.5652766483879619,48800.0,249.2671052968601,824.2640687119285,6726.229508196721,17537.70491803279,0.9026033665093107,200-400
1392,0.8180894834807306,18000.0,151.3879513212096,477.9898987322333,3379.5555555555557,17478.222222222223,0.9900221959291005,100-200
1393,0.8687354989379101,15200.0,139.11592676604096,449.70562748477136,4627.894736842105,17501.052631578947,0.9444887895258826,100-200
1394,0.29549131398546297,49200.0,250.28660691489267,767.6955262170047,13397.39837398374,17544.065040650406,1.0,200-400
1395,0.8179596839811878,14000.0,133.5116235624909,577.9898987322333,13006.857142857143,17529.14285714286,0.5266200653841101,100-200
1396,0.9366975102458815,4800.0,78.17640190446718,212.42640687119285,14705.0,17508.333333333332,1.0,<100
1397,0.43642186278810047,14400.0,135.4055000514615,397.98989873223326,17621.666666666668,17521.666666666668,1.0,100-200
1398,0.6963477815738609,14800.0,137.27325035155394,409.70562748477136,9687.027027027027,17557.837837837837,1.0,100-200
1399,0.39736278986885437,37200.0,217.6338922689847,682.842712474619,9895.483870967742,17607.31182795699,1.0,200-400
1400,0.38324227291063045,50400.0,253.3204947386851,784.2640687119285,13938.730158730159,17616.190476190477,1.0,200-400
1401,0.409042025261842,32800.0,204.35815879801166,631.1269837220809,11621.951219512195,17610.975609756097,1.0,200-400
1402,0.8832790580429856,6000.0,87.40387444736633,232.42640687119285,19688.0,17536.0,1.0,<100
1403,0.2446616522307171,88400.0,335.4912454216777,1073.9696961967,6479.366515837104,17754.660633484164,0.9631148398784022,200-400
1404,0.6483510900848072,28800.0,191.49229459268767,631.1269837220809,7013.055555555556,17678.61111111111,0.90859188632409,100-200
1405,0.6945875203623408,3600.0,67.70275002573075,164.85281374238568,5373.333333333334,17622.222222222223,1.0,<100
1406,0.6686588012887018,226000.0,536.4253322785444,2889.3607486307087,8234.58407079646,17874.300884955752,0.34018469115938116,400-800
1407,0.7131795312507127,6000.0,87.40387444736633,233.1370849898476,20589.333333333336,17653.333333333332,1.0,<100
1408,0.36642228757966117,30800.0,198.02974013476614,591.1269837220809,18979.74025974026,17732.727272727272,1.0,100-200
1409,0.7905694150420949,2400.0,55.27906391541368,120.0,4820.0,17670.0,1.0,<100
1410,0.8329617577328111,102400.0,361.081333470564,2076.1017305526643,10167.578125,17892.890625,0.29854689571193804,200-400
1411,0.0,1600.0,45.1351666838205,80.0,16510.0,17690.0,1.0,<100
1412,0.31749713012784503,73200.0,305.2886088189566,1133.9696961967,20063.825136612024,17825.90163934426,0.7153491204688758,200-400
1413,0.4573721880581661,21200.0,164.29448666460308,1046.2741699796952,16985.66037735849,17823.01886792453,0.24336309360186398,100-200
1414,0.6946092135998031,12800.0,127.66152972845846,400.71067811865476,8818.75,17766.25,1.0,100-200
1415,1.0,800.0,31.915382432114615,0.0,4710.0,17740.0,1.0,<100
1416,0.9424916590670945,195200.0,498.5342105937202,4279.066376115481,14888.155737704918,18186.434426229505,0.13396508712959315,400-800
1417,0.0,1600.0,45.1351666838205,80.0,3810.0,17770.0,1.0,<100
1418,0.5056867066491567,95200.0,348.15571898044055,1366.396103067893,5870.588235294117,17928.823529411766,0.6407573298157714,200-400
1419,0.9600043875107246,208800.0,515.6087828389873,3298.355697996826,17656.7816091954,18263.02681992337,0.24118227153673752,400-800
1420,0.5276612583526108,19200.0,156.35280380893437,461.4213562373095,14252.5,17881.666666666668,1.0,100-200
1421,0.17994405570276337,79600.0,318.3549399034338,1157.4011537017761,4391.658291457286,17992.261306532666,0.746715402977139,200-400
1422,0.320410408658159,75200.0,309.43111311580196,1017.4011537017761,4810.63829787234,17985.63829787234,0.9129421382454797,200-400
1423,0.3555576732249115,62400.0,281.8690255978371,887.6955262170047,9057.820512820512,17957.69230769231,0.9950992328343935,200-400
1424,0.8794506071730025,88000.0,334.7313548753602,1858.8225099390854,9546.636363636364,18197.090909090908,0.3200491588095873,200-400
1425,0.5250079744061025,87200.0,333.2063749403756,1173.9696961967,11788.80733944954,18043.211009174312,0.7950831978924822,200-400
1426,0.5785323938879962,10800.0,117.26460285670078,516.5685424949238,18246.666666666668,17938.51851851852,0.5086015843720542,100-200
1427,0.4077100742924739,10000.0,112.83791670955125,524.8528137423857,19288.0,17949.6,0.45617849115915554,100-200
1428,0.9082834477205679,36000.0,214.09489393833255,852.5483399593904,12939.555555555555,18051.555555555555,0.622406814006903,200-400
1429,0.8977236713732909,9200.0,108.23032759612019,346.2741699796952,7068.695652173912,17960.869565217392,0.9641786209215559,100-200
1430,0.7551046680660528,30000.0,195.44100476116796,675.9797974644666,10680.0,18040.266666666666,0.8250184966093892,100-200
1431,0.22831524632129882,96400.0,350.3431062722223,1109.1168824543142,15839.502074688797,18104.48132780083,0.9847642318949802,200-400
1432,0.48795003647426666,2400.0,55.27906391541368,128.2842712474619,19483.333333333332,17946.666666666668,1.0,<100
1433,0.8183199639019345,4800.0,78.17640190446718,201.4213562373095,19838.333333333332,17956.666666666668,1.0,<100
1434,0.855526301747246,12800.0,127.66152972845846,397.9898987322333,7267.5,17983.75,1.0,100-200
1435,0.30977305630405394,75600.0,310.2529767495846,972.5483399593904,13499.576719576718,18090.47619047619,1.0,200-400
1436,0.2235306981613065,56400.0,267.9752046795807,944.9747468305833,6729.50354609929,18100.709219858156,0.7936857126773269,200-400
1437,0.7584691145965126,7600.0,98.3698151873187,273.1370849898476,17276.84210526316,17990.526315789473,1.0,<100
1438,0.9446475532742367,65200.0,288.1236163814633,2627.817459305202,13779.631901840492,18339.877300613498,0.1186498168590269,200-400
1439,0.5592562860188458,62000.0,280.96414677602564,915.9797974644665,18492.387096774193,18096.25806451613,0.9286023176672293,200-400
1440,0.9325316965091067,3200.0,63.83076486422923,168.2842712474619,4040.0,18030.0,1.0,<100
1441,0.8119014221067348,59600.0,275.472461175733,925.685424949238,7571.812080536913,18178.523489932886,0.8740359022476678,200-400
1442,0.3909718699726324,36800.0,216.46065519224038,706.2741699796952,19947.391304347824,18112.391304347824,0.9270668157755043,200-400
1443,0.852082709613561,37200.0,217.6338922689847,732.5483399593904,9287.741935483871,18170.967741935485,0.8711244971757589,200-400
1444,0.48067592102042955,59600.0,275.472461175733,949.1168824543144,18828.859060402687,18163.221476510065,0.831412839007221,200-400
1445,0.816496580927726,1200.0,39.08820095223359,68.2842712474619,17986.666666666668,18066.666666666668,1.0,<100
1446,0.0,400.0,22.56758334191025,0.0,6080.0,18100.0,1.0,<100
1447,0.3629642071453431,69600.0,297.6868695686246,977.4011537017761,8636.781609195403,18241.149425287356,0.9155317480131638,200-400
1448,0.8825547107470045,55200.0,265.1090773047596,1122.2539674441618,17123.91304347826,18196.95652173913,0.5507653918624297,200-400
1449,0.830708276629804,5200.0,81.36857890256438,221.4213562373095,20152.30769230769,18136.923076923078,1.0,<100
1450,0.5240357902256365,8400.0,103.41765891652821,432.42640687119285,7830.476190476191,18172.38095238095,0.56450102651442,100-200
1451,0.5870304900724961,10400.0,115.07254783503184,396.5685424949238,4981.538461538461,18198.46153846154,0.8310108249010058,100-200
1452,0.41285130013872806,40800.0,227.92141940852034,699.4112549695427,18166.470588235294,18239.80392156863,1.0,200-400
1453,0.853416480884449,108800.0,372.19411933450226,1671.9595949289333,19255.0,18351.176470588234,0.48908822091625137,200-400
1454,0.6292889820590859,5600.0,84.44016491289504,221.4213562373095,19395.714285714286,18167.14285714286,1.0,<100
1455,0.562857463384905,21200.0,164.29448666460308,506.2741699796952,12483.01886792453,18301.132075471698,1.0,100-200
1456,0.0,1600.0,45.1351666838205,80.0,15170.0,18270.0,1.0,<100
1457,0.3306231983991573,68800.0,295.9710808132768,949.1168824543142,16150.581395348838,18412.674418604653,0.9597517336190742,200-400
1458,0.8387961937047304,41200.0,229.03595622322865,784.2640687119285,9074.95145631068,18429.90291262136,0.8417486795444027,200-400
1459,0.6393472697630928,41600.0,230.14509567006368,779.4112549695428,11703.26923076923,18439.23076923077,0.8605375959237304,200-400
1460,0.7012677826044948,54000.0,262.21162334209896,835.9797974644666,12789.037037037036,18435.555555555555,0.9709839679944571,200-400
1461,0.7691794794369043,56400.0,267.9752046795807,1033.9696961967,15692.056737588653,18505.673758865247,0.6629386612021558,200-400
1462,0.5844002186532012,18000.0,151.3879513212096,466.2741699796952,18487.555555555555,18406.222222222223,1.0,100-200
1463,0.27525299178638846,131600.0,409.33888660515436,1418.8225099390856,6668.4498480243155,18547.659574468085,0.8215038691470181,400-800
1464,0.32686269010946895,64000.0,285.4598585844434,892.5483399593904,8230.75,18485.75,1.0,200-400
1465,0.6194406480292847,52800.0,259.281792577143,891.8376618407356,17302.575757575756,18494.242424242424,0.8342038112611876,200-400
1466,0.9032986777966754,205200.0,511.14455350678963,2279.655121145938,7280.155945419103,18645.730994152047,0.49619104430029526,400-800
1467,0.6292889820590859,5600.0,84.44016491289504,221.4213562373095,13035.714285714286,18452.85714285714,1.0,<100
1468,0.7795226219921783,39200.0,223.4076770248023,772.5483399593904,4230.0,18585.918367346938,0.825362254316733,200-400
1469,0.8175718618646475,48800.0,249.2671052968601,847.6955262170045,15421.475409836066,18638.524590163935,0.8533946261107087,200-400
1470,0.9201375283865875,68000.0,294.2452872043851,1406.396103067893,5223.764705882353,18602.352941176472,0.43201961744584483,200-400
1471,0.5267075958248847,33600.0,206.83531783305642,727.6955262170047,10082.142857142857,18654.52380952381,0.7973513457031575,200-400
1472,0.6714135348214655,62400.0,281.8690255978371,922.842712474619,10931.923076923076,18668.71794871795,0.9207443862589233,200-400
1473,0.5366966255113644,13600.0,131.59049284959082,397.9898987322333,18813.529411764706,18647.647058823528,1.0,100-200
1474,0.8886656215775005,2800.0,59.708213214418464,144.14213562373095,5971.428571428571,18645.714285714286,1.0,<100
1475,0.659456920343443,15600.0,140.93451279891855,409.70562748477136,8011.282051282051,18667.17948717949,1.0,100-200
1476,0.38250967487606297,90400.0,339.2651689225682,1097.4011537017761,13136.106194690265,18780.53097345133,0.9432948635728755,200-400
1477,0.7474706650229409,4400.0,74.84820637019111,193.1370849898476,18463.636363636364,18650.90909090909,1.0,<100
1478,0.4971771249318961,22800.0,170.38151783559658,517.9898987322333,8515.78947368421,18729.824561403508,1.0,100-200
1479,0.7216611882579032,6400.0,90.270333367641,272.42640687119285,10648.75,18685.0,1.0,<100
1480,0.816496580927726,2000.0,50.46265044040321,104.14213562373095,10376.0,18668.0,1.0,<100
1481,0.35441905650860767,72800.0,304.45334430207834,960.8326112068523,16644.065934065933,18795.054945054944,0.9909363818051375,200-400
1482,0.4491186673637602,8800.0,105.85134856802455,289.7056274847714,19000.0,18702.727272727272,1.0,100-200
1483,0.7124613229417617,95600.0,348.88637187009977,1570.5382386916235,12038.57740585774,18816.485355648536,0.4870468362348979,200-400
1484,0.0,400.0,22.56758334191025,0.0,13520.0,18680.0,1.0,<100
1485,0.671053072629354,7200.0,95.74614729634384,273.1370849898476,19614.444444444445,18705.555555555555,1.0,<100
1486,0.43328572489150147,92000.0,342.2543471099161,1085.685424949238,17153.652173913044,18859.130434782608,0.9808208202857969,200-400
1487,0.41107543807381514,31200.0,199.31149940667518,619.4112549695428,5902.5641025641025,18858.97435897436,1.0,100-200
1488,0.4501925767175832,70800.0,300.2421685360828,915.9797974644665,6313.785310734464,18910.39548022599,1.0,200-400
1489,0.9225014932212916,11600.0,121.53015559492998,402.13203435596427,19274.482758620692,18834.482758620692,0.9014268946199588,100-200
1490,0.8874357812711566,14800.0,137.27325035155394,461.4213562373095,13395.675675675675,18887.567567567567,0.8735267254220552,100-200
1491,0.6123724356957946,4000.0,71.36496464611085,176.5685424949238,18100.0,18824.0,1.0,<100
1492,0.23997142661010826,55600.0,266.0678836073137,831.1269837220809,11687.05035971223,18934.676258992808,1.0,200-400
1493,0.0,400.0,22.56758334191025,0.0,15300.0,18820.0,1.0,<100
1494,0.4597557178983336,62800.0,282.77100878514443,993.2590180780451,10407.51592356688,18959.87261146497,0.7999161665562708,200-400
1495,0.6475843224727452,65600.0,289.00607975374265,932.5483399593904,15909.024390243903,18978.29268292683,0.9479184945413334,200-400
1496,0.8372469433376181,80400.0,319.9507140118726,1193.9696961967,18454.427860696516,19002.487562189057,0.7087275322400709,200-400
1497,0.0,400.0,22.56758334191025,0.0,19480.0,18860.0,1.0,<100
1498,0.19307789987911594,10800.0,117.26460285670078,546.2741699796952,9801.481481481482,18965.185185185186,0.4547914462553971,100-200
1499,0.8412668804818468,4800.0,78.17640190446718,192.42640687119285,18925.0,18941.666666666668,1.0,<100
1500,0.37009149564839,32000.0,201.85060176161284,614.5584412271571,10710.25,19012.25,1.0,200-400
1501,0.474318628539574,56800.0,268.9237924411993,1473.2590180780453,12803.943661971829,19048.87323943662,0.3288516183034173,200-400
1502,0.8761755556634346,133200.0,411.8197510546619,1733.380951166243,17859.45945945946,19176.456456456457,0.5570908810781373,400-800
1503,0.8790490729915326,4400.0,74.84820637019111,168.2842712474619,8320.0,18952.727272727272,1.0,<100
1504,0.7084437526351621,4400.0,74.84820637019111,188.2842712474619,16261.818181818182,18972.727272727272,1.0,<100
1505,0.8856897152218826,95200.0,348.15571898044055,1896.223663640862,6736.9747899159665,19122.689075630253,0.33271140511173186,200-400
1506,0.5823431746171701,17600.0,149.69641274038221,437.9898987322333,8765.454545454544,19060.0,1.0,100-200
1507,0.991236510943262,20400.0,161.1647812414279,1009.7056274847714,13925.49019607843,19270.58823529412,0.2514493272037159,100-200
1508,0.47508382644612385,52400.0,258.29779740470593,795.9797974644666,7561.374045801526,19161.832061068704,1.0,200-400
1509,1.0,800.0,31.915382432114615,0.0,7740.0,19070.0,1.0,<100
1510,0.7536103777283594,36000.0,214.09489393833255,908.4062043356596,17555.333333333332,19179.555555555555,0.5482165992997706,200-400
1511,0.0,400.0,22.56758334191025,0.0,7800.0,19100.0,1.0,<100
1512,0.0,3600.0,67.70275002573075,160.0,8380.0,19120.0,1.0,<100
1513,0.31334031727897566,89600.0,337.76065965158017,1210.5382386916237,12324.82142857143,19269.196428571428,0.7683531013064628,200-400
1514,0.3035110626830344,119600.0,390.22999570807656,1238.8225099390856,13495.785953177257,19282.608695652176,0.9793160394320665,200-400
1515,0.7886399155048621,28000.0,188.81394877652593,619.4112549695428,18164.0,19210.285714285714,0.9170852543158613,100-200
1516,0.8893685436418913,8800.0,105.85134856802455,317.2792206135785,7249.090909090909,19168.181818181816,1.0,100-200
1517,0.747470665022941,4400.0,74.84820637019111,193.1370849898476,10176.363636363636,19170.90909090909,1.0,<100
1518,0.6945875203623408,3600.0,67.70275002573075,164.85281374238568,11513.333333333332,19162.222222222223,1.0,<100
1519,0.29137040046422547,93600.0,345.21764350509557,1374.680374315355,5915.897435897436,19330.0,0.6224181491259162,200-400
1520,0.7565015354152994,9200.0,108.23032759612019,460.71067811865476,5291.304347826088,19233.91304347826,0.5446796314260236,100-200
1521,0.24240063448025892,112400.0,378.3016320718592,1193.9696961967,9962.419928825622,19375.800711743774,0.9908081420868653,200-400
1522,0.2741896743306677,106800.0,368.7573502694087,1285.685424949238,11046.142322097377,19395.58052434457,0.8119170761349555,200-400
1523,0.816496580927726,2000.0,50.46265044040321,104.14213562373095,12056.0,19228.0,1.0,<100
1524,0.8121787948413413,84800.0,328.58897332920617,1120.832611206852,12757.169811320755,19387.924528301886,0.848250646481736,200-400
1525,0.7084437526351621,4400.0,74.84820637019111,188.2842712474619,6381.818181818181,19312.727272727272,1.0,<100
1526,0.3620509067432787,65600.0,289.00607975374265,904.2640687119285,16221.463414634147,19429.024390243903,1.0,200-400
1527,0.0,1600.0,45.1351666838205,80.0,16890.0,19310.0,1.0,<100
1528,0.2363630038831304,75600.0,310.2529767495846,1022.2539674441617,15041.16402116402,19473.65079365079,0.9091050076420675,200-400
1529,0.8999413360911781,2800.0,59.708213214418464,128.2842712474619,5657.142857142857,19368.571428571428,1.0,<100
1530,0.8783261736885734,44400.0,237.76424412901372,852.5483399593904,8796.756756756757,19429.909909909908,0.7676350706085137,200-400
1531,0.3684237009808874,30000.0,195.44100476116796,591.1269837220809,10346.933333333334,19445.866666666665,1.0,100-200
1532,0.8214665696719146,13600.0,131.59049284959082,442.842712474619,12052.941176470587,19455.882352941175,0.8714646356011945,100-200
1533,0.6231065766429087,38400.0,221.11625566165472,902.2539674441617,15680.0,19498.541666666668,0.5927662759516781,200-400
1534,0.5098037946023739,40400.0,226.80140565547774,739.4112549695427,18310.297029702968,19495.445544554455,0.9285795506137217,200-400
1535,0.7905694150420949,2400.0,55.27906391541368,120.0,7960.0,19450.0,1.0,<100
1536,0.9891527151132065,2400.0,55.27906391541368,88.2842712474619,14530.0,19446.666666666668,1.0,<100
1537,0.0,400.0,22.56758334191025,0.0,6940.0,19460.0,1.0,<100
1538,0.8453806727745753,143600.0,427.5946662716566,2081.665222413704,13927.07520891365,19625.125348189416,0.4164305001754532,400-800
1539,1.0,2000.0,50.46265044040321,60.0,14380.0,19460.0,1.0,<100
1540,0.2716160416683669,38000.0,219.96159369293582,671.1269837220809,11765.684210526315,19605.052631578947,1.0,200-400
1541,0.8785384449506732,18800.0,154.71555655790098,562.8427124746189,14732.340425531915,19592.340425531915,0.745750612280632,100-200
1542,0.3214954515006548,49200.0,250.28660691489267,1562.2539674441618,15379.837398373984,19641.78861788618,0.2533212919429107,200-400
1543,0.8097286505571789,36800.0,216.46065519224038,732.5483399593904,6260.434782608696,19628.91304347826,0.8617575670986002,200-400
1544,0.8703882797784892,2400.0,55.27906391541368,124.14213562373095,7796.666666666666,19540.0,1.0,<100
1545,0.6259432312521288,6800.0,93.04852983362557,244.85281374238568,6462.35294117647,19588.235294117647,1.0,<100
1546,0.20912827680840518,104400.0,364.5904667847899,1137.4011537017761,12945.21072796935,19738.620689655174,1.0,200-400
1547,0.8552132212507535,71200.0,301.0891156869401,1198.8225099390856,9314.719101123595,19771.460674157304,0.6225583747861139,200-400
1548,0.1985224085427797,98400.0,353.9587139793849,1142.2539674441618,12535.691056910568,19751.626016260165,0.9477190536265242,200-400
1549,0.8237538573429521,68400.0,295.10944556195614,1411.2489168102784,10000.116959064328,19734.385964912282,0.43157742805219806,200-400
1550,0.7307095302391415,23200.0,171.86959427966244,574.5584412271571,10322.758620689656,19701.03448275862,0.883139744059614,100-200
1551,0.7253562188112792,34800.0,210.49640414216978,727.6955262170047,16101.149425287356,19771.954022988506,0.8258281794782703,200-400
1552,0.7905694150420949,1600.0,45.1351666838205,92.42640687119284,9180.0,19665.0,1.0,<100
1553,0.4630216951878538,20000.0,159.57691216057307,989.7056274847714,12114.8,19788.0,0.25658294190931147,100-200
1554,0.712241974147557,8400.0,103.41765891652821,284.8528137423857,15942.857142857141,19697.14285714286,1.0,100-200
1555,0.786283935618104,3600.0,67.70275002573075,152.42640687119285,8471.111111111111,19706.666666666668,1.0,<100
1556,0.8996873522748934,112800.0,378.9741688375691,1771.9595949289333,6009.432624113475,19951.489361702126,0.4514517432104028,200-400
1557,0.32758905425347007,102800.0,361.7858830838687,1165.685424949238,11590.817120622569,19937.74319066148,0.9506928901355064,200-400
1558,0.817761628599623,50000.0,252.313252202016,875.9797974644666,6512.4800000000005,19865.440000000002,0.8188261199259433,200-400
1559,0.43422063090297286,31200.0,199.31149940667518,622.1320343559643,9598.205128205129,19914.102564102563,1.0,100-200
1560,1.0,800.0,31.915382432114615,0.0,7110.0,19840.0,1.0,<100
1561,0.2036532699906393,5600.0,84.44016491289504,216.5685424949238,16505.714285714286,19870.0,1.0,<100
1562,0.3349173999464091,72800.0,304.45334430207834,972.5483399593904,11218.901098901099,20000.32967032967,0.9672057050671339,200-400
1563,0.6067547237614492,28800.0,191.49229459268767,602.8427124746189,9009.444444444445,20026.944444444445,0.9958509024096749,100-200
1564,0.41803506518911127,52400.0,258.29779740470593,807.6955262170047,14854.809160305344,20047.175572519085,1.0,200-400
1565,0.33904986593965547,63200.0,283.67012395961314,887.6955262170047,16253.037974683542,20047.08860759494,1.0,200-400
1566,0.5987101442142175,14000.0,133.5116235624909,673.1370849898475,6738.857142857142,20037.14285714286,0.38826734347585,100-200
1567,0.5827356692000939,27600.0,187.46042631630414,579.4112549695428,17138.840579710144,20013.623188405796,1.0,100-200
1568,0.6872029525603175,8400.0,103.41765891652821,289.7056274847714,17740.0,19992.38095238095,1.0,100-200
1569,0.5821646664625253,13600.0,131.59049284959082,397.9898987322333,9247.058823529413,20030.0,1.0,100-200
1570,0.3328268717879395,56800.0,268.9237924411993,879.4112549695428,10779.577464788734,20086.338028169015,0.92294147063987,200-400
1571,0.629288982059086,5600.0,84.44016491289504,221.4213562373095,7764.285714285715,20007.14285714286,1.0,<100
1572,0.7236991122033162,88800.0,336.2494186946387,1307.1067811865476,15916.306306306305,20179.099099099098,0.653131596788919,200-400
1573,0.8464648921488178,56800.0,268.9237924411993,932.5483399593904,9817.323943661971,20184.225352112677,0.8207586964931057,200-400
1574,0.3988665835570364,76000.0,311.0726690017501,989.1168824543142,13431.263157894737,20174.21052631579,0.9761762274410642,200-400
1575,0.668793027283073,5600.0,84.44016491289504,233.1370849898476,17624.285714285714,20058.571428571428,1.0,<100
1576,0.8951323429250431,22400.0,168.88032982579008,619.4112549695428,14489.642857142859,20149.285714285714,0.733668203452689,100-200
1577,0.7084437526351622,4400.0,74.84820637019111,188.2842712474619,6558.181818181819,20092.727272727272,1.0,<100
1578,0.3715675924499363,48800.0,249.2671052968601,819.4112549695427,7259.836065573771,20176.55737704918,0.9133260319878477,200-400
1579,0.7788754604757994,46800.0,244.10573670769315,980.1219330881975,10151.28205128205,20258.803418803418,0.6122030674099928,200-400
1580,0.8895434438924436,37600.0,218.80083839428522,937.401153701776,13861.063829787234,20222.340425531915,0.5377083016380065,200-400
1581,0.49930885446459267,38000.0,219.96159369293582,699.4112549695427,7611.368421052632,20285.473684210527,0.9761762274400667,200-400
1582,0.8112916914656649,53600.0,261.2386640560787,875.9797974644666,9492.686567164179,20322.089552238805,0.8777816005606114,200-400
1583,0.816496580927726,2800.0,59.708213214418464,136.5685424949238,11120.0,20220.0,1.0,<100
1584,0.5773502691896258,3200.0,63.83076486422923,153.1370849898476,9100.0,20250.0,1.0,<100
1585,0.4906395287994758,40800.0,227.92141940852034,739.4112549695427,10474.50980392157,20339.41176470588,0.9377734075504912,200-400
1586,1.0,800.0,31.915382432114615,0.0,6320.0,20290.0,1.0,<100
1587,0.7798679985148942,14800.0,137.27325035155394,426.2741699796952,6741.621621621622,20338.91891891892,1.0,100-200
1588,0.681539316237431,10400.0,115.07254783503184,484.8528137423857,11692.307692307693,20328.46153846154,0.5559341627716755,100-200
1589,0.6945875203623408,3600.0,67.70275002573075,164.85281374238568,14546.666666666668,20322.222222222223,1.0,<100
1590,0.6123724356957946,4000.0,71.36496464611085,176.5685424949238,7160.0,20356.0,1.0,<100
1591,0.5748638622115405,16800.0,146.25465582862904,426.2741699796952,8060.952380952381,20397.14285714286,1.0,100-200
1592,0.8848015619299827,9600.0,110.55812783082736,357.98989873223326,9032.5,20375.0,0.9413249113678374,100-200
1593,0.816496580927726,2000.0,50.46265044040321,104.14213562373095,11216.0,20328.0,1.0,<100
1594,0.1639655929370318,52800.0,259.281792577143,795.9797974644666,16322.424242424242,20459.09090909091,1.0,200-400
1595,0.7950060587397373,4800.0,78.17640190446718,204.85281374238568,6901.666666666666,20416.666666666668,1.0,<100
1596,0.9058928295356219,20000.0,159.57691216057307,734.5584412271571,11878.4,20474.0,0.4657867733950773,100-200
1597,0.9183960446797809,7600.0,98.3698151873187,313.1370849898476,12802.105263157893,20472.63157894737,0.9739898868434275,<100
1598,0.8088057039033953,9600.0,110.55812783082736,346.2741699796952,13398.333333333332,20438.333333333332,1.0,100-200
1599,0.18668801579093475,64000.0,285.4598585844434,1310.538238691624,15998.0,20552.625,0.46826364729121184,200-400
1600,0.9367110636439903,78400.0,315.9461667867435,1403.6753236814711,14554.897959183672,20655.816326530614,0.5000260107061353,200-400
1601,0.8714253655779242,128800.0,404.9608047229867,2009.9494936611666,13675.465838509317,20717.76397515528,0.40064104315596644,400-800
1602,0.6313297452859017,50400.0,253.3204947386851,1073.9696961967,16722.539682539682,20587.777777777777,0.5491061983017135,200-400
1603,0.7531629828837345,9600.0,110.55812783082736,329.70562748477136,8011.666666666666,20544.166666666664,1.0,100-200
1604,1.0,800.0,31.915382432114615,0.0,7160.0,20550.0,1.0,<100
1605,0.9028856823156785,88000.0,334.7313548753602,1429.1168824543142,7392.545454545454,20755.181818181816,0.5414483528069898,200-400
1606,0.5120373358911889,32400.0,203.10825007719228,619.4112549695428,12068.888888888889,20691.851851851854,1.0,200-400
1607,0.3323018042222045,80000.0,319.15382432114615,1077.4011537017761,13131.7,20751.6,0.8660540131620224,200-400
1608,0.0,400.0,22.56758334191025,0.0,17540.0,20600.0,1.0,<100
1609,0.9018657335661044,76400.0,311.8902069924069,1491.9595949289333,9244.397905759162,20845.130890052355,0.4313095745140268,200-400
1610,0.59219892789876,13200.0,129.6408962885715,393.1370849898476,11554.545454545456,20686.666666666664,1.0,100-200
1611,0.8886656215775005,2800.0,59.708213214418464,144.14213562373095,7668.571428571429,20685.714285714283,1.0,<100
1612,0.31507975777682284,99600.0,356.1104585035691,1349.1168824543142,10047.710843373494,20820.722891566264,0.6876541186929191,200-400
1613,0.0,400.0,22.56758334191025,0.0,17440.0,20660.0,1.0,<100
1614,0.33953345755173464,67200.0,292.5093116572581,920.8326112068523,15543.214285714286,20812.380952380954,0.9959046365509369,200-400
1615,0.7795931129692524,123200.0,396.0594802695323,1422.2539674441618,8017.987012987013,20861.363636363636,0.7653608865165885,200-400
1616,0.0,400.0,22.56758334191025,0.0,17380.0,20700.0,1.0,<100
1617,0.7473809787565141,14800.0,137.27325035155394,426.2741699796952,12448.648648648648,20791.35135135135,1.0,100-200
1618,0.896148586112315,19600.0,157.97308339337175,546.2741699796952,13984.897959183672,20781.632653061224,0.8253622543153502,100-200
1619,0.46847497599555665,14000.0,133.5116235624909,397.9898987322333,11418.285714285714,20804.57142857143,1.0,100-200
1620,0.5025632913417882,50400.0,253.3204947386851,847.6955262170047,15075.873015873018,20859.36507936508,0.8813747777864693,200-400
1621,0.8361061259486566,5200.0,81.36857890256438,237.2792206135785,16646.153846153844,20769.230769230773,1.0,<100
1622,0.9989920293218415,12800.0,127.66152972845846,669.7056274847714,6977.5,20884.375,0.3586343938770317,100-200
1623,0.888871368647848,10800.0,117.26460285670078,509.70562748477136,16863.703703703704,20899.259259259263,0.5223898890305391,100-200
1624,0.9608600190513235,6400.0,90.270333367641,300.71067811865476,16998.75,20836.25,0.8893897868500933,<100
1625,0.97372313034591,1200.0,39.08820095223359,24.14213562373095,17220.0,20786.666666666664,1.0,<100
1626,0.0,400.0,22.56758334191025,0.0,17140.0,20840.0,1.0,<100
1627,0.956606303320514,42000.0,231.2489154112443,982.2539674441617,8349.714285714286,20996.76190476191,0.5470305374858496,200-400
1628,0.0,1600.0,45.1351666838205,80.0,9470.0,20890.0,1.0,<100
1629,0.40424123317904587,65600.0,289.00607975374265,909.1168824543142,10408.048780487805,21027.43902439024,0.9974112395958961,200-400
1630,0.8696694471536169,4400.0,74.84820637019111,204.85281374238568,11534.545454545456,20961.81818181818,1.0,<100
1631,0.8832790580429853,6000.0,87.40387444736633,232.42640687119285,10784.0,21032.0,1.0,<100
1632,0.7386791856978799,7200.0,95.74614729634384,273.1370849898476,12948.888888888889,21037.777777777777,1.0,<100
1633,0.0,400.0,22.56758334191025,0.0,7260.0,21040.0,1.0,<100
1634,0.8950088950452708,21200.0,164.29448666460308,659.4112549695427,15634.33962264151,21163.773584905663,0.612679026958938,100-200
1635,0.97372313034591,1200.0,39.08820095223359,24.14213562373095,16740.0,21046.666666666664,1.0,<100
1636,0.9557961393962537,2000.0,50.46265044040321,84.14213562373095,7332.0,21068.0,1.0,<100
1637,0.4140157304537242,30400.0,196.7396303746374,597.9898987322333,13863.684210526317,21142.631578947367,1.0,100-200
1638,0.8838581529602529,88800.0,336.2494186946387,1318.8225099390854,14724.594594594593,21202.88288288288,0.6415789810618813,200-400
1639,0.9904476462416272,2000.0,50.46265044040321,72.42640687119285,16640.0,21096.0,1.0,<100
1640,0.9994273432495765,20800.0,162.73715780512876,1077.989898732233,7804.615384615385,21282.30769230769,0.22492815262560437,100-200
1641,0.7147762026266631,36800.0,216.46065519224038,727.6955262170047,12808.695652173912,21240.869565217392,0.8732895691034582,200-400
1642,0.0,400.0,22.56758334191025,0.0,16560.0,21140.0,1.0,<100
1643,0.9974470574858356,6400.0,90.270333367641,308.99494936611666,16386.25,21217.5,0.8423393250630674,<100
1644,0.8641294782412927,38400.0,221.11625566165472,856.6904755831215,15908.958333333332,21322.291666666664,0.6574961456050015,200-400
1645,0.44796983927385353,18400.0,153.06079714651622,482.842712474619,11397.391304347824,21261.304347826084,0.9917822353886167,100-200
1646,0.674199862463242,2400.0,55.27906391541368,124.8528137423857,13463.333333333332,21216.666666666664,1.0,<100
1647,0.0,400.0,22.56758334191025,0.0,9340.0,21220.0,1.0,<100
1648,0.816496580927726,2800.0,59.708213214418464,136.5685424949238,9420.0,21240.0,1.0,<100
1649,0.0,400.0,22.56758334191025,0.0,14340.0,21220.0,1.0,<100
1650,0.7030619923065277,12000.0,123.60774464742066,374.5584412271571,9562.666666666666,21298.666666666668,1.0,100-200
1651,0.39630810566020946,8400.0,103.41765891652821,400.71067811865476,12592.380952380952,21281.904761904763,0.6573963959126398,100-200
1652,0.8757267355038014,6800.0,93.04852983362557,268.2842712474619,8361.176470588236,21307.05882352941,1.0,<100
1653,0.3863084894560836,7200.0,95.74614729634384,264.8528137423857,9068.888888888889,21296.666666666664,1.0,<100
1654,0.8124097554365945,3200.0,63.83076486422923,140.71067811865476,14205.0,21312.5,1.0,<100
1655,0.8348397409728597,47200.0,245.14670406003768,840.8326112068522,10684.915254237287,21407.627118644068,0.8389436056432216,200-400
1656,0.9937329358691847,4000.0,71.36496464611085,176.5685424949238,16144.0,21328.0,1.0,<100
1657,0.3871328454610666,86000.0,330.90572803628527,1465.685424949238,11973.39534883721,21494.60465116279,0.5030680973773596,200-400
1658,0.4366032091593705,74000.0,306.95231927842156,1173.9696961967,14396.756756756757,21473.08108108108,0.6747265670188496,200-400
1659,1.0,800.0,31.915382432114615,0.0,11320.0,21390.0,1.0,<100
1660,0.0,400.0,22.56758334191025,0.0,16020.0,21380.0,1.0,<100
1661,0.8783028778304423,26800.0,184.7236308621676,609.7056274847714,10311.044776119405,21509.55223880597,0.9059500452747284,100-200
1662,0.8329931278350429,2800.0,59.708213214418464,153.1370849898476,10028.57142857143,21445.714285714283,1.0,<100
1663,0.24417955113382694,58800.0,273.61740666563514,899.4112549695427,14013.333333333332,21542.04081632653,0.9134200793474975,200-400
1664,1.0,800.0,31.915382432114615,0.0,9870.0,21440.0,1.0,<100
1665,0.998761240730182,75600.0,310.2529767495846,3753.259018078045,9575.238095238095,21846.77248677249,0.06743953792761857,200-400
1666,1.0,1200.0,39.08820095223359,20.0,9860.0,21480.0,1.0,<100
1667,0.9993314683477573,13200.0,129.6408962885715,686.2741699796952,15470.90909090909,21575.757575757576,0.3521993002893028,100-200
1668,0.9382677636505475,55200.0,265.1090773047596,1193.9696961967,11060.144927536232,21716.23188405797,0.48658905198572033,200-400
1669,0.3636372659267281,79600.0,318.3549399034338,1197.4011537017761,11569.145728643216,21726.73366834171,0.6976596202774672,200-400
1670,0.6123724356957945,3200.0,63.83076486422923,148.2842712474619,13017.5,21602.5,1.0,<100
1671,1.0,800.0,31.915382432114615,0.0,13180.0,21590.0,1.0,<100
1672,0.8678272165779364,13600.0,131.59049284959082,426.2741699796952,12972.941176470587,21739.41176470588,0.9405258522732157,100-200
1673,0.9746687158738291,2400.0,55.27906391541368,80.0,15080.0,21710.0,1.0,<100
1674,1.0,1200.0,39.08820095223359,20.0,14980.0,21740.0,1.0,<100
1675,0.997999145238102,8400.0,103.41765891652821,388.2842712474619,14744.761904761905,21801.904761904763,0.7001475176539339,100-200
1676,0.7752874557617623,46800.0,244.10573670769315,1055.9797974644666,12499.31623931624,21926.666666666664,0.527405309968292,200-400
1677,0.9989703848552686,30400.0,196.7396303746374,1466.2741699796952,14067.894736842107,21940.263157894737,0.17768594627906936,100-200
1678,0.8886656215775005,2800.0,59.708213214418464,144.14213562373095,12245.714285714286,21911.428571428572,1.0,<100
1679,0.5773502691896258,3200.0,63.83076486422923,153.1370849898476,13330.0,21940.0,1.0,<100
1680,1.0,800.0,31.915382432114615,0.0,10530.0,21960.0,1.0,<100
1681,0.9591345886470489,11200.0,119.41642642883693,424.8528137423857,12133.57142857143,22012.85714285714,0.7797419304638146,100-200
1682,0.9871746357630455,16800.0,146.25465582862904,689.7056274847715,13336.666666666668,22061.428571428572,0.44380440313434283,100-200
1683,1.0,2800.0,59.708213214418464,100.0,11140.0,22120.0,1.0,<100
1684,0.9982298192126478,7600.0,98.3698151873187,348.2842712474619,11400.0,22140.0,0.7873280650624461,<100
1685,0.9981426049387003,8000.0,100.92530088080642,360.0,12610.0,22138.0,0.7757018897692722,100-200
1686,1.0,3600.0,67.70275002573075,140.0,12900.0,22120.0,1.0,<100
1687,0.9996018091548565,17200.0,147.9855404066384,828.2842712474619,11980.93023255814,22157.674418604653,0.3150499987118262,100-200
