slice_id,z_um,pore_fraction,resin_fraction,matrix_fraction,mean_intensity,std_intensity,pore_object_count,mean_pore_equivalent_diameter_um,resin_object_count,mean_resin_equivalent_diameter_um,heterogeneity_index,PC1,PC2,is_anomaly,anomaly_score,anomaly_category
0,0.0,0.0568750695294248,0.3030648570475025,0.6220658582712204,162.00645233062633,34.22310875980644,250,216.14216576233463,592,233.53352747088584,0.2313755191934876,-16.003457634092616,-2.397432448139982,True,0.23235727545436857,high_porosity+resin_rich+resin_fragmented+large_pores
1,80.0,0.0493658916453443,0.3023417510290355,0.6383635554566692,163.49958282345088,33.34487456148466,251,200.1000768885138,769,216.50740496494768,0.241252676774308,-16.159629002551373,-4.010912795324393,True,0.2244840142583031,high_porosity+resin_rich+resin_fragmented+large_pores
2,160.0,0.0407998665035042,0.2942485259761931,0.6572755590165759,165.03220602959172,32.66210618053361,261,179.85440779708185,755,221.4687835615936,0.2529969541244139,-14.78994765147106,-4.6873712131724625,True,0.2087776540357229,high_porosity+resin_rich+resin_fragmented+large_pores
3,240.0,0.033513182778952,0.2845700300367115,0.6739626209811992,166.61895094003782,32.18135864819924,249,171.08629083457282,704,225.4787366807136,0.2634876369292497,-13.17153009813093,-4.773667568668154,True,0.18086561455721994,high_porosity+resin_rich+resin_fragmented
4,320.0,0.0289520525086216,0.2654911558571587,0.6976304372010235,168.2049171209256,32.12634721204584,260,155.14694191845982,672,234.7455899231082,0.276852525533433,-11.460013021276012,-4.886507290870122,True,0.1643456637946632,high_porosity+resin_rich+resin_fragmented
5,400.0,0.0255033930359328,0.2544498831905663,0.7127600400489487,169.6074646790522,32.35667273805356,270,147.0040283752001,576,249.69652669058308,0.2857322744764277,-9.842149212718219,-4.54454325776649,True,0.15008606693212057,high_porosity+resin_rich+resin_fragmented
6,480.0,0.0225275336522416,0.2446045166314384,0.7246634775837134,170.94807542552007,32.71510111801521,296,136.09687310057242,512,266.95224138863,0.2930243971868135,-8.651112168676912,-4.437164389299118,True,0.13231189300382662,high_porosity+resin_rich+resin_fragmented
7,560.0,0.0179664033819112,0.2387084214039381,0.7353988207809545,172.29455445544554,32.80652254011137,272,126.23480573749796,427,291.458833171778,0.3000254924148153,-6.979269933757148,-4.0285684890463225,True,0.10108290500836059,high_porosity+resin_rich+resin_fragmented
8,640.0,0.0132662142618756,0.2416286572477472,0.7379575036155301,173.559906552453,32.89287806403994,224,119.8964766080522,396,318.4604171862294,0.3025207419827811,-5.901724665930566,-3.7362532386844762,True,0.08483884012091114,resin_rich+resin_fragmented
9,720.0,0.0119868728445878,0.2399321392813438,0.7419345867170987,174.7682167093114,33.23030890156434,190,122.73578890050818,352,345.8726929702279,0.3049206029098424,-4.860751000092385,-3.098568416152665,True,0.04929989785328004,resin_rich+resin_fragmented
10,800.0,0.0099566136388919,0.2365391033485371,0.7486928468127712,175.83379686283234,32.90625697297089,155,122.40044417668648,344,342.5397149398153,0.3090077855530112,-4.104939982250705,-2.968909756443282,True,0.031515645897639555,resin_rich+resin_fragmented
11,880.0,0.0094281900100122,0.2338413616642563,0.7522249415952831,176.81596951830014,33.279083001180325,150,119.9212015956211,327,357.70784160275457,0.3110608768070354,-3.5586915786747944,-2.7319222696420558,True,0.007395577116283469,resin_rich+resin_fragmented
12,960.0,0.0081766603626654,0.2332295027255534,0.7546445655801535,177.7532539770831,33.25836155861221,135,118.38524063918476,300,392.75380867543697,0.3126476154727317,-2.7580762352851242,-2.391376547838437,False,-0.031036173588909866,normal
13,1040.0,0.0077038602736678,0.2326732673267326,0.7556179775280899,178.54630659695184,33.13257530636876,128,120.51741597181729,302,391.8034064938855,0.3133081427508442,-2.582799699672509,-2.3529734998998233,False,-0.03720956992668856,normal
14,1120.0,0.0062854600066748,0.2274724663477583,0.7623206140838803,179.22157637112025,33.043280317685884,105,119.13844526191934,313,383.8406646849921,0.3173808415262918,-2.0958790853042606,-2.3390668714963656,False,-0.03978871656288341,normal
15,1200.0,0.0068695071754366,0.2225497830681944,0.7663533207253309,179.87192679942152,33.02451296427758,122,116.68358087297436,267,415.6274325603294,0.319558016297838,-1.379527756408164,-2.0278604720322377,False,-0.08558477891957894,normal
16,1280.0,0.0058960952275002,0.2192958059850928,0.7708032039158972,180.56157525864947,32.991155798122946,87,125.69319044148344,277,400.4578912566637,0.3222805422895251,-1.0233429179617435,-1.804630233165468,False,-0.09864095468983608,normal
17,1360.0,0.004338636110802,0.2166536878406942,0.7753087106463455,181.31176994103905,32.851661234580625,79,115.70071482449158,271,407.1691248381948,0.3251611517602363,-0.5026011336492797,-1.8997876814984331,False,-0.11464353573265063,normal
18,1440.0,0.0036711536322171,0.2155412170430526,0.7764489932139281,182.06299365891644,33.044745063457405,67,117.36919988773457,259,414.99957718953794,0.326035452483868,-0.1309197618117467,-1.670962967195782,False,-0.135132361384737,normal
19,1520.0,0.00428301257092,0.2092001334964957,0.7825675826009567,182.7112303927022,33.016545837876784,65,124.0152122042615,255,405.0149701343147,0.3293880066102088,0.19110441187177743,-1.504570965421499,False,-0.1459745589255136,normal
20,1600.0,0.0037824007119813,0.2100901101346089,0.78131605295361,183.21885081766604,33.17075855358513,59,123.46182644873667,259,410.7728628453652,0.3288735875149994,0.26417435894266345,-1.4508210436490805,False,-0.15584189003698162,normal
21,1680.0,0.0040605184113917,0.2159305818222271,0.7753087106463455,183.59261319390367,33.52332039479597,65,121.9011881207061,242,430.5861104554658,0.3253402644074128,0.1843283534311783,-1.3012445807623143,False,-0.15485641101378428,normal
22,1760.0,0.0052286127489153,0.2262209367004116,0.7641561908999889,183.8800478362443,34.58606907974125,52,149.9297276431997,239,460.2788598017311,0.3187097275359753,-0.18445611731510267,-0.468759952611164,False,-0.12051760763207581,normal
23,1840.0,0.0061185893870285,0.2281121370564022,0.7615696962954722,184.14937701635333,34.929256690748744,58,153.78335677209785,255,436.5432794176567,0.3170286488360552,-0.6760327743570206,-0.5587873503679759,False,-0.11970361555997056,normal
24,1920.0,0.0059795305373233,0.2219657358994326,0.7669929914339748,184.3987373456447,34.73179194717933,49,166.61828117340613,245,435.7681058082306,0.3202162876432354,-0.2459796549636702,-0.24420563911119228,False,-0.15072262257290053,normal
25,2000.0,0.0057848481477361,0.2090888864167315,0.7802592056958505,184.6098286794972,34.08663016418871,53,154.85506746023566,248,420.8260994856891,0.3278513545464462,0.38934828423353207,-0.5467603858218212,False,-0.18549318475643473,normal
26,2080.0,0.0050895538992101,0.1980754255200801,0.7929413727889643,184.8588830793192,33.098040015767054,52,145.22833051713872,267,392.3769298683618,0.3352974683261397,0.827894216697197,-1.0341652660397034,False,-0.14941535097665398,normal
27,2160.0,0.0048670597396818,0.1894537768383579,0.8015630214706864,185.11336077427967,32.440188569032266,64,131.18577886397418,238,411.73365312383584,0.3405019887251626,1.660880782712296,-1.1363571816149933,False,-0.14528461530005593,normal
28,2240.0,0.0043664478807431,0.1868116586939592,0.8035654689064412,185.27308376905103,32.04737339414543,45,145.83020529460222,260,391.6082452763174,0.3419536343763463,1.6329834432418617,-1.0621285943106482,False,-0.11014931504100267,normal
29,2320.0,0.0054232951385026,0.1882856825008343,0.8008955389921014,185.24833129380357,32.213558669626444,55,144.44402168072202,251,402.5791712532625,0.3401806023151659,1.5462266024236488,-0.9844174647340721,False,-0.13624411357223049,normal
30,2400.0,0.0055067304483257,0.1945989542774502,0.7940816553565468,185.17198798531535,32.875642779257895,47,156.3682426771711,245,411.3654399152482,0.3361523778486542,1.2695936762001048,-0.611174667152684,False,-0.16780884028938664,normal
31,2480.0,0.0052286127489153,0.1995216375570141,0.7894370897763934,185.2681054622316,33.46157965368332,51,150.3711965944292,244,412.7524761686027,0.3334554702402026,1.0044749017483416,-0.6629366054301133,False,-0.18810830390971123,normal
32,2560.0,0.0045333185003893,0.2087551451774391,0.7818444765824897,185.37776727110912,34.01073765056498,43,151.36859856352592,238,434.53983196632106,0.3290306592841285,0.8321826700559203,-0.47003006080627413,False,-0.18629178439343158,normal
33,2640.0,0.004310824340861,0.2157358994326399,0.776337746134164,185.5105406608077,34.0490813885711,40,157.50059040689445,253,433.2897201907383,0.3257471004179582,0.42430387615825876,-0.5012161708913121,False,-0.17578524720497407,normal
34,2720.0,0.0043664478807431,0.2123150517298921,0.7797029702970297,185.70536210924465,33.65890718154962,47,145.85961120444708,251,436.4881484932988,0.3276716505167499,0.670847348672211,-0.7299420667353385,False,-0.18054109379352995,normal
35,2800.0,0.0038102124819223,0.2025531204805873,0.789909889865391,185.9464067193236,32.995065033222176,38,152.4467553556887,250,420.4683233439679,0.3337396558204401,1.2115480946226356,-0.7064446793478107,False,-0.1836317613503176,normal
36,2880.0,0.003615530092335,0.1977138725108466,0.7949160084547781,186.1739348092113,32.458507967112176,37,147.61338293436188,245,417.8663056396792,0.3367295328700995,1.569243947099379,-0.8237005080773917,False,-0.1720500579785434,normal
37,2960.0,0.0034764712426298,0.1961286016242073,0.7964178440315942,186.2683557681611,32.3687581032336,37,143.69188172452934,235,426.4553414249259,0.3376747347787417,1.8157872017302923,-0.7981182976191874,False,-0.15991014382883206,normal
38,3040.0,0.0035320947825119,0.1968517076426743,0.7955000556235399,186.24788630548449,32.50587698960041,45,137.43667474112883,232,422.6882575018973,0.3371392010983854,1.7062376163050628,-0.9287589679554017,False,-0.16439281299190844,normal
39,3120.0,0.0036989654021581,0.1997441317165424,0.7921348314606742,186.17838469240183,32.55152168716778,49,132.97501141107782,253,398.0485244575844,0.3351602540851861,1.1702070535562294,-1.257342419220129,False,-0.16311021333250741,normal
40,3200.0,0.0034208477027478,0.2077261096896206,0.7840416064078318,186.0720324841473,33.21687125687717,42,137.9048515109881,239,430.3641961959184,0.3305297029440242,1.084959782432274,-0.8662434567253836,False,-0.17944052892946633,normal
41,3280.0,0.0031983535432194,0.2155968405829346,0.7762264990543998,185.96885081766604,33.78989840470925,31,160.1678573636472,249,433.5759647218644,0.3260864311134985,0.6075754006964994,-0.46436642318289156,False,-0.16801171838365775,normal
42,3360.0,0.0034486594726888,0.218711758816331,0.7728890866614752,185.86903437534764,34.21215550412358,42,136.0624625419748,241,451.78256987602833,0.3241209108460533,0.582412054243106,-0.7088203208008089,False,-0.15255021829441828,normal
43,3440.0,0.0035042830125709,0.2168483702302814,0.7743352986984091,185.86441762153743,34.17308607484179,33,148.26705852545072,253,424.7387201441274,0.324976551240726,0.3989117663813898,-0.6514421493177897,False,-0.17164573154757268,normal
44,3520.0,0.0036433418622761,0.2159305818222271,0.7764211814439871,186.0159361441762,34.088239346709024,34,145.9929743360715,254,423.122923196267,0.3259858848107708,0.4812652412699038,-0.7098139681732354,False,-0.17358424605731082,normal
45,3600.0,0.0038936477917454,0.2173489820892201,0.7737790632995883,186.2424073868061,34.27399332683017,28,162.37929050557298,261,423.8931609810495,0.3245340536878316,0.3327977717159069,-0.41029822396257376,False,-0.15700034092238224,normal
46,3680.0,0.0052564245188563,0.2155412170430526,0.774168428078763,186.5049504950495,34.306080621608544,41,159.23107631252438,257,437.231838760781,0.3244670372052863,0.41977271998642907,-0.36454400378088697,False,-0.17197743124140052,normal
47,3760.0,0.005701412837913,0.2112303927021915,0.7795360996773835,186.74324173990436,34.24750552135064,41,170.1743283706812,266,416.1327962637781,0.3272840527568547,0.437908328283547,-0.306323017180778,False,-0.1845750622099685,normal
48,3840.0,0.0040048948715096,0.2078651685393258,0.784208477027478,186.98901435087328,33.64229895737683,41,148.87219435219805,235,436.73879424411285,0.3303950917761594,1.1968642424586031,-0.5279220972330179,False,-0.18789724952294357,normal
49,3920.0,0.0022249415952831,0.2013572143731227,0.7921626432306152,187.12960284792524,32.67202181239166,28,141.28765472228466,246,410.7445438254799,0.3354443635428591,1.5533464934582968,-0.940203031238101,False,-0.15585849133338692,normal
50,4000.0,0.0026421181443987,0.1988819668483702,0.7947213260651907,187.0889142285015,32.70759653673096,31,138.91578687660433,225,442.205664591388,0.3368026279640971,2.045777407210042,-0.6894441949732368,False,-0.14344722804933552,normal
51,4080.0,0.0036989654021581,0.2016909556124151,0.7913561019023251,187.06969629547223,33.283588891449746,30,160.7459441371521,237,437.93142246374674,0.3345493781219683,1.6438709592387577,-0.30557490273228877,False,-0.17986623518015327,normal
52,4160.0,0.0047001891200355,0.2068361330515074,0.7845144064968295,187.00442207142063,34.007962353216726,33,169.47307141812445,240,433.5720280562962,0.3304342834417251,1.1295849509742368,-0.09793797307208411,False,-0.19260815709181844,normal
53,4240.0,0.0053954833685615,0.2097563688953165,0.7805095116253198,187.0122093670041,34.41828036293848,30,197.716914100452,252,419.7801975494026,0.3280115645437373,0.6451464698586267,0.30264999799968656,False,-0.17251931440811158,normal
54,4320.0,0.005006118589387,0.2084770274780287,0.7819557236622539,187.16442318389144,34.02399878510727,34,182.61039944707227,253,421.11951504706445,0.3289594562259091,0.791212575272789,-0.022389094458810876,False,-0.184206955345049,normal
55,4400.0,0.0034208477027478,0.2026921793302925,0.7894649015463344,187.39250750917788,33.3418803646063,34,147.63478651207055,227,447.0207467091204,0.3336459443662296,1.7477131397155967,-0.4357457532321872,False,-0.16902330837162227,normal
56,4480.0,0.0041995772610968,0.1947380131271554,0.7960562910223606,187.60710312604292,32.80861182944592,34,164.49056587895015,265,394.0927518719849,0.3374620344081402,1.445147209189055,-0.6179169219646036,False,-0.14804613628502727,normal
57,4560.0,0.0055345422182667,0.1890922238291245,0.7998108799644009,187.7508899766381,32.93125089658072,50,156.43334516452148,232,423.146194477065,0.3395332744507838,2.0092025970044594,-0.40264740004533245,False,-0.16283809720414538,normal
58,4640.0,0.0043664478807431,0.1815830459450439,0.8085437757258872,187.71423406385583,32.26287083377274,39,157.46714736775726,239,408.11709464512296,0.3449938250553621,2.4382232248853875,-0.5355104626160915,False,-0.12306066509973679,normal
59,4720.0,0.0029758593836911,0.1831961286016242,0.8090721993547669,187.6277394593392,31.680996080379003,36,139.38393098066183,240,406.33485523694,0.3454452056072217,2.5375482002103276,-0.9904942812184927,False,-0.09808981570478004,normal
60,4800.0,0.0028089887640449,0.1859773055957281,0.8068472577594838,187.5673601067972,31.90118598595731,38,136.1529540919847,245,399.4196169383641,0.3440781028584382,2.296812178449239,-1.105993538132018,False,-0.10964009441542288,normal
61,4880.0,0.0031149182333963,0.1936255423295138,0.7990321504060518,187.59125041717652,32.559499779685815,36,143.2869508859743,236,413.6381554043254,0.339328699946365,1.9959235735243697,-0.8045219163541946,False,-0.15871699680918788,normal
62,4960.0,0.0036989654021581,0.1981588608299032,0.7932194904883747,187.6801368339081,33.101743900642646,35,151.6586379286197,250,409.7190488487781,0.335866121382335,1.5358411075794678,-0.6664610574286426,False,-0.18278584922509838,normal
63,5040.0,0.0038380242518633,0.201607520302592,0.7902992546445656,187.83955389921016,33.411209437499295,28,167.3330385491825,234,436.58220630529615,0.3340312690887758,1.686020553804477,-0.13859676015704056,False,-0.16995466059400988,normal
64,5120.0,0.0039770831015685,0.204472132606519,0.7882968072088108,187.99516075203027,33.543010960921144,22,200.0148606525172,253,421.990157913528,0.3327005569200369,1.2759003001735276,0.2348550422310653,False,-0.14225929376217805,normal
65,5200.0,0.0035320947825119,0.2035265324285237,0.7894927133162755,188.0337634887084,33.353470995590335,28,163.24198843984627,249,426.2836019700848,0.3335146563695177,1.4871847666746332,-0.3639132287377985,False,-0.17435257415456878,normal
66,5280.0,0.0029202358438091,0.1963510957837357,0.7970297029702971,188.0059517187674,32.50589715460382,31,144.16381037753268,254,411.2432782694541,0.3381058566137405,1.8301869061757938,-0.8906390409519768,False,-0.14970064744610123,normal
67,5360.0,0.0030314829235732,0.193736789409278,0.797724997218823,187.9937145399933,32.454870632202145,29,154.92775094229842,250,413.80409053698673,0.3387408138578532,1.939062554929865,-0.655976034018663,False,-0.150349803432395,normal
68,5440.0,0.0038936477917454,0.1981032372900211,0.7923017020803204,188.0199410390477,32.96091594153682,34,161.21693850911402,241,425.1521724093204,0.3353897302276087,1.7092319983415856,-0.3996273547987221,False,-0.17439140741832243,normal
69,5520.0,0.0043664478807431,0.2003838024251863,0.7901601957948604,187.9816998553788,33.40462301147708,32,175.54303728827642,233,433.6824067256717,0.3339545564094442,1.6375501196587596,-0.01112526221527728,False,-0.1719752673929773,normal
70,5600.0,0.0038380242518633,0.2049727444654577,0.785626877294471,187.9106129714095,33.55986456589183,27,170.17945112459353,243,431.0382047354628,0.3314627863121774,1.3602622765767085,-0.15488066997636138,False,-0.17441834136906093,normal
71,5680.0,0.0045889420402714,0.2085048392479697,0.7820113472021359,187.8390532873512,34.30284477529189,29,181.90763252559276,246,426.0140370251026,0.3291195331398036,0.9846694838931647,0.10188273096066837,False,-0.17465058907270198,normal
72,5760.0,0.0052564245188563,0.2115085104016019,0.7791189231282679,187.7595950606297,34.63601798399028,35,182.4594279052692,246,432.945109354247,0.3272078290153966,0.7904517627156554,0.1669014196946483,False,-0.18009889703051501,normal
73,5840.0,0.0041439537212148,0.2085604627878518,0.7828178885304261,187.7083379686283,33.89880119318371,29,176.5937907871113,258,419.7006942773751,0.3296278704759755,0.9224710546394598,-0.16360827780897833,False,-0.17373058644646422,normal
74,5920.0,0.0038380242518633,0.2066692624318611,0.7838747357881856,187.66606407831796,33.65717806854217,35,151.9619456909507,258,411.5663471565945,0.3304481705869787,0.9771605012465359,-0.6542947841064288,False,-0.18437516642754526,normal
75,6000.0,0.0042552008009789,0.197296695961731,0.7927466903993771,187.62053621092448,33.482145729601925,36,158.5790190014078,241,423.63868529666695,0.3355831647046662,1.639082660875575,-0.34944772380525846,False,-0.18956612881030233,normal
76,6080.0,0.0037824007119813,0.1895650239181221,0.8017298920903326,187.56713761263768,32.65081684650981,36,144.88848311421745,243,413.3583342916706,0.3409107422945938,2.0969993937264295,-0.728375364309785,False,-0.16223374080990033,normal
77,6160.0,0.0031427300033374,0.1841973523195016,0.809100011124708,187.4674046056291,31.798558372300768,41,128.75118159546838,238,412.9053634128416,0.3452617764081201,2.5480376485271274,-1.1279357163957526,False,-0.10958033731938921,normal
78,6240.0,0.0026421181443987,0.1835020580709756,0.8102124819223495,187.3461731004561,31.56812044235194,29,147.83326051759505,232,415.6697692306037,0.3460324592492357,2.7043452195754965,-0.7805965607756021,False,-0.07973892064229299,normal
79,6320.0,0.0035042830125709,0.1875069529424852,0.8043163866948493,187.241517410168,32.16718595794912,33,161.01731275903447,237,409.1357849283411,0.3424764201958184,2.20160049246284,-0.5492304110582191,False,-0.13496455359112258,normal
80,6400.0,0.0040883301813327,0.1947658248970964,0.7964456558015353,187.1812214929358,33.113829895649246,37,158.66255579940693,230,426.5147258044606,0.3376728622946366,1.8740054455530515,-0.3541019181485045,False,-0.17519748482298464,normal
81,6480.0,0.0046167538102124,0.200133496495717,0.7904661252642118,187.16723217265547,33.6204733537142,37,164.56454802679923,224,434.3955906639719,0.334045679490049,1.5997818037711216,-0.12873607397555378,False,-0.18351445968273106,normal
82,6560.0,0.005033930359328,0.2013850261430637,0.7882411836689287,187.17031927911893,33.65803559023445,44,157.9006471630269,236,417.33791733854406,0.3327273665527688,1.2397909526562545,-0.4024171696686333,False,-0.19447501095709485,normal
83,6640.0,0.0051173656691511,0.2006619201245967,0.7894649015463344,187.1577761708755,33.619332796042976,36,169.23086569307847,237,408.54011748941537,0.3333546127782637,1.2365006073674851,-0.23175193509185965,False,-0.19297846258793983,normal
84,6720.0,0.0055345422182667,0.198019801980198,0.7915785960618533,187.14022694404272,33.641790669098015,32,190.13893254691936,239,417.1035025836071,0.3345358097158486,1.3759683857983354,0.19376820375446555,False,-0.17565635672151192,normal
85,6800.0,0.0054232951385026,0.1977416842807876,0.7921904550005562,187.09077761708755,33.42754824702446,36,174.88901984397913,253,408.9361601629995,0.3348894125346006,1.275274040297919,-0.21218135408567287,False,-0.18222896390349602,normal
86,6880.0,0.0042552008009789,0.1998553787963066,0.791272666592502,186.9671264879297,33.00084072371891,33,161.44895084785296,254,413.2811914675546,0.3345694296649423,1.3369512856451526,-0.5280319127248773,False,-0.1862491732797159,normal
87,6960.0,0.0045055067304483,0.2039158972076983,0.7876015129602848,186.77300033374124,33.11622686586197,36,161.61133560931745,250,420.2342640149051,0.3322804633371375,1.1527116894748937,-0.5006779865360558,False,-0.18833403619953876,normal
88,7040.0,0.004338636110802,0.2075036155300923,0.7843197241072422,186.54027144287463,33.5807824178642,38,155.24539234113794,237,438.2410384312621,0.3303808121965111,1.1555864113516598,-0.41524910738984105,False,-0.18985664517755674,normal
89,7120.0,0.0046445655801535,0.2156802758927578,0.7761152519746357,186.3666147513628,34.21741835510527,28,188.1332737494768,256,426.4041483076608,0.3255406534450743,0.4120827525894091,0.04932697004410325,False,-0.15617945427080832,normal
90,7200.0,0.005701412837913,0.2234397597063077,0.7666314384247414,186.16192012459672,35.200261943641145,33,195.1893588753128,255,430.88192913380425,0.3199794596472826,-0.18410293914968706,0.30664770104900296,False,-0.13435394351135627,normal
91,7280.0,0.0061464011569696,0.2278062075870508,0.7619868728445879,186.03101012348424,35.62043510760812,43,177.3689258237098,239,453.23012207901326,0.3172410355204115,-0.216457035251607,0.21673028692077484,False,-0.1145907098121457,normal
92,7360.0,0.0054232951385026,0.2277505840471687,0.7636833908109912,186.0847146512404,35.397862592771496,35,191.34139813777924,242,446.4516130099429,0.3182612081378854,-0.17777308014213322,0.3549805916824308,False,-0.11412649946467623,normal
93,7440.0,0.0038936477917454,0.2267493603292913,0.7651017910779842,186.28840805428857,34.992876763684094,36,155.27761202250974,244,452.0384452266194,0.3195353998314369,0.11699396372803733,-0.29954412531412367,False,-0.13473533582940322,normal
94,7520.0,0.0041439537212148,0.2260262543108243,0.7661308265658027,186.4326120814329,34.712969594482296,38,151.70753410986558,243,449.6673765073565,0.3199945656957222,0.1693301040585242,-0.4082473105235369,False,-0.1416203431394737,normal
95,7600.0,0.00428301257092,0.22082545333185,0.7712481922349538,186.5416620313717,34.57667270287629,26,182.8846006518557,227,464.6197586732736,0.3228503965494749,0.6776947660153043,0.3221897878735174,False,-0.10729998908068483,normal
96,7680.0,0.0037824007119813,0.2154577817332295,0.7774224051618644,186.67682723328517,34.38190084150044,30,148.2093571053853,225,461.5725230597972,0.3264505341805662,1.092231656091678,-0.24372024309153992,False,-0.13843377548593466,normal
97,7760.0,0.0048114361997997,0.2124819223495383,0.7798698409166759,186.86402825675825,34.39538894989007,33,169.1088495674173,223,461.7825994886277,0.3275789322482083,1.1541202975864095,0.13968687711629849,False,-0.15015045265481947,normal
98,7840.0,0.0060629658471465,0.201607520302592,0.7887417955278674,187.007564801424,34.440751547859534,38,176.91646122072535,254,410.9346845966352,0.3325909199588839,0.9833468585456605,-0.01652923876856243,False,-0.19008120488169034,normal
99,7920.0,0.0063688953164979,0.1919012125931694,0.7965290911113583,187.0794304149516,33.93642303480648,42,168.27533353454004,258,402.6474495535986,0.3373672985624668,1.3810644040832887,-0.21777108965457195,False,-0.1725665910232168,normal
100,8000.0,0.0056457892980309,0.1897597063077094,0.7993380798754033,187.08955389921016,33.75318332368476,39,164.01450609805428,239,415.33967865211616,0.3391871296169446,1.8076517403057986,-0.15593965868831045,False,-0.17481992512948547,normal
101,8080.0,0.0061464011569696,0.18950940037824,0.8000611858938703,187.04822560907775,33.832236298373616,39,172.70977548096653,246,409.6962112851359,0.3393942574161572,1.6968038975157183,-0.05241765186431515,False,-0.1679584971074241,normal
102,8160.0,0.0063132717766158,0.1903159417065302,0.7979474913783513,187.0003893647792,33.91269473572108,40,169.90839016334877,236,419.8623470271661,0.3382566120471203,1.7419481105529877,0.016740641658453646,False,-0.17562108412636868,normal
103,8240.0,0.0060351540772054,0.1919568361330515,0.7966959617310045,187.01432306151963,33.853679750533274,33,189.31115009075123,233,419.4310790527465,0.3375435436350249,1.6863994044352029,0.3286012840222612,False,-0.16138915521761077,normal
104,8320.0,0.0049783068194459,0.1976860607409055,0.7930248080987874,187.146707086439,33.9279439715558,32,177.06714601470125,222,447.9580247111329,0.3354237437275285,1.8318539687169508,0.2650759549398196,False,-0.15222299640487597,normal
105,8400.0,0.004338636110802,0.1961007898542663,0.7958616086327734,187.3000889976638,33.408461816430645,37,161.67937461822555,227,433.18581798011735,0.3371439487123522,1.878656689112659,-0.2092702365360363,False,-0.17576307623527287,normal
106,8480.0,0.0040327066414506,0.1984369785293136,0.7929135610190232,187.34931583045943,33.41179012332166,42,153.85242189180454,222,443.2774990192376,0.3355804971257324,1.849268474291864,-0.31154389626746715,False,-0.16918953531098269,normal
107,8560.0,0.0049226832795639,0.198742907998665,0.7917454666814996,187.3020914450996,33.59406750830024,45,152.89405527826892,227,428.76697831335457,0.334715203418422,1.5895788048803716,-0.37718426032514213,False,-0.18810688382599922,normal
108,8640.0,0.0052842362887974,0.1984647902992546,0.79202358438091,187.27255534542215,33.713504289808135,43,163.9218347321962,224,431.6953029226497,0.3347618673219415,1.6079052285317252,-0.13057504990866692,False,-0.18023763475073823,normal
109,8720.0,0.0040048948715096,0.1974635665813772,0.794888196684837,187.2202135943932,33.27264365839384,39,147.95018460499867,219,440.4331311983254,0.3366235687597833,1.959820069347661,-0.4089433331427458,False,-0.16842940254484717,normal
110,8800.0,0.003587718322394,0.1946823895872733,0.7975859383691178,187.27266659250196,33.06735154078872,30,165.85507733028874,233,424.2086383561041,0.3383691337310219,1.9328891178647605,-0.25687877734146347,False,-0.1642744353560509,normal
111,8880.0,0.0041439537212148,0.1957114250750918,0.7952219379241295,187.31418956502392,33.452601197509715,44,147.92294923283862,221,444.4716805116262,0.3369660926212642,1.9941655285851538,-0.36568094420309066,False,-0.16321087096995435,normal
112,8960.0,0.0048948715096228,0.1990766492379575,0.7899655134052731,187.16175325397708,34.002694871325765,41,170.50060871959667,224,438.6732208473053,0.3338649303344634,1.569184991159417,0.056409028575244796,False,-0.18000426891601862,normal
113,9040.0,0.0049226832795639,0.2039437089776393,0.785626877294471,186.9006563577706,34.18714289557223,39,168.053644164836,235,431.88631945869184,0.3312373629498082,1.1798931128394299,-0.06991530897208786,False,-0.19344965597014824,normal
114,9120.0,0.0049504950495049,0.209450439425965,0.7807320057848481,186.66525753698969,34.64758732711781,35,173.52685637577505,247,413.0943132363578,0.3282986119898647,0.6313449808705351,-0.08764387727888555,False,-0.19125086139866948,normal
115,9200.0,0.0065357659361441,0.2123150517298921,0.7759483813549894,186.42368450328175,34.925544818877995,45,178.10212481907192,255,405.66078554382136,0.3252389578775933,0.12658922679212445,-0.06632780362166778,False,-0.17847807096500684,normal
116,9280.0,0.0080376015129602,0.2114806986316609,0.7755868283457559,186.2253865836022,35.175210046283425,45,195.73284914285625,243,421.35113550430367,0.3246770420925807,0.20082930336808508,0.45136936586910376,False,-0.17283731205664854,normal
117,9360.0,0.00856602514184,0.2118978751807765,0.7751696517966403,186.16364445433308,35.26315778428401,44,201.00992574919965,249,423.4352774485994,0.3242598505267274,0.12274927683558522,0.5535525904033823,False,-0.1643974549313042,normal
118,9440.0,0.0076482367337857,0.2100066748247858,0.7787295583490933,186.2696351095784,34.627977267600734,43,186.8373795793564,262,415.4058428934365,0.3264218572908447,0.2577887573701199,0.10406034858085292,False,-0.1774600849484113,normal
119,9520.0,0.0068138836355545,0.208727333407498,0.7803704527756147,186.451885638002,34.682030595824216,32,218.7896316311497,255,420.8223738239316,0.3276065836367793,0.457814275105489,0.7095567121831928,False,-0.1531736919783539,normal
120,9600.0,0.0087328957614862,0.205862721103571,0.7811213705640226,186.66884525531205,35.25663423456136,49,198.5632295645184,251,418.41034382076975,0.3276798298180459,0.41548349446881566,0.5187109800433065,False,-0.17622405007913072,normal
121,9680.0,0.0110690844365335,0.2046668149961063,0.7800367115363221,186.8732617643787,35.78840636885345,57,202.65486736272288,253,414.03396769289975,0.3265717227076185,0.2057846764449104,0.7097146598691679,False,-0.16285655986246295,normal
122,9760.0,0.0108187785070641,0.2027756146401157,0.7822060295917233,187.08682834575592,35.62236456045524,45,218.01747501905368,271,401.3966466719087,0.3278931607577129,0.18590994623178103,0.8500517739646134,False,-0.1375393226611128,normal
123,9840.0,0.0106240961174769,0.2032206029591723,0.7827066414506619,187.3001724329736,35.80297581297528,49,203.3673122178085,265,406.954996516814,0.3281275057152754,0.3074869066195429,0.6799276921855987,False,-0.1542387676542058,normal
124,9920.0,0.0089275781510735,0.2043330737568139,0.7839025475581266,187.35724218489264,35.16394711597897,32,237.1621281765613,255,411.7849882168241,0.3290846371853496,0.5410562772663651,1.1687593470529043,False,-0.1253879842152022,normal
125,10000.0,0.0068695071754366,0.200133496495717,0.7902436311046835,187.36177550339303,34.245827888742895,33,195.7052385666862,260,405.8951652752417,0.3332093033545327,0.9894850483371289,0.26103317024624695,False,-0.1660257931269043,normal
126,10080.0,0.0047280008899766,0.2038046501279341,0.7886861719879853,187.1671209255757,33.65462765964083,30,165.79864292422235,230,445.7518435874368,0.3327174845815518,1.5594222001131695,-0.06366562636600386,False,-0.17005906664845233,normal
127,10160.0,0.0044220714206252,0.2089498275670263,0.7839025475581266,186.8308488152186,33.968866511092955,30,159.46294726858116,242,432.8080917517689,0.3299818254151772,1.085880337493303,-0.2912127741966703,False,-0.18995921562989548,normal
128,10240.0,0.0042273890310379,0.2135387696072978,0.77917454666815,186.44181777728332,34.411145185406625,28,170.35033446328455,245,439.9531036031124,0.3273289516780419,0.7990730207931668,-0.06317068218431833,False,-0.17383061967744928,normal
129,10320.0,0.0040327066414506,0.2174324173990433,0.7758649460451663,185.96612526421185,34.7477323626077,29,167.58082512705664,243,436.3082935978648,0.3254247363718993,0.5255514417775952,-0.11479088396005824,False,-0.16844629884171158,normal
130,10400.0,0.003615530092335,0.2212148181110245,0.7729447102013572,185.53710090110133,34.961841120044355,27,160.17120753128785,227,463.75872717702975,0.323800815203742,0.6660069119209507,-0.01980194320371732,False,-0.11442775730219934,normal
131,10480.0,0.0034208477027478,0.2231060184670152,0.7711647569251308,185.28106574702412,35.240374748175256,20,183.8805739531443,224,477.6394182525976,0.3228451065143044,0.6482666078264631,0.4927315583676221,False,-0.06608130936726037,normal
132,10560.0,0.0048670597396818,0.2197407943041495,0.7728890866614752,185.32628768494828,35.385091257534484,36,163.08372366836423,237,453.600765891481,0.3235225544225054,0.3926329483419741,0.011247901655333056,False,-0.15145956381665543,normal
133,10640.0,0.0058126599176771,0.2150684169540549,0.7762821225942819,185.44126154188453,35.25124961171223,37,173.5904610944176,251,435.8237813776328,0.3252984933818441,0.3226105759002842,0.06949867914981193,False,-0.17708564142779315,normal
134,10720.0,0.0061742129269106,0.2136500166870619,0.7776448993213928,185.53562687729448,35.22670778266242,36,186.21628710769895,248,431.1789356253903,0.3259692311228856,0.3464041797421734,0.2802175028393219,False,-0.1780406631404715,normal
135,10800.0,0.0066748247858493,0.2125931694293024,0.7782289464901546,185.66987429079987,35.30294546966162,41,177.7799054097346,243,431.8502017481404,0.3261972749512914,0.40615307631287956,0.1938940352406156,False,-0.18190316053599825,normal
136,10880.0,0.0063132717766158,0.215124040493937,0.776337746134164,185.7391812214929,35.43828375874381,39,176.46827378544114,241,439.2096553371537,0.3251496154149437,0.3934630327471612,0.22086600369873274,False,-0.17712396206032766,normal
137,10960.0,0.0063688953164979,0.2206029591723217,0.7699966625876071,185.6850038936478,35.89118824052523,40,176.3063966406863,241,449.0746764541827,0.3216031098550584,0.11469064191992898,0.30264168165709704,False,-0.14700070336112758,normal
138,11040.0,0.0062854600066748,0.2227166536878407,0.7678551563021471,185.6452330626321,35.89294496867735,42,175.63963379891402,252,437.3324024157199,0.3204175836044791,-0.17804915147112294,0.14534237390797375,False,-0.14706865780855627,normal
139,11120.0,0.0057848481477361,0.2176827233285126,0.7731115808210034,185.6867004116142,35.32262650264418,36,181.9043691277759,262,417.5736156590237,0.3235552914996091,-0.04833989612205784,0.05036151343603018,False,-0.1571369519599029,normal
140,11200.0,0.005757036377795,0.2144843697852931,0.7758649460451663,185.7478306819446,35.14203914475916,42,172.14921909883603,229,440.7669373425185,0.3251976225903121,0.504412799356968,0.13404826008678322,False,-0.170034415328492,normal
141,11280.0,0.00642451885638,0.210868839692958,0.7788129936589164,185.9000444988319,35.06584114260807,48,163.92856706785537,244,417.050522397878,0.3267588302563063,0.369592481393064,-0.17171623488345347,False,-0.18980487248640238,normal
142,11360.0,0.0068138836355545,0.2097563688953165,0.7798976526866169,186.1677884080543,34.996825632209045,46,171.30011720825237,245,422.4078145238163,0.3272622546346171,0.4808696521728871,-0.005772109649947502,False,-0.19103419761677864,normal
143,11440.0,0.0070085660251418,0.2081154744687952,0.7815941706530204,186.38624986094115,34.84838342908804,40,186.47267919759815,273,400.9277459830204,0.3281775709205238,0.249081731241032,0.02144955162310716,False,-0.15936981588741989,normal
144,11520.0,0.0077316720436088,0.2056958504839248,0.7830125709200133,186.61199799755255,34.92738839853607,54,167.66185210058435,259,411.7148297101477,0.3288945936860548,0.4736888727786849,-0.15913753256788987,False,-0.18931696827179462,normal
145,11600.0,0.0086494604516631,0.2064745800422739,0.7814273000333741,186.8318778507064,35.20404845833044,39,214.7006465222452,262,404.8111177890061,0.3277687188509572,0.27884059805385564,0.6848921310755572,False,-0.15539853081083288,normal
146,11680.0,0.0079263544331961,0.2092001334964957,0.7787851818889754,186.8450606296585,35.56338512848374,38,201.26342737064917,256,412.4317067150749,0.3264559853533405,0.28525460048166873,0.5676886008896632,False,-0.1739478227343898,normal
147,11760.0,0.0067860718656135,0.2132884636778284,0.7758927578151074,186.80228612748917,35.53364274482856,38,185.15726833040137,256,422.2271719615456,0.325011439794917,0.2656010813176079,0.28302713185218953,False,-0.17633464978879,normal
148,11840.0,0.0067026365557904,0.2143731227055289,0.7751696517966403,186.75536767159863,35.57409830931234,40,186.84179278016512,243,433.0449644647573,0.3245785868495893,0.36303319058171124,0.4036807591337559,False,-0.17338551636067923,normal
149,11920.0,0.0063688953164979,0.2128434753587718,0.7766992991433975,186.7599566136389,35.34216092259678,43,169.89289477118135,244,425.958202702788,0.3255719878203396,0.4317755640669356,0.044045278059506796,False,-0.1883302902120776,normal
150,12000.0,0.005701412837913,0.2095616865057292,0.7802592056958505,186.8143842474135,34.97242656235379,34,187.33157085534367,241,426.2372214019464,0.3278201478566216,0.7010533362406131,0.31662199367877897,False,-0.18468744482146815,normal
151,12080.0,0.0065079541662031,0.2076148626098564,0.7807041940149071,186.7766158638336,34.99899231684268,41,185.22542364938465,253,423.7965876756228,0.3279998624982645,0.5918894240805919,0.23399676287030252,False,-0.18647817327582028,normal
152,12160.0,0.0075369896540215,0.2047502503059294,0.7833185003893648,186.63747357881851,35.42211386295399,45,189.7161553239953,256,419.12371956776406,0.3292198256788948,0.5689133352922492,0.3800456607272828,False,-0.1810406800278036,normal
153,12240.0,0.0070920013349649,0.2047502503059294,0.7838747357881856,186.6835854933808,35.181244541946675,48,169.65402282751072,254,428.0280945000274,0.3296202140538206,0.7425681076850785,0.05040953862452006,False,-0.19195946232281497,normal
154,12320.0,0.0086494604516631,0.2000778729558349,0.7875737011903438,186.84049949938813,35.50370357645232,54,176.95432661106594,258,410.269771188523,0.3314143358592331,0.6767462414666565,0.17873562285154776,False,-0.18268486199621076,normal
155,12400.0,0.0104016019579486,0.1935142952497497,0.7929135610190232,187.10607409055515,35.4276283329785,47,209.0362744817947,256,392.70911195703854,0.3341880216489784,0.7916771764569707,0.7469852745712346,False,-0.13920881848101185,normal
156,12480.0,0.0105684725775948,0.1893425297585938,0.7973634442095895,187.3627767271109,34.97931064532343,47,206.4450094477411,229,414.8692394493652,0.3367649894900615,1.4293767255983711,0.9115134935402233,False,-0.13174697384723616,normal
157,12560.0,0.0088719546111914,0.1869507175436645,0.8004227389031038,187.49402046946267,34.2137461219267,43,193.935920623006,245,400.6480509598012,0.3390530294333744,1.5440354503168863,0.4154179906108992,False,-0.1388149381297723,normal
158,12640.0,0.0080932250528423,0.1846423406385582,0.8034820335966181,187.43892535320947,33.60278980204901,37,202.19854769965727,237,414.4276371395256,0.3410401593411953,1.9301498215906667,0.5627248106354404,False,-0.12572693687212683,normal
159,12720.0,0.0075648014239626,0.1889253532094782,0.7993658916453443,187.2231616420069,33.63856818149277,39,188.23712710095796,249,404.7537827502212,0.3387031258566491,1.5657570204101812,0.17650690623879733,False,-0.15467186320996162,normal
160,12800.0,0.0062854600066748,0.1982701079096673,0.7901323840249194,187.07703860273668,33.953159136172346,42,172.8430125666473,224,428.9618336655593,0.3335957399161157,1.4430571698394028,0.08642075029033357,False,-0.17857126974870635,normal
161,12880.0,0.0063410835465569,0.2039715207475803,0.7844031594170653,187.05634664590053,34.38796755951041,44,178.9465880445359,238,423.8206672837052,0.3302085655367824,0.9462289540142433,0.1065561346238838,False,-0.1904103882473026,normal
162,12960.0,0.0056457892980309,0.2066692624318611,0.7832906886194237,187.1813049282456,34.30164784150603,38,183.94938004270503,248,419.32736564304577,0.3295846367997732,0.8221500351444146,0.07962905269075483,False,-0.18784902445260682,normal
163,13040.0,0.0048948715096228,0.2048058738458115,0.7871287128712872,187.3573534319724,33.909193294127626,38,170.94821868494694,268,399.49430343058486,0.3318222550096453,0.8030419571643189,-0.402435045884378,False,-0.17717095536734523,normal
164,13120.0,0.0055345422182667,0.1986038491489598,0.7929969963288463,187.52336188675048,33.589191243374714,41,178.78676963225868,269,389.9623174216077,0.3351079572859012,1.014353448680074,-0.33107384966874676,False,-0.15317998169170532,normal
165,13200.0,0.0047280008899766,0.1968795194126154,0.7944153965958394,187.57815107353431,33.49194291420068,44,154.73994256660782,241,415.9645042726626,0.3362501571298086,1.5699429515126209,-0.48183117859840424,False,-0.1888245030971873,normal
166,13280.0,0.0031149182333963,0.1984369785293136,0.7935532317276671,187.53615530092333,33.241511830045376,28,153.14720344894536,243,414.1738759149047,0.3361723746827834,1.6606719232351184,-0.5497234071152113,False,-0.17175778660239177,normal
167,13360.0,0.0033652241628657,0.202998108799644,0.7888252308376905,187.49969407053064,33.47251152224658,37,140.9355141609256,250,424.3458656351715,0.3333323546034626,1.3978853196431664,-0.7575753932112289,False,-0.18830831156657513,normal
168,13440.0,0.0049226832795639,0.2010512849037712,0.7891033485371008,187.49257425742573,33.9157006850387,37,173.41233050174353,251,416.5527319740507,0.3332018029966954,1.2095495978687805,-0.14489932757998444,False,-0.19229756808781334,normal
169,13520.0,0.0054789186783846,0.202302814551118,0.7886027366781622,187.61055178551564,34.24078892693929,35,184.94125278666635,259,406.7472529951664,0.3326276127696034,0.9924238584551751,0.022495779500755972,False,-0.17911904048139005,normal
170,13600.0,0.0052564245188563,0.2034987206585827,0.7876293247302258,187.7610690844365,34.08918920706362,34,185.09121027074315,249,414.6733676020056,0.3321003739796822,1.0987949324627613,0.07259538686953369,False,-0.18155350556523236,normal
171,13680.0,0.0048392479697407,0.201607520302592,0.7898264545555679,187.85665813772388,33.75522572203444,36,165.325635177906,259,408.2224435596737,0.3334873281140749,1.1827595658433554,-0.3786706302996557,False,-0.18493574694496884,normal
172,13760.0,0.0054511069084436,0.2001056847257759,0.7906886194237401,187.91878963177217,33.69024599339176,34,184.05471432525164,258,410.3271111598036,0.3338789798186885,1.2182736359103004,-0.036878208758799276,False,-0.1748631286583281,normal
173,13840.0,0.0058960952275002,0.1975470018912003,0.7924129491600845,187.86992435198576,33.89983258593775,32,193.6261037401005,266,398.29853480028834,0.334863873962264,1.1380973665376455,0.10234602122526537,False,-0.1473766926659109,normal
174,13920.0,0.0059795305373233,0.1970463900322616,0.7932194904883747,187.71437312270552,33.985051409741736,33,187.5026004630741,261,395.9463530922127,0.3352736303791354,1.1708350680590451,0.031822320091603906,False,-0.15528180555839904,normal
175,14000.0,0.0075369896540215,0.1993269551674268,0.7889364779174547,187.3582990321504,34.570821539290286,47,177.41090184314638,232,416.2846210440178,0.3325002824472491,1.1331280764271703,0.17767848839713432,False,-0.18572667527977493,normal
176,14080.0,0.0120703081544109,0.1968795194126154,0.7867393480921125,186.85476693736788,35.73263592635579,34,224.9283042713957,240,411.777253411807,0.3303535452097219,0.7193979468204982,1.3404736478165429,False,-0.1328985201350787,normal
177,14160.0,0.0159639559461564,0.1977416842807876,0.7817610412726665,186.299532762265,37.10968940191613,43,204.4420643825333,230,413.45589505741776,0.3266950545070509,0.3435219652368322,1.427791729905784,False,-0.13624011105291112,normal
178,14240.0,0.0199410390477249,0.1984926020691957,0.7773667816219825,185.892924685727,38.250053264061314,38,248.1699186161903,232,413.0448169155541,0.3232937659509086,-0.15813551461832573,2.4747933755315943,False,-0.0791478982055061,normal
179,14320.0,0.0211369451551896,0.200912226054066,0.7737512515296473,185.48445322060297,38.7878496832465,30,273.7826226911601,243,417.4248364498808,0.3209174339797958,-0.48694574448812694,3.0086438296211053,False,-0.04542775050976766,normal
180,14400.0,0.0233618867504728,0.1964345310935588,0.7766158638335744,185.24079430414952,39.45114506441902,41,225.12030608794277,225,438.9642812293646,0.3221380092567985,-0.08099732374485476,2.6453341051004133,False,-0.0842485630968502,normal
181,14480.0,0.024947157637112,0.1908443653354099,0.7805373233952608,185.1806096339971,39.74844876250376,43,204.0013637152957,236,415.13370598929646,0.3242386238727233,-0.12294357511797667,2.3067807112857204,False,-0.11524581018952335,normal
182,14560.0,0.0261708755145177,0.1812493047057514,0.7886861719879853,185.3692568695072,39.86897984541776,41,190.941621150525,234,406.9605789132621,0.3290488724744049,0.32746086628681587,2.2498943002525658,False,-0.08512935610249589,normal
183,14640.0,0.028534875959506,0.1765491155857158,0.7911892312826788,185.41859494938257,40.255096133237686,38,212.0823273206172,231,412.9981622830652,0.3302074016011259,0.45280456000720865,2.8483636702662682,False,-0.05933967292082987,normal
184,14720.0,0.032094782511959,0.1767994215151852,0.7869062187117588,185.0005840471688,40.9647693927072,38,235.5680315179992,262,388.1912619429655,0.3270932657944179,-0.3514026676417805,3.208314865771103,False,-0.03041552425319083,normal
185,14800.0,0.035654689064412,0.1785515630214706,0.7818166648125486,184.3898097674936,41.97599503462971,42,246.1878394385577,250,394.3111433046757,0.3233687254990744,-0.7305651034089642,3.7399310225698597,False,-0.02890471402533612,normal
186,14880.0,0.0382689954388697,0.1841973523195016,0.7735843809100011,183.6108855267549,42.62030961298169,46,243.4283597272739,250,396.3985763391048,0.3178680493054343,-1.3355070482263331,3.8495965122641875,False,-0.0364204128549962,normal
187,14960.0,0.0386583602180442,0.1933474246301034,0.7644621203693404,182.7325898320169,43.22120976959001,41,247.92053569785884,257,398.842249636486,0.3121416702196757,-1.9796122258332665,3.9587756475080518,False,-0.03261115561159067,normal
188,15040.0,0.0382968072088107,0.2041105795972855,0.7537545889420403,181.90902770052287,43.58373016299422,44,216.2294020415304,241,433.5061263720036,0.3057745323245921,-2.21039694470858,3.6569096238953493,False,-0.04745037275869002,normal
189,15120.0,0.0382968072088107,0.2112860162420736,0.7473578818556013,181.2693848036489,44.01680986946274,40,208.0676868532053,240,445.73172424552575,0.301858303609783,-2.5110534721099564,3.627445890638393,False,-0.01851931888335001,normal
190,15200.0,0.0397986427856268,0.2134275225275336,0.7437979753031483,180.76576927355657,44.49842260995575,38,215.05858721045288,245,437.80387557258064,0.2994541080111823,-2.9069986890614694,3.804936736490996,True,0.002388594517150122,high_porosity+resin_rich+large_pores
191,15280.0,0.0431082434086105,0.2118144398709533,0.7418789631772166,180.47346757147625,45.18908977741299,43,235.85812539234735,265,409.3734387271604,0.2977155052131,-3.564531631881325,4.1263800524267875,True,0.018534735743047648,high_porosity+resin_fragmented+large_pores
192,15360.0,0.0447769496050728,0.2112025809322505,0.7402102569807543,180.40290911113584,45.6632065924295,48,222.85474136507136,257,413.2575549790872,0.29649322590882,-3.6112087163521607,4.118980635301002,True,0.012017991362428981,high_porosity+resin_fragmented+large_pores
193,15440.0,0.045639114473245,0.2098119924351985,0.7406552452998109,180.6009011013461,45.93337852028044,39,259.6749813084353,255,418.9209916343668,0.2966094916963536,-3.5691809834816968,4.876308592522642,True,0.043848434035743455,high_porosity+large_pores
194,15520.0,0.0458337968628323,0.2073367449104461,0.7437145399933252,180.9035209700745,45.89080239698525,48,216.6185136707604,257,412.98036304641386,0.2982955046628185,-3.38936765411498,4.149844475769624,True,0.0016805808908429976,high_porosity+resin_fragmented+large_pores
195,15600.0,0.0457503615530092,0.2028312381799977,0.7488875292023585,181.19779730782068,45.70225495722481,42,230.11820156330785,243,421.81043565033593,0.301340293300328,-2.9149837987501797,4.50679058030426,False,-0.003699440122885922,normal
196,15680.0,0.0466681499610635,0.1951273779063299,0.7558404716876183,181.40813772388475,45.49281683830025,50,211.72406807122584,262,388.754432072321,0.3053894958906158,-2.906338245828142,3.9883403317891073,False,-0.004625871376773061,normal
197,15760.0,0.0469184558905328,0.1912059183446434,0.7594281900100123,181.6194237401268,45.43829218594709,37,264.9330190751153,253,397.4366009718707,0.3075649060772935,-2.6162396008363653,5.0039474956952255,True,0.005676247657383837,high_porosity+large_pores
198,15840.0,0.0481421737679385,0.1898709533874736,0.7594281900100123,181.9115585715875,45.55835377555854,42,258.8512895033352,250,401.5067502598412,0.3073923098985805,-2.5664240259915574,5.007068660932731,False,-0.0010470479692270551,normal
199,15920.0,0.0483646679274669,0.1892312826788297,0.7587050839915452,182.1838914228501,45.53362121034403,43,261.1174072198648,258,394.8797720366026,0.307087993221478,-2.6673733839752756,4.984937379383005,True,0.003354408739285275,high_porosity+resin_fragmented+large_pores
200,16000.0,0.0481143619979975,0.1886750472800089,0.7593725664701302,182.3997107575926,45.18109423110892,53,219.8420587971476,268,385.27442179558017,0.3075605086059633,-2.6753297788905748,4.133882064995326,False,-0.003011207218322043,normal
201,16080.0,0.0481699855378796,0.1872010234731338,0.7610968962064746,182.51379463789075,45.16834192428116,45,249.07267845602945,258,395.2038455708884,0.3085721385502341,-2.458573865894095,4.7391819746139,False,-0.010080065957068784,normal
202,16160.0,0.047752808988764,0.1904271887862943,0.7583991545221938,182.65460562910224,45.25494140455061,49,236.17622343964368,243,407.6109386640209,0.3069502965433637,-2.3940461137376388,4.6229818465699655,False,-0.01908996512537131,normal
203,16240.0,0.0451941261541884,0.1935699187896317,0.7581210368227834,182.8203359661809,44.85391219208032,39,248.55716763163727,244,409.2446932949832,0.307136980057242,-2.3083481589345505,4.669146483208396,False,-0.01900751661501443,normal
204,16320.0,0.0436644788074313,0.1910668594949382,0.762098119924352,183.09625653576597,44.529592151213976,40,242.33214689402584,271,383.6045472431096,0.3098298922004471,-2.389361402681083,4.213791193761001,True,0.002187880631204453,high_porosity+resin_fragmented+large_pores
205,16400.0,0.0426910668594949,0.1843085993992657,0.7700522861274891,183.3700912226054,44.22269234067459,43,238.27982577958437,269,376.8620926587732,0.3148554404378208,-1.9527211816390404,4.072279327321664,False,-0.0005508715947565301,normal
206,16480.0,0.0408554900433863,0.180915563466459,0.7758093225052842,183.53668372455223,43.74296714579605,42,235.7998819497113,256,388.1053295046373,0.318620733188998,-1.3980896032879664,4.023406789651033,False,-0.021195299328186645,normal
207,16560.0,0.0378518188897541,0.183780175770386,0.77569807542552,183.78014795861608,43.15395845476041,38,230.8180955809732,245,404.9390670026644,0.3190400503520713,-1.061208954119328,3.856407792451699,False,-0.04381353377405284,normal
208,16640.0,0.0354878184447658,0.1872566470130159,0.7744187340082322,183.99054399822003,42.5159059399822,46,202.11631026997776,234,421.6793332883405,0.3186450466349699,-0.8154732306367961,3.2654148907675085,False,-0.06755613812392874,normal
209,16720.0,0.0315107353431972,0.1936811658693959,0.7716097452441874,184.1658972076983,41.93545405496374,38,197.21597792071992,230,438.2987181612053,0.3176383750695895,-0.6366573226392236,3.019745001396401,False,-0.06458297127142404,normal
210,16800.0,0.0296473467571476,0.1976582489709645,0.7695238624986094,184.19562798976528,41.61371194880593,39,189.30139099744568,233,430.6087054977909,0.3166974023230966,-0.779030826102551,2.6653363525162135,False,-0.08697177800079192,normal
211,16880.0,0.027088663922572,0.2024696851707642,0.7672989209033263,184.05904438758483,41.25268076482953,34,203.09270244613535,231,427.99528329964943,0.3158237540661288,-0.8839124452643539,2.6800859621106703,False,-0.08119071035305653,normal
212,16960.0,0.0254199577261096,0.2090332628768494,0.762125931694293,183.573589943264,41.04351734403132,41,187.7406720223108,223,447.7144673627256,0.3131135821973998,-0.9749634168222565,2.368324044352898,False,-0.07084658327887183,normal
213,17040.0,0.0244187340082322,0.2198242296139726,0.752864612303927,182.86828345755924,41.164909672742944,40,212.47711375901295,225,450.9640178439866,0.3078507493534207,-1.6101902772888812,2.6252258450351893,False,-0.039144290201241994,normal
214,17120.0,0.0226944042718878,0.2283346312159306,0.7449104461007898,182.4601457336745,40.86020625010748,48,195.90921127380716,259,429.3846037237663,0.3038154568770252,-2.4133021867637465,1.8475028568491023,False,-0.04361779115973774,normal
215,17200.0,0.0196629213483146,0.2299755256424518,0.7460507286683724,182.81708198909777,40.169400148830896,45,199.8644735562084,244,454.2571218939697,0.3051783182422421,-1.9251900362883265,1.8626903230488032,False,-0.03717981023453909,normal
216,17280.0,0.016436756035154,0.2227444654577817,0.7567304483257314,183.79619534987208,38.87066852964288,50,185.53396728287225,251,438.0549109446234,0.3119363631169874,-1.3116718471989774,1.2034648746188934,False,-0.08801453611994636,normal
217,17360.0,0.0133218378017577,0.2076426743797975,0.7750584047168761,185.147179886528,37.16576533473934,61,163.25400735136722,261,418.3150906562761,0.3231724334947006,-0.28486849084152516,0.36266995741423813,False,-0.1592846637594228,normal
218,17440.0,0.0095672488597174,0.1960451663143842,0.7905495605740349,186.6133885860496,35.521946383902474,45,184.60599361393616,257,399.8866347136519,0.3330236661097998,0.7664998414113514,0.3755752192086853,False,-0.16577573840269072,normal
219,17520.0,0.0075091778840805,0.1911502948047613,0.7974468795194126,187.8425853821337,34.41706074526524,49,175.81958415552788,252,400.248256514511,0.3375271480316536,1.3901957658504849,0.017621677024358143,False,-0.1609039231398095,normal
220,17600.0,0.007175436644788,0.1884525531204806,0.8011736566915119,188.34536655912785,34.15790081630233,49,162.9250981861838,251,404.55295550247945,0.3397256600972172,1.7294203422708279,-0.18247893813924232,False,-0.160399106549106,normal
221,17680.0,0.0074257425742574,0.1918734008232284,0.797001891200356,188.23542663255088,34.67684281106476,48,156.9147972792441,245,418.7808435010239,0.3372489886285557,1.6494214950036097,-0.08947551770617078,False,-0.1719101711437654,normal
222,17760.0,0.0079263544331961,0.1960173545444432,0.7926076315496718,188.02875737011905,35.43486590156321,37,178.68869016808657,242,418.8533402784949,0.3345017670767422,1.3679536494635618,0.441515077475262,False,-0.16924552279696187,normal
223,17840.0,0.0086772722216041,0.1983813549894315,0.7897430192457447,187.8465902770052,36.04176750976181,44,166.1985469291528,237,416.84012533244265,0.3326259090171148,1.143790958745754,0.3367667054658911,False,-0.17086293343777115,normal
224,17920.0,0.0090388252308376,0.1991044610078985,0.7874346423406385,187.6453721214818,36.13672997683452,51,159.5214125951402,239,413.4030574588222,0.331353687547911,0.944099057153879,0.19267430035609354,False,-0.1723733624683373,normal
225,18000.0,0.009316942930248,0.1952386249860941,0.7907998665035043,187.52592056958505,35.77243670452443,54,156.93568328728665,239,407.118022942628,0.3333292706573816,1.0700834893812305,0.08007739453132823,False,-0.1731127505280718,normal
226,18080.0,0.0094281900100122,0.1942374012682167,0.7920792079207921,187.3021192568695,35.52466559409336,51,159.73231867950477,239,410.2703944246744,0.3340179446583796,1.15856797336572,0.12089949240112836,False,-0.176655952591244,normal
227,18160.0,0.0106240961174769,0.1951273779063299,0.7898542663255089,186.9828679497163,35.7748516602075,62,158.45795993010023,238,422.2746322376151,0.33248912947344,1.0126126131236117,0.1852645319945347,False,-0.1709985992720523,normal
228,18240.0,0.0104850372677717,0.196601401713205,0.7882133718989877,186.88914228501503,35.68740367393556,54,169.23041172216776,239,420.0619205538796,0.3315796178680558,0.9267506191914102,0.3471865024018774,False,-0.1757024782527738,normal
229,18320.0,0.0092056958504839,0.1991600845477806,0.7871009011013461,186.8642507509178,35.51525222668704,54,158.49487860603563,260,412.0043039407188,0.3311391154295726,0.7212521419527236,-0.06283446464052661,False,-0.18306839255586127,normal
230,18400.0,0.0077038602736678,0.2016353320725331,0.7868784069418178,187.03762932473023,35.42890031635315,56,149.31522467215402,232,441.72793395776,0.3311984713149178,1.1602879189285837,-0.03374946785219236,False,-0.17612763273646637,normal
231,18480.0,0.0066192012459672,0.1976582489709645,0.7916620313716765,187.42596506841696,35.28402938973755,44,152.75799183923044,237,426.3627699266197,0.3342701263605377,1.4051529754225514,-0.0396847208226463,False,-0.1864774886557502,normal
232,18560.0,0.0062854600066748,0.1996328846367782,0.7908554900433864,187.474051618645,35.11478673699772,44,156.65487117320652,255,411.5051208704233,0.3337459991914472,1.1169363088138238,-0.2061313941394896,False,-0.19135103161540956,normal
233,18640.0,0.0063132717766158,0.2042496384469907,0.7864890421626433,187.0752308376905,35.32964508609829,54,155.6358656615907,271,404.65722991564496,0.331135380368691,0.597769879684885,-0.4016495291102578,False,-0.17617465654812586,normal
234,18720.0,0.0060629658471465,0.2073923684503281,0.7835131827789521,186.91748247858493,35.358623177681885,54,152.44440299946996,263,413.6362575974251,0.329457055178591,0.5539184532856631,-0.40278907230868166,False,-0.18742465863258373,normal
235,18800.0,0.0054511069084436,0.2042218266770497,0.7866002892424074,187.1088552675492,35.278427035159304,44,158.87229572398635,244,421.42960910697695,0.3314728944437639,0.9998377829190619,-0.12180546829906955,False,-0.19482528345293143,normal
236,18880.0,0.0061185893870285,0.2011069084436533,0.7885471131382801,187.10215263099343,35.39312371007823,62,137.59765387487133,240,414.0500582211749,0.332549216648162,0.9987009931886945,-0.49928194220110766,False,-0.18417059652571,normal
237,18960.0,0.006480142396262,0.2019690733118255,0.7878240071198132,187.0058960952275,35.31024975307504,57,149.80658185379286,256,410.8674390704723,0.3319873090812034,0.8166616811468758,-0.38233533989560164,False,-0.19096373800515615,normal
238,19040.0,0.0067860718656135,0.2030537323395261,0.7862109244632328,186.96815552341752,35.34567727843827,46,170.68981827808804,253,416.2228625193973,0.3310079566214433,0.8050524317595243,0.055729277505652125,False,-0.19022396483050147,normal
239,19120.0,0.0067304483257314,0.2061964623428635,0.7831794415396596,186.78487595950605,35.5014148527268,58,147.76893943043552,260,409.8102327409226,0.3292363366090309,0.49652908871581025,-0.4388289806116675,False,-0.18740278557690782,normal
240,19200.0,0.0103181666481254,0.2068917565913894,0.7778952052508622,186.13307931916788,36.35194042377434,68,169.3718989013023,275,402.87509644717153,0.3255526284189429,-0.2039098560098233,0.018410073874803954,False,-0.1457762387379728,normal
241,19280.0,0.0130159083324062,0.2128712871287128,0.769217933029258,185.340555122928,37.04129881576251,72,172.33078746097104,267,420.9113930493001,0.3199488266364239,-0.6667426915290664,0.3433444133058612,False,-0.13458187324592807,normal
242,19360.0,0.0134608966514629,0.2068639448214484,0.7758649460451663,185.7003281788853,37.03508483951647,71,163.87256921954284,254,420.97435779127983,0.3235955659919667,-0.1874742686863535,0.3531270258602017,False,-0.16129494855758875,normal
243,19440.0,0.0141561908999888,0.2042774502169318,0.7783680053398598,185.97104794749137,36.99768285406624,60,170.74221311878816,259,406.4996026319061,0.3248496671205675,-0.13579050849492855,0.47474144880523667,False,-0.16020703202838632,normal
244,19520.0,0.0151852263878073,0.2027756146401157,0.7782567582600957,186.0173545444432,37.40150604794808,62,167.5279951252439,234,439.9181326930933,0.324661680861911,0.26845644362397414,0.8383825367447596,False,-0.1508852343388436,normal
245,19600.0,0.0151574146178662,0.1979641784403159,0.7830960062298364,186.5446657025253,37.17693608058657,58,160.07572258564747,237,429.15634953393305,0.3275374871299328,0.5432888830552141,0.6897174917383598,False,-0.15557256917266182,normal
246,19680.0,0.0156024029369229,0.1868116586939592,0.7937201023473134,187.2153743464234,37.13471854957394,45,174.98818407108456,239,416.5397095539116,0.3338525327097336,1.1293989006074594,1.0444852976889887,False,-0.14039474299342852,normal
247,19760.0,0.0169651796640338,0.1795805985092891,0.7996440093447547,187.6757981977973,36.90230951794401,44,180.0628139609355,245,404.9450468947826,0.337228665964458,1.3623113018623763,1.126956200459061,False,-0.10662969588392479,normal
248,19840.0,0.0184113917009678,0.1751307153187228,0.801229280231394,187.61742129269103,36.86556822225767,45,188.64347908454948,249,391.8183062089341,0.3381919583090427,1.2987008742170445,1.2629243987048904,False,-0.07596267785512212,normal
249,19920.0,0.0219434864834798,0.1761319390366003,0.7960841027923017,186.90279786405603,37.71295792456979,59,194.82743578341,260,378.6467383274616,0.3345657978908557,0.5779445444407941,1.4366259887692512,False,-0.06585943250331178,normal
250,20000.0,0.0238624986094115,0.1797196573589943,0.7902992546445656,186.39859828679496,38.68552426655504,65,197.87291632731535,264,382.6798570452875,0.3307439761031339,0.09792775784620215,1.669282235558897,False,-0.07226438630258425,normal
251,20080.0,0.0255033930359328,0.1844198464790299,0.7853209478251196,186.22079764156192,39.27215701197792,63,204.97242140883773,281,374.0818849488036,0.3272204980912369,-0.456181118663218,1.7939121641053462,False,-0.05461724418541691,normal
252,20160.0,0.0252530871064634,0.1840304816998554,0.7866002892424074,186.3645844921571,39.28993807727984,48,237.5383698252733,256,393.9001990029996,0.327948199872406,-0.05587695402439505,2.5952612532818646,False,-0.07009174408211882,normal
253,20240.0,0.0246412281677605,0.183057069751919,0.7886027366781622,186.49666258760703,38.76589048634669,61,194.9710547084338,264,377.3070359373283,0.3292108949330292,-0.06406996739594897,1.630216344910118,False,-0.07972963146092354,normal
254,20320.0,0.0239459339192346,0.1869785293136055,0.7851818889754144,186.0854933807988,38.775353149,64,183.57626232699155,244,408.8335618198368,0.3272625629439854,0.10936851336965171,1.6270065545697083,False,-0.1161785712702153,normal
255,20400.0,0.0236956279897652,0.1961007898542663,0.7758927578151074,185.30968405829347,39.39673886725178,61,188.3116482852869,250,402.63474217940814,0.3217457222485055,-0.58703891896653,1.6673858772476973,False,-0.11761289588837964,normal
256,20480.0,0.0234731338302369,0.2042218266770497,0.7679942151518523,184.76657581488485,39.95655871642578,53,207.14118821585865,255,406.31704505703976,0.3170736045821962,-1.102132110610143,2.01101480348228,False,-0.10780072252673079,normal
257,20560.0,0.0225275336522416,0.207253309600623,0.7658805206363333,184.54563911447323,39.954295179046056,60,182.4217992941045,262,407.5481156971912,0.3160101328311129,-1.2399905513616825,1.4952590726753114,False,-0.10769359670345502,normal
258,20640.0,0.0204694626766047,0.2092557570363778,0.7667426855045055,184.51988541550784,39.437559265489526,62,168.60878835468907,252,426.0645947681125,0.3168167474986945,-0.9228582640027095,1.2119227698844983,False,-0.12651481364004402,normal
259,20720.0,0.0199410390477249,0.2086438980976749,0.7681054622316165,184.5758705083992,39.15299056221331,73,161.80994855115145,274,412.4434487417429,0.3176923765173031,-1.1290171966224294,0.8000295964854617,False,-0.11090771209032557,normal
260,20800.0,0.0200244743575481,0.2090332628768494,0.7672432973634442,184.6851151407276,38.944097810840965,73,170.6392390952246,282,398.1462872419928,0.3172203465159642,-1.338055931649709,0.7876358181110351,False,-0.08811579347815635,normal
261,20880.0,0.0203860273667816,0.2029146734898209,0.7719991100233619,185.2397652686617,38.714152073862685,79,176.88593919681523,246,422.043539197759,0.3200861044886958,-0.6323570324326164,1.176363253043487,False,-0.13158173510199533,normal
262,20960.0,0.0190232506396707,0.1934864834798086,0.7828457003003672,186.295277561464,37.77930215507053,71,183.394332753473,243,408.59286053526336,0.3268037876616558,0.08190599724151515,1.1407705009487836,False,-0.13583663617998987,normal
263,21040.0,0.01713205028368,0.188758482589832,0.7899655134052731,187.21907331182555,36.86614161207131,64,186.89471711677368,243,413.27129491327736,0.3313569890764963,0.7095206678626238,1.0715257510513154,False,-0.1360876562799817,normal
264,21120.0,0.0144343085993992,0.188035376571365,0.793386361108021,187.82823450884413,36.5646254128359,66,173.31134490365574,230,428.0466374498869,0.3338917731154979,1.2347466381702983,0.8366822734502679,False,-0.12473235787427717,normal
265,21200.0,0.0120146846145288,0.1858104349760818,0.797752808988764,188.30331516297696,35.84992778817264,62,171.63216121559375,235,418.8651517748317,0.3369904106863763,1.5227820933984113,0.5605392950629402,False,-0.13862738913909717,normal
266,21280.0,0.0090666370007787,0.185921682055846,0.801284903771276,188.65271442874624,34.93642671465385,49,178.4262381964373,239,410.0642319993131,0.339535529773358,1.7927390060951638,0.38935685423714556,False,-0.13895110967651003,normal
267,21360.0,0.0071198131049059,0.182389587273334,0.8074869284681278,189.0100122371788,34.176162436161626,56,152.2843416308935,256,383.7027423184312,0.3435199653037646,1.9194355392890716,-0.45571394275752464,False,-0.10059595768101964,normal
268,21440.0,0.0055901657581488,0.1868672822338413,0.8038157748359106,189.1464567805095,34.17939963487081,57,135.75191703937517,266,390.2062636597927,0.3416708875299072,1.8012153866108913,-0.8216839692951535,False,-0.11231684339161468,normal
269,21520.0,0.0046167538102124,0.195878295694738,0.7946100789854267,188.8352986984092,34.466494182606176,59,125.90370785747976,245,429.07135531305767,0.3365098941170289,1.7513584005424747,-0.7524100438132222,False,-0.15826304878364927,normal
270,21600.0,0.003587718322394,0.1983257314495494,0.7938869729669596,188.52458560462787,34.40945110828756,48,127.292904829384,249,425.7539597954046,0.3361859601216477,1.698061778769298,-0.7833129659971892,False,-0.1678792882270223,normal
271,21680.0,0.0041995772610968,0.1973801312715541,0.7949716319946601,188.34539437089776,34.44827589244576,53,128.96988555604383,254,416.58450567989456,0.3366096933198288,1.5648368995297348,-0.8253129934854152,False,-0.16589105513260755,normal
272,21760.0,0.0043664478807431,0.1960173545444432,0.7960841027923017,188.37328957614864,34.554688085189355,49,133.64758748898944,253,416.4599268869413,0.3372481805364699,1.642701025132546,-0.6857458446879015,False,-0.16645899340547027,normal
273,21840.0,0.0047280008899766,0.1906496829458226,0.8006452330626321,188.4571142507509,34.12904583588265,58,129.21368390550154,247,414.7464812686072,0.3399584424749859,1.9012103928016302,-0.8022929604676328,False,-0.16179279452379508,normal
274,21920.0,0.0053676715986205,0.1799977750584047,0.8105740349315831,188.7174046056291,33.51577948314867,58,134.5935987715372,246,398.21892393563377,0.3458450809413428,2.3543052979598844,-0.7890733607620475,False,-0.1124561134734886,normal
275,22000.0,0.0066192012459672,0.1731560796529091,0.816247635999555,189.02600400489487,33.3379234508023,61,143.32030154528812,243,404.3175643931772,0.349093983536975,2.7190190794061233,-0.5425077489806516,False,-0.06908395479727947,normal
276,22080.0,0.0073423072644343,0.1729057737234397,0.8166926243186117,189.09158415841583,33.28737731686253,65,141.66641694713536,235,410.12944197409325,0.3491132745400791,2.7972215809647345,-0.5052095417188212,False,-0.06796086536355439,normal
277,22160.0,0.0073701190343753,0.178774057180999,0.8107965290911113,188.80732005784847,33.85572837155964,54,153.17151731192837,254,400.8768906742578,0.3454989486056031,2.264135829618805,-0.3479038146339081,False,-0.10711392856997815,normal
278,22240.0,0.0085104016019579,0.1842251640894426,0.8037323395260875,188.51663143842475,34.41730640952684,57,164.71937011787233,272,379.607722578465,0.3410836894255541,1.4726757213925008,-0.28546915087171204,False,-0.09785042680593281,normal
279,22320.0,0.0077038602736678,0.1917343419735231,0.7980865502280565,188.19765824897092,34.64581298518158,63,144.89313767653198,257,406.05519662935785,0.3376775278327872,1.4256323319075401,-0.48624379903161913,False,-0.15607266437281703,normal
280,22400.0,0.0076204249638446,0.2011903437534764,0.7887139837579263,187.900016687062,35.30603673362656,50,166.98426417060398,257,414.0966413268613,0.3321245563897688,0.9422488879650585,0.00022204482886970306,False,-0.18133843911981073,normal
281,22480.0,0.0080932250528423,0.2071698742907998,0.7814829235732562,187.40502280565136,35.92089779114917,49,174.4028951744744,250,417.2294242309976,0.3278886356719682,0.527714860519813,0.24027177374237557,False,-0.18104286266676556,normal
282,22560.0,0.0076482367337857,0.2190176882856825,0.7690510624096117,186.4727444654578,36.59831945025535,54,161.46881578902196,242,445.1900583543572,0.3209271327206425,0.029607940303158567,0.1826864902189223,False,-0.1486639071194738,normal
283,22640.0,0.0069251307153187,0.2253309600622983,0.7628768494827011,185.66620313716768,36.70190165819701,62,145.3076691681446,253,441.8553006958157,0.3176510472957661,-0.47795053483873545,-0.2612665540277532,False,-0.1269969015614379,normal
284,22720.0,0.0073144954944932,0.2213816887306708,0.7667704972744466,185.22446879519413,36.27489240982786,87,128.64239723082892,253,435.869104129374,0.3197302916077874,-0.4836970001108585,-0.7370452610713313,False,-0.13317187636182848,normal
285,22800.0,0.0077316720436088,0.2150684169540549,0.7733340749805317,184.8771554121704,36.04741194879345,87,132.7961481467495,259,415.03680367933714,0.3233154823430694,-0.397360081931409,-0.7872660653041742,False,-0.15916626172960663,normal
286,22880.0,0.0076760485037267,0.2144565580153521,0.774947157637112,184.7714984981644,35.884078015993026,80,139.21886959251495,251,433.2350049049252,0.3241420892635104,-0.10182082315136443,-0.5458044691369168,False,-0.1675946676352572,normal
287,22960.0,0.0070085660251418,0.2160140171320503,0.7739181221492936,184.89203470908888,35.724032513412816,84,131.3096084160183,253,434.71764493684447,0.3237094953232737,-0.1297771956269319,-0.7611380472249407,False,-0.16147423504503938,normal
288,23040.0,0.0058126599176771,0.2179330292579819,0.7726665925019468,185.17107019690727,35.862175584402785,88,119.67491653994566,258,430.1485943701308,0.3233143175161445,-0.2114737147982064,-1.0456755251837078,False,-0.15005389673223957,normal
289,23120.0,0.004338636110802,0.2191011235955056,0.7729447102013572,185.5694459895428,35.63054056403917,61,124.2900057193344,253,436.5606881778549,0.3238005115609072,0.1371708965082739,-0.8591480598908963,False,-0.15529450938227385,normal
290,23200.0,0.0038658360218044,0.2207698297919679,0.7716931805540105,185.86644788074312,35.576969921812285,65,114.73402321700186,239,447.22270474288416,0.3231997510896495,0.28332482168740586,-0.9497346865965755,False,-0.13445402964436726,normal
291,23280.0,0.0049504950495049,0.2139837579263544,0.7774502169318055,186.09478251195907,35.50719271950847,75,122.31796814372974,249,429.88353058722265,0.3262489124241243,0.31203424800596635,-0.9347288702002785,False,-0.17107334973954696,normal
292,23360.0,0.0051729892090332,0.2067526977416842,0.7837634887084214,186.4118923128268,35.14984605176316,66,127.35369053301643,240,432.0964881734946,0.3299459547823072,0.8423215510097934,-0.7311491480286805,False,-0.17915252209921756,normal
293,23440.0,0.0051451774390922,0.2034987206585827,0.7877961953498721,186.7638224496607,34.87903160346912,69,121.57027190532824,253,417.9012258354017,0.3322131649801448,0.8964269774169794,-0.9899558685856442,False,-0.1808497142637785,normal
294,23520.0,0.004310824340861,0.2033874735788185,0.7887139837579263,186.92969184558905,34.73526544621029,54,123.67359301136784,246,434.8577896802116,0.3329209035681565,1.265945862962881,-0.8001880912018462,False,-0.1828833477193788,normal
295,23600.0,0.0053676715986205,0.2052786739348092,0.7854043831349428,187.04958838580487,34.91649470698449,51,139.38043076100902,235,440.6248006122116,0.3308184326912098,1.1751914182397933,-0.3981073897156902,False,-0.18449151176702555,normal
296,23680.0,0.0051729892090332,0.2018022026921793,0.7897430192457447,187.3107130937813,34.77346579647501,43,148.40266677009595,216,464.11072053194215,0.3333145967061549,1.7754235198292605,-0.002201305115642903,False,-0.14213673918572145,normal
297,23760.0,0.0054232951385026,0.1942095894982756,0.7973912559795305,187.5520636333296,34.072355303864555,53,138.16931775783124,248,405.1913002240784,0.3377509994583279,1.5197443528799113,-0.7239499355397349,False,-0.17580656801935812,normal
298,23840.0,0.0048114361997997,0.1912059183446434,0.80058960952275,187.736316609189,33.48000360330689,61,126.88874158739188,231,417.3185986959116,0.3398290889362393,1.9417803306600854,-0.9068545933686609,False,-0.1626265672672213,normal
299,23920.0,0.0039492713316275,0.1924574479919902,0.799143397485816,187.86138613861385,33.18112858465784,56,121.13440166313646,238,422.244104061934,0.3392699469696599,1.9777909700243703,-1.0633315576719815,False,-0.16392718381810056,normal
300,24000.0,0.0049504950495049,0.1889809767493603,0.8017855156302147,187.8294304149516,33.17876137339254,78,119.75614425293112,249,409.98878511363387,0.3406436181197648,1.785885299079959,-1.2641206813512902,False,-0.1497836399111908,normal
301,24080.0,0.0033930359328067,0.1921237067526977,0.8009511625319835,187.6864222939148,33.05788679727912,57,118.33447098758748,248,419.3923870980472,0.340324861520935,1.967077689806116,-1.2225091760973776,False,-0.15499311117459663,normal
302,24160.0,0.0029480476137501,0.2007731672043609,0.7930804316386695,187.63054844810324,33.60114905573696,61,109.11095181583582,242,431.31984780827815,0.3357035494016172,1.633105815121493,-1.2973704489209423,False,-0.15513130688486554,normal
303,24240.0,0.0031983535432194,0.2056680387139837,0.788463677828457,187.6359995550117,34.465223791050335,56,115.77459295881924,238,433.575686630236,0.3328807527410103,1.379658546769462,-1.0132106032091788,False,-0.16171401005760333,normal
304,24320.0,0.0037824007119813,0.2105350984536655,0.7833741239292469,187.76123595505615,34.85034164045129,56,125.94354063610056,236,431.5958964905752,0.3297565570134266,1.0470382387660968,-0.8088461762287189,False,-0.1733934984723609,normal
305,24400.0,0.0033652241628657,0.2077261096896206,0.786322171542997,188.04232951385023,34.45261997273747,40,135.74022121280902,241,431.3396243786703,0.3315884925922371,1.3228362179525364,-0.6423152586374365,False,-0.17317958568586234,normal
306,24480.0,0.0029480476137501,0.205111803315163,0.7891589720769829,188.27605962843475,34.335020651267016,46,122.32777587204322,242,429.9480423925207,0.3333514823731401,1.4965157827685425,-0.9059639805762483,False,-0.1639444490559464,normal
307,24560.0,0.0034764712426298,0.1978251195906107,0.7944710201357215,188.32075314273,34.31063222452794,55,122.20891329826534,210,449.23603931678974,0.3365561046394227,2.1088459988591235,-0.6267910888399375,False,-0.130351474928241,normal
308,24640.0,0.0038658360218044,0.1918734008232284,0.799143397485816,188.35640783179443,34.14282414481736,54,129.9008966430282,226,429.9564274459669,0.3393768952125982,2.121675990872941,-0.6337644344007486,False,-0.15764326008487006,normal
309,24720.0,0.0035320947825119,0.1824730225831572,0.8089053287351207,188.19112248303483,33.275455530603615,57,116.3557325407848,241,404.8918460728987,0.3452959014140877,2.406438884867463,-1.1507257006782514,False,-0.12591655704617155,normal
310,24800.0,0.0047001891200355,0.1822505284236288,0.8089331405050617,187.98957058627207,33.329548483566626,80,114.7478023091488,238,402.9226370511024,0.3449711516707671,2.1923996847347484,-1.2624587518701502,False,-0.11308048249891084,normal
311,24880.0,0.0043664478807431,0.1867560351540772,0.8052063633329625,187.795305373234,33.630301863918945,68,119.27128703374692,237,409.1793092561456,0.3427164912142438,2.0733915213873106,-1.0859003211047782,False,-0.14515149801560234,normal
312,24960.0,0.0052564245188563,0.195183001446212,0.7960841027923017,187.47911336077428,34.66660951999331,76,125.34478690260578,229,431.9436760600098,0.3370728004033244,1.635372008351581,-0.7410443297522499,False,-0.15255167851891915,normal
313,25040.0,0.0052564245188563,0.20369340304817,0.787017465791523,187.20333185003892,35.46704202806305,61,136.50327402104696,225,443.1540517232039,0.3317955398325531,1.2720353104956328,-0.3329719759135343,False,-0.1685662561435194,normal
314,25120.0,0.0059517187673823,0.2070586272110357,0.7821782178217822,187.07144843697853,35.915865119101056,85,121.84965239941808,206,468.6054130083325,0.3289265554568353,1.1806876100529025,-0.4023194705047838,False,-0.10029948224347679,normal
315,25200.0,0.0055623539882078,0.2075314273000333,0.7830125709200133,187.1638669484926,35.653733168354684,64,133.81848294753763,204,467.3178830528357,0.3293763286785613,1.3475726329668443,-0.1586924901609486,False,-0.11065304200501902,normal
316,25280.0,0.0063410835465569,0.1954333073756813,0.7938591611970186,187.52633774613415,35.089208205493065,81,123.90722244805367,217,435.876524432582,0.3356675098070706,1.5778618711115355,-0.5934388652607087,False,-0.13962664594278373,normal
317,25360.0,0.0072310601846701,0.1818611636444543,0.8064857047502503,187.81124151741017,34.323179503731495,88,126.88556095847052,225,415.85884271682113,0.343100159857091,2.061076497454854,-0.7097494490461594,False,-0.1044697256988098,normal
318,25440.0,0.0060629658471465,0.1751863388586049,0.8139948826343308,188.0684447658249,33.57969905469088,75,127.1897678127539,211,430.2801018365776,0.3479196990786891,2.8577262919442754,-0.6045470368199669,False,-0.07338348153117702,normal
319,25520.0,0.0045333185003893,0.1755757036377795,0.8144954944932695,188.54728000889975,32.9523791219727,69,120.77596980438324,208,439.2155114199195,0.3485705290021314,3.1551830847703988,-0.7751144749293252,False,-0.06622992908755493,normal
320,25600.0,0.0034208477027478,0.1765769273556569,0.815496718211147,189.1327733896985,32.5992413866885,53,124.95373740942432,223,421.9289954172989,0.3492322924055566,3.1490636613144516,-0.8855791026584098,False,-0.08459262158706815,normal
321,25680.0,0.0030314829235732,0.1804149516075203,0.8116308821893425,189.64770831015687,32.781929870785305,58,114.85403628422046,206,453.5919373380041,0.347008074589945,3.357304794556058,-0.8314388072556221,False,-0.05818756314586204,normal
322,25760.0,0.0027811769941039,0.1817499165646901,0.809850928913116,189.9469907664924,32.992040223530445,47,121.7262813894978,225,429.6384957999932,0.3460735753370658,3.0426468797669863,-0.8467542917992359,False,-0.08995766429826813,normal
323,25840.0,0.0029202358438091,0.1776059628434753,0.8145233062632106,190.1072143731227,32.85479118195297,49,119.31434284023908,216,439.0390920383529,0.3487881161138847,3.4329827944584697,-0.7879877280214456,False,-0.06429183078109307,normal
324,25920.0,0.0025030592946935,0.1733229502725553,0.8194738013127155,190.17949716319947,32.434756784885046,47,114.86860584390234,225,412.8193716626467,0.3518414337875466,3.4870170061212704,-1.0797656833228397,False,-0.02410368013436104,normal
325,26000.0,0.0025030592946935,0.1728779619534987,0.8196128601624207,190.24224051618648,32.38221254855982,51,112.30000905359933,212,429.4232321573076,0.3519725467026905,3.7077674047702827,-1.0001572628108275,False,-0.01490807073228162,normal
326,26080.0,0.002864612303927,0.1750750917788408,0.8171098008677272,190.2060295917232,32.52793443060846,53,115.4687002475398,205,443.05593543738223,0.3503744416121335,3.6861740045415394,-0.8387645815567148,False,-0.033999869435064944,normal
327,26160.0,0.0037545889420402,0.1789409278006452,0.8133274001557459,189.93436422293917,32.836938354740376,68,119.3807425726651,212,441.095084419182,0.3477778004362193,3.225170668696242,-0.864051402384358,False,-0.06467260816403025,normal
328,26240.0,0.0032817888530426,0.1814717988652797,0.8115752586494605,189.50336522416288,33.08885048957983,62,115.74048886072065,209,453.1973745642658,0.3467500513523455,3.238551632882579,-0.809501810341287,False,-0.06698499323602036,normal
329,26320.0,0.0028368005339859,0.1858104349760818,0.8068472577594838,189.0873289576149,33.446568249427614,55,111.2144934379804,202,465.42640258177255,0.3440928333203453,3.1450789830688146,-0.7338080022437373,False,-0.047353536324690526,normal
330,26400.0,0.0034486594726888,0.1905106240961174,0.8015073979308043,188.7356769384804,33.94406291055504,63,115.49637967636856,201,471.4961679169934,0.3407845500988256,2.7702089295807313,-0.6130633970687162,False,-0.062496564579012204,normal
331,26480.0,0.0034486594726888,0.1901490710868839,0.8025364334186228,188.4756090777617,33.91920061978636,57,117.85863318270562,206,461.62868328996063,0.3413073876386378,2.7066886879009853,-0.6237625312751668,False,-0.09227490264563293,normal
332,26560.0,0.0039770831015685,0.1851151407275559,0.8078206697074202,188.17663255089556,33.749924169236685,62,120.99747197247792,213,448.4513474502006,0.3442766464261565,2.753058211940766,-0.6812068154991904,False,-0.10523199344085776,normal
333,26640.0,0.0047558126599176,0.1836411169206808,0.8089053287351207,187.9666258760708,33.602082586348985,86,112.94457861384372,248,407.6183885254955,0.3447401164259473,2.0836837568951467,-1.3139791984575035,False,-0.1115778209651242,normal
334,26720.0,0.0045889420402714,0.1899822004672377,0.8025920569585049,187.63141061297145,33.74985036610534,71,120.99298355325185,236,425.723002328141,0.340990463854868,2.0035019249949575,-0.9898437784489021,False,-0.15333991680921394,normal
335,26800.0,0.0051173656691511,0.1940983424185115,0.7958059850928914,187.0732005784848,34.117412971100585,91,113.77085859111897,228,446.69563262561707,0.3371373590347151,1.7001931607019927,-1.0238957961039281,False,-0.12493635508477874,normal
336,26880.0,0.0053120480587384,0.197296695961731,0.7912170430526199,186.4862331738792,34.256685108450945,71,126.71954222616668,233,445.69164435090346,0.3345388442609934,1.469018643936187,-0.7297647985114567,False,-0.1601404278337985,normal
337,26960.0,0.0066470130159083,0.2021081321615307,0.785654689064412,186.06772165980644,34.76746014366634,86,130.69209809804022,241,435.8349956786007,0.330922043944115,0.8171756232028525,-0.7547862929416146,False,-0.1708310748503577,normal
338,27040.0,0.0083435309823117,0.2028312381799977,0.784125041717655,185.83588274557792,35.435943621514255,99,135.23473401686894,235,444.4909545788109,0.3295729402796394,0.637646857906788,-0.5141661697255463,False,-0.1528151231733092,normal
339,27120.0,0.0091222605406608,0.2071698742907998,0.7807041940149071,185.71248192234955,35.8329533554058,108,130.1433309601598,241,433.0532318490732,0.3271939882083843,0.18795556155174573,-0.6792278535469283,False,-0.1534816181814047,normal
340,27200.0,0.0091500723106018,0.2087829569473801,0.7797585938369118,185.7191845589053,35.599733383535934,90,139.4918054966621,247,433.6975941211764,0.3265482710614114,0.20296001126062968,-0.507141538114494,False,-0.16876236539896972,normal
341,27280.0,0.0082600956724885,0.2093391923462009,0.7797307820669708,185.765101791078,35.24680240865395,85,133.27944627443532,264,413.0427035314716,0.3267595767038778,0.02174817665232811,-0.8615567966500433,False,-0.16971732693277142,normal
342,27360.0,0.0078151073534319,0.20797641561909,0.7801757703860274,185.826426743798,35.33325512636484,82,133.2369438879465,231,455.70031990151,0.3272813340779305,0.6606221431400032,-0.45171314855615086,False,-0.15139768561596245,normal
343,27440.0,0.0078151073534319,0.2090888864167315,0.7785070641895651,185.9073033707865,35.36785695278422,98,124.35455739040262,229,455.7722250973089,0.326379854982991,0.5150517892832566,-0.6771256198536624,False,-0.14328704702641049,normal
344,27520.0,0.0067860718656135,0.2121481811102458,0.7759761931249305,185.90090666370008,35.20085318303717,87,121.65092424933866,240,452.108036639678,0.3251886744113602,0.39813367574229724,-0.8181789663462731,False,-0.15889476715336726,normal
345,27600.0,0.0068973189453776,0.208699521637557,0.7811769941039047,185.9683502058071,34.779197988282434,90,123.2268973078138,250,427.9332177519056,0.3279504706602418,0.37782760149832567,-1.0351665524826614,False,-0.17399287356754128,normal
346,27680.0,0.0070085660251418,0.2019968850817666,0.7879908777394593,185.9963288463678,34.429465978779405,88,131.189900800903,253,413.9784738881527,0.3318873261297627,0.6202373624637421,-0.9886452184561328,False,-0.1726348413183828,normal
347,27760.0,0.0054511069084436,0.202275002781177,0.7894927133162755,185.8767382356213,33.919922199706775,86,118.22272786798848,248,420.6577350009965,0.3330474651075657,0.8656651745781774,-1.2804009991366814,False,-0.16955270121161276,normal
348,27840.0,0.0053120480587384,0.205862721103571,0.7853765713650017,185.7239681833352,33.804894987809426,81,117.79367761473684,263,407.4786837226026,0.3307495755644528,0.48428168743666006,-1.4520585830927502,False,-0.16478392282804344,normal
349,27920.0,0.0048948715096228,0.2047780620758705,0.7876293247302258,185.5049504950495,33.953976411474386,79,117.55932133625524,254,416.9284426404886,0.3320545652126863,0.7103856352117535,-1.3406006724422908,False,-0.17195790347760997,normal
350,28000.0,0.0044498831905662,0.204472132606519,0.788408054288575,185.41620313716768,33.53482113420252,83,114.51359852325056,241,433.9684644472492,0.3325959301754448,0.971266648336826,-1.3573023396708657,False,-0.16424239592518802,normal
351,28080.0,0.0045611302703304,0.1983535432194904,0.793469796417844,185.3654744687952,33.1992573085363,89,112.3063700151037,258,408.9445697287934,0.3356744020393296,0.9330507153131385,-1.6356395789971494,False,-0.149175877344064,normal
352,28160.0,0.005006118589387,0.1961564133941484,0.7953888085437757,185.23909778618312,33.11174873066974,98,113.86079559765687,259,410.3411340381517,0.3367034130408544,0.958550350028957,-1.645422223205031,False,-0.13711166878810443,normal
353,28240.0,0.005033930359328,0.1996328846367782,0.7925241962398487,185.1955167426855,33.285465669965824,99,111.92050000757074,247,417.73683992792377,0.3349178637677634,0.9045484515733689,-1.590332142088276,False,-0.152029876542899,normal
354,28320.0,0.0048392479697407,0.2050561797752809,0.7874902658805206,185.1907053064857,33.78938406702495,86,115.64705312869155,258,421.6266584862176,0.3319737105179749,0.6487165325944556,-1.4469669002238337,False,-0.16557839008950131,normal
355,28400.0,0.0052564245188563,0.2100901101346089,0.7825397708310157,185.1605851596396,34.21680692284618,91,114.39014918410454,253,431.3367759824022,0.3289418816023065,0.4170108746858509,-1.3757638793985036,False,-0.16278135472818067,normal
356,28480.0,0.0041439537212148,0.2121759928801869,0.7805651351652019,185.0776782734453,34.26754120045632,86,108.92952047272608,246,441.0067889458378,0.3281553489463678,0.5075375210368406,-1.3987059082826723,False,-0.15243848288101003,normal
357,28560.0,0.0048114361997997,0.2139837579263544,0.777060852152631,184.94610078985423,34.52943750294756,104,110.12260452280752,228,465.8874525091264,0.3261182530341262,0.4917213084326292,-1.2174926190512723,False,-0.1140216684812847,normal
358,28640.0,0.0060629658471465,0.2148737345644676,0.7747246634775837,184.79402603181663,35.11628749885892,102,118.54596977753498,238,443.10669877184665,0.3245297118979852,0.04557671209516003,-1.092706397385386,False,-0.15025999700272652,normal
359,28720.0,0.0086494604516631,0.2130659695183001,0.7748359105573479,184.64843141617533,35.70519831190845,119,126.03576454360746,237,447.0385784209387,0.3239364224589546,-0.1476606553258567,-0.8316892328412341,False,-0.13762042077860653,normal
360,28800.0,0.0087050839915452,0.2166814996106352,0.7716931805540105,184.5742574257426,36.03146482080593,97,134.1025830747019,249,436.7258871916,0.3220495115374117,-0.38294285269158784,-0.655070623439583,False,-0.15253926894038133,normal
361,28880.0,0.0087050839915452,0.2194348648347981,0.7696351095783736,184.48904216264324,35.90042775742968,94,134.36832662219442,250,446.4945831473431,0.3207875471553835,-0.4155625884992542,-0.6382999947795368,False,-0.1379370614080162,normal
362,28960.0,0.0077316720436088,0.2148459227945266,0.774919345867171,184.3458949827567,35.19182810515354,96,129.07112736654724,259,430.4940464246945,0.3240636904072393,-0.2763634976700051,-0.987301679756026,False,-0.16010100415893225,normal
363,29040.0,0.0072310601846701,0.2167649349204583,0.7731950161308265,184.20388808543777,34.978675502607615,115,118.80022731714652,249,438.9285415418656,0.3232164155873576,-0.3346690984064917,-1.2513917313637968,False,-0.14119302733821038,normal
364,29120.0,0.0059239069974413,0.2184614528868617,0.7723606630325954,184.16030704194011,34.65869375164178,104,115.60919646563973,254,438.83161769983,0.3230758157348167,-0.2859405590346822,-1.3825057030874814,False,-0.1416192243514211,normal
365,29200.0,0.0051729892090332,0.2206307709422627,0.7710535098453666,184.10618533763488,34.630777647861606,97,114.13745535370477,244,452.0628299490779,0.3224834567851986,-0.13049544629236348,-1.3043847149249366,False,-0.13335416499836605,normal
366,29280.0,0.0042273890310379,0.2242741128045388,0.7676604739125598,184.0196351095784,34.53474445109267,85,111.52680998659932,243,454.4372992569256,0.3208529211636774,-0.1731776287668445,-1.341742883381855,False,-0.1159562983119159,normal
367,29360.0,0.0049783068194459,0.2246634775837134,0.7670486149738569,183.9899877628212,34.54861111652769,100,110.92986637186272,244,458.1421878220803,0.3202766800554394,-0.3092430957648523,-1.401044326455919,False,-0.11170593377877519,normal
368,29440.0,0.0049226832795639,0.2214095005006118,0.7708588274557793,184.04708532651017,34.16000469402649,105,110.61196115545404,244,452.5701789273367,0.322390253829374,-0.16860237592648844,-1.511650622172787,False,-0.12484674874582397,normal
369,29520.0,0.0053676715986205,0.2156246523528757,0.7758927578151074,184.12913004783624,33.59691146412815,105,116.91288017343828,268,418.1781800857247,0.3252037406582488,-0.3057524221602347,-1.7347638106933905,False,-0.14457949993980257,normal
370,29600.0,0.0062854600066748,0.2119813104905996,0.7770052286127489,184.1331627544777,33.60794720739151,108,119.88986129374769,248,429.76251835953406,0.3258445049536854,-0.03319392048043179,-1.4752268463324956,False,-0.1573346962263214,normal
371,29680.0,0.0071198131049059,0.2054177327845144,0.7825953943708978,184.0496161975748,33.33429965606838,109,121.5617869690096,251,417.10554411058337,0.3289408077659454,0.1335154975250375,-1.4926454237649796,False,-0.15157968565760221,normal
372,29760.0,0.0081210368227834,0.2063077094226276,0.7807041940149071,183.86375013905885,33.368652979507495,103,129.70164151922884,279,397.5073552620228,0.3276336052301778,-0.3147598484466886,-1.523322708185757,False,-0.13059253095167278,normal
373,29840.0,0.0084269662921348,0.2075870508399154,0.779925464456558,183.61210924463236,33.15470194369865,116,123.47082225718826,260,425.0634281102801,0.3270144291156065,-0.12363862956231367,-1.5129554333438986,False,-0.1367410665072996,normal
374,29920.0,0.0070641895650239,0.2056402269440427,0.7842641005673601,183.4723551006786,32.61291667408349,111,117.1682657726375,269,413.3035852946057,0.3296930780471851,0.018857921271600415,-1.8272247320701687,False,-0.13166705662620048,normal
375,30000.0,0.0066748247858493,0.2046111914562242,0.7859328067638225,183.361330515074,32.62144939735147,100,118.64704338830131,255,418.45421411544544,0.3307158276881104,0.2949555900802075,-1.6550241229400164,False,-0.14071545995487378,normal
376,30080.0,0.0077316720436088,0.2045833796862832,0.7844309711870063,183.2137890755368,32.73340569438025,103,123.99525378558371,259,415.353705182883,0.3296859828282515,0.1039706382562278,-1.5614913447500123,False,-0.14133697183060612,normal
377,30160.0,0.0081488485927244,0.2083657803982645,0.7800645233062632,182.9001279341417,33.30246768926193,111,124.10868441909066,268,407.40208684785694,0.327071191926275,-0.37581864596562853,-1.6097131442469794,False,-0.1402223745190742,normal
378,30240.0,0.0091778840805428,0.2102847925241962,0.776393369674046,182.50130715318724,33.86498263887442,122,127.49583905266064,273,392.7958542764832,0.3248149064520124,-0.8836446947670472,-1.601882070078495,False,-0.1194713009127637,normal
379,30320.0,0.0089553899210145,0.2124819223495383,0.7739737456891757,182.05331516297696,33.91930851807948,125,121.7411747073625,275,400.2976291261455,0.3235135583182926,-1.0068912845473679,-1.7022733981704816,False,-0.11552687397684736,normal
380,30400.0,0.0106240961174769,0.2125375458894204,0.7714984981644232,181.5823228390255,34.15713792636036,132,127.7131113162991,250,426.1680340546782,0.3218240104048041,-0.9073724748316415,-1.2961669038589108,False,-0.12753931322346174,normal
381,30480.0,0.0139893202803426,0.210813216153076,0.7704694626766048,181.20399933251755,34.84350638614842,137,137.79459256701094,259,409.5280888444993,0.3204540123184941,-1.3514152981731222,-1.0280028950655724,False,-0.1194815461776697,normal
382,30560.0,0.0177995327622649,0.2092001334964957,0.7685782623206141,180.92251640894423,35.52045539457925,129,143.91219735733648,268,394.6157195421253,0.3185395111940057,-1.7122491817845038,-0.7102106200384783,False,-0.10679037735606017,normal
383,30640.0,0.0217209923239514,0.2039437089776393,0.7700800978974301,180.7083101568584,36.58434660375321,126,144.95288226551042,286,377.0822428582763,0.3186354378384537,-1.994619669253222,-0.444774568200953,False,-0.07530952096638255,normal
384,30720.0,0.0248637223272889,0.2028590499499388,0.7694126154188452,180.66770497274447,37.536571605480695,122,148.72286003477635,268,395.1687047706695,0.3174583670700225,-1.8772700681555263,0.1251808213126792,False,-0.09687064750386992,normal
385,30800.0,0.0271999110023361,0.210145733674491,0.7604850372677717,180.76512960284796,38.51224047726237,119,152.57065532767638,271,408.5726456329981,0.3116353994146301,-2.3435076281504688,0.47156723024555647,False,-0.0910642594881077,normal
386,30880.0,0.0277005228612748,0.2150684169540549,0.7548114361997997,180.89806986316609,39.23678707053699,109,152.04303513701808,256,422.2889974467192,0.308242245078131,-2.401082772376094,0.7788747499044633,False,-0.09408541385214547,normal
387,30960.0,0.0291189231282678,0.2125931694293024,0.7554511069084436,180.9933529869841,40.11779483932486,92,159.51797614620273,252,431.0448173905746,0.3083857578017648,-2.214046731533392,1.3109314779202867,False,-0.09769866485511125,normal
388,31040.0,0.031399488263433,0.2147068639448214,0.750723106018467,181.11436199799755,40.6725162804517,86,168.87842971337344,240,447.3037932460224,0.3052032970562665,-2.282983551288069,1.8143738696830043,False,-0.07515789046004356,normal
389,31120.0,0.0330681944598954,0.2151796640338191,0.7490543998220047,181.18725664701304,41.31363513306998,89,166.93921112160152,230,455.9971904049901,0.3038316542524662,-2.3132824316706078,2.0404483342699824,False,-0.04728025556793869,normal
390,31200.0,0.0352375125152964,0.211564133941484,0.75,181.16255979530536,41.59634335302253,80,182.4287898007632,230,457.15378747015313,0.3040266203251651,-2.2635886045095512,2.517094839340278,False,-0.045036636409664044,normal
391,31280.0,0.0362943597730559,0.2086717098676159,0.7513071531872288,181.0771220380465,41.3098714937325,85,178.77868504021436,230,449.72674702059845,0.3046693052253056,-2.2730438440998535,2.4104913252569666,False,-0.052302691834306914,normal
392,31360.0,0.0376015129602847,0.2014128379130048,0.7575369896540216,180.9880687506953,41.17482037272226,87,176.75872851125305,240,428.9924163147346,0.3081152946066111,-2.1970178982757615,2.305267713411069,False,-0.07570247096352994,normal
393,31440.0,0.0375458894204027,0.197324507731672,0.7618756257648237,180.8565190788742,41.036368035627305,86,181.3448255035188,238,429.5921608747933,0.3107161510472788,-1.9583190624042501,2.3989180760904776,False,-0.07629563248962057,normal
394,31520.0,0.0376571365001668,0.1965457781733229,0.7625987317832907,180.83757926354437,41.00993759040149,86,187.53602370441425,233,426.9186500728114,0.3111273164397404,-1.9322929585999613,2.5071725647530676,False,-0.07052238385217352,normal
395,31600.0,0.0371565246412281,0.1948770719768606,0.764239626209812,180.95505617977528,40.89118598685236,94,176.6467811339109,245,413.91593081335776,0.312285361986813,-2.010822936001791,2.1451243499977406,False,-0.07854477555478195,normal
396,31680.0,0.0352931360551785,0.1927633774613416,0.7676882856825008,181.10927244409837,40.282926177362185,91,165.16615200562123,258,400.1323846081683,0.3147729661940229,-1.8789424156129515,1.6912478245598557,False,-0.08242353365122679,normal
397,31760.0,0.0361831126932918,0.1932083657803982,0.7664923795750361,181.16055734786963,40.363897802521535,107,164.15836969055806,248,414.8264271691006,0.3138759691118117,-1.882406116118904,1.7481734003685327,False,-0.08313613984695284,normal
398,31840.0,0.0347647124262988,0.1986038491489598,0.7631271554121705,181.13658360218045,40.489747228182544,113,155.19131895076222,252,417.157471193222,0.3119903264862053,-2.0969346969836935,1.4802083080439177,False,-0.09092143461543628,normal
399,31920.0,0.0319279118923128,0.20155189676271,0.7643786850595172,181.0771220380465,40.114098845023385,113,144.38129994523445,251,420.0605198193854,0.3130549161943471,-1.954741847723648,1.1124908478108797,False,-0.0973514572506941,normal
400,32000.0,0.0317054177327845,0.1989654021581933,0.7667983090443876,180.8515963955946,40.14041439627021,121,143.5553251897678,246,418.6499822102516,0.3146023365367894,-1.872313973714915,1.0809387591727708,False,-0.09529431212223693,normal
401,32080.0,0.0316776059628434,0.2038324618978751,0.7622093670041161,180.55058960952277,40.21984064802725,129,144.51114017475444,255,415.3574763663922,0.3118223704590125,-2.3063020046165983,0.9509656814794102,False,-0.09119907665629501,normal
402,32160.0,0.0309544999443764,0.2105629102236066,0.7561464011569696,180.1977416842808,40.50397759393023,133,146.51876099458127,232,442.3969389874112,0.3083691547131282,-2.351806576976479,1.1579392777410447,False,-0.07435258880483742,normal
403,32240.0,0.0297307820669707,0.2132606519078874,0.7540048948715096,179.93714539993326,40.07302474175871,141,140.27279145930956,231,449.8503483350078,0.3074375347396111,-2.414102379902131,0.9004729392128759,False,-0.06372188137021689,normal
404,32320.0,0.0290076760485037,0.2135109578373567,0.7541995772610969,179.87237178774058,39.458791848556125,154,134.5737191866863,253,431.7601255802021,0.307731653979665,-2.7205808390942727,0.3926949332099603,False,-0.07278314729814406,normal
405,32400.0,0.0294526643675603,0.2125653576593614,0.7551173656691512,179.80039492713317,39.482884461240765,138,153.77181919588364,268,413.321169134171,0.3081273543620053,-2.8809776321910943,0.6476225633189937,False,-0.07587995878185744,normal
406,32480.0,0.0314551118033151,0.2133718989876515,0.7518077650461675,179.5634386472355,39.99617093436005,161,152.55344663010024,251,422.8774303304226,0.3058530591915871,-3.102468933070135,0.78233177354288,False,-0.0664490908688441,normal
407,32560.0,0.0316776059628434,0.2167927466903993,0.7469128935365447,179.32470241406162,40.363689026068805,154,157.6411124128609,227,456.7550737155362,0.3031055008865901,-2.925992058270888,1.2386790117924336,False,-0.03327207426892531,normal
408,32640.0,0.0303426410056736,0.218711758816331,0.7475803760151296,179.17888530426077,39.96621021421095,161,151.5037806629186,231,443.5472355737299,0.3036106621103981,-3.0643842218083286,0.8577217529766284,False,-0.042531094234555145,normal
409,32720.0,0.0286461230392702,0.2239403715652464,0.7437701635332072,178.9608966514629,39.70756484452259,137,158.97993999546836,233,448.0368782140009,0.3018029617366553,-3.081638479888777,0.9663294839971882,False,-0.0427140785885064,normal
410,32800.0,0.0282289464901546,0.2319501613082656,0.735760373790188,178.6942930248081,39.87747520781712,172,143.77854857075135,239,451.9836401512784,0.2973826162791462,-3.7421123044693987,0.4479694504608361,False,-0.005749993035888634,normal
411,32880.0,0.0277283346312159,0.235092891311603,0.7338969852041384,178.5099566136389,39.93620017507333,177,143.82844162607486,244,449.8808269357265,0.2963630930881893,-3.959414524017104,0.3374312601642487,True,0.00454393299522815,high_porosity+resin_rich
412,32960.0,0.026393369674046,0.2362609856491267,0.7337301145844921,178.45119034375347,39.41347693728133,166,148.18197490439275,247,447.8108271635425,0.2966189514398117,-3.8932714653463663,0.2849405221755128,False,-0.007026809679299029,normal
413,33040.0,0.0249193458671709,0.239348092112582,0.7325898320169095,178.4341973523195,39.06039082580261,153,149.66787790695744,260,441.2876359315619,0.2962852638491857,-3.9745494370715138,0.1373003572261472,True,0.0012853670544318296,high_porosity+resin_rich+resin_fragmented
414,33120.0,0.0237512515296473,0.2404327511402825,0.732895761486261,178.49883190566248,38.661849358377566,143,155.79489871833317,262,430.1074209795975,0.2967147198599547,-3.9736796188853285,0.09135767538395352,False,-0.002502865862254011,normal
415,33200.0,0.0214428746245411,0.2405996217599288,0.7347035265324285,178.73567693848037,38.07958708471829,157,143.71103238564822,248,438.0296423172456,0.2983117508182897,-3.697662168432521,-0.2759961481439293,False,-0.011375742278745826,normal
416,33280.0,0.022833463121593,0.2284458782956947,0.7447435754811437,179.1158916453443,37.43842427776112,163,146.5351813769176,279,392.3524328238293,0.3036800194136555,-3.70233397352211,-0.5881466839866547,False,-0.034631684918220995,normal
417,33360.0,0.0233618867504728,0.2217154299699633,0.751390588497052,179.55362109244632,36.96672126224271,158,147.96648309766013,260,411.15480675801615,0.3073047152683097,-2.9848293687731102,-0.34606830544228745,False,-0.0694386452861871,normal
418,33440.0,0.0232228279007676,0.2176549115585715,0.7552564245188563,179.9452386249861,36.75202506669179,157,145.05604684055976,244,418.77617896345663,0.3096041215039901,-2.5379072736666086,-0.2716388255886011,False,-0.08707874009639743,normal
419,33520.0,0.0244743575481143,0.2136500166870619,0.7577872955834909,180.36185893870285,36.97089475517812,127,160.11615593133243,235,416.3445204250263,0.3108448475768259,-2.176218111287998,0.3099659384687519,False,-0.09915446399718997,normal
420,33600.0,0.0223328512626543,0.2149849816442318,0.757870730893314,180.72449660696407,37.00481295099638,109,153.8286524622285,245,415.2245903387034,0.3114224983754857,-2.017278273592772,0.18873905602758545,False,-0.11035970191688133,normal
421,33680.0,0.0217766158638335,0.210841027923017,0.76284903771276,181.05951718767383,36.92232537146024,108,148.50526526346678,251,412.2960763702207,0.3144035851513767,-1.743564298138947,0.07519371134125748,False,-0.12222282515126437,normal
422,33760.0,0.0211091333852486,0.2111191456224274,0.7634052731115808,181.4043275114028,37.08947798501621,120,139.6980419304725,243,428.9717342536254,0.3148416410444309,-1.552003862606531,-0.0038922378690900137,False,-0.12114495814288673,normal
423,33840.0,0.0210256980754255,0.208727333407498,0.7672154855935032,181.66517410167984,37.13793133282261,132,134.4139772680688,215,452.3443714580534,0.3169192184198691,-1.0548985475479171,0.11597547872511653,False,-0.09365059441513901,normal
424,33920.0,0.0202747802870174,0.2028312381799977,0.7728612748915341,181.88332962509733,36.713652027309536,128,135.9303489883514,236,427.3040944252194,0.3205286492539232,-0.9802338924424896,-0.11130805852577622,False,-0.12390941647586479,normal
425,34000.0,0.0205528979864278,0.1963789075536767,0.7793136055178551,182.04741906774947,36.425304648506334,145,134.16015586478696,239,416.73203480902646,0.3242847615264711,-0.8241156420856923,-0.29554509782038973,False,-0.10216516225022665,normal
426,34080.0,0.0179107798420291,0.2028034264100567,0.7757258871954611,182.2079207920792,36.04315637981721,128,129.90680105386838,243,413.4976070616536,0.3226124564930682,-0.8780251465014214,-0.5275049946621955,False,-0.12862292665190922,normal
427,34160.0,0.0192179330292579,0.2075870508399154,0.7694404271887862,182.32459116698183,36.42524377459335,146,132.78449054841715,245,425.2152849530122,0.3186771148570175,-1.2863977297495501,-0.45706398925816344,False,-0.12094081587748262,normal
428,34240.0,0.0186616976304372,0.2136500166870619,0.7641283791300478,182.47266103014795,36.48884963485053,139,135.02668340154725,240,427.6197999280605,0.3156593531909713,-1.4687148251374469,-0.4095726338884446,False,-0.12095961609450051,normal
429,34320.0,0.017855156302147,0.2133997107575926,0.7653799087773946,182.48133830236955,36.42160987018119,141,136.38782002807787,239,424.2741666159261,0.3165285781983356,-1.4314939621992144,-0.4600849784386723,False,-0.12043377449201592,normal
430,34400.0,0.0172432973634442,0.21225942819001,0.7682445210813216,182.32058627211035,36.00735299085736,155,134.4160763312316,248,419.24241162331566,0.3181812119646556,-1.4775619848669124,-0.743961442763922,False,-0.11794117955533212,normal
431,34480.0,0.0146011792190455,0.2139281343864723,0.7684670152408499,182.0387696072978,35.22041507549413,149,130.24596421218484,235,441.0946718771064,0.3189493697467074,-1.0909665265730106,-0.8683823201536369,False,-0.10766955615985052,normal
432,34560.0,0.0134330848815218,0.212287239959951,0.7695238624986094,181.51290466125263,34.36109279846198,161,131.19187816902934,291,379.4040112548146,0.3200223763856832,-1.9291840418502286,-1.7016387759290454,False,-0.06276504721256815,normal
433,34640.0,0.0120424963844699,0.2170430526198687,0.7607075314273001,180.76012348425851,34.165449691727964,176,128.2150600678664,245,417.8922098668533,0.3158930248376042,-1.8379386453394708,-1.556650293760329,False,-0.07800165704029272,normal
434,34720.0,0.0138780732005784,0.2102291689843141,0.7543942596506842,179.70705862721104,34.37759100299846,165,134.97950187342363,231,423.0954216020757,0.313232895446826,-1.8851256606624005,-1.0821211397700716,False,-0.07598624314611918,normal
