slice_id,z_um,pore_fraction,resin_fraction,matrix_fraction,assigned_fraction,mean_intensity,std_intensity,mean_intensity_pores,mean_intensity_resin,mean_intensity_matrix,pore_object_count,mean_pore_area_um2,median_pore_area_um2,mean_pore_equivalent_diameter_um,median_pore_equivalent_diameter_um,resin_object_count,mean_resin_area_um2,median_resin_area_um2,mean_resin_equivalent_diameter_um,median_resin_equivalent_diameter_um,heterogeneity_index
0,0.0,0.05687506952942485,0.3030648570475025,0.6220658582712204,0.9820057848481477,162.00645233062633,34.22310875980644,76.73789731051345,136.00669909149306,182.5154468636831,250,52352.0,19200.0,216.14216576233466,156.35280380893437,592,117805.4054054054,12800.0,233.53352747088582,127.66152972845846,0.23137551919348762
1,80.0,0.04936589164534431,0.3023417510290355,0.6383635554566692,0.990071198131049,163.49958282345088,33.34487456148466,77.19718309859155,136.7075706006807,182.891996688886,251,45258.964143426296,12800.0,200.1000768885138,127.66152972845846,769,90473.8621586476,12800.0,216.50740496494768,127.66152972845846,0.241252676774308
2,160.0,0.040799866503504284,0.2942485259761931,0.6572755590165759,0.9923239514962732,165.03220602959172,32.66210618053361,77.1622358554874,136.0703213610586,183.4816993187492,261,35972.41379310345,12800.0,179.85440779708185,127.66152972845846,755,89684.76821192053,12800.0,221.4687835615936,127.66152972845846,0.2529969541244139
3,240.0,0.03351318277895205,0.28457003003671155,0.6739626209811992,0.9920458337968628,166.61895094003782,32.181358648199236,77.149377593361,135.3720680218921,184.30148970412247,249,30971.887550200805,12800.0,171.08629083457282,127.66152972845846,704,93018.18181818182,12800.0,225.47873668071358,127.66152972845846,0.2634876369292497
4,320.0,0.028952052508621647,0.26549115585715877,0.6976304372010235,0.9920736455668039,168.2049171209256,32.12634721204584,77.01729106628243,133.32474334799917,185.3280577260405,260,25624.615384615383,12800.0,155.14694191845982,127.66152972845846,672,90914.28571428571,12800.0,234.7455899231082,127.66152972845846,0.276852525533433
5,400.0,0.025503393035932808,0.2544498831905663,0.7127600400489487,0.9927133162754478,169.60746467905219,32.35667273805356,78.12431842966194,131.58159361678872,186.52243639769003,270,21736.296296296296,12800.0,147.0040283752001,127.66152972845846,576,101655.55555555556,12800.0,249.69652669058308,127.66152972845846,0.28573227447642774
6,480.0,0.022527533652241628,0.24460451663143842,0.7246634775837134,0.9917955278673934,170.94807542552007,32.71510111801521,79.28765432098766,129.56702671972712,187.87285078292908,296,17513.513513513513,12800.0,136.09687310057242,127.66152972845846,512,109937.5,12800.0,266.95224138863,127.66152972845846,0.29302439718681356
7,560.0,0.017966403381911224,0.23870842140393814,0.7353988207809545,0.9920736455668039,172.29455445544554,32.80652254011137,79.23993808049535,127.9465221950367,189.0908403297784,272,15200.0,6400.0,126.23480573749796,90.270333367641,427,128644.49648711944,12800.0,291.458833171778,127.66152972845846,0.30002549241481535
8,640.0,0.013266214261875625,0.24162865724774724,0.7379575036155301,0.992852375125153,173.559906552453,32.89287806403994,76.69811320754717,127.99240331491713,190.35445089319364,224,13628.57142857143,6400.0,119.8964766080522,90.270333367641,396,140412.12121212122,25600.0,318.4604171862294,180.540666735282,0.3025207419827811
9,720.0,0.01198687284458783,0.23993213928134385,0.7419345867170987,0.9938535988430304,174.7682167093114,33.23030890156434,74.10904872389791,127.99177002434219,191.66000674738538,190,14517.894736842105,6400.0,122.73578890050818,90.270333367641,352,156854.54545454544,44800.0,345.8726929702279,238.83285285767386,0.30492060290984246
10,800.0,0.009956613638891979,0.2365391033485371,0.7486928468127712,0.9951885638002003,175.83379686283234,32.90625697297089,70.62569832402235,128.605291005291,192.27938335809807,155,14781.935483870968,6400.0,122.40044417668649,90.270333367641,344,158232.55813953487,38400.0,342.5397149398153,221.11625566165472,0.3090077855530112
11,880.0,0.009428190010012237,0.23384136166425631,0.7522249415952831,0.9954944932695516,176.81596951830014,33.279083001180325,69.05604719764011,128.12702188392007,193.43930935039006,150,14464.0,6400.0,119.9212015956211,90.270333367641,327,164560.24464831804,51200.0,357.70784160275457,255.32305945691692,0.3110608768070354
12,960.0,0.00817666036266548,0.23322950272555346,0.7546445655801535,0.9960507286683724,177.7532539770831,33.25836155861221,71.10204081632654,128.09420462675888,194.38722635807474,135,13937.777777777777,6400.0,118.38524063918477,90.270333367641,300,178901.33333333334,96000.0,392.75380867543697,349.61549778946534,0.31264761547273173
13,1040.0,0.007703860273667817,0.23267326732673269,0.7556179775280899,0.9959951051284904,178.54630659695184,33.13257530636876,74.54151624548736,128.71360267750418,195.07769884795172,128,13850.0,6400.0,120.51741597181729,90.270333367641,302,177292.71523178808,96000.0,391.80340649388546,349.61549778946534,0.31330814275084423
14,1120.0,0.006285460006674824,0.22747246634775836,0.7623206140838803,0.9960785404383135,179.22157637112025,33.043280317685884,73.15929203539822,128.37498471695807,195.4233126596133,105,13775.238095238095,6400.0,119.13844526191934,90.270333367641,313,167238.33865814697,96000.0,383.84066468499213,349.61549778946534,0.31738084152629187
15,1200.0,0.006869507175436645,0.22254978306819445,0.7663533207253309,0.9957726109689621,179.87192679942152,33.02451296427758,74.09311740890688,128.45213696575857,195.92407911449828,122,12957.377049180328,6400.0,116.68358087297437,90.270333367641,267,191808.23970037454,115200.0,415.6274325603294,382.9845891853754,0.319558016297838
16,1280.0,0.005896095227500278,0.21929580598509288,0.7708032039158972,0.9959951051284904,180.56157525864947,32.991155798122946,71.85377358490567,128.24629042485734,196.42861266462205,87,15595.402298850575,6400.0,125.69319044148345,90.270333367641,277,182180.50541516245,108800.0,400.45789125666374,372.19411933450226,0.32228054228952513
17,1360.0,0.004338636110802091,0.2166536878406942,0.7753087106463455,0.9963010345978418,181.31176994103905,32.851661234580625,73.30128205128206,127.95840821566111,196.9446138393658,79,12637.974683544304,6400.0,115.70071482449158,90.270333367641,271,183970.47970479704,102400.0,407.1691248381948,361.081333470564,0.3251611517602363
18,1440.0,0.0036711536322171544,0.21554121704305262,0.7764489932139281,0.9956613638891979,182.06299365891644,33.044745063457405,74.10606060606061,127.88245161290322,197.79651121140483,67,12608.955223880597,6400.0,117.36919988773455,90.270333367641,259,191505.7915057915,121600.0,414.99957718953794,393.4792607492748,0.32603545248386806
19,1520.0,0.004283012570920014,0.20920013349649572,0.7825675826009567,0.9960507286683724,182.7112303927022,33.016545837876784,69.7012987012987,127.94801914384472,198.152178548582,65,15163.076923076924,6400.0,124.0152122042615,90.270333367641,255,188787.45098039217,96000.0,405.0149701343147,349.61549778946534,0.32938800661020884
20,1600.0,0.0037824007119813103,0.21009011013460896,0.78131605295361,0.9951885638002003,183.21885081766604,33.17075855358513,70.11029411764706,128.17474185861795,198.7909799594205,59,14752.542372881357,6400.0,123.46182644873667,90.270333367641,259,186662.54826254825,121600.0,410.7728628453652,393.4792607492748,0.3288735875149994
21,1680.0,0.004060518411391701,0.21593058182222716,0.7753087106463455,0.9952998108799644,183.59261319390367,33.52332039479597,71.0,128.9273570324575,199.6342145855006,65,14375.384615384615,6400.0,121.9011881207061,90.270333367641,242,205328.9256198347,124800.0,430.5861104554658,398.59023213625017,0.32534026440741287
22,1760.0,0.005228612748915341,0.2262209367004116,0.7641561908999889,0.9956057403493158,183.8800478362443,34.58606907974125,66.98936170212765,129.4679124661913,201.01528606784103,52,23138.46153846154,9600.0,149.9297276431997,108.96593154804972,239,217814.2259414226,153600.0,460.2788598017311,442.23251132330944,0.3187097275359753
23,1840.0,0.00611858938702859,0.22811213705640226,0.7615696962954722,0.9958004227389031,184.14937701635333,34.929256690748744,66.17727272727272,129.62253108997805,201.63798707227113,58,24275.862068965518,12800.0,153.78335677209785,127.66152972845846,255,205854.11764705883,128000.0,436.5432794176567,403.7012035232256,0.3170286488360552
24,1920.0,0.005979530537323395,0.22196573589943264,0.7669929914339748,0.9949382578707309,184.3987373456447,34.73179194717933,65.96744186046512,129.28317253477007,201.53963304082964,49,28081.632653061224,12800.0,166.61828117340613,127.66152972845846,245,208483.26530612246,140800.0,435.76810580823064,423.4053942720982,0.3202162876432354
25,2000.0,0.0057848481477361215,0.20908888641673157,0.7802592056958505,0.9951329402603182,184.60982867949716,34.08663016418871,65.61057692307692,128.50359138068634,200.76107645695956,53,25116.98113207547,12800.0,154.85506746023566,127.66152972845846,248,194012.90322580645,108800.0,420.8260994856891,372.19411933450226,0.3278513545464462
26,2080.0,0.005089553899210146,0.1980754255200801,0.7929413727889643,0.9961063522082545,184.85888307931916,33.098040015767054,66.02732240437159,128.40803145183938,199.9005997685104,52,22523.076923076922,6400.0,145.22833051713872,90.270333367641,267,170714.60674157302,102400.0,392.3769298683618,361.081333470564,0.3352974683261397
27,2160.0,0.004867059739681833,0.18945377683835798,0.8015630214706864,0.9958838580487263,185.11336077427967,32.440188569032266,67.58857142857143,128.37066940692895,199.4279865375941,64,17500.0,6400.0,131.18577886397418,90.270333367641,238,183179.83193277312,108800.0,411.73365312383584,372.19411933450226,0.3405019887251626
28,2240.0,0.00436644788074313,0.18681165869395927,0.8035654689064412,0.9947435754811437,185.27308376905106,32.04737339414543,66.37579617834395,128.6907845764478,199.30741009933203,45,22328.88888888889,6400.0,145.83020529460222,90.270333367641,260,165341.53846153847,96000.0,391.6082452763174,349.61549778946534,0.3419536343763463
29,2320.0,0.005423295138502615,0.18828568250083436,0.8008955389921014,0.9946045166314385,185.24833129380355,32.213558669626444,67.54871794871795,129.38596750369277,199.43754557766434,55,22690.909090909092,6400.0,144.44402168072202,90.270333367641,251,172621.51394422312,115200.0,402.5791712532625,382.9845891853754,0.34018060231516595
30,2400.0,0.005506730448325731,0.19459895427745022,0.7940816553565468,0.9941873400823228,185.17198798531538,32.875642779257895,65.44949494949495,129.18836644276118,200.00987671616699,47,26961.702127659573,6400.0,156.3682426771711,90.270333367641,245,182778.77551020408,115200.0,411.3654399152482,382.9845891853754,0.33615237784865426
31,2480.0,0.005228612748915341,0.19952163755701413,0.7894370897763934,0.9941873400823228,185.2681054622316,33.461579653683316,67.2872340425532,128.4892667967661,200.69853796019024,51,23592.156862745098,6400.0,150.3711965944292,90.270333367641,244,188170.49180327868,108800.0,412.7524761686027,372.19411933450226,0.3334554702402026
32,2560.0,0.004533318500389365,0.2087551451774391,0.7818444765824897,0.9951329402603182,185.37776727110912,34.01073765056498,64.20858895705521,128.71729283240074,201.47168468981218,43,24260.46511627907,6400.0,151.36859856352592,90.270333367641,238,201842.01680672268,124800.0,434.53983196632106,398.59023213625017,0.32903065928412856
33,2640.0,0.0043108243408610525,0.2157358994326399,0.776337746134164,0.9963844699076649,185.51054066080766,34.0490813885711,66.85161290322581,129.4964548150058,201.93060829691194,40,24800.0,12800.0,157.50059040689445,127.66152972845846,253,196224.50592885376,134400.0,433.2897201907383,413.67063566611284,0.3257471004179582
34,2720.0,0.00436644788074313,0.2123150517298921,0.7797029702970297,0.9963844699076649,185.70536210924465,33.65890718154962,69.10191082802548,130.06274561173697,201.69135009809168,47,21378.72340425532,6400.0,145.85961120444708,90.270333367641,251,194651.79282868525,147200.0,436.4881484932988,432.9213103844808,0.32767165051674996
35,2800.0,0.0038102124819223496,0.20255312048058738,0.789909889865391,0.9962732228279008,185.94640671932362,32.995065033222176,67.45985401459853,129.7279967046547,201.12231532990634,38,23073.684210526317,6400.0,152.4467553556887,90.270333367641,250,186444.8,128000.0,420.4683233439679,403.7012035232256,0.33373965582044013
36,2880.0,0.0036155300923350763,0.1977138725108466,0.7949160084547781,0.9962454110579597,186.17393480921126,32.458507967112176,67.33846153846154,130.19172879448587,200.83846476803583,37,22486.486486486487,6400.0,147.61338293436188,90.270333367641,245,185704.48979591837,128000.0,417.86630563967924,403.7012035232256,0.3367295328700995
37,2960.0,0.003476471242629881,0.19612860162420737,0.7964178440315942,0.9960229168984314,186.2683557681611,32.3687581032336,66.456,130.1055019852524,200.8299343483727,37,21621.62162162162,6400.0,143.69188172452934,90.270333367641,235,192054.46808510637,128000.0,426.4553414249259,403.7012035232256,0.3376747347787417
38,3040.0,0.0035320947825119593,0.19685170764267437,0.7955000556235399,0.9958838580487263,186.24788630548449,32.50587698960041,68.39370078740157,129.77366487708392,200.9662622801804,45,18062.222222222223,6400.0,137.43667474112885,90.270333367641,232,195255.1724137931,121600.0,422.6882575018973,393.4792607492748,0.33713920109838547
39,3120.0,0.0036989654021581933,0.19974413171654243,0.7921348314606742,0.9955779285793748,186.17838469240183,32.55152168716778,69.32330827067669,130.27930938457254,201.0486623130398,49,17371.428571428572,6400.0,132.97501141107782,90.270333367641,253,181679.0513833992,83200.0,398.0485244575844,325.4743156102575,0.3351602540851861
40,3200.0,0.003420847702747803,0.20772610968962066,0.7840416064078318,0.9951885638002003,186.0720324841473,33.21687125687717,67.48780487804878,130.0629267639577,201.6833386541804,42,18742.85714285714,6400.0,137.9048515109881,90.270333367641,239,200006.69456066945,140800.0,430.3641961959184,423.4053942720982,0.33052970294402423
41,3280.0,0.0031983535432194904,0.21559684058293468,0.7762264990543998,0.995021693180554,185.96885081766604,33.78989840470925,67.62608695652175,129.99019607843138,202.27810820494446,31,23741.935483870966,12800.0,160.1678573636472,127.66152972845846,249,199248.19277108434,147200.0,433.57596472186435,432.9213103844808,0.32608643111349855
42,3360.0,0.003448659472688842,0.21871175881633106,0.7728890866614752,0.995049504950495,185.86903437534764,34.21215550412358,66.14516129032258,129.845498474059,202.533357322778,42,18895.238095238095,9600.0,136.0624625419748,108.96593154804972,241,208836.51452282158,166400.0,451.78256987602833,460.29019134012736,0.3241209108460533
43,3440.0,0.00350428301257092,0.21684837023028145,0.7743352986984091,0.9946879519412616,185.86441762153743,34.17308607484179,65.12698412698413,129.7569578042837,202.41232670066805,33,24436.363636363636,6400.0,148.26705852545072,90.270333367641,253,197236.36363636365,121600.0,424.7387201441274,393.4792607492748,0.32497655124072605
44,3520.0,0.003643341862276115,0.21593058182222716,0.7764211814439871,0.9959951051284904,186.0159361441762,34.088239346709024,65.82442748091603,129.73737764039154,202.4257979009206,34,24658.823529411766,6400.0,145.9929743360715,90.270333367641,254,195628.3464566929,128000.0,423.122923196267,403.7012035232256,0.32598588481077084
45,3600.0,0.0038936477917454666,0.21734898208922016,0.7737790632995883,0.995021693180554,186.2424073868061,34.27399332683017,65.38571428571429,130.1495841330774,202.8860973330458,28,32000.0,12800.0,162.37929050557298,127.66152972845846,261,191632.183908046,134400.0,423.8931609810495,413.67063566611284,0.32453405368783167
46,3680.0,0.00525642451885638,0.21554121704305262,0.774168428078763,0.9949660696406719,186.5049504950495,34.306080621608544,62.83068783068783,130.91109677419354,203.080866503808,41,29502.439024390245,12800.0,159.23107631252438,127.66152972845846,257,192996.10894941635,147200.0,437.231838760781,432.9213103844808,0.32446703720528636
47,3760.0,0.005701412837913005,0.21123039270219157,0.7795360996773835,0.9964679052174881,186.74324173990433,34.24750552135064,63.57560975609756,130.6391046741277,203.04406150772414,41,32000.0,12800.0,170.1743283706812,127.66152972845846,266,182736.84210526315,124800.0,416.1327962637781,398.59023213625017,0.3272840527568547
48,3840.0,0.0040048948715096224,0.20786516853932585,0.784208477027478,0.9960785404383135,186.98901435087328,33.64229895737683,65.65972222222223,130.40500401391492,202.83182608078874,41,22478.048780487807,6400.0,148.87219435219805,90.270333367641,235,203547.2340425532,128000.0,436.73879424411285,403.7012035232256,0.3303950917761594
49,3920.0,0.002224941595283124,0.2013572143731227,0.7921626432306152,0.995744799199021,187.12960284792524,32.67202181239166,69.3125,130.39406077348067,202.10486957132323,28,18285.714285714286,12800.0,141.28765472228466,127.66152972845846,246,188357.72357723577,105600.0,410.7445438254799,366.63772640253313,0.33544436354285917
50,4000.0,0.0026421181443987097,0.19888196684837023,0.7947213260651907,0.9962454110579597,187.0889142285015,32.70759653673096,68.92631578947369,129.92182911480913,201.97609798775153,31,19612.90322580645,6400.0,138.91578687660433,90.270333367641,225,203406.22222222222,134400.0,442.20566459138803,413.67063566611284,0.33680262796409716
51,4080.0,0.0036989654021581933,0.20169095561241518,0.7913561019023251,0.9967460229168984,187.06969629547226,33.283588891449746,64.42857142857143,129.8656922228351,202.37917340268504,30,28373.333333333332,9600.0,160.74594413715207,108.96593154804972,237,195834.59915611814,140800.0,437.93142246374674,423.4053942720982,0.33454937812196833
52,4160.0,0.004700189120035599,0.2068361330515074,0.7845144064968295,0.9960507286683724,187.00442207142063,34.007962353216726,64.67455621301775,129.96450181524807,202.97855218377765,33,32775.757575757576,12800.0,169.47307141812445,127.66152972845846,240,198320.0,147200.0,433.57202805629623,432.9213103844808,0.3304342834417251
53,4240.0,0.005395483368561575,0.2097563688953165,0.7805095116253198,0.9956613638891979,187.01220936700412,34.41828036293848,64.6340206185567,130.09639352956776,203.37941847206386,30,41386.666666666664,16000.0,197.71691410045202,142.0071667686964,252,191542.85714285713,128000.0,419.7801975494026,403.7012035232256,0.32801156454373737
54,4320.0,0.005006118589387028,0.2084770274780287,0.7819557236622539,0.9954388697296696,187.16442318389142,34.02399878510727,66.10555555555555,130.62673425827109,203.2695262483995,34,33882.35294117647,19200.0,182.61039944707227,156.35280380893437,253,189622.13438735178,121600.0,421.11951504706445,393.4792607492748,0.3289594562259091
55,4400.0,0.003420847702747803,0.20269217933029257,0.7894649015463344,0.9955779285793748,187.39250750917788,33.3418803646063,66.22764227642277,130.37568605927552,202.82575917705913,34,23152.941176470587,6400.0,147.63478651207055,90.270333367641,227,205476.65198237885,140800.0,447.02074670912043,423.4053942720982,0.3336459443662296
56,4480.0,0.004199577261096896,0.1947380131271554,0.7960562910223606,0.994993881410613,187.60710312604294,32.80861182944592,66.6092715231788,130.97986289631532,202.39370436362367,34,28423.529411764706,12800.0,164.49056587895015,127.66152972845846,265,169104.90566037735,102400.0,394.0927518719849,361.081333470564,0.33746203440814027
57,4560.0,0.005534542218266771,0.1890922238291245,0.7998108799644009,0.9944376460117922,187.75088997663812,32.93125089658072,65.55778894472361,130.65215472863656,202.4165797343348,50,25472.0,9600.0,156.43334516452148,108.96593154804972,232,187558.62068965516,124800.0,423.146194477065,398.59023213625017,0.33953327445078385
58,4640.0,0.00436644788074313,0.18158304594504393,0.8085437757258872,0.9944932695516743,187.71423406385583,32.26287083377274,65.28025477707007,130.00520753561037,201.64777105118327,39,25764.102564102563,12800.0,157.46714736775726,127.66152972845846,239,174835.14644351465,121600.0,408.11709464512296,393.4792607492748,0.3449938250553621
59,4720.0,0.002975859383691178,0.1831961286016242,0.8090721993547669,0.9952441873400824,187.62773945933918,31.680996080379003,68.1214953271028,130.22696219826932,201.30246467979788,36,19022.222222222223,6400.0,139.38393098066183,90.270333367641,240,175653.33333333334,105600.0,406.33485523694003,366.63772640253313,0.34544520560722175
60,4800.0,0.0028089887640449437,0.18597730559572812,0.8068472577594838,0.9956335521192569,187.5673601067972,31.90118598595731,70.03960396039604,130.0349932705249,201.46840853469374,38,17010.526315789473,12800.0,136.1529540919847,127.66152972845846,245,174680.81632653062,115200.0,399.4196169383641,382.9845891853754,0.3440781028584382
61,4880.0,0.0031149182333963733,0.19362554232951384,0.7990321504060518,0.9957726109689621,187.59125041717655,32.559499779685815,66.89285714285714,130.07339844872163,202.2368256178211,36,19911.11111111111,6400.0,143.2869508859743,90.270333367641,236,188800.0,108800.0,413.6381554043254,372.19411933450226,0.339328699946365
62,4960.0,0.0036989654021581933,0.19815886082990322,0.7932194904883747,0.9950773167204361,187.6801368339081,33.101743900642646,66.89473684210526,130.6039298245614,202.79429192524807,35,24320.0,6400.0,151.6586379286197,90.270333367641,250,182400.0,115200.0,409.7190488487781,382.9845891853754,0.33586612138233507
63,5040.0,0.0038380242518633884,0.20160752030259205,0.7902992546445656,0.995744799199021,187.83955389921016,33.411209437499295,64.44927536231884,130.63098358394262,203.26414695945945,28,31542.85714285714,12800.0,167.3330385491825,127.66152972845846,234,198263.24786324787,147200.0,436.58220630529615,432.9213103844808,0.3340312690887758
64,5120.0,0.003977083101568584,0.20447213260651909,0.7882968072088108,0.9967460229168984,187.99516075203027,33.543010960921144,62.6993006993007,131.06909684439609,203.55944820773357,22,41600.0,25600.0,200.01486065251717,180.540666735282,253,185979.4466403162,140800.0,421.990157913528,423.4053942720982,0.33270055692003697
65,5200.0,0.0035320947825119593,0.20352653242852375,0.7894927133162755,0.9965513405273112,188.03376348870842,33.353470995590335,64.54330708661418,130.96652090735174,203.47412547997322,28,29028.571428571428,12800.0,163.24198843984627,127.66152972845846,249,188093.17269076305,128000.0,426.2836019700848,403.7012035232256,0.33351465636951777
66,5280.0,0.0029202358438091,0.1963510957837357,0.7970297029702971,0.9963010345978418,188.0059517187674,32.50589715460382,68.61904761904762,131.07620396600566,202.65754763067903,31,21677.41935483871,12800.0,144.16381037753268,127.66152972845846,254,177889.76377952757,121600.0,411.2432782694541,393.4792607492748,0.33810585661374054
67,5360.0,0.0030314829235732563,0.193736789409278,0.797724997218823,0.9944932695516743,187.99371453999333,32.454870632202145,67.12844036697248,131.13953488372093,202.5584841195133,29,24055.172413793105,12800.0,154.92775094229842,127.66152972845846,250,178329.6,131200.0,413.80409053698673,408.68591959466926,0.3387408138578532
68,5440.0,0.0038936477917454666,0.19810323729002113,0.7923017020803204,0.994298587162087,188.01994103904772,32.96091594153682,66.30714285714286,131.34030605082128,203.1093091828138,34,26352.941176470587,12800.0,161.21693850911402,127.66152972845846,241,189158.5062240664,140800.0,425.1521724093204,423.4053942720982,0.33538973022760876
69,5520.0,0.00436644788074313,0.20038380242518633,0.7901601957948604,0.9949104461007898,187.9816998553788,33.40462301147708,66.22929936305732,130.94573213046496,203.40002111858084,32,31400.0,19200.0,175.54303728827642,156.35280380893437,233,197905.57939914163,140800.0,433.6824067256717,423.4053942720982,0.3339545564094442
70,5600.0,0.0038380242518633884,0.20497274446545777,0.785626877294471,0.9944376460117922,187.9106129714095,33.55986456589183,64.47101449275362,131.18127544097695,203.6263098272444,27,32711.11111111111,6400.0,170.17945112459353,90.270333367641,243,194106.99588477367,128000.0,431.0382047354628,403.7012035232256,0.33146278631217746
71,5680.0,0.004588942040271443,0.20850483924796975,0.7820113472021359,0.9951051284903771,187.83905328735122,34.30284477529189,64.9090909090909,130.60744297719089,204.11704246390212,29,36413.793103448275,12800.0,181.90763252559273,127.66152972845846,246,195043.9024390244,121600.0,426.0140370251026,393.4792607492748,0.32911953313980363
72,5760.0,0.00525642451885638,0.21150851040160196,0.7791189231282679,0.9958838580487263,187.75959506062966,34.63601798399028,65.71428571428571,130.55161078238,204.33904476333262,35,34560.0,19200.0,182.4594279052692,156.35280380893437,246,197853.65853658537,137600.0,432.945109354247,418.5380149691055,0.3272078290153966
73,5840.0,0.0041439537212148185,0.2085604627878518,0.7828178885304261,0.9955223050394927,187.7083379686283,33.89880119318371,66.56375838926175,131.0777436991599,203.6945678047394,29,32882.75862068965,12800.0,176.5937907871113,127.66152972845846,258,186021.70542635658,118400.0,419.7006942773751,388.2319249673251,0.3296278704759755
74,5920.0,0.0038380242518633884,0.20666926243186115,0.7838747357881856,0.9943820224719101,187.66606407831793,33.65717806854217,66.55797101449275,131.19633965818866,203.46439595529537,35,25234.285714285714,6400.0,151.9619456909507,90.270333367641,258,184334.88372093023,102400.0,411.5663471565945,361.081333470564,0.33044817058697873
75,6000.0,0.004255200800978974,0.197296695961731,0.7927466903993771,0.994298587162087,187.62053621092446,33.482145729601925,64.32679738562092,130.0608965322808,202.9304658995229,36,27200.0,12800.0,158.5790190014078,127.66152972845846,241,188388.3817427386,140800.0,423.63868529666695,423.4053942720982,0.3355831647046662
76,6080.0,0.0037824007119813103,0.18956502391812216,0.8017298920903326,0.9950773167204361,187.56713761263768,32.65081684650981,66.23529411764706,129.82291666666666,202.04402123009677,36,24177.777777777777,6400.0,144.88848311421745,90.270333367641,243,179516.04938271604,128000.0,413.35833429167064,403.7012035232256,0.34091074229459384
77,6160.0,0.003142730003337412,0.1841973523195016,0.809100011124708,0.996440093447547,187.4674046056291,31.798558372300768,69.48672566371681,130.02868790578287,201.18362436408634,41,17639.024390243903,6400.0,128.75118159546838,90.270333367641,238,178097.47899159664,115200.0,412.9053634128416,382.9845891853754,0.34526177640812017
78,6240.0,0.0026421181443987097,0.18350205807097564,0.8102124819223495,0.9963566581377239,187.3461731004561,31.56812044235194,66.09473684210526,129.9307365868445,200.92650693395578,29,20965.51724137931,12800.0,147.83326051759505,127.66152972845846,232,182013.7931034483,118400.0,415.6697692306037,388.2319249673251,0.3460324592492357
79,6320.0,0.00350428301257092,0.18750695294248526,0.8043163866948493,0.9953276226499055,187.24151741016797,32.167185957949116,66.71428571428571,129.88312073568673,201.38609958506225,33,24436.363636363636,19200.0,161.01731275903447,156.35280380893437,237,182062.44725738396,115200.0,409.1357849283411,382.9845891853754,0.3424764201958184
80,6400.0,0.00408833018133274,0.19476582489709646,0.7964456558015353,0.9952998108799644,187.1812214929358,33.113829895649246,65.87755102040816,129.52491789233187,202.1661836086182,37,25427.027027027027,12800.0,158.66255579940693,127.66152972845846,230,194866.08695652173,124800.0,426.5147258044606,398.59023213625017,0.3376728622946366
81,6480.0,0.004616753810212482,0.200133496495717,0.7904661252642118,0.9952163755701413,187.16723217265547,33.6204733537142,64.144578313253,129.93399110617008,202.65283934979945,37,28713.513513513513,12800.0,164.56454802679923,127.66152972845846,224,205600.0,134400.0,434.39559066397186,413.67063566611284,0.33404567949004904
82,6560.0,0.005033930359328068,0.20138502614306375,0.7882411836689287,0.9946601401713205,187.17031927911893,33.65803559023445,65.58563535911603,130.26612346361,202.78085526780043,44,26327.272727272728,12800.0,157.9006471630269,127.66152972845846,236,196366.10169491524,96000.0,417.33791733854406,349.61549778946534,0.33272736655276886
83,6640.0,0.005117365669151185,0.20066192012459674,0.7894649015463344,0.9952441873400824,187.1577761708755,33.619332796042976,63.266304347826086,130.26431046431046,202.67061227365602,36,32711.11111111111,9600.0,169.23086569307847,108.96593154804972,237,194835.44303797468,89600.0,408.54011748941537,337.76065965158017,0.3333546127782637
84,6720.0,0.005534542218266771,0.19801980198019803,0.7915785960618533,0.9951329402603182,187.14022694404272,33.641790669098015,62.64824120603015,129.93047752808988,202.5689691518516,32,39800.0,19200.0,190.13893254691936,156.35280380893437,239,190661.08786610878,128000.0,417.10350258360705,403.7012035232256,0.3345358097158486
85,6800.0,0.005423295138502615,0.19774168428078762,0.7921904550005562,0.9953554344198465,187.09077761708755,33.42754824702446,64.18461538461538,130.2748241912799,202.36732902682206,36,34666.666666666664,12800.0,174.88901984397913,127.66152972845846,253,179857.7075098814,121600.0,408.9361601629995,393.4792607492748,0.33488941253460064
86,6880.0,0.004255200800978974,0.1998553787963066,0.791272666592502,0.9953832461897875,186.9671264879297,33.00084072371891,61.68627450980392,130.8833843584748,202.05641277986714,33,29672.727272727272,12800.0,161.44895084785296,127.66152972845846,254,181064.56692913387,118400.0,413.2811914675546,388.2319249673251,0.3345694296649423
87,6960.0,0.004505506730448325,0.2039158972076983,0.7876015129602848,0.9960229168984314,186.77300033374124,33.11622686586197,64.11111111111111,131.12997817785052,202.1109149334369,36,28800.0,9600.0,161.61133560931745,108.96593154804972,250,187699.2,124800.0,420.2342640149051,398.59023213625017,0.33228046333713757
88,7040.0,0.004338636110802091,0.20750361553009233,0.7843197241072422,0.9961619757481366,186.54027144287463,33.5807824178642,65.56410256410257,130.13322610910066,202.32956278146165,38,26273.684210526317,9600.0,155.24539234113794,108.96593154804972,237,201478.48101265822,140800.0,438.24103843126204,423.4053942720982,0.3303808121965111
89,7120.0,0.004644565580153521,0.21568027589275782,0.7761152519746357,0.996440093447547,186.3666147513628,34.21741835510527,63.91616766467066,130.18027079303675,202.90525335053394,28,38171.42857142857,16000.0,188.13327374947676,142.0071667686964,256,193875.0,124800.0,426.4041483076608,398.59023213625017,0.3255406534450743
90,7200.0,0.005701412837913005,0.22343975970630772,0.7666314384247414,0.9957726109689621,186.16192012459672,35.200261943641145,62.81463414634146,130.11737615135672,203.64023217848722,33,39757.57575757576,25600.0,195.1893588753128,180.540666735282,255,201637.64705882352,128000.0,430.88192913380425,403.7012035232256,0.31997945964728264
91,7280.0,0.006146401156969629,0.22780620758705084,0.7619868728445879,0.9959394815886083,186.03101012348426,35.62043510760812,64.41628959276018,130.02258576486386,203.98634936856706,43,32893.023255813954,12800.0,177.3689258237098,127.66152972845846,239,219340.58577405856,140800.0,453.23012207901326,423.4053942720982,0.31724103552041155
92,7360.0,0.005423295138502615,0.22775058404716877,0.7636833908109912,0.9968572699966626,186.0847146512404,35.397862592771496,64.6974358974359,130.06423250702161,203.84183692049965,35,35657.142857142855,19200.0,191.34139813777924,156.35280380893437,242,216568.59504132232,150400.0,446.4516130099429,437.57691085389513,0.3182612081378854
93,7440.0,0.0038936477917454666,0.22674936032929136,0.7651017910779842,0.995744799199021,186.28840805428857,34.992876763684094,66.0,130.14853428185944,203.77858960378043,36,24888.88888888889,12800.0,155.27761202250974,127.66152972845846,244,213849.18032786885,140800.0,452.03844522661944,423.4053942720982,0.3195353998314369
94,7520.0,0.0041439537212148185,0.22602625431082435,0.7661308265658027,0.9963010345978418,186.43261208143286,34.712969594482296,67.14765100671141,130.77470161191093,203.6926707082441,38,25094.736842105263,6400.0,151.70753410986558,90.270333367641,243,214044.44444444444,128000.0,449.66737650735644,403.7012035232256,0.3199945656957222
95,7600.0,0.004283012570920014,0.22082545333185005,0.7712481922349538,0.9963566581377239,186.5416620313717,34.57667270287629,63.214285714285715,130.3638539042821,203.49100284879736,26,37907.692307692305,12800.0,182.88460065185566,127.66152972845846,227,223859.0308370044,172800.0,464.6197586732736,469.05841142680316,0.3228503965494749
96,7680.0,0.0037824007119813103,0.2154577817332295,0.7774224051618644,0.9966625876070753,186.67682723328514,34.38190084150044,62.8235294117647,129.77410610558925,203.2238042428362,30,29013.333333333332,6400.0,148.2093571053853,90.270333367641,225,220359.11111111112,153600.0,461.5725230597972,442.23251132330944,0.32645053418056624
97,7760.0,0.004811436199799755,0.21248192234953833,0.7798698409166759,0.9971631994660141,186.86402825675825,34.39538894989007,64.3179190751445,129.8675392670157,203.29620912235654,33,33551.51515151515,12800.0,169.1088495674173,127.66152972845846,223,219264.5739910314,166400.0,461.78259948862774,460.29019134012736,0.32757893224820833
98,7840.0,0.006062965847146513,0.20160752030259205,0.7887417955278674,0.996412281677606,187.00756480142397,34.440751547859534,62.174311926605505,129.00882880397296,202.9836036671368,38,36715.78947368421,12800.0,176.91646122072535,127.66152972845846,254,182651.968503937,118400.0,410.93468459663524,388.2319249673251,0.33259091995888396
99,7920.0,0.006368895316497942,0.19190121259316942,0.7965290911113583,0.9947991990210256,187.07943041495162,33.93642303480648,61.877729257641924,128.65376811594203,202.42311452513965,42,34895.23809523809,12800.0,168.27533353454004,127.66152972845846,258,171162.7906976744,115200.0,402.6474495535986,382.9845891853754,0.3373672985624668
100,8000.0,0.005645789298030926,0.1897597063077094,0.7993380798754033,0.9947435754811437,187.08955389921016,33.75318332368476,60.42857142857143,128.30367873369485,202.21418878953412,39,33312.820512820515,12800.0,164.01450609805428,127.66152972845846,239,182707.94979079498,128000.0,415.33967865211616,403.7012035232256,0.3391871296169446
101,8080.0,0.006146401156969629,0.18950940037824007,0.8000611858938703,0.99571698742908,187.04822560907778,33.832236298373616,60.918552036199095,128.21910771940122,202.1805193450829,39,36266.666666666664,12800.0,172.70977548096653,127.66152972845846,246,177274.79674796748,121600.0,409.69621128513586,393.4792607492748,0.3393942574161572
102,8160.0,0.006313271776615864,0.1903159417065302,0.7979474913783513,0.9945767048614974,187.00038936477918,33.91269473572108,59.691629955947135,128.5288616104048,202.23997072252624,40,36320.0,6400.0,169.90839016334877,90.270333367641,236,185572.88135593222,118400.0,419.86234702716604,388.2319249673251,0.3382566120471203
103,8240.0,0.006035154077205473,0.1919568361330515,0.7966959617310045,0.9946879519412616,187.01432306151963,33.853679750533274,59.516129032258064,128.75920023181686,202.3067094882357,33,42084.84848484849,19200.0,189.31115009075123,156.35280380893437,233,189582.83261802574,115200.0,419.4310790527465,382.9845891853754,0.3375435436350249
104,8320.0,0.004978306819445989,0.19768606074090556,0.7930248080987874,0.995689175659139,187.146707086439,33.9279439715558,61.502793296089386,128.8643781654474,202.6998316616399,32,35800.0,16000.0,177.06714601470125,142.0071667686964,222,204915.31531531533,147200.0,447.95802471113285,432.9213103844808,0.33542374372752853
105,8400.0,0.004338636110802091,0.19610078985426632,0.7958616086327734,0.9963010345978418,187.3000889976638,33.408461816430645,65.07692307692308,129.20564458941993,202.48336594911936,37,26983.783783783783,12800.0,161.67937461822555,127.66152972845846,227,198794.71365638767,147200.0,433.18581798011735,432.9213103844808,0.3371439487123522
106,8480.0,0.004032706641450662,0.1984369785293136,0.7929135610190232,0.9953832461897875,187.34931583045946,33.41179012332166,66.69655172413793,129.59761737911703,202.6756225885654,42,22095.238095238095,12800.0,153.85242189180454,127.66152972845846,222,205693.6936936937,128000.0,443.27749901923755,403.7012035232256,0.33558049712573246
107,8560.0,0.004922683279563912,0.19874290799866504,0.7917454666814996,0.9954110579597285,187.30209144509956,33.59406750830024,64.50847457627118,129.94654352085084,202.74406350990586,45,25173.333333333332,6400.0,152.89405527826892,90.270333367641,227,201473.12775330397,108800.0,428.76697831335457,372.19411933450226,0.33471520341842204
108,8640.0,0.0052842362887974195,0.19846479029925465,0.79202358438091,0.9957726109689621,187.27255534542218,33.713504289808135,64.11578947368422,129.57104820627802,202.7833766416181,43,28279.06976744186,12800.0,163.9218347321962,127.66152972845846,224,203885.7142857143,128000.0,431.6953029226497,403.7012035232256,0.3347618673219415
109,8720.0,0.0040048948715096224,0.19746356658137723,0.794888196684837,0.9963566581377239,187.22021359439316,33.27264365839384,63.94444444444444,129.35704225352112,202.40414960988068,39,23630.76923076923,6400.0,147.95018460499867,90.270333367641,219,207488.58447488584,128000.0,440.4331311983254,403.7012035232256,0.3366235687597833
110,8800.0,0.003587718322394037,0.19468238958727332,0.7975859383691178,0.9958560462787852,187.27266659250193,33.06735154078872,67.21705426356588,129.14828571428572,202.23314038635888,30,27520.0,19200.0,165.85507733028874,156.35280380893437,233,192274.67811158797,121600.0,424.20863835610413,393.4792607492748,0.33836913373102195
111,8880.0,0.0041439537212148185,0.1957114250750918,0.7952219379241295,0.9950773167204361,187.31418956502392,33.452601197509715,67.77852348993288,129.064089810999,202.56681705312488,44,21672.727272727272,6400.0,147.92294923283862,90.270333367641,221,203786.4253393665,128000.0,444.4716805116262,403.7012035232256,0.3369660926212642
112,8960.0,0.004894871509622872,0.1990766492379575,0.7899655134052731,0.9939370341528535,187.16175325397708,34.002694871325765,65.60227272727273,129.02430846605196,202.93166455428812,41,27473.170731707316,19200.0,170.50060871959667,156.35280380893437,224,204514.2857142857,140800.0,438.67322084730534,423.4053942720982,0.3338649303344634
113,9040.0,0.004922683279563912,0.20394370897763933,0.785626877294471,0.9944932695516743,186.9006563577706,34.18714289557223,66.71751412429379,129.15573435156142,202.9447748513169,39,29046.153846153848,12800.0,168.053644164836,127.66152972845846,235,199707.2340425532,121600.0,431.88631945869184,393.4792607492748,0.33123736294980827
114,9120.0,0.0049504950495049506,0.20945043942596506,0.7807320057848481,0.9951329402603182,186.66525753698966,34.64758732711781,63.28651685393258,128.95631390253618,203.21330863493873,35,32548.571428571428,12800.0,173.52685637577505,127.66152972845846,247,195135.2226720648,108800.0,413.09431323635783,372.19411933450226,0.3282986119898647
115,9200.0,0.006535765936144176,0.2123150517298921,0.7759483813549894,0.9947991990210256,186.42368450328178,34.925544818877995,65.19148936170212,129.62680115273776,203.27655913978495,45,33422.22222222222,19200.0,178.10212481907192,156.35280380893437,255,191598.431372549,108800.0,405.66078554382136,372.19411933450226,0.3252389578775933
116,9280.0,0.008037601512960285,0.2114806986316609,0.7755868283457559,0.9951051284903771,186.2253865836022,35.175210046283425,62.95501730103806,129.67411888479748,203.18456628536595,45,41102.22222222222,25600.0,195.73284914285622,180.540666735282,243,200269.95884773662,108800.0,421.35113550430367,372.19411933450226,0.3246770420925807
117,9360.0,0.008566025141840027,0.21189787518077652,0.7751696517966403,0.9956335521192569,186.16364445433308,35.26315778428401,61.464285714285715,129.8793804961281,203.1708165901263,44,44800.0,25600.0,201.00992574919965,180.540666735282,249,195829.718875502,128000.0,423.43527744859944,403.7012035232256,0.32425985052672746
118,9440.0,0.007648236733785738,0.21000667482478586,0.7787295583490933,0.9963844699076649,186.26963510957836,34.627977267600734,61.38909090909091,130.35995232419546,202.7772857142857,43,40930.232558139534,12800.0,186.83737957935642,127.66152972845846,262,184451.90839694656,118400.0,415.40584289343644,388.2319249673251,0.3264218572908447
119,9520.0,0.006813883635554567,0.20872733340749805,0.7803704527756147,0.9959116698186673,186.451885638002,34.682030595824216,61.01632653061225,129.7307128580946,202.9420150397377,32,49000.0,32000.0,218.7896316311497,201.8506017616128,255,188360.78431372548,115200.0,420.82237382393157,382.9845891853754,0.3276065836367793
120,9600.0,0.00873289576148626,0.20586272110357104,0.7811213705640226,0.99571698742908,186.66884525531205,35.25663423456136,62.83757961783439,129.26898135639016,203.42287972655416,49,41012.244897959186,25600.0,198.5632295645184,180.540666735282,251,188736.25498007968,115200.0,418.41034382076975,382.9845891853754,0.32767982981804594
121,9680.0,0.011069084436533542,0.20466681499610634,0.7800367115363221,0.9957726109689621,186.8732617643787,35.78840636885345,63.14070351758794,129.71341214838972,203.87699219167826,57,44687.71929824561,25600.0,202.65486736272288,180.540666735282,253,186156.52173913043,102400.0,414.03396769289975,361.081333470564,0.32657172270761853
122,9760.0,0.01081877850706419,0.2027756146401157,0.7822060295917233,0.9958004227389031,187.08682834575592,35.62236456045524,60.347043701799485,129.98340419695515,203.86922666666666,45,55324.444444444445,25600.0,218.01747501905368,180.540666735282,271,172185.9778597786,108800.0,401.3966466719087,372.19411933450226,0.3278931607577129
123,9840.0,0.010624096117476917,0.20322060295917233,0.7827066414506619,0.9965513405273112,187.30017243297362,35.80297581297528,60.28010471204188,129.49363623922267,204.20790249795687,49,49893.87755102041,12800.0,203.36731221780852,127.66152972845846,265,176470.94339622642,115200.0,406.954996516814,382.9845891853754,0.32812750571527544
124,9920.0,0.008927578151073534,0.2043330737568139,0.7839025475581266,0.9971631994660141,187.35724218489264,35.16394711597897,59.33021806853583,130.2553423165918,203.84886113673454,32,64200.0,38400.0,237.16212817656134,221.11625566165472,255,184395.29411764705,115200.0,411.7849882168241,382.9845891853754,0.3290846371853496
125,10000.0,0.006869507175436645,0.200133496495717,0.7902436311046835,0.9972466347758371,187.36177550339303,34.245827888742895,60.12955465587044,130.00277932184548,203.1320123882593,33,47903.030303030304,12800.0,195.7052385666862,127.66152972845846,260,177132.3076923077,108800.0,405.8951652752417,372.19411933450226,0.3332093033545327
126,10080.0,0.004728000889976638,0.20380465012793414,0.7886861719879853,0.9972188230058961,187.16712092557572,33.65462765964083,61.311764705882354,130.33133187772927,202.7442696946188,30,36266.666666666664,6400.0,165.79864292422235,90.270333367641,230,203909.5652173913,134400.0,445.7518435874368,413.67063566611284,0.3327174845815518
127,10160.0,0.004422071420625209,0.20894982756702637,0.7839025475581266,0.9972744465457781,186.8308488152186,33.968866511092955,59.484276729559745,129.98935179023027,202.82966721067197,30,33920.0,6400.0,159.46294726858116,90.270333367641,242,198690.9090909091,134400.0,432.8080917517689,413.67063566611284,0.3299818254151772
128,10240.0,0.004227389031037935,0.2135387696072978,0.77917454666815,0.9969407053064857,186.44181777728335,34.411145185406625,62.578947368421055,129.22870539202918,202.94046259280412,28,34742.857142857145,9600.0,170.35033446328455,108.96593154804972,245,200568.16326530612,147200.0,439.95310360311237,432.9213103844808,0.32732895167804194
129,10320.0,0.004032706641450662,0.2174324173990433,0.7758649460451663,0.9973300700856602,185.96612526421183,34.7477323626077,64.06896551724138,128.48631363520082,202.84220525504534,29,32000.0,12800.0,167.58082512705664,127.66152972845846,243,205906.17283950618,147200.0,436.3082935978648,432.9213103844808,0.32542473637189934
130,10400.0,0.0036155300923350763,0.22121481811102459,0.7729447102013572,0.9977750584047169,185.53710090110135,34.961841120044355,62.06923076923077,128.10284133769173,202.6609455958549,27,30814.814814814814,6400.0,160.17120753128785,90.270333367641,227,224253.74449339206,160000.0,463.75872717702975,451.35166683820506,0.32380081520374204
131,10480.0,0.003420847702747803,0.22310601846701525,0.7711647569251308,0.9976916230948938,185.28106574702414,35.240374748175256,59.61788617886179,127.51545749189728,202.6543566070398,20,39360.0,12800.0,183.8805739531443,127.66152972845846,224,229200.0,179200.0,477.63941825259764,477.6657057153477,0.3228451065143044
132,10560.0,0.004867059739681833,0.21974079430414953,0.7728890866614752,0.9974969407053065,185.32628768494828,35.385091257534484,62.205714285714286,127.38526768763448,202.69341489744514,36,31111.11111111111,6400.0,163.08372366836423,90.270333367641,237,213360.33755274263,166400.0,453.600765891481,460.29019134012736,0.3235225544225054
133,10640.0,0.005812659917677161,0.21506841695405496,0.7762821225942819,0.9971631994660141,185.44126154188453,35.25124961171223,60.6267942583732,127.71912582438898,202.5061980510175,37,36151.35135135135,6400.0,173.5904610944176,90.270333367641,251,197176.09561752988,147200.0,435.8237813776328,432.9213103844808,0.3252984933818441
134,10720.0,0.006174212926910669,0.21365001668706196,0.7776448993213928,0.9974691289353654,185.53562687729448,35.22670778266242,60.909909909909906,127.96550377505858,202.4689031150531,36,39466.666666666664,16000.0,186.21628710769897,142.0071667686964,248,198245.16129032258,121600.0,431.1789356253903,393.4792607492748,0.3259692311228856
135,10800.0,0.006674824785849371,0.21259316942930248,0.7782289464901546,0.9974969407053065,185.66987429079987,35.30294546966162,61.541666666666664,127.94505494505495,202.61904081195053,41,37463.41463414634,6400.0,177.7799054097346,90.270333367641,243,201323.45679012345,121600.0,431.85020174814036,393.4792607492748,0.32619727495129147
136,10880.0,0.006313271776615864,0.21512404049393705,0.776337746134164,0.9977750584047169,185.73918122149294,35.43828375874381,62.47136563876652,127.8868778280543,202.86920541663682,39,37251.282051282054,6400.0,176.46827378544114,90.270333367641,241,205410.78838174275,140800.0,439.2096553371537,423.4053942720982,0.3251496154149437
137,10960.0,0.006368895316497942,0.22060295917232173,0.7699966625876071,0.9969685170764268,185.6850038936478,35.89118824052523,62.19213973799127,127.8804841149773,203.41963447229648,40,36640.0,9600.0,176.3063966406863,108.96593154804972,241,210642.3236514523,153600.0,449.0746764541827,442.23251132330944,0.3216031098550584
138,11040.0,0.006285460006674824,0.2227166536878407,0.7678551563021471,0.9968572699966626,185.64523306263212,35.89294496867735,63.16814159292036,128.231018981019,203.47187511318774,42,34438.09523809524,12800.0,175.63963379891402,127.66152972845846,252,203377.77777777778,147200.0,437.3324024157199,432.9213103844808,0.3204175836044791
139,11120.0,0.0057848481477361215,0.21768272332851263,0.7731115808210034,0.9965791522972522,185.6867004116142,35.32262650264418,63.19230769230769,128.30049827520122,202.93884452118857,36,36977.77777777778,12800.0,181.9043691277759,127.66152972845846,262,191193.893129771,121600.0,417.57361565902374,393.4792607492748,0.3235552914996091
140,11200.0,0.005757036377795083,0.21448436978529314,0.7758649460451663,0.9961063522082545,185.7478306819446,35.14203914475916,63.88405797101449,128.1301867219917,202.78004803383877,42,31542.85714285714,12800.0,172.14921909883603,127.66152972845846,229,215531.87772925766,121600.0,440.76693734251853,393.4792607492748,0.32519762259031215
141,11280.0,0.0064245188563800204,0.21086883969295805,0.7788129936589164,0.9961063522082545,185.9000444988319,35.06584114260807,64.25541125541126,128.27011342653654,202.7120665642967,48,30800.0,6400.0,163.92856706785537,90.270333367641,244,198872.131147541,108800.0,417.05052239787796,372.19411933450226,0.3267588302563063
142,11360.0,0.006813883635554567,0.2097563688953165,0.7798976526866169,0.9964679052174881,186.1677884080543,34.996825632209045,62.922448979591834,128.84911164147442,202.8415590899365,46,34086.95652173913,12800.0,171.30011720825235,127.66152972845846,245,197015.51020408163,115200.0,422.4078145238163,382.9845891853754,0.32726225463461717
143,11440.0,0.00700856602514184,0.2081154744687952,0.7815941706530204,0.9967182111469574,186.38624986094115,34.84838342908804,62.492063492063494,129.2663370306027,202.87161513005728,40,40320.0,25600.0,186.47267919759818,180.540666735282,273,175425.64102564103,108800.0,400.92774598302043,372.19411933450226,0.32817757092052385
144,11520.0,0.0077316720436088554,0.2056958504839248,0.7830125709200133,0.996440093447547,186.61199799755258,34.92738839853607,62.435251798561154,129.38115197404002,203.06425374724728,54,32948.148148148146,12800.0,167.66185210058435,127.66152972845846,259,182758.30115830115,108800.0,411.7148297101477,372.19411933450226,0.3288945936860548
145,11600.0,0.008649460451663144,0.2064745800422739,0.7814273000333741,0.9965513405273112,186.8318778507064,35.20404845833044,60.62700964630225,129.74878771551724,203.48987436381108,39,51035.89743589744,25600.0,214.70064652224517,180.540666735282,262,181349.6183206107,102400.0,404.8111177890061,361.081333470564,0.3277687188509572
146,11680.0,0.007926354433196128,0.20920013349649572,0.7787851818889754,0.9959116698186673,186.84506062965846,35.56338512848374,58.44561403508772,129.20140919968094,203.8311549175059,38,48000.0,19200.0,201.26342737064914,156.35280380893437,256,188050.0,115200.0,412.43170671507494,382.9845891853754,0.3264559853533405
147,11760.0,0.006786071865613527,0.21328846367782844,0.7758927578151074,0.9959672933585494,186.80228612748914,35.53364274482856,62.09836065573771,128.92202373190767,204.01215140870312,38,41094.73684210526,12800.0,185.15726833040137,127.66152972845846,256,191725.0,115200.0,422.22717196154554,382.9845891853754,0.325011439794917
148,11840.0,0.006702636555790411,0.21437312270552897,0.7751696517966403,0.9962454110579597,186.75536767159863,35.57409830931234,63.643153526970956,128.81590555267255,204.0390714695752,40,38560.0,16000.0,186.84179278016512,142.0071667686964,243,203009.0534979424,134400.0,433.0449644647573,413.67063566611284,0.3245785868495893
149,11920.0,0.006368895316497942,0.21284347535877182,0.7766992991433975,0.9959116698186673,186.7599566136389,35.34216092259678,62.519650655021834,128.96445838233373,203.8323486231962,43,34083.72093023256,6400.0,169.89289477118135,90.270333367641,244,200734.4262295082,121600.0,425.958202702788,393.4792607492748,0.32557198782033964
150,12000.0,0.005701412837913005,0.20956168650572923,0.7802592056958505,0.9955223050394927,186.8143842474135,34.97242656235379,60.8,128.98327803583277,203.49039386918554,34,38588.23529411765,16000.0,187.33157085534367,142.0071667686964,241,200099.58506224066,134400.0,426.2372214019464,413.67063566611284,0.3278201478566216
151,12080.0,0.006507954166203137,0.20761486260985648,0.7807041940149071,0.9948270107909667,186.77661586383357,34.99899231684268,63.85042735042735,129.02947086403216,203.43756902140998,41,36526.829268292684,19200.0,185.22542364938462,156.35280380893437,253,188837.94466403162,121600.0,423.7965876756228,393.4792607492748,0.3279998624982645
152,12160.0,0.007536989654021582,0.20475025030592947,0.7833185003893648,0.9956057403493158,186.63747357881854,35.42211386295399,62.64944649446495,128.06710133116002,203.3752884786082,45,38542.22222222222,19200.0,189.71615532399534,156.35280380893437,256,184050.0,140800.0,419.12371956776406,423.4053942720982,0.32921982567889485
153,12240.0,0.007092001334964957,0.20475025030592947,0.7838747357881856,0.99571698742908,186.6835854933808,35.181244541946675,62.286274509803924,128.3947296930182,203.27684938797233,48,34000.0,6400.0,169.65402282751072,90.270333367641,254,185499.2125984252,134400.0,428.0280945000274,413.67063566611284,0.3296202140538206
154,12320.0,0.008649460451663144,0.2000778729558349,0.7875737011903438,0.9963010345978418,186.84049949938813,35.50370357645232,61.10932475884244,127.88810119544064,203.41648421498692,54,36859.25925925926,12800.0,176.95432661106594,127.66152972845846,258,178455.81395348837,115200.0,410.269771188523,382.9845891853754,0.3314143358592331
155,12400.0,0.010401601957948604,0.1935142952497497,0.7929135610190232,0.9968294582267215,187.10607409055513,35.4276283329785,59.144385026737964,128.34521414199483,203.28141003156787,47,50927.65957446808,19200.0,209.0362744817947,156.35280380893437,256,173950.0,102400.0,392.70911195703854,361.081333470564,0.3341880216489784
156,12480.0,0.010568472577594839,0.18934252975859384,0.7973634442095895,0.9972744465457781,187.3627767271109,34.97931064532343,60.036842105263155,128.7746768507638,203.10181374258806,47,51744.68085106383,12800.0,206.4450094477411,127.66152972845846,229,190267.24890829696,115200.0,414.8692394493652,382.9845891853754,0.3367649894900615
157,12560.0,0.008871954611191456,0.1869507175436645,0.8004227389031038,0.9962454110579597,187.49402046946267,34.2137461219267,59.14733542319749,129.26852127343054,202.69812369701182,43,47479.06976744186,12800.0,193.93592062300596,127.66152972845846,245,175595.10204081633,96000.0,400.6480509598012,349.61549778946534,0.3390530294333744
158,12640.0,0.008093225052842363,0.18464234063855825,0.8034820335966181,0.9962175992880187,187.43892535320947,33.60278980204901,58.08247422680412,129.79183611989757,202.16555901696088,37,50335.13513513513,12800.0,202.19854769965727,127.66152972845846,237,179281.01265822785,121600.0,414.42763713952564,393.4792607492748,0.34104015934119536
159,12720.0,0.0075648014239626206,0.18892535320947826,0.7993658916453443,0.9958560462787852,187.2231616420069,33.63856818149277,59.220588235294116,129.92727808037685,202.1797369702874,39,44635.89743589744,6400.0,188.23712710095793,90.270333367641,249,174599.1967871486,108800.0,404.7537827502212,372.19411933450226,0.3387031258566491
160,12800.0,0.006285460006674824,0.19827010790966737,0.7901323840249194,0.9946879519412616,187.07703860273668,33.953159136172346,61.99557522123894,129.86982746528264,202.70577261527632,42,34438.09523809524,12800.0,172.8430125666473,127.66152972845846,224,203685.7142857143,112000.0,428.9618336655593,377.58935425993883,0.3335957399161157
161,12880.0,0.006341083546556903,0.20397152074758038,0.7844031594170653,0.9947157637112026,187.05634664590053,34.38796755951041,63.56140350877193,129.93946004908645,203.19078854063252,44,33163.63636363636,12800.0,178.9465880445359,127.66152972845846,238,197216.80672268907,121600.0,423.82066728370523,393.4792607492748,0.33020856553678246
162,12960.0,0.005645789298030926,0.20666926243186115,0.7832906886194237,0.9956057403493158,187.18130492824562,34.30164784150603,64.23645320197045,130.23038621988965,203.3115324527766,38,34189.47368421053,12800.0,183.94938004270503,127.66152972845846,248,191767.74193548388,115200.0,419.32736564304577,382.9845891853754,0.3295846367997732
163,13040.0,0.004894871509622872,0.20480587384581156,0.7871287128712872,0.9968294582267215,187.3573534319724,33.909193294127626,66.70454545454545,130.27865290602932,203.1365981202742,38,29642.105263157893,12800.0,170.94821868494694,127.66152972845846,268,175856.71641791044,108800.0,399.49430343058486,372.19411933450226,0.33182225500964535
164,13120.0,0.005534542218266771,0.19860384914895984,0.7929969963288463,0.997135387696073,187.52336188675048,33.589191243374714,65.07537688442211,130.37277692199973,202.83821414793252,41,31063.414634146342,19200.0,178.78676963225868,156.35280380893437,269,169897.39776951674,89600.0,389.96231742160774,337.76065965158017,0.33510795728590126
165,13200.0,0.004728000889976638,0.19687951941261542,0.7944153965958394,0.9960229168984314,187.57815107353431,33.49194291420068,65.38235294117646,129.85760700663937,202.8155370396303,44,24727.272727272728,12800.0,154.73994256660782,127.66152972845846,241,187990.04149377593,115200.0,415.9645042726626,382.9845891853754,0.3362501571298086
166,13280.0,0.0031149182333963733,0.1984369785293136,0.7935532317276671,0.9951051284903771,187.53615530092335,33.241511830045376,65.40178571428571,129.68451296426068,202.7104054953913,28,25600.0,6400.0,153.14720344894536,90.270333367641,243,187917.69547325102,121600.0,414.1738759149047,393.4792607492748,0.33617237468278344
167,13360.0,0.003365224162865725,0.202998108799644,0.7888252308376905,0.9951885638002003,187.49969407053064,33.47251152224658,67.03305785123968,130.17906562542814,203.00835595670415,37,20929.72972972973,6400.0,140.9355141609256,90.270333367641,250,186854.4,121600.0,424.3458656351715,393.4792607492748,0.33333235460346267
168,13440.0,0.004922683279563912,0.20105128490377128,0.7891033485371008,0.9950773167204361,187.49257425742573,33.9157006850387,63.994350282485875,129.95504219117444,203.18425968350192,37,30616.216216216217,12800.0,173.41233050174353,127.66152972845846,251,184325.09960159363,140800.0,416.5527319740507,423.4053942720982,0.33320180299669544
169,13520.0,0.005478918678384692,0.20230281455111804,0.7886027366781622,0.9963844699076649,187.61055178551564,34.24078892693929,63.411167512690355,130.0050866098433,203.44210897548933,35,36022.857142857145,12800.0,184.94125278666633,127.66152972845846,259,179743.62934362935,108800.0,406.74725299516643,372.19411933450226,0.33262761276960345
170,13600.0,0.00525642451885638,0.2034987206585827,0.7876293247302258,0.9963844699076649,187.76106908443654,34.08918920706362,63.66137566137566,130.42271422714228,203.59668079096045,34,35576.470588235294,12800.0,185.09121027074315,127.66152972845846,249,188067.46987951806,121600.0,414.67336760200556,393.4792607492748,0.33210037397968223
171,13680.0,0.004839247969740794,0.20160752030259205,0.7898264545555679,0.9962732228279008,187.85665813772388,33.75522572203444,63.35632183908046,130.63939853772933,203.42614176555512,36,30933.333333333332,6400.0,165.325635177906,90.270333367641,259,179125.86872586873,128000.0,408.2224435596737,403.7012035232256,0.3334873281140749
172,13760.0,0.0054511069084436535,0.20010568472577595,0.7906886194237401,0.9962454110579597,187.91878963177217,33.690245993391756,62.93877551020408,131.16622654621264,203.35430882870207,34,36894.117647058825,16000.0,184.05471432525164,142.0071667686964,258,178480.62015503875,118400.0,410.32711115980356,388.2319249673251,0.3338789798186885
173,13840.0,0.005896095227500278,0.19754700189120036,0.7924129491600845,0.9958560462787852,187.86992435198576,33.89983258593775,60.367924528301884,130.77938899056736,203.27295381159624,32,42400.0,19200.0,193.62610374010052,156.35280380893437,266,170899.24812030076,121600.0,398.29853480028834,393.4792607492748,0.334863873962264
174,13920.0,0.005979530537323395,0.19704639003226165,0.7932194904883747,0.9962454110579597,187.71437312270552,33.985051409741736,61.64186046511628,130.07706422018347,203.16998001472598,33,41696.969696969696,12800.0,187.5026004630741,127.66152972845846,261,173731.80076628353,102400.0,395.9463530922127,361.081333470564,0.3352736303791354
175,14000.0,0.007536989654021582,0.19932695516742685,0.7889364779174547,0.9958004227389031,187.3582990321504,34.570821539290286,63.505535055350556,129.8638202874285,203.29121866958084,47,36902.12765957447,12800.0,177.41090184314638,127.66152972845846,232,197710.3448275862,108800.0,416.2846210440178,372.19411933450226,0.3325002824472491
176,14080.0,0.012070308154410946,0.19687951941261542,0.7867393480921125,0.995689175659139,186.85476693736788,35.73263592635579,56.42165898617512,129.82229128407968,203.35149179864254,34,81694.11764705883,16000.0,224.9283042713957,142.0071667686964,240,188773.33333333334,102400.0,411.777253411807,361.081333470564,0.3303535452097219
177,14160.0,0.015963955946156412,0.19774168428078762,0.7817610412726665,0.9954666814996106,186.299532762265,37.10968940191613,52.329268292682926,129.4225035161744,203.6652317762994,43,85432.55813953489,6400.0,204.4420643825333,90.270333367641,230,197843.47826086957,96000.0,413.45589505741776,349.61549778946534,0.32669505450705094
178,14240.0,0.019941039047724998,0.1984926020691957,0.7773667816219825,0.9958004227389031,185.892924685727,38.250053264061314,51.189679218967925,129.4312736443884,203.97402597402598,38,120757.8947368421,12800.0,248.1699186161903,127.66152972845846,232,196882.75862068965,108800.0,413.0448169155541,372.19411933450226,0.3232937659509086
179,14320.0,0.021136945155189678,0.20091222605406608,0.7737512515296473,0.9958004227389031,185.48445322060297,38.7878496832465,48.921052631578945,129.5204872646733,203.94644333417202,30,162133.33333333334,16000.0,273.7826226911601,142.0071667686964,243,190261.72839506174,108800.0,417.4248364498808,372.19411933450226,0.32091743397979583
180,14400.0,0.0233618867504728,0.1964345310935588,0.7766158638335744,0.996412281677606,185.24079430414952,39.45114506441902,47.857142857142854,128.53277644060597,203.8919209282338,41,131121.9512195122,12800.0,225.12030608794274,127.66152972845846,225,200903.11111111112,147200.0,438.9642812293646,432.9213103844808,0.32213800925679853
181,14480.0,0.024947157637112027,0.19084436533540994,0.7805373233952608,0.9963288463677828,185.1806096339971,39.74844876250376,45.7670011148272,128.3682599825124,203.71623017993943,43,133506.97674418605,6400.0,204.0013637152957,90.270333367641,236,186088.13559322033,121600.0,415.13370598929646,393.4792607492748,0.3242386238727233
182,14560.0,0.026170875514517744,0.18124930470575149,0.7886861719879853,0.9961063522082545,185.36925686950718,39.868979845417755,42.93092454835281,128.3493938928955,203.3998166302278,41,146887.80487804877,6400.0,190.941621150525,90.270333367641,234,178242.73504273503,108800.0,406.9605789132621,372.19411933450226,0.3290488724744049
183,14640.0,0.028534875959506063,0.17654911558571587,0.7911892312826788,0.9962732228279008,185.41859494938257,40.255096133237686,41.85087719298246,128.838531821046,203.41233127109112,38,172800.0,12800.0,212.08232732061717,127.66152972845846,231,175875.32467532466,134400.0,412.9981622830652,413.67063566611284,0.3302074016011259
184,14720.0,0.03209478251195906,0.17679942151518524,0.7869062187117588,0.9958004227389031,185.00058404716876,40.964769392707204,42.09705372616985,129.70851030360234,203.45493744256734,38,194357.8947368421,12800.0,235.5680315179992,127.66152972845846,262,155285.4961832061,108800.0,388.19126194296547,372.19411933450226,0.3270932657944179
185,14800.0,0.03565468906441206,0.17855156302147068,0.7818166648125486,0.9960229168984314,184.3898097674936,41.97599503462971,43.16848673946958,129.10295950155762,203.66280103873927,42,195352.38095238095,12800.0,246.1878394385577,127.66152972845846,250,164352.0,105600.0,394.3111433046757,366.63772640253313,0.32336872549907447
186,14880.0,0.03826899543886973,0.1841973523195016,0.7735843809100011,0.9960507286683724,183.6108855267549,42.62030961298169,44.12645348837209,129.12048920428808,203.67668524177603,46,191443.47826086957,12800.0,243.4283597272739,127.66152972845846,250,169548.8,102400.0,396.39857633910475,361.081333470564,0.31786804930543433
187,14960.0,0.03865836021804428,0.19334742463010346,0.7644621203693404,0.9964679052174881,182.7325898320169,43.22120976959001,42.736690647482014,128.72382048331414,203.63630079674027,41,216975.60975609755,12800.0,247.92053569785884,127.66152972845846,257,173123.73540856031,102400.0,398.842249636486,361.081333470564,0.31214167021967576
188,15040.0,0.03829680720881077,0.20411057959728557,0.7537545889420403,0.9961619757481366,181.90902770052287,43.58373016299422,41.348583877995644,128.99918244992506,203.56826064497085,44,200290.9090909091,9600.0,216.2294020415304,108.96593154804972,241,194894.60580912864,128000.0,433.50612637200356,403.7012035232256,0.3057745323245921
189,15120.0,0.03829680720881077,0.21128601624207363,0.7473578818556013,0.9969407053064857,181.2693848036489,44.01680986946274,40.074074074074076,128.5350796366987,203.56199761833878,40,220320.0,6400.0,208.06768685320526,90.270333367641,240,202586.66666666666,147200.0,445.73172424552575,432.9213103844808,0.301858303609783
190,15200.0,0.03979864278562688,0.21342752252753366,0.7437979753031483,0.9970241406163088,180.76576927355657,44.498422609955746,39.84206848357792,128.23651290070367,203.52082710140593,38,241010.52631578947,6400.0,215.05858721045288,90.270333367641,245,200463.67346938775,121600.0,437.80387557258064,393.4792607492748,0.2994541080111823
191,15280.0,0.043108243408610525,0.21181443987095339,0.7418789631772166,0.9968016464567805,180.47346757147625,45.18908977741299,41.01032258064516,128.02626050420167,203.72731021555765,43,230697.67441860464,12800.0,235.85812539234738,127.66152972845846,265,183933.5849056604,102400.0,409.37343872716036,361.081333470564,0.29771550521310003
192,15360.0,0.04477694960507287,0.21120258093225053,0.7402102569807543,0.9961897875180776,180.40290911113584,45.6632065924295,40.66832298136646,128.120226494601,203.97801991358256,48,214666.66666666666,6400.0,222.85474136507136,90.270333367641,257,189111.2840466926,115200.0,413.25755497908716,382.9845891853754,0.29649322590882
193,15440.0,0.04563911447324508,0.20981199243519857,0.7406552452998109,0.9961063522082545,180.6009011013461,45.933378520280435,40.65082266910421,128.08191940615058,204.3019037963276,39,269292.3076923077,25600.0,259.6749813084353,180.540666735282,255,189339.60784313726,121600.0,418.9209916343668,393.4792607492748,0.2966094916963536
194,15520.0,0.04583379686283235,0.2073367449104461,0.7437145399933252,0.9968850817666036,180.90352097007454,45.89080239698525,40.53094660194175,128.2989939637827,204.38244643057476,48,219733.33333333334,6400.0,216.6185136707604,90.270333367641,257,185649.8054474708,121600.0,412.98036304641386,393.4792607492748,0.2982955046628185
195,15600.0,0.04575036155300923,0.20283123817999776,0.7488875292023585,0.9974691289353654,181.19779730782068,45.70225495722481,39.93495440729483,128.37186343068697,204.25238608088534,42,250666.66666666666,6400.0,230.11820156330785,90.270333367641,243,192079.01234567902,147200.0,421.81043565033593,432.9213103844808,0.301340293300328
196,15680.0,0.04666814996106352,0.19512737790632995,0.7558404716876183,0.9976359995550117,181.40813772388475,45.49281683830025,40.35816448152563,128.49558152793614,203.89101078117525,50,214784.0,6400.0,211.72406807122584,90.270333367641,262,171383.20610687023,86400.0,388.75443207232104,331.61748763091884,0.30538949589061587
197,15760.0,0.046918455890532874,0.19120591834464346,0.7594281900100123,0.9975525642451886,181.61942374012682,45.438292185947084,39.52637818612922,128.744,203.83106277008716,37,291805.4054054054,12800.0,264.9330190751153,127.66152972845846,253,173913.04347826086,102400.0,397.4366009718707,361.081333470564,0.30756490607729353
198,15840.0,0.04814217376793859,0.1898709533874736,0.7594281900100123,0.9974413171654244,181.9115585715875,45.55835377555854,40.69324090121317,129.00615204335725,204.204021094265,42,263771.4285714286,9600.0,258.8512895033352,108.96593154804972,250,174771.2,102400.0,401.5067502598412,361.081333470564,0.3073923098985805
199,15920.0,0.0483646679274669,0.1892312826788297,0.7587050839915452,0.9963010345978418,182.18389142285014,45.53362121034403,41.20471535365152,129.5978835978836,204.46455278592376,43,258827.90697674418,19200.0,261.1174072198648,156.35280380893437,258,168781.39534883722,112000.0,394.8797720366026,377.58935425993883,0.30708799322147806
200,16000.0,0.048114361997997554,0.1886750472800089,0.7593725664701302,0.9961619757481366,182.3997107575926,45.18109423110892,41.13236994219653,130.88001179245282,204.31500878992088,53,208905.6603773585,6400.0,219.84205879714762,90.270333367641,268,162005.97014925373,96000.0,385.27442179558017,349.61549778946534,0.3075605086059633
201,16080.0,0.04816998553787963,0.18720102347313383,0.7610968962064746,0.9964679052174881,182.51379463789075,45.16834192428116,41.38221709006928,130.49413162977268,204.3965870057736,45,246328.88888888888,12800.0,249.07267845602942,127.66152972845846,258,166970.5426356589,102400.0,395.20384557088835,361.081333470564,0.3085721385502341
202,16160.0,0.047752808988764044,0.19042718878629436,0.7583991545221938,0.9965791522972522,182.65460562910224,45.25494140455061,42.053581828771115,130.27384255878488,204.82148226924346,49,224261.22448979592,12800.0,236.17622343964368,127.66152972845846,243,180332.51028806585,108800.0,407.6109386640209,372.19411933450226,0.3069502965433637
203,16240.0,0.045194126154188455,0.19356991878963178,0.7581210368227834,0.9968850817666036,182.8203359661809,44.85391219208032,41.596923076923076,130.4824712643678,204.76158333027624,39,266666.6666666667,6400.0,248.55716763163727,90.270333367641,244,182557.37704918033,121600.0,409.24469329498316,393.4792607492748,0.30713698005724205
204,16320.0,0.0436644788074313,0.19106685949493826,0.762098119924352,0.9968294582267215,183.09625653576595,44.529592151213976,41.460509554140124,130.06812227074235,204.6697321363404,40,251200.0,12800.0,242.33214689402584,127.66152972845846,271,162243.54243542434,96000.0,383.60454724310955,349.61549778946534,0.3098298922004471
205,16400.0,0.04269106685949494,0.18430859939926578,0.7700522861274891,0.9970519523862499,183.3700912226054,44.22269234067459,41.241042345276874,129.16945827674664,204.36156457671194,43,228465.11627906977,12800.0,238.27982577958434,127.66152972845846,269,157668.40148698885,89600.0,376.8620926587732,337.76065965158017,0.3148554404378208
206,16480.0,0.04085549004338636,0.180915563466459,0.7758093225052842,0.9975803760151296,183.53668372455223,43.74296714579605,41.18720217835262,128.21475787855496,204.04366373902133,42,223847.61904761905,12800.0,235.79988194971133,127.66152972845846,256,162625.0,108800.0,388.1053295046373,372.19411933450226,0.318620733188998
207,16560.0,0.03785181888975414,0.18378017577038602,0.77569807542552,0.9973300700856602,183.78014795861608,43.15395845476041,40.58119030124908,128.5240617433414,203.98246746262234,38,229221.05263157896,6400.0,230.81809558097316,90.270333367641,245,172617.14285714287,115200.0,404.9390670026644,382.9845891853754,0.31904005035207134
208,16640.0,0.035487818444765826,0.18725664701301592,0.7744187340082322,0.9971631994660141,183.99054399822003,42.5159059399822,41.92319749216301,128.8017228575672,203.97557909858142,46,177530.4347826087,6400.0,202.11631026997776,90.270333367641,234,184150.42735042734,131200.0,421.6793332883405,408.68591959466926,0.31864504663496995
209,16720.0,0.03151073534319724,0.19368116586939593,0.7716097452441874,0.9968016464567805,184.1658972076983,41.93545405496374,41.581641659311565,128.58543940264215,204.09526384083046,38,190821.05263157896,6400.0,197.21597792071992,90.270333367641,230,193780.86956521738,147200.0,438.29871816120533,432.9213103844808,0.31763837506958953
210,16800.0,0.029647346757147624,0.1976582489709645,0.7695238624986094,0.9968294582267215,184.19562798976526,41.61371194880593,41.687617260787995,128.73744195863233,204.09404026166467,39,174933.33333333334,6400.0,189.30139099744568,90.270333367641,233,195213.7339055794,128000.0,430.6087054977909,403.7012035232256,0.3166974023230966
211,16880.0,0.02708866392257203,0.20246968517076427,0.7672989209033263,0.9968572699966626,184.05904438758483,41.25268076482953,41.46714579055441,128.36964285714285,203.94769654572474,34,183341.17647058822,6400.0,203.09270244613538,90.270333367641,231,201696.9696969697,115200.0,427.99528329964943,382.9845891853754,0.3158237540661288
212,16960.0,0.02541995772610969,0.20903326287684948,0.762125931694293,0.9965791522972522,183.57358994326398,41.04351734403132,43.68599562363239,127.49800425758382,203.77823595956647,41,142673.17073170733,6400.0,187.74067202231078,90.270333367641,223,215705.82959641254,134400.0,447.7144673627256,413.67063566611284,0.3131135821973998
213,17040.0,0.024418734008232284,0.21982422961397263,0.752864612303927,0.997107575926132,182.86828345755924,41.164909672742944,44.682232346241456,127.20129048582996,203.74776505356482,40,140480.0,9600.0,212.47711375901298,108.96593154804972,225,224824.88888888888,134400.0,450.9640178439866,413.67063566611284,0.3078507493534207
214,17120.0,0.022694404271887864,0.2283346312159306,0.7449104461007898,0.9959394815886083,182.4601457336745,40.86020625010748,46.41789215686274,127.51193666260657,203.65266577060933,48,108800.0,6400.0,195.90921127380713,90.270333367641,259,202872.58687258686,128000.0,429.38460372376625,403.7012035232256,0.3038154568770252
215,17200.0,0.019662921348314606,0.22997552564245188,0.7460507286683724,0.995689175659139,182.81708198909777,40.169400148830896,47.5997171145686,127.55109444914741,203.65945945945947,45,100551.11111111111,12800.0,199.86447355620837,127.66152972845846,244,216891.80327868852,166400.0,454.2571218939697,460.29019134012736,0.3051783182422421
216,17280.0,0.016436756035154078,0.22274446545778173,0.7567304483257314,0.9959116698186673,183.79619534987208,38.87066852964288,49.64467005076142,127.91072543388688,203.37278106508876,50,75648.0,6400.0,185.53396728287225,90.270333367641,251,204213.54581673307,140800.0,438.0549109446234,423.4053942720982,0.31193636311698747
217,17360.0,0.013321837801757703,0.20764267437979753,0.7750584047168761,0.9960229168984314,185.14717988652797,37.16576533473934,52.881002087682674,127.91843021698367,202.9400387541266,61,50255.737704918036,6400.0,163.25400735136722,90.270333367641,261,183074.32950191572,121600.0,418.3150906562761,393.4792607492748,0.3231724334947006
218,17440.0,0.009567248859717433,0.19604516631438423,0.7905495605740349,0.9961619757481366,186.6133885860496,35.521946383902474,58.270348837209305,127.9876578238048,202.89671064204046,45,48924.444444444445,12800.0,184.60599361393616,127.66152972845846,257,175539.29961089493,102400.0,399.8866347136519,361.081333470564,0.33302366610979983
219,17520.0,0.007509177884080543,0.19115029480476137,0.7974468795194126,0.9961063522082545,187.8425853821337,34.41706074526524,64.01851851851852,129.09137203550122,203.30300282495728,49,35265.30612244898,12800.0,175.81958415552788,127.66152972845846,252,174552.38095238095,99200.0,400.248256514511,355.34841563001464,0.3375271480316536
220,17600.0,0.007175436644788074,0.1884525531204806,0.8011736566915119,0.9968016464567805,188.34536655912783,34.15790081630233,60.33720930232558,129.4319657615112,203.519908355608,49,33697.95918367347,6400.0,162.9250981861838,90.270333367641,251,172774.50199203187,115200.0,404.55295550247945,382.9845891853754,0.3397256600972172
221,17680.0,0.007425742574257425,0.1918734008232284,0.797001891200356,0.9963010345978418,188.23542663255088,34.67684281106476,58.58801498127341,129.3091752427888,203.83239697107163,48,35600.0,6400.0,156.9147972792441,90.270333367641,245,180218.77551020408,121600.0,418.7808435010239,393.4792607492748,0.33724898862855573
222,17760.0,0.007926354433196128,0.19601735454444322,0.7926076315496718,0.9965513405273112,188.02875737011902,35.43486590156321,57.4140350877193,128.4033768444949,204.24927190427735,37,49297.2972972973,6400.0,178.68869016808657,90.270333367641,242,186393.38842975206,115200.0,418.85334027849484,382.9845891853754,0.33450176707674223
223,17840.0,0.008677272221604183,0.19838135498943152,0.7897430192457447,0.9968016464567805,187.84659027700522,36.041767509761804,56.70192307692308,127.8361138370952,204.52014368220875,44,45381.818181818184,6400.0,166.1985469291528,90.270333367641,237,192621.0970464135,108800.0,416.84012533244265,372.19411933450226,0.33262590901711486
224,17920.0,0.009038825230837691,0.19910446100789855,0.7874346423406385,0.9955779285793748,187.6453721214818,36.13672997683452,56.824615384615385,128.0205335940774,204.4691837671741,51,40784.313725490196,6400.0,159.5214125951402,90.270333367641,239,191705.43933054394,115200.0,413.4030574588222,382.9845891853754,0.331353687547911
225,18000.0,0.009316942930248082,0.19523862498609412,0.7907998665035043,0.9953554344198465,187.52592056958505,35.77243670452443,56.808955223880595,128.44757834757834,203.9168249279032,54,39703.7037037037,6400.0,156.93568328728665,90.270333367641,239,187983.26359832636,102400.0,407.11802294262804,361.081333470564,0.3333292706573816
226,18080.0,0.009428190010012237,0.1942374012682167,0.7920792079207921,0.995744799199021,187.3021192568695,35.52466559409336,55.70796460176991,128.66323024054984,203.4774929775281,51,42541.17647058824,6400.0,159.73231867950477,90.270333367641,239,187019.24686192468,108800.0,410.2703944246744,372.19411933450226,0.3340179446583796
227,18160.0,0.010624096117476917,0.19512737790632995,0.7898542663255089,0.9956057403493158,186.9828679497163,35.7748516602075,56.403141361256544,128.66519384264538,203.40345070422535,62,39432.25806451613,6400.0,158.45795993010023,90.270333367641,238,188665.5462184874,124800.0,422.2746322376151,398.59023213625017,0.33248912947344006
228,18240.0,0.01048503726777172,0.19660140171320503,0.7882133718989877,0.9952998108799644,186.88914228501503,35.68740367393556,56.08488063660477,128.9978780591314,203.3195017818708,54,44681.48148148148,6400.0,169.23041172216776,90.270333367641,239,189295.39748953976,134400.0,420.0619205538796,413.67063566611284,0.3315796178680558
229,18320.0,0.009205695850483924,0.1991600845477806,0.7871009011013461,0.9954666814996106,186.8642507509178,35.51525222668704,56.77643504531722,128.94721407624633,203.29882336313204,54,39229.62962962963,6400.0,158.49487860603563,90.270333367641,260,176270.76923076922,124800.0,412.0043039407188,398.59023213625017,0.3311391154295726
230,18400.0,0.007703860273667817,0.2016353320725331,0.7868784069418178,0.9962175992880187,187.03762932473023,35.42890031635315,59.761732851985556,128.25696551724138,203.53515003711166,56,31657.14285714286,6400.0,149.31522467215402,90.270333367641,232,200000.0,140800.0,441.72793395775994,423.4053942720982,0.33119847131491786
231,18480.0,0.006619201245967293,0.1976582489709645,0.7916620313716765,0.9959394815886083,187.42596506841696,35.28402938973755,57.865546218487395,127.72745180807654,203.63207447742843,44,34618.181818181816,6400.0,152.75799183923044,90.270333367641,237,191918.98734177215,134400.0,426.36276992661965,413.67063566611284,0.33427012636053777
232,18560.0,0.006285460006674824,0.19963288463677828,0.7908554900433864,0.9967738346868394,187.474051618645,35.11478673699772,61.06637168141593,128.04012259682364,203.6381347587565,44,32872.72727272727,6400.0,156.65487117320652,90.270333367641,255,180153.72549019608,102400.0,411.5051208704233,361.081333470564,0.33374599919144726
233,18640.0,0.006313271776615864,0.20424963844699076,0.7864890421626433,0.9970519523862499,187.0752308376905,35.32964508609829,66.08810572687224,127.88003812636165,203.5615474380282,54,26903.703703703704,6400.0,155.6358656615907,90.270333367641,271,173437.63837638375,121600.0,404.65722991564496,393.4792607492748,0.331135380368691
234,18720.0,0.006062965847146513,0.20739236845032819,0.7835131827789521,0.9969685170764268,186.91748247858493,35.358623177681885,66.03669724770643,128.07590183719995,203.59846656254436,54,25837.037037037036,6400.0,152.44440299946996,90.270333367641,263,181463.11787072243,115200.0,413.6362575974251,382.9845891853754,0.329457055178591
235,18800.0,0.0054511069084436535,0.20422182667704972,0.7866002892424074,0.9962732228279008,187.10885526754922,35.278427035159304,62.62244897959184,127.64360615552226,203.61559947671745,44,28509.090909090908,6400.0,158.87229572398635,90.270333367641,244,192603.2786885246,128000.0,421.42960910697695,403.7012035232256,0.3314728944437639
236,18880.0,0.00611858938702859,0.20110690844365336,0.7885471131382801,0.9957726109689621,187.10215263099343,35.39312371007823,65.37727272727273,127.18061125708753,203.5589884668289,62,22709.677419354837,6400.0,137.59765387487133,90.270333367641,240,192826.66666666666,105600.0,414.05005822117494,366.63772640253313,0.332549216648162
237,18960.0,0.006480142396262098,0.20196907331182556,0.7878240071198132,0.9962732228279008,187.0058960952275,35.31024975307504,63.592274678111586,127.67047645276783,203.4316023581742,57,26161.40350877193,6400.0,149.80658185379286,90.270333367641,256,181550.0,124800.0,410.8674390704723,398.59023213625017,0.3319873090812034
238,19040.0,0.006786071865613527,0.2030537323395261,0.7862109244632328,0.9960507286683724,186.96815552341752,35.34567727843827,64.34016393442623,127.87138748116696,203.49877958187415,46,33947.82608695652,12800.0,170.68981827808804,127.66152972845846,253,184689.32806324112,115200.0,416.2228625193973,382.9845891853754,0.3310079566214433
239,19120.0,0.00673044832573145,0.2061964623428635,0.7831794415396596,0.9961063522082545,186.78487595950605,35.501414852726796,62.70247933884298,128.17116266522794,203.49545454545455,58,26703.44827586207,6400.0,147.76893943043552,90.270333367641,260,182498.46153846153,112000.0,409.81023274092263,377.58935425993883,0.3292363366090309
240,19200.0,0.010318166648125487,0.20689175659138948,0.7778952052508622,0.9951051284903771,186.13307931916788,36.351940423774344,63.086253369272235,128.01666890711118,203.4638541294244,68,34917.64705882353,6400.0,169.3718989013023,90.270333367641,275,173125.81818181818,108800.0,402.87509644717153,372.19411933450226,0.3255526284189429
241,19280.0,0.013015908332406274,0.21287128712871287,0.769217933029258,0.9951051284903771,185.340555122928,37.04129881576251,60.19444444444444,128.61614841912726,203.40263214983005,72,41600.0,6400.0,172.33078746097104,90.270333367641,267,183466.66666666666,140800.0,420.9113930493001,423.4053942720982,0.3199488266364239
242,19360.0,0.0134608966514629,0.20686394482144843,0.7758649460451663,0.9961897875180776,185.70032817888531,37.03508483951647,56.17355371900826,128.62731917182037,203.36147255977346,71,43628.16901408451,6400.0,163.87256921954284,90.270333367641,254,187414.17322834645,121600.0,420.97435779127983,393.4792607492748,0.3235955659919667
243,19440.0,0.014156190899988876,0.2042774502169318,0.7783680053398598,0.9968016464567805,185.97104794749137,36.99768285406624,54.25147347740668,129.09720898570455,203.45174545324616,60,54293.333333333336,6400.0,170.74221311878816,90.270333367641,259,181498.0694980695,102400.0,406.49960263190604,361.081333470564,0.32484966712056756
244,19520.0,0.01518522638780732,0.2027756146401157,0.7782567582600957,0.9962175992880187,186.0173545444432,37.401506047948075,53.315018315018314,128.7450281168564,203.72040167244398,62,56361.290322580644,6400.0,167.5279951252439,90.270333367641,234,199411.9658119658,131200.0,439.91813269309324,408.68591959466926,0.32466168086191105
245,19600.0,0.015157414617866282,0.19796417844031594,0.7830960062298364,0.9962175992880187,186.54466570252532,37.17693608058657,51.00183486238532,129.19893228434952,203.85932450190006,58,60137.93103448276,6400.0,160.07572258564747,90.270333367641,237,192216.03375527426,128000.0,429.15634953393305,403.7012035232256,0.3275374871299328
246,19680.0,0.015602402936922905,0.18681165869395927,0.7937201023473134,0.9961341639781955,187.2153743464234,37.13471854957394,48.53832442067736,128.6106892958166,203.92014436385298,45,79786.66666666667,6400.0,174.98818407108456,90.270333367641,239,179869.4560669456,140800.0,416.5397095539116,423.4053942720982,0.3338525327097336
247,19760.0,0.016965179664033818,0.17958059850928912,0.7996440093447547,0.9961897875180776,187.67579819779732,36.90230951794401,48.0672131147541,129.50890506427135,203.8813647746244,44,88727.27272727272,6400.0,180.0628139609355,90.270333367641,245,168672.6530612245,134400.0,404.9450468947826,413.67063566611284,0.337228665964458
248,19840.0,0.01841139170096785,0.17513071531872287,0.801229280231394,0.9947713872510846,187.61742129269106,36.86556822225767,48.157099697885194,130.30331904081308,203.62810232913327,45,94151.11111111111,6400.0,188.64347908454948,90.270333367641,249,161850.60240963855,102400.0,391.81830620893413,361.081333470564,0.3381919583090427
249,19920.0,0.02194348648347981,0.1761319390366003,0.7960841027923017,0.9941595283123817,186.90279786405605,37.71295792456979,49.68821292775665,130.2981209537344,203.53521520402458,59,85586.44067796611,6400.0,194.82743578341,90.270333367641,260,155889.23076923078,92800.0,378.6467383274616,343.68807872052275,0.3345657978908557
250,20000.0,0.023862498609411503,0.17971965735899434,0.7902992546445656,0.9938814106129714,186.39859828679496,38.68552426655504,48.95454545454545,129.68477251624884,203.794481981982,65,84480.0,12800.0,197.87291632731538,127.66152972845846,264,156654.54545454544,102400.0,382.6798570452875,361.081333470564,0.3307439761031339
251,20080.0,0.025503393035932808,0.18441984647902993,0.7853209478251196,0.9952441873400824,186.22079764156192,39.27215701197792,49.395856052344605,129.87633841049615,204.16910436661118,63,93155.55555555556,6400.0,204.97242140883773,90.270333367641,281,151026.33451957296,89600.0,374.0818849488036,337.76065965158017,0.32722049809123693
252,20160.0,0.025253087106463457,0.1840304816998554,0.7866002892424074,0.9958838580487263,186.3645844921571,39.28993807727984,48.747797356828194,129.7021308750189,204.27178870699714,48,121066.66666666667,12800.0,237.5383698252733,127.66152972845846,256,165425.0,108800.0,393.90019900299956,372.19411933450226,0.327948199872406
253,20240.0,0.024641228167760595,0.18305706975191902,0.7886027366781622,0.9963010345978418,186.49666258760706,38.76589048634669,48.987584650112865,130.48268003646308,203.9895609239993,61,92957.37704918033,6400.0,194.9710547084338,90.270333367641,264,159563.63636363635,83200.0,377.3070359373283,325.4743156102575,0.32921089493302924
254,20320.0,0.02394593391923462,0.1869785293136055,0.7851818889754144,0.9961063522082545,186.08549338079877,38.775353149000004,48.27061556329849,130.31637661758143,203.7803202040238,64,86100.0,6400.0,183.57626232699153,90.270333367641,244,176340.9836065574,108800.0,408.83356181983675,372.19411933450226,0.3272625629439854
255,20400.0,0.02369562798976527,0.19610078985426632,0.7758927578151074,0.995689175659139,185.30968405829347,39.39673886725178,48.49647887323944,129.2894624875904,203.86773245393934,61,89390.16393442624,6400.0,188.31164828528694,90.270333367641,250,180505.6,102400.0,402.63474217940814,361.081333470564,0.32174572224850556
256,20480.0,0.023473133830236956,0.20422182667704972,0.7679942151518523,0.995689175659139,184.76657581488485,39.95655871642578,48.610189573459714,128.5135503200327,204.13225175635546,53,101916.98113207547,6400.0,207.14118821585862,90.270333367641,255,184294.9019607843,121600.0,406.31704505703976,393.4792607492748,0.31707360458219624
257,20560.0,0.022527533652241628,0.207253309600623,0.7658805206363333,0.9956613638891979,184.54563911447323,39.954295179046056,48.569135802469134,128.12962962962962,204.04996731788802,60,86400.0,6400.0,182.42179929410446,90.270333367641,262,182033.58778625954,128000.0,407.54811569719124,403.7012035232256,0.3160101328311129
258,20640.0,0.02046946267660474,0.2092557570363778,0.7667426855045055,0.9964679052174881,184.51988541550784,39.437559265489526,48.33288043478261,128.10061137692716,203.73292466175778,62,75974.19354838709,6400.0,168.60878835468907,90.270333367641,252,191085.7142857143,131200.0,426.06459476811244,408.68591959466926,0.3168167474986945
259,20720.0,0.019941039047724998,0.20864389809767495,0.7681054622316165,0.9966903993770163,184.57587050839916,39.15299056221331,50.231520223152025,127.97267395361237,203.59178796437106,73,62860.27397260274,6400.0,161.80994855115145,90.270333367641,274,175229.19708029198,128000.0,412.4434487417429,403.7012035232256,0.3176923765173031
260,20800.0,0.020024474357548113,0.20903326287684948,0.7672432973634442,0.9963010345978418,184.68511514072756,38.944097810840965,51.105555555555554,128.78751995742417,203.57943959111176,73,63123.28767123288,6400.0,170.6392390952246,90.270333367641,282,170575.8865248227,96000.0,398.14628724199275,349.61549778946534,0.31722034651596426
261,20880.0,0.020386027366781623,0.2029146734898209,0.7719991100233619,0.9952998108799644,185.2397652686617,38.714152073862685,52.97680763983629,128.78563596491227,203.81500828589955,79,59382.27848101266,6400.0,176.88593919681523,90.270333367641,246,189814.63414634147,124800.0,422.043539197759,398.59023213625017,0.32008610448869584
262,20960.0,0.019023250639670707,0.19348648347980865,0.7828457003003672,0.9953554344198465,186.29527756146402,37.77930215507053,53.28508771929825,129.39672272531263,203.8428307517408,71,61656.33802816901,6400.0,183.394332753473,90.270333367641,243,183229.62962962964,108800.0,408.59286053526336,372.19411933450226,0.3268037876616558
263,21040.0,0.017132050283680055,0.18875848258983202,0.7899655134052731,0.9958560462787852,187.21907331182555,36.86614161207131,55.107142857142854,129.96611168410195,203.98813547387692,64,61600.0,6400.0,186.89471711677368,90.270333367641,243,178752.2633744856,115200.0,413.27129491327736,382.9845891853754,0.3313569890764963
264,21120.0,0.014434308599399266,0.18803537657136501,0.793386361108021,0.9958560462787852,187.82823450884413,36.5646254128359,56.6840077071291,128.93832273332347,204.40936656500858,66,50327.27272727273,6400.0,173.31134490365574,90.270333367641,230,188132.1739130435,144000.0,428.04663744988693,428.16335232828953,0.33389177311549795
265,21200.0,0.012014684614528868,0.18581043497608188,0.797752808988764,0.9955779285793748,188.30331516297696,35.849927788172636,59.175925925925924,128.7687471935339,204.36814949100543,62,44593.54838709677,6400.0,171.63216121559375,90.270333367641,235,181950.63829787233,121600.0,418.86515177483165,393.4792607492748,0.33699041068637636
266,21280.0,0.00906663700077873,0.18592168205584603,0.801284903771276,0.9962732228279008,188.65271442874624,34.93642671465385,61.36503067484663,128.79745699326853,204.1654229287425,49,42579.5918367347,6400.0,178.4262381964373,90.270333367641,239,179012.55230125523,121600.0,410.0642319993131,393.4792607492748,0.33953552977335805
267,21360.0,0.007119813104905996,0.18238958727333407,0.8074869284681278,0.9969963288463678,189.01001223717878,34.176162436161626,63.1171875,128.837450442208,203.8677412688572,56,29257.14285714286,6400.0,152.2843416308935,90.270333367641,256,163950.0,96000.0,383.70274231843115,349.61549778946534,0.3435199653037646
268,21440.0,0.005590165758148849,0.18686728223384136,0.8038157748359106,0.9962732228279008,189.1464567805095,34.17939963487081,64.64676616915423,128.84045244828098,204.2383918067954,57,22568.42105263158,6400.0,135.75191703937517,90.270333367641,266,161660.15037593985,108800.0,390.2062636597927,372.19411933450226,0.34167088752990726
269,21520.0,0.004616753810212482,0.19587829569473802,0.7946100789854267,0.9951051284903771,188.83529869840916,34.466494182606176,66.97590361445783,129.0976856453216,204.54670820062302,59,18006.77966101695,6400.0,125.90370785747976,90.270333367641,245,183980.4081632653,140800.0,429.07135531305767,423.4053942720982,0.3365098941170289
270,21600.0,0.003587718322394037,0.19832573144954946,0.7938869729669596,0.9958004227389031,188.52458560462787,34.409451108287556,69.69767441860465,128.51689805076427,204.2713259765283,48,17200.0,6400.0,127.292904829384,90.270333367641,249,183286.7469879518,147200.0,425.7539597954046,432.9213103844808,0.33618596012164775
271,21680.0,0.004199577261096896,0.19738013127155413,0.7949716319946601,0.9965513405273112,188.34539437089776,34.44827589244576,68.03973509933775,128.28237283359167,204.0633921074727,53,18233.962264150945,6400.0,128.96988555604383,90.270333367641,254,178822.0472440945,131200.0,416.58450567989456,408.68591959466926,0.3366096933198288
272,21760.0,0.00436644788074313,0.19601735454444322,0.7960841027923017,0.9964679052174881,188.37328957614864,34.554688085189355,65.28662420382166,128.05363223609535,204.089610117384,49,20506.122448979593,6400.0,133.64758748898944,90.270333367641,253,178289.32806324112,134400.0,416.4599268869413,413.67063566611284,0.33724818053646993
273,21840.0,0.004728000889976638,0.19064968294582268,0.8006452330626321,0.9960229168984314,188.45711425075092,34.12904583588265,66.57058823529412,128.44128373450036,203.6871613172155,58,18758.620689655174,6400.0,129.21368390550154,90.270333367641,247,177619.43319838058,134400.0,414.74648126860717,413.67063566611284,0.3399584424749859
274,21920.0,0.005367671598620536,0.17999777505840472,0.8105740349315831,0.9959394815886083,188.7174046056291,33.51577948314867,65.14507772020725,128.3813349814586,203.14510207582777,58,21296.55172413793,6400.0,134.5935987715372,90.270333367641,246,168377.23577235773,108800.0,398.21892393563377,372.19411933450226,0.34584508094134286
275,22000.0,0.006619201245967293,0.1731560796529091,0.816247635999555,0.9960229168984314,189.02600400489487,33.3379234508023,62.747899159663866,128.67426919370382,203.049780231013,61,24970.491803278688,6400.0,143.32030154528812,90.270333367641,243,163976.9547325103,121600.0,404.3175643931772,393.4792607492748,0.349093983536975
276,22080.0,0.007342307264434309,0.17290577372343977,0.8166926243186117,0.9969407053064857,189.09158415841586,33.28737731686253,62.15909090909091,129.29435419012384,203.04849310403543,65,25993.846153846152,6400.0,141.66641694713536,90.270333367641,235,169314.04255319148,121600.0,410.12944197409325,393.4792607492748,0.3491132745400791
277,22160.0,0.007370119034375348,0.178774057180999,0.8107965290911113,0.9969407053064857,188.80732005784847,33.855728371559636,58.9811320754717,128.97884256378345,203.32737625630295,54,31407.40740740741,6400.0,153.17151731192837,90.270333367641,254,161965.35433070865,115200.0,400.8768906742578,382.9845891853754,0.34549894860560315
278,22240.0,0.008510401601957948,0.18422516408944264,0.8037323395260875,0.9964679052174881,188.51663143842475,34.41730640952684,61.1078431372549,129.2842693236715,203.62711512509082,57,34357.89473684211,6400.0,164.71937011787233,90.270333367641,272,155858.82352941178,96000.0,379.60772257846503,349.61549778946534,0.34108368942555417
279,22320.0,0.007703860273667817,0.19173434197352318,0.7980865502280565,0.9975247524752475,188.19765824897095,34.64581298518158,61.064981949458485,129.13344937626923,203.7237245609144,63,28139.68253968254,6400.0,144.89313767653198,90.270333367641,257,171679.3774319066,121600.0,406.05519662935785,393.4792607492748,0.33767752783278726
280,22400.0,0.007620424963844699,0.20119034375347647,0.7887139837579263,0.9975247524752475,187.90001668706196,35.30603673362656,61.37956204379562,129.09068288636993,204.25318241122747,50,35072.0,6400.0,166.98426417060398,90.270333367641,257,180146.3035019455,121600.0,414.0966413268613,393.4792607492748,0.33212455638976884
281,22480.0,0.008093225052842363,0.20716987429079986,0.7814829235732562,0.9967460229168984,187.40502280565136,35.92089779114917,62.00343642611684,128.6748556853269,204.44617246165345,49,38008.163265306124,6400.0,174.4028951744744,90.270333367641,250,190694.4,121600.0,417.22942423099755,393.4792607492748,0.32788863567196824
282,22560.0,0.007648236733785738,0.2190176882856825,0.7690510624096117,0.99571698742908,186.4727444654578,36.598319450255346,61.68363636363637,128.37384126984128,204.4884276001736,54,32592.59259259259,6400.0,161.46881578902196,90.270333367641,242,208264.46280991734,147200.0,445.1900583543572,432.9213103844808,0.32092713272064255
283,22640.0,0.0069251307153187225,0.22533096006229836,0.7628768494827011,0.9951329402603182,185.66620313716766,36.70190165819701,64.11244979919678,127.80041964946926,204.10958804228946,62,25703.225806451614,6400.0,145.3076691681446,90.270333367641,253,204951.7786561265,153600.0,441.85530069581574,442.23251132330944,0.31765104729576615
284,22720.0,0.00731449549449327,0.22138168873067082,0.7667704972744466,0.9954666814996106,185.22446879519413,36.274892409827864,66.60456273764258,127.67952261306533,203.20714544795067,87,19347.126436781607,6400.0,128.64239723082892,90.270333367641,253,201359.6837944664,140800.0,435.869104129374,423.4053942720982,0.3197302916077874
285,22800.0,0.0077316720436088554,0.21506841695405496,0.7733340749805317,0.9961341639781955,184.87715541217042,36.04741194879345,65.79856115107914,126.88387430492693,202.37229374955047,87,20450.57471264368,6400.0,132.7961481467495,90.270333367641,259,191085.7142857143,102400.0,415.03680367933714,361.081333470564,0.32331548234306945
286,22880.0,0.007676048503726777,0.2144565580153521,0.774947157637112,0.9970797641561909,184.77149849816442,35.884078015993026,66.0036231884058,126.9363247309039,202.08634797588286,80,22080.0,6400.0,139.21886959251495,90.270333367641,251,196615.13944223107,140800.0,433.2350049049252,423.4053942720982,0.32414208926351046
287,22960.0,0.00700856602514184,0.2160140171320503,0.7739181221492936,0.9969407053064857,184.89203470908888,35.724032513412816,68.73015873015873,127.08883738895327,202.21346174578647,84,19200.0,6400.0,131.3096084160183,90.270333367641,253,196477.47035573123,134400.0,434.71764493684447,413.67063566611284,0.3237094953232737
288,23040.0,0.005812659917677161,0.21793302925798197,0.7726665925019468,0.996412281677606,185.17107019690732,35.862175584402785,69.27751196172248,126.86204696273609,202.65308473112086,88,15200.0,6400.0,119.67491653994566,90.270333367641,258,194381.39534883722,134400.0,430.14859437013075,413.67063566611284,0.32331431751614453
289,23120.0,0.004338636110802091,0.21910112359550563,0.7729447102013572,0.9963844699076649,185.56944598954277,35.63054056403917,70.58974358974359,127.07578065498858,202.97038716177317,61,16367.213114754099,6400.0,124.29000571933439,90.270333367641,253,199285.37549407114,147200.0,436.56068817785484,432.9213103844808,0.3238005115609072
290,23200.0,0.0038658360218044277,0.22076982979196796,0.7716931805540105,0.9963288463677828,185.86644788074312,35.576969921812285,70.46043165467626,127.70849080372889,203.25721699643205,65,13686.153846153846,6400.0,114.73402321700186,90.270333367641,239,212565.69037656905,140800.0,447.22270474288416,423.4053942720982,0.32319975108964955
291,23280.0,0.0049504950495049506,0.21398375792635443,0.7774502169318055,0.9963844699076649,186.09478251195907,35.50719271950847,70.59550561797752,127.50155965687549,203.1377262645775,75,15189.333333333334,6400.0,122.31796814372974,90.270333367641,249,197757.4297188755,128000.0,429.88353058722265,403.7012035232256,0.3262489124241243
292,23360.0,0.005172989209033263,0.20675269774168428,0.7837634887084214,0.995689175659139,186.41189231282678,35.149846051763156,67.18817204301075,127.60895883777239,202.92129448919485,66,18036.363636363636,6400.0,127.35369053301645,90.270333367641,240,198240.0,140800.0,432.0964881734946,423.4053942720982,0.32994595478230726
293,23440.0,0.005145177439092223,0.2034987206585827,0.7877961953498721,0.996440093447547,186.7638224496607,34.87903160346912,66.92972972972973,127.8769987699877,202.93338275789029,69,17159.420289855072,6400.0,121.57027190532824,90.270333367641,253,185094.07114624506,128000.0,417.9012258354017,403.7012035232256,0.3322131649801448
294,23520.0,0.0043108243408610525,0.20338747357881856,0.7887139837579263,0.996412281677606,186.92969184558905,34.73526544621029,64.14193548387097,127.85067687679475,203.01361119926653,54,18370.37037037037,6400.0,123.67359301136783,90.270333367641,246,190256.9105691057,134400.0,434.8577896802116,413.67063566611284,0.3329209035681565
295,23600.0,0.005367671598620536,0.20527867393480922,0.7854043831349428,0.9960507286683724,187.04958838580487,34.91649470698449,64.53886010362694,128.55060289933613,203.37942634560906,51,24219.607843137255,6400.0,139.38043076100902,90.270333367641,235,201014.46808510637,160000.0,440.62480061221163,451.35166683820506,0.33081843269120986
296,23680.0,0.005172989209033263,0.20180220269217933,0.7897430192457447,0.9967182111469574,187.3107130937813,34.77346579647501,62.37096774193548,128.40986769570011,203.35011973517396,43,27683.720930232557,6400.0,148.40266677009595,90.270333367641,216,214992.59259259258,176000.0,464.11072053194215,473.3620585710754,0.33331459670615493
297,23760.0,0.005423295138502615,0.19420958949827566,0.7973912559795305,0.9970241406163088,187.55206363332962,34.072355303864555,63.65128205128205,128.98424745811255,202.79958843430643,53,23547.169811320753,6400.0,138.16931775783124,90.270333367641,248,180206.4516129032,115200.0,405.1913002240784,382.9845891853754,0.3377509994583279
298,23840.0,0.004811436199799755,0.19120591834464346,0.80058960952275,0.9966069640671933,187.736316609189,33.48000360330689,67.02312138728324,129.61192727272729,202.49103730980337,61,18150.819672131147,6400.0,126.88874158739189,90.270333367641,231,190476.19047619047,128000.0,417.3185986959116,403.7012035232256,0.3398290889362393
299,23920.0,0.003949271331627545,0.19245744799199022,0.799143397485816,0.9955501168094337,187.86138613861385,33.18112858465784,66.97183098591549,130.27369942196532,202.545520985592,56,16228.57142857143,6400.0,121.13440166313646,90.270333367641,238,186084.03361344538,134400.0,422.24410406193397,413.67063566611284,0.33926994696965995
300,24000.0,0.0049504950495049506,0.18898097674936032,0.8017855156302147,0.99571698742908,187.82943041495162,33.17876137339254,70.96067415730337,130.1086092715232,202.35946442817996,78,14605.128205128205,6400.0,119.75614425293112,90.270333367641,249,174650.60240963855,128000.0,409.98878511363387,403.7012035232256,0.34064361811976485
301,24080.0,0.0033930359328067637,0.19212370675269774,0.8009511625319835,0.9964679052174881,187.68642229391477,33.05788679727912,71.4672131147541,129.68572669368848,202.28268342650787,57,13698.245614035088,6400.0,118.33447098758747,90.270333367641,248,178270.96774193548,134400.0,419.39238709804715,413.67063566611284,0.34032486152093505
302,24160.0,0.002948047613750139,0.2007731672043609,0.7930804316386695,0.9968016464567805,187.63054844810324,33.60114905573696,74.18867924528301,129.62238537193517,202.8884836582971,61,11121.311475409837,6400.0,109.11095181583582,90.270333367641,242,190915.70247933886,134400.0,431.31984780827815,413.67063566611284,0.3357035494016172
303,24240.0,0.0031983535432194904,0.20566803871398376,0.788463677828457,0.9973300700856602,187.6359995550117,34.465223791050335,71.34782608695652,128.684246112238,203.61858906525572,56,13142.857142857143,6400.0,115.77459295881924,90.270333367641,238,198857.14285714287,140800.0,433.575686630236,423.4053942720982,0.33288075274101037
304,24320.0,0.0037824007119813103,0.21053509845366558,0.7833741239292469,0.9976916230948938,187.76123595505618,34.85034164045129,70.05882352941177,129.4340819022457,204.1185784783612,56,15542.857142857143,6400.0,125.94354063610055,90.270333367641,236,205288.13559322033,121600.0,431.59589649057517,393.4792607492748,0.3297565570134266
305,24400.0,0.003365224162865725,0.20772610968962066,0.786322171542997,0.9974135053954833,188.04232951385026,34.45261997273747,70.50413223140495,129.98072031061722,204.01054009125315,40,19360.0,6400.0,135.74022121280902,90.270333367641,241,198346.887966805,128000.0,431.3396243786703,403.7012035232256,0.33158849259223716
306,24480.0,0.002948047613750139,0.205111803315163,0.7891589720769829,0.9972188230058961,188.27605962843475,34.335020651267016,70.87735849056604,129.65125423728813,204.09466079295154,46,14747.826086956522,6400.0,122.32777587204322,90.270333367641,242,195041.32231404958,131200.0,429.9480423925207,408.68591959466926,0.3333514823731401
307,24560.0,0.003476471242629881,0.19782511959061075,0.7944710201357215,0.9957726109689621,188.32075314273,34.31063222452794,72.16,128.61746098692535,203.90733739410487,55,14545.454545454546,6400.0,122.20891329826534,90.270333367641,210,216777.14285714287,160000.0,449.23603931678974,451.2613513317184,0.33655610463942276
308,24640.0,0.0038658360218044277,0.1918734008232284,0.799143397485816,0.9948826343308488,188.35640783179443,34.14282414481736,71.29496402877697,128.23003333816496,203.62205053247024,54,16474.074074074073,6400.0,129.9008966430282,90.270333367641,226,195369.9115044248,140800.0,429.95642744596694,423.4053942720982,0.3393768952125982
309,24720.0,0.0035320947825119593,0.1824730225831572,0.8089053287351207,0.9949104461007898,188.19112248303483,33.275455530603615,70.33858267716535,128.0108215211096,202.52721334020973,57,14259.649122807017,6400.0,116.35573254078481,90.270333367641,241,174234.02489626556,115200.0,404.8918460728987,382.9845891853754,0.3452959014140877
310,24800.0,0.004700189120035599,0.18225052842362888,0.8089331405050617,0.9958838580487263,187.98957058627212,33.329548483566626,71.63313609467455,128.1025484510911,202.3521625524307,80,13520.0,6400.0,114.7478023091488,90.270333367641,238,176215.12605042016,108800.0,402.92263705110236,372.19411933450226,0.3449711516707671
311,24880.0,0.00436644788074313,0.1867560351540772,0.8052063633329625,0.9963288463677828,187.79530537323396,33.630301863918945,69.54777070063695,127.92449739389427,202.492297596021,68,14776.470588235294,6400.0,119.27128703374692,90.270333367641,237,181333.33333333334,115200.0,409.1793092561456,382.9845891853754,0.34271649121424386
312,24960.0,0.00525642451885638,0.19518300144621203,0.7960841027923017,0.9965235287573702,187.47911336077428,34.66660951999331,71.26455026455027,127.31404958677686,203.1595863610956,76,15915.78947368421,6400.0,125.34478690260578,90.270333367641,229,196136.24454148472,134400.0,431.9436760600098,413.67063566611284,0.3370728004033244
313,25040.0,0.00525642451885638,0.20369340304817,0.787017465791523,0.9959672933585494,187.20333185003895,35.46704202806305,69.34391534391534,127.09229929000546,203.75556576436497,61,19829.508196721312,6400.0,136.50327402104696,90.270333367641,225,208327.11111111112,134400.0,443.1540517232039,413.67063566611284,0.33179553983255317
314,25120.0,0.005951718767382356,0.2070586272110357,0.7821782178217822,0.9951885638002003,187.07144843697853,35.915865119101056,70.0607476635514,126.99892545332438,204.11726639169393,85,16112.941176470587,6400.0,121.84965239941809,90.270333367641,206,231300.9708737864,166400.0,468.6054130083325,460.29019134012736,0.3289265554568353
315,25200.0,0.00556235398820781,0.20753142730003338,0.7830125709200133,0.9961063522082545,187.1638669484926,35.653733168354684,66.555,127.64754757437684,203.9966612204305,64,20000.0,6400.0,133.81848294753763,90.270333367641,204,234101.96078431373,150400.0,467.3178830528357,437.57691085389513,0.3293763286785613
316,25280.0,0.006341083546556903,0.19543330737568138,0.7938591611970186,0.9956335521192569,187.52633774613417,35.089208205493065,66.92105263157895,127.46065177173759,203.5159052690583,81,18014.814814814814,6400.0,123.90722244805367,90.270333367641,217,207247.92626728112,134400.0,435.876524432582,413.67063566611284,0.33566750980707066
317,25360.0,0.0072310601846701525,0.18186116364445434,0.8064857047502503,0.9955779285793748,187.81124151741017,34.323179503731495,66.6923076923077,127.26793087628077,202.76101800124147,88,18909.090909090908,6400.0,126.88556095847053,90.270333367641,225,185998.22222222222,121600.0,415.85884271682113,393.4792607492748,0.343100159857091
318,25440.0,0.006062965847146513,0.17518633885860496,0.8139948826343308,0.9952441873400824,188.0684447658249,33.57969905469088,65.98165137614679,127.20606445467534,202.32267322673226,75,18602.666666666668,6400.0,127.1897678127539,90.270333367641,211,191059.71563981043,147200.0,430.2801018365776,432.9213103844808,0.3479196990786891
319,25520.0,0.004533318500389365,0.1755757036377795,0.8144954944932695,0.9946045166314385,188.54728000889978,32.9523791219727,69.46625766871166,128.04641216537303,202.54456054087277,69,15118.840579710144,6400.0,120.77596980438324,90.270333367641,208,194246.15384615384,140800.0,439.2155114199195,423.4053942720982,0.3485705290021314
320,25600.0,0.003420847702747803,0.17657692735565692,0.815496718211147,0.9954944932695516,189.1327733896985,32.5992413866885,73.42276422764228,128.89951173413135,202.89884728190438,53,14852.830188679245,6400.0,124.95373740942432,90.270333367641,223,182213.4529147982,121600.0,421.9289954172989,393.4792607492748,0.34923229240555664
321,25680.0,0.0030314829235732563,0.1804149516075203,0.8116308821893425,0.9950773167204361,189.64770831015687,32.781929870785305,74.45871559633028,129.39186064436566,203.71620463968748,58,12027.586206896553,6400.0,114.85403628422046,90.270333367641,206,201537.8640776699,147200.0,453.59193733800413,432.9213103844808,0.34700807458994504
322,25760.0,0.002781176994103905,0.18174991656469017,0.809850928913116,0.9943820224719101,189.94699076649238,32.992040223530445,72.38,129.54200459066564,204.20045331227033,47,13617.021276595744,6400.0,121.72628138949781,90.270333367641,225,185884.44444444444,147200.0,429.63849579999317,432.9213103844808,0.3460735753370658
323,25840.0,0.0029202358438091,0.17760596284347535,0.8145233062632106,0.995049504950495,190.1072143731227,32.85479118195297,71.1047619047619,129.1118070779831,204.08884487998088,49,13714.285714285714,6400.0,119.31434284023908,90.270333367641,216,189214.8148148148,153600.0,439.0390920383529,442.23251132330944,0.34878811611388477
324,25920.0,0.002503059294693514,0.17332295027255534,0.8194738013127155,0.9952998108799644,190.17949716319947,32.434756784885046,71.95555555555555,128.88334403080873,203.75530290174783,47,12255.31914893617,6400.0,114.86860584390234,90.270333367641,225,177265.77777777778,140800.0,412.8193716626467,423.4053942720982,0.3518414337875466
325,26000.0,0.002503059294693514,0.17287796195349872,0.8196128601624207,0.994993881410613,190.24224051618646,32.38221254855982,75.94444444444444,129.0286357786358,203.77271801832373,51,11294.117647058823,6400.0,112.30000905359933,90.270333367641,212,187652.83018867925,150400.0,429.42323215730755,437.57691085389513,0.3519725467026905
326,26080.0,0.002864612303927022,0.1750750917788408,0.8171098008677272,0.995049504950495,190.20602959172322,32.52793443060846,73.86407766990291,129.34392374900716,203.91643975493534,53,12437.735849056604,6400.0,115.46870024753981,90.270333367641,205,196526.82926829267,153600.0,443.05593543738223,442.23251132330944,0.3503744416121335
327,26160.0,0.0037545889420402714,0.17894092780064524,0.8133274001557459,0.9960229168984314,189.93436422293914,32.836938354740376,73.6962962962963,129.6153248368045,203.94097934619066,68,12705.882352941177,6400.0,119.3807425726651,90.270333367641,212,194233.96226415093,147200.0,441.095084419182,432.8189527977038,0.3477778004362193
328,26240.0,0.003281788853042608,0.18147179886527978,0.8115752586494605,0.9963288463677828,189.50336522416288,33.08885048957983,75.47457627118644,128.67417624521073,203.76635481991707,62,12180.645161290322,6400.0,115.74048886072065,90.270333367641,209,199808.61244019138,153600.0,453.1973745642658,442.23251132330944,0.34675005135234555
329,26320.0,0.002836800533985983,0.18581043497608188,0.8068472577594838,0.9954944932695516,189.08732895761486,33.446568249427614,73.36274509803921,128.15701242328993,203.77125917755333,55,11869.09090909091,6400.0,111.2144934379804,90.270333367641,202,211675.24752475249,166400.0,465.42640258177255,460.29019134012736,0.3440928333203453
330,26400.0,0.003448659472688842,0.19051062409611746,0.8015073979308043,0.9954666814996106,188.73567693848037,33.94406291055504,73.7258064516129,127.97386861313869,203.9169298032548,63,12596.825396825398,6400.0,115.49637967636856,90.270333367641,201,218109.4527363184,153600.0,471.4961679169934,442.23251132330944,0.34078455009882563
331,26480.0,0.003448659472688842,0.19014907108688398,0.8025364334186228,0.9961341639781955,188.4756090777617,33.91920061978636,72.91129032258064,127.63390375895861,203.61027169392847,57,13922.807017543859,6400.0,117.85863318270562,90.270333367641,206,212411.6504854369,172800.0,461.62868328996063,469.05841142680316,0.3413073876386378
332,26560.0,0.003977083101568584,0.1851151407275559,0.8078206697074202,0.9969128935365447,188.17663255089553,33.749924169236685,71.23076923076923,126.97235576923077,202.93444880534324,62,14761.290322580646,6400.0,120.99747197247792,90.270333367641,213,199992.4882629108,160000.0,448.4513474502006,451.35166683820506,0.3442766464261565
333,26640.0,0.004755812659917677,0.18364111692068083,0.8089053287351207,0.9973022583157192,187.96662587607076,33.602082586348985,72.62573099415205,127.27638951991518,202.55451263537907,86,12725.581395348838,6400.0,112.94457861384373,90.270333367641,248,170400.0,134400.0,407.6183885254955,413.67063566611284,0.3447401164259473
334,26720.0,0.004588942040271443,0.18998220046723774,0.8025920569585049,0.9971631994660141,187.63141061297142,33.74985036610534,71.95757575757575,127.9262187088274,202.5601912814471,71,14873.239436619719,6400.0,120.99298355325185,90.270333367641,236,185247.45762711865,147200.0,425.72300232814104,432.9213103844808,0.340990463854868
335,26800.0,0.005117365669151185,0.1940983424185115,0.7958059850928914,0.995021693180554,187.0732005784848,34.117412971100585,72.82608695652173,127.87448058461098,202.50181729223456,91,12940.65934065934,6400.0,113.77085859111897,90.270333367641,228,195901.75438596492,166400.0,446.69563262561707,460.29019134012736,0.33713735903471514
336,26880.0,0.005312048058738458,0.197296695961731,0.7912170430526199,0.9938257870730893,186.48623317387919,34.256685108450945,67.66492146596859,127.95742881308148,202.19698407676896,71,17216.901408450703,6400.0,126.71954222616667,90.270333367641,233,194856.65236051503,166400.0,445.69164435090346,460.29019134012736,0.3345388442609934
337,26960.0,0.006647013015908332,0.20210813216153076,0.785654689064412,0.9944098342418511,186.06772165980644,34.76746014366634,70.02928870292887,127.99091784780515,202.28163828808098,86,17786.04651162791,6400.0,130.69209809804022,90.270333367641,241,192982.5726141079,140800.0,435.8349956786007,423.4053942720982,0.33092204394411506
338,27040.0,0.008343530982311715,0.20283123817999776,0.784125041717655,0.9952998108799644,185.83588274557792,35.435943621514255,68.42666666666666,127.35184423419717,202.4552387032702,99,19393.939393939392,6400.0,135.23473401686894,90.270333367641,235,198617.87234042553,147200.0,444.49095457881094,432.9213103844808,0.3295729402796394
339,27120.0,0.009122260540660808,0.20716987429079986,0.7807041940149071,0.9969963288463678,185.71248192234953,35.8329533554058,66.53353658536585,127.40864545576588,202.73289159630937,108,19437.037037037036,6400.0,130.1433309601598,90.270333367641,241,197815.76763485477,134400.0,433.0532318490732,413.67063566611284,0.3271939882083843
340,27200.0,0.009150072310601847,0.20878295694738014,0.7797585938369118,0.9976916230948938,185.71918455890534,35.599733383535934,65.11854103343465,128.26215532169974,202.62289117951278,90,23395.555555555555,6400.0,139.4918054966621,90.270333367641,247,194513.36032388665,140800.0,433.6975941211764,423.4053942720982,0.3265482710614114
341,27280.0,0.008260095672488596,0.2093391923462009,0.7797307820669708,0.9973300700856602,185.765101791078,35.24680240865395,64.05387205387206,129.06230902085824,202.4056926808389,85,22362.352941176472,6400.0,133.27944627443532,90.270333367641,264,182472.72727272726,115200.0,413.0427035314716,382.9845891853754,0.3267595767038778
342,27360.0,0.007815107353431973,0.20797641561909,0.7801757703860274,0.9959672933585494,185.82642674379798,35.33325512636484,64.70462633451957,128.4069269858251,202.5721873663197,82,21931.70731707317,6400.0,133.2369438879465,90.270333367641,231,207182.683982684,153600.0,455.70031990151,442.23251132330944,0.3272813340779305
343,27440.0,0.007815107353431973,0.20908888641673157,0.7785070641895651,0.9954110579597285,185.9073033707865,35.36785695278422,67.32384341637011,128.45863261505718,202.76650471563303,98,18351.020408163266,6400.0,124.35455739040262,90.270333367641,229,210110.04366812226,153600.0,455.77222509730893,442.23251132330944,0.326379854982991
344,27520.0,0.006786071865613527,0.21214818111024586,0.7759761931249305,0.9949104461007898,185.90090666370008,35.20085318303717,68.65983606557377,128.77294179339276,202.8032687000466,87,17949.42528735632,6400.0,121.65092424933866,90.270333367641,240,203413.33333333334,160000.0,452.10803663967795,451.35166683820506,0.3251886744113602
345,27600.0,0.006897318945377684,0.208699521637557,0.7811769941039047,0.9967738346868394,185.9683502058071,34.779197988282434,69.4475806451613,128.965618336887,202.38454144118484,90,17635.555555555555,6400.0,123.22689730781381,90.270333367641,250,192102.4,140800.0,427.9332177519056,423.4053942720982,0.32795047066024186
346,27680.0,0.00700856602514184,0.2019968850817666,0.7879908777394593,0.9969963288463678,185.9963288463678,34.429465978779405,71.02380952380952,128.37973289274404,201.9249638231038,88,18327.272727272728,6400.0,131.189900800903,90.270333367641,253,183728.06324110672,121600.0,413.9784738881527,393.4792607492748,0.33188732612976274
347,27760.0,0.0054511069084436535,0.202275002781177,0.7894927133162755,0.9972188230058961,185.8767382356213,33.919922199706775,72.68877551020408,128.53457995325175,201.48067777503786,86,14586.046511627907,6400.0,118.22272786798848,90.270333367641,248,187690.32258064515,131200.0,420.6577350009965,408.68591959466926,0.3330474651075657
348,27840.0,0.005312048058738458,0.20586272110357104,0.7853765713650017,0.9965513405273112,185.7239681833352,33.804894987809426,73.21465968586388,129.0274250202648,201.51099543184958,81,15091.358024691359,6400.0,117.79367761473684,90.270333367641,263,180124.71482889733,121600.0,407.4786837226026,393.4792607492748,0.3307495755644528
349,27920.0,0.004894871509622872,0.20477806207587052,0.7876293247302258,0.9973022583157192,185.5049504950495,33.953976411474386,71.69886363636364,128.0996876273258,201.2592161016949,79,14258.227848101265,6400.0,117.55932133625524,90.270333367641,254,185524.4094488189,134400.0,416.9284426404886,413.67063566611284,0.33205456521268634
350,28000.0,0.004449883190566248,0.20447213260651909,0.788408054288575,0.9973300700856602,185.41620313716766,33.53482113420252,77.14375,128.49197497279653,200.90390856497814,83,12337.349397590362,6400.0,114.51359852325056,90.270333367641,241,195239.83402489626,147200.0,433.9684644472492,432.9213103844808,0.33259593017544486
351,28080.0,0.004561130270330404,0.19835354321949047,0.793469796417844,0.9963844699076649,185.36547446879518,33.1992573085363,75.21341463414635,128.399467190129,200.39400630914827,89,11793.258426966293,6400.0,112.3063700151037,90.270333367641,258,176917.82945736434,128000.0,408.9445697287934,403.7012035232256,0.33567440203932963
352,28160.0,0.005006118589387028,0.1961564133941484,0.7953888085437757,0.9965513405273112,185.23909778618312,33.11174873066974,77.18888888888888,128.27222458528286,200.13720759467114,98,11755.102040816326,6400.0,113.86079559765689,90.270333367641,259,174282.62548262547,121600.0,410.3411340381517,393.4792607492748,0.3367034130408544
353,28240.0,0.005033930359328068,0.19963288463677828,0.7925241962398487,0.9971910112359551,185.1955167426855,33.285465669965824,77.69613259668509,128.36110337141264,200.31165777653004,99,11701.0101010101,6400.0,111.92050000757074,90.270333367641,247,185988.66396761133,128000.0,417.73683992792377,403.7012035232256,0.33491786376776345
354,28320.0,0.004839247969740794,0.2050561797752809,0.7874902658805206,0.9973856936255423,185.1907053064857,33.78938406702495,74.0632183908046,128.18852570188525,200.82574607098712,86,12948.837209302326,6400.0,115.64705312869155,90.270333367641,258,182896.12403100776,140800.0,421.6266584862176,423.4053942720982,0.3319737105179749
355,28400.0,0.00525642451885638,0.21009011013460896,0.7825397708310157,0.997886305484481,185.16058515963957,34.21680692284618,75.91534391534391,128.28249933809903,201.25461136581725,91,13292.307692307691,6400.0,114.39014918410454,90.270333367641,253,191089.32806324112,147200.0,431.3367759824022,432.9213103844808,0.3289418816023065
356,28480.0,0.0041439537212148185,0.2121759928801869,0.7805651351652019,0.9968850817666036,185.07767827344531,34.26754120045632,75.83221476510067,127.87613055446323,201.34686097056937,86,11088.372093023256,6400.0,108.92952047272607,90.270333367641,246,198478.0487804878,150400.0,441.0067889458378,437.57691085389513,0.32815534894636783
357,28560.0,0.004811436199799755,0.21398375792635443,0.777060852152631,0.9958560462787852,184.94610078985426,34.52943750294756,78.89595375722543,127.84013517026254,201.5079098067287,104,10646.153846153846,6400.0,110.12260452280753,90.270333367641,228,215971.9298245614,169600.0,465.88745250912643,464.67430138346526,0.3261182530341262
358,28640.0,0.006062965847146513,0.21487373456446768,0.7747246634775837,0.9956613638891979,184.79402603181666,35.11628749885892,74.55504587155963,127.37315557856589,201.797781447444,102,13678.43137254902,6400.0,118.54596977753498,90.270333367641,238,207757.98319327732,150400.0,443.10669877184665,437.57691085389513,0.3245297118979852
359,28720.0,0.008649460451663144,0.21306596951830015,0.7748359105573479,0.9965513405273112,184.64843141617533,35.70519831190845,70.52090032154341,127.07153113170604,201.9286432160804,119,16726.050420168067,6400.0,126.03576454360746,90.270333367641,237,206879.32489451478,166400.0,447.0385784209387,460.29019134012736,0.3239364224589546
360,28800.0,0.008705083991545222,0.2166814996106352,0.7716931805540105,0.9970797641561909,184.5742574257426,36.03146482080593,68.60383386581469,127.26158387883456,202.11741809925397,97,20651.546391752578,6400.0,134.1025830747019,90.270333367641,249,200250.60240963855,147200.0,436.72588719159995,432.9213103844808,0.3220495115374117
361,28880.0,0.008705083991545222,0.2194348648347981,0.7696351095783736,0.9977750584047169,184.48904216264324,35.90042775742968,66.89137380191693,128.00278833967047,202.02269360026017,94,21310.63829787234,6400.0,134.36832662219442,90.270333367641,250,201984.0,153600.0,446.4945831473431,442.23251132330944,0.32078754715538355
362,28960.0,0.0077316720436088554,0.21484592279452663,0.774919345867171,0.9974969407053065,184.3458949827567,35.19182810515354,70.45323741007195,127.90511326860842,201.23988802354376,96,18533.333333333332,6400.0,129.07112736654724,90.270333367641,259,190888.0308880309,153600.0,430.4940464246945,442.23251132330944,0.32406369040723937
363,29040.0,0.0072310601846701525,0.21676493492045834,0.7731950161308265,0.9971910112359551,184.20388808543777,34.978675502607615,73.58461538461539,128.08814472671287,201.09452897377793,115,14469.565217391304,6400.0,118.80022731714652,90.270333367641,249,200327.7108433735,147200.0,438.92854154186557,432.9213103844808,0.3232164155873576
364,29120.0,0.0059239069974413175,0.21846145288686172,0.7723606630325954,0.9967460229168984,184.16030704194014,34.65869375164178,73.95774647887323,128.3903246339911,200.92286918007994,104,13107.692307692309,6400.0,115.60919646563971,90.270333367641,254,197921.25984251968,134400.0,438.83161769982996,413.67063566611284,0.32307581573481675
365,29200.0,0.005172989209033263,0.22063077094226277,0.7710535098453666,0.9968572699966626,184.10618533763488,34.630777647861606,77.3010752688172,128.00126055716626,201.0269802337325,97,12272.164948453608,6400.0,114.13745535370477,90.270333367641,244,208078.68852459016,160000.0,452.0628299490779,451.35166683820506,0.3224834567851986
366,29280.0,0.004227389031037935,0.22427411280453888,0.7676604739125598,0.9961619757481366,184.01963510957836,34.53474445109267,77.75,128.27852182539684,201.06908919643504,85,11444.70588235294,6400.0,111.52680998659932,90.270333367641,243,212385.1851851852,166400.0,454.43729925692554,460.29019134012736,0.3208529211636774
367,29360.0,0.004978306819445989,0.22466347758371344,0.7670486149738569,0.9966903993770163,183.98998776282122,34.54861111652769,77.55307262569832,128.57749442931419,201.07719361856417,100,11456.0,6400.0,110.92986637186273,90.270333367641,244,211881.96721311475,163200.0,458.1421878220803,455.8209290891662,0.32027668005543947
368,29440.0,0.004922683279563912,0.22140950050061187,0.7708588274557793,0.9971910112359551,184.04708532651017,34.16000469402649,77.52542372881356,128.96018088179878,200.69513295089655,105,10788.57142857143,6400.0,110.61196115545404,90.270333367641,244,208813.11475409835,156800.0,452.57017892733666,446.79208908075725,0.32239025382937403
369,29520.0,0.005367671598620536,0.21562465235287573,0.7758927578151074,0.9968850817666036,184.12913004783624,33.59691146412815,79.46632124352331,129.40861601960532,200.1979711807298,105,11763.809523809523,6400.0,116.91288017343828,90.270333367641,268,185146.26865671642,137600.0,418.17818008572465,418.5380149691055,0.3252037406582488
370,29600.0,0.006285460006674824,0.21198131049059962,0.7770052286127489,0.9952719991100234,184.1331627544777,33.60794720739151,77.20353982300885,129.52295985305693,200.1127854535042,108,13392.592592592593,6400.0,119.88986129374769,90.270333367641,248,196696.7741935484,147200.0,429.76251835953406,432.9213103844808,0.3258445049536854
371,29680.0,0.007119813104905996,0.20541773278451442,0.7825953943708978,0.9951329402603182,184.0496161975748,33.33429965606838,72.953125,129.43433522881128,199.6131703329898,109,15031.19266055046,6400.0,121.5617869690096,90.270333367641,251,188328.28685258963,115200.0,417.10554411058337,382.9845891853754,0.3289408077659454
372,29760.0,0.008121036822783402,0.20630770942262766,0.7807041940149071,0.9951329402603182,183.86375013905885,33.368652979507495,70.3458904109589,130.01806416823942,199.47750347333547,103,18143.68932038835,6400.0,129.70164151922884,90.270333367641,279,170162.00716845877,121600.0,397.50735526202277,393.4792607492748,0.32763360523017787
373,29840.0,0.008426966292134831,0.20758705083991547,0.779925464456558,0.9959394815886083,183.61210924463234,33.15470194369865,70.06600660066006,130.5730171489818,199.10829797097315,116,16717.241379310344,6400.0,123.47082225718826,90.270333367641,260,183729.23076923078,137600.0,425.0634281102801,418.5380149691055,0.3270144291156065
374,29920.0,0.0070641895650239185,0.20564022694404271,0.7842641005673601,0.9969685170764268,183.4723551006786,32.61291667408349,70.48031496062993,130.521503922099,198.48342139792192,111,14645.045045045044,6400.0,117.1682657726375,90.270333367641,269,175916.72862453532,128000.0,413.3035852946057,403.7012035232256,0.3296930780471851
375,30000.0,0.006674824785849371,0.20461119145622428,0.7859328067638225,0.9972188230058961,183.36133051507397,32.62144939735147,70.10416666666667,129.96275655837977,198.3160055203652,100,15360.0,6400.0,118.64704338830131,90.270333367641,255,184646.27450980392,140800.0,418.45421411544544,423.4053942720982,0.3307158276881104
376,30080.0,0.0077316720436088554,0.20458337968628323,0.7844309711870063,0.9967460229168984,183.21378907553677,32.73340569438025,69.79496402877697,130.25462207721588,198.2555929799681,103,17273.78640776699,6400.0,123.99525378558371,90.270333367641,259,181769.88416988417,134400.0,415.353705182883,413.67063566611284,0.3296859828282515
377,30160.0,0.008148848592724441,0.20836578039826453,0.7800645233062632,0.9965791522972522,182.90012793414172,33.30246768926193,71.31399317406144,129.63961558996263,198.42006560182546,111,16893.693693693695,6400.0,124.10868441909066,90.270333367641,268,178913.4328358209,128000.0,407.40208684785694,403.7012035232256,0.327071191926275
378,30240.0,0.009177884080542886,0.21028479252419624,0.776393369674046,0.9958560462787852,182.50130715318724,33.86498263887442,71.96060606060605,128.8127231847639,198.50834646797534,122,17311.475409836065,6400.0,127.49583905266063,90.270333367641,273,177254.21245421245,108800.0,392.79585427648317,372.19411933450226,0.32481490645201244
379,30320.0,0.008955389921014573,0.21248192234953833,0.7739737456891757,0.9954110579597285,182.05331516297696,33.91930851807948,71.2111801242236,128.5925392670157,198.19594667433253,125,16486.4,6400.0,121.7411747073625,90.270333367641,275,177803.63636363635,121600.0,400.2976291261455,393.4792607492748,0.32351355831829265
380,30400.0,0.010624096117476917,0.2125375458894204,0.7714984981644232,0.9946601401713205,181.58232283902547,34.157137926360356,70.62041884816755,128.68594608741168,197.87303532804614,132,18521.21212121212,6400.0,127.7131113162991,90.270333367641,250,195635.2,121600.0,426.1680340546782,393.4792607492748,0.3218240104048041
381,30480.0,0.013989320280342641,0.210813216153076,0.7704694626766048,0.9952719991100234,181.20399933251753,34.84350638614842,67.90059642147118,128.63100263852243,197.8242789589575,137,23497.810218978102,6400.0,137.79459256701094,90.270333367641,259,187305.01930501932,108800.0,409.5280888444993,372.19411933450226,0.32045401231849413
382,30560.0,0.01779953276226499,0.20920013349649572,0.7685782623206141,0.9955779285793748,180.92251640894426,35.52045539457925,61.1625,129.62656208455198,197.8346299981907,129,31751.937984496122,6400.0,143.91219735733648,90.270333367641,268,179629.85074626867,102400.0,394.6157195421253,360.9048085619838,0.31853951119400575
383,30640.0,0.021720992323951496,0.20394370897763933,0.7700800978974301,0.995744799199021,180.70831015685837,36.58434660375321,56.719590268886044,129.12996045274787,198.0198995991188,126,39669.84126984127,6400.0,144.95288226551042,90.270333367641,286,164095.1048951049,83200.0,377.0822428582763,325.4743156102575,0.3186354378384537
384,30720.0,0.02486372232728891,0.2028590499499388,0.7694126154188452,0.997135387696073,180.66770497274447,37.536571605480695,55.4407158836689,128.67740608719495,198.5209470450027,122,46898.360655737706,6400.0,148.72286003477637,90.270333367641,268,174185.07462686568,105600.0,395.1687047706695,366.63772640253313,0.31745836707002256
385,30800.0,0.027199911002336187,0.21014573367449105,0.7604850372677717,0.997830681944599,180.76512960284794,38.512240477262374,55.02862985685071,129.429592376919,199.53152428320655,119,52598.31932773109,6400.0,152.57065532767638,90.270333367641,271,178444.28044280442,128000.0,408.57264563299805,403.7012035232256,0.31163539941463014
386,30880.0,0.02770052286127489,0.21506841695405496,0.7548114361997997,0.9975803760151296,180.89806986316609,39.23678707053699,53.24698795180723,129.5735160998319,200.2996683861459,109,58480.733944954125,6400.0,152.04303513701808,90.270333367641,256,193325.0,131200.0,422.28899744671924,408.68591959466926,0.308242245078131
387,30960.0,0.029118923128267884,0.21259316942930248,0.7554511069084436,0.9971631994660141,180.9933529869841,40.11779483932486,51.52913085004776,128.26321297749868,200.93417516474616,92,72834.78260869565,6400.0,159.51797614620273,90.270333367641,252,194133.33333333334,131200.0,431.0448173905746,408.68591959466926,0.3083857578017648
388,31040.0,0.031399488263433084,0.21470686394482144,0.750723106018467,0.9968294582267215,181.11436199799755,40.6725162804517,51.14526129317981,129.0667098445596,201.56103434223687,86,84018.6046511628,6400.0,168.87842971337344,90.270333367641,240,205866.66666666666,140800.0,447.30379324602234,423.4053942720982,0.30520329705626653
389,31120.0,0.03306819445989543,0.2151796640338191,0.7490543998220047,0.9973022583157192,181.18725664701302,41.31363513306998,50.80487804878049,128.86247899702727,202.08892436787585,89,85501.12359550562,6400.0,166.93921112160152,90.270333367641,230,215290.4347826087,153600.0,455.9971904049901,442.23251132330944,0.3038316542524662
390,31200.0,0.03523751251529647,0.21156413394148404,0.75,0.9968016464567805,181.16255979530538,41.59634335302253,50.16022099447514,129.36979098199026,202.07987540327068,80,101360.0,6400.0,182.42878980076316,90.270333367641,230,211673.04347826086,160000.0,457.15378747015313,451.35166683820506,0.30402662032516514
391,31280.0,0.03629435977305596,0.20867170986761596,0.7513071531872288,0.9962732228279008,181.0771220380465,41.3098714937325,48.78773946360153,130.7668932427029,201.6149404012734,85,98258.82352941176,6400.0,178.77868504021436,90.270333367641,230,208779.13043478262,153600.0,449.72674702059845,442.23251132330944,0.3046693052253056
392,31360.0,0.03760151296028479,0.2014128379130048,0.7575369896540216,0.9965513405273112,180.9880687506953,41.17482037272226,47.94008875739645,130.982325324496,201.03708054923268,87,99457.47126436782,6400.0,176.75872851125303,90.270333367641,240,193120.0,150400.0,428.9924163147346,437.57691085389513,0.30811529460661113
393,31440.0,0.03754588942040271,0.19732450773167204,0.7618756257648237,0.9967460229168984,180.8565190788742,41.036368035627305,47.20074074074074,130.58026779422127,200.60100751989486,86,100465.11627906977,6400.0,181.34482550351876,90.270333367641,238,190789.91596638656,147200.0,429.5921608747933,432.9213103844808,0.3107161510472788
394,31520.0,0.037657136500166874,0.19654577817332294,0.7625987317832907,0.9968016464567805,180.83757926354434,41.00993759040149,47.7658788774003,130.4167256261497,200.55722100656456,86,100762.79069767441,6400.0,187.53602370441425,90.270333367641,233,194115.02145922746,140800.0,426.9186500728114,423.4053942720982,0.31112731643974045
395,31600.0,0.03715652464122817,0.1948770719768606,0.764239626209812,0.9962732228279008,180.95505617977528,40.891185986852356,48.505239520958085,130.01412872841445,200.5476909640089,94,90961.70212765958,6400.0,176.6467811339109,90.270333367641,245,183040.0,134400.0,413.91593081335776,413.67063566611284,0.312285361986813
396,31680.0,0.03529313605517855,0.19276337746134165,0.7676882856825008,0.995744799199021,181.10927244409834,40.282926177362185,47.933018124507484,130.38940989756168,200.1434626671014,91,89248.35164835164,6400.0,165.16615200562123,90.270333367641,258,171931.78294573643,102400.0,400.1323846081683,361.081333470564,0.3147729661940229
397,31760.0,0.0361831126932918,0.19320836578039827,0.7664923795750361,0.9958838580487263,181.16055734786963,40.363897802521535,50.00614911606456,130.3194184540089,200.3310595065312,107,77816.82242990655,6400.0,164.15836969055806,90.270333367641,248,179277.4193548387,128000.0,414.8264271691006,403.7012035232256,0.31387596911181176
398,31840.0,0.03476471242629881,0.19860384914895984,0.7631271554121705,0.9964957169874291,181.13658360218045,40.489747228182544,50.9664,129.3453297857443,200.6759721564197,113,70796.46017699115,6400.0,155.19131895076222,90.270333367641,252,181358.73015873015,134400.0,417.157471193222,413.67063566611284,0.3119903264862053
399,31920.0,0.031927911892312824,0.20155189676271,0.7643786850595172,0.9978584937145399,181.0771220380465,40.114098845023385,50.386759581881535,128.76859390092451,200.4072187454519,113,65019.46902654867,6400.0,144.38129994523445,90.270333367641,251,184784.06374501993,134400.0,420.0605198193854,413.67063566611284,0.3130549161943471
400,32000.0,0.03170541773278451,0.19896540215819336,0.7667983090443876,0.9974691289353654,180.8515963955946,40.14041439627021,50.55438596491228,127.89236790606654,200.08138986616373,121,60297.520661157025,6400.0,143.55532518976779,90.270333367641,246,186120.32520325202,115200.0,418.64998221025155,382.9845891853754,0.3146023365367894
401,32080.0,0.031677605962843476,0.20383246189787518,0.7622093670041161,0.9977194348648348,180.55058960952275,40.21984064802725,50.6198419666374,128.1112020739528,200.06057067795373,129,56508.52713178295,6400.0,144.51114017475444,90.270333367641,255,183943.5294117647,128000.0,415.35747636639223,403.7012035232256,0.3118223704590125
402,32160.0,0.03095449994437646,0.21056291022360663,0.7561464011569696,0.9976638113249527,180.1977416842808,40.50397759393023,50.672955974842765,127.52872804120987,200.25890098572899,133,53557.89473684211,6400.0,146.51876099458127,90.270333367641,232,208855.1724137931,144000.0,442.3969389874112,428.16335232828953,0.3083691547131282
403,32240.0,0.029730782066970742,0.21326065190788743,0.7540048948715096,0.9969963288463678,179.93714539993326,40.07302474175871,51.67259120673527,127.58972352634325,199.9162332632511,141,48521.985815602835,6400.0,140.27279145930956,90.270333367641,231,212446.75324675324,160000.0,449.8503483350078,451.35166683820506,0.30743753473961116
404,32320.0,0.02900767604850373,0.21351095783735677,0.7541995772610969,0.9967182111469574,179.87237178774058,39.458791848556125,53.59252157238734,128.2547870261821,199.47518253558522,154,43345.454545454544,6400.0,134.5737191866863,90.270333367641,253,194200.79051383398,134400.0,431.76012558020204,413.67063566611284,0.307731653979665
405,32400.0,0.02945266436756035,0.21256535765936144,0.7551173656691512,0.997135387696073,179.80039492713317,39.482884461240765,54.75259678942398,128.12194164595056,199.32175610474752,138,49113.04347826087,12800.0,153.77181919588364,127.66152972845846,268,182519.40298507462,131200.0,413.321169134171,408.68591959466926,0.30812735436200533
406,32480.0,0.031455111803315165,0.21337189898765158,0.7518077650461675,0.9966347758371342,179.5634386472355,39.99617093436005,56.54022988505747,127.39781021897811,199.64479135839005,161,44959.00621118012,6400.0,152.55344663010024,90.270333367641,251,195620.7171314741,128000.0,422.87743033042267,403.7012035232256,0.3058530591915871
407,32560.0,0.031677605962843476,0.21679274669039938,0.7469128935365447,0.9953832461897875,179.32470241406162,40.363689026068805,57.08955223880597,126.71148171905067,199.95207774798928,154,47335.06493506493,6400.0,157.6411124128609,90.270333367641,227,219770.92511013217,147200.0,456.75507371553624,432.9213103844808,0.30310550088659016
408,32640.0,0.0303426410056736,0.21871175881633106,0.7475803760151296,0.9966347758371342,179.17888530426077,39.96621021421095,57.701191567369385,126.65043234994914,199.60200892857142,161,43368.94409937888,6400.0,151.5037806629186,90.270333367641,231,217877.05627705628,128000.0,443.5472355737299,403.7012035232256,0.30361066211039817
409,32720.0,0.028646123039270218,0.2239403715652464,0.7437701635332072,0.9963566581377239,178.9608966514629,39.70756484452259,59.297087378640775,126.35941381023348,199.55745428710316,137,48116.788321167885,6400.0,158.97993999546836,90.270333367641,233,221170.81545064377,134400.0,448.0368782140009,413.67063566611284,0.30180296173665533
410,32800.0,0.028228946490154633,0.23195016130826565,0.735760373790188,0.9959394815886083,178.6942930248081,39.87747520781712,60.248275862068965,126.65947242206235,199.8071442071442,172,37767.441860465115,6400.0,143.77854857075135,90.270333367641,239,223330.5439330544,140800.0,451.98364015127834,423.4053942720982,0.2973826162791462
411,32880.0,0.02772833463121593,0.23509289131160307,0.7338969852041384,0.9967182111469574,178.5099566136389,39.936200175073324,60.56469408224674,126.47462439370638,199.7680763983629,177,36049.71751412429,6400.0,143.82844162607486,90.270333367641,244,221718.03278688525,144000.0,449.8808269357265,428.16335232828953,0.2963630930881893
412,32960.0,0.026393369674046055,0.2362609856491267,0.7337301145844921,0.9963844699076649,178.45119034375347,39.41347693728133,60.20021074815595,127.21730429664508,199.35130012887575,166,36587.951807228914,6400.0,148.18197490439275,90.270333367641,247,220113.36032388665,140800.0,447.8108271635425,423.4053942720982,0.29661895143981176
413,33040.0,0.024919345867170987,0.23934809211258204,0.7325898320169095,0.9968572699966626,178.4341973523195,39.060390825802614,58.706473214285715,127.96165465953986,199.1212178732774,153,37479.7385620915,6400.0,149.66787790695744,90.270333367641,260,211840.0,147200.0,441.2876359315619,432.9213103844808,0.29628526384918574
414,33120.0,0.023751251529647348,0.24043275114028256,0.732895761486261,0.9970797641561909,178.49883190566248,38.661849358377566,59.539812646370024,128.26362058993638,198.94368548876744,143,38220.97902097902,6400.0,155.79489871833317,90.270333367641,262,211175.57251908397,128000.0,430.1074209795975,403.7012035232256,0.29671471985995473
415,33200.0,0.021442874624541107,0.2405996217599288,0.7347035265324285,0.9967460229168984,178.73567693848037,38.07958708471829,59.25940337224384,128.70546757600277,198.73134723852064,157,31429.299363057326,6400.0,143.71103238564822,90.270333367641,248,223251.61290322582,137600.0,438.0296423172456,418.5380149691055,0.2983117508182897
416,33280.0,0.022833463121593057,0.22844587829569474,0.7447435754811437,0.9960229168984314,179.1158916453443,37.43842427776112,62.10231425091352,129.0155831507183,198.222346702517,163,32235.58282208589,6400.0,146.5351813769176,90.270333367641,279,188421.50537634408,89600.0,392.35243282382925,337.76065965158017,0.3036800194136555
417,33360.0,0.0233618867504728,0.2217154299699633,0.751390588497052,0.9964679052174881,179.55362109244632,36.96672126224271,62.74880952380953,129.68853487205217,198.02420698078987,158,34025.3164556962,6400.0,147.96648309766013,90.270333367641,260,196233.84615384616,115200.0,411.15480675801615,382.9845891853754,0.3073047152683097
418,33440.0,0.023222827900767604,0.21765491155857158,0.7552564245188563,0.9961341639781955,179.9452386249861,36.75202506669179,62.21676646706587,129.98389982110913,198.09316541464133,157,34038.21656050955,6400.0,145.05604684055976,90.270333367641,244,205272.131147541,112000.0,418.77617896345663,377.58935425993883,0.3096041215039901
419,33520.0,0.02447435754811436,0.21365001668706196,0.7577872955834909,0.9959116698186673,180.36185893870285,36.97089475517812,61.29318181818182,130.25787555324135,198.4886776525856,127,44346.45669291339,6400.0,160.11615593133243,90.270333367641,235,209211.914893617,96000.0,416.3445204250263,349.61549778946534,0.31084484757682596
420,33600.0,0.022332851262654354,0.21498498164423183,0.757870730893314,0.9951885638002003,180.72449660696407,37.00481295099638,58.71980074719801,130.05601552393273,198.86190825688072,109,47148.62385321101,6400.0,153.8286524622285,90.270333367641,245,201926.5306122449,102400.0,415.2245903387034,361.081333470564,0.3114224983754857
421,33680.0,0.021776615863833573,0.210841027923017,0.76284903771276,0.9954666814996106,181.05951718767383,36.92232537146024,56.39080459770115,129.99828518665083,198.9083816398702,108,46400.0,6400.0,148.50526526346678,90.270333367641,251,193300.3984063745,108800.0,412.2960763702207,372.19411933450226,0.31440358515137673
422,33760.0,0.021109133385248637,0.21111914562242742,0.7634052731115808,0.9956335521192569,181.4043275114028,37.08947798501621,55.33201581027668,129.8562771703333,199.32686072352362,120,40480.0,6400.0,139.6980419304725,90.270333367641,243,199927.5720164609,134400.0,428.9717342536254,413.67063566611284,0.3148416410444309
423,33840.0,0.02102569807542552,0.20872733340749805,0.7672154855935032,0.9969685170764268,181.66517410167984,37.13793133282261,56.05952380952381,129.42065289806794,199.4344595084463,132,36654.545454545456,6400.0,134.4139772680688,90.270333367641,215,223404.6511627907,134400.0,452.3443714580534,413.67063566611284,0.31691921841986914
424,33920.0,0.020274780287017465,0.20283123817999776,0.7728612748915341,0.9959672933585494,181.88332962509733,36.713652027309536,56.890260631001375,128.98615110379816,199.18895966029723,128,36450.0,6400.0,135.9303489883514,90.270333367641,236,197776.2711864407,128000.0,427.30409442521943,403.7012035232256,0.32052864925392327
425,34000.0,0.020552897986427857,0.1963789075536767,0.7793136055178551,0.9962454110579597,182.04741906774947,36.425304648506334,60.23004059539919,128.11004107066987,199.01352557010813,145,32617.931034482757,6400.0,134.16015586478696,90.270333367641,239,189081.17154811716,115200.0,416.73203480902646,382.9845891853754,0.3242847615264711
426,34080.0,0.017910779842029146,0.20280342641005675,0.7757258871954611,0.996440093447547,182.20792079207922,36.04315637981721,61.380434782608695,128.45652770159077,199.18847698264736,128,32200.0,6400.0,129.90680105386838,90.270333367641,243,192052.67489711934,115200.0,413.4976070616536,382.9845891853754,0.3226124564930682
427,34160.0,0.01921793302925798,0.20758705083991547,0.7694404271887862,0.9962454110579597,182.32459116698186,36.42524377459335,65.39942112879885,128.69145230439443,199.8642738379238,146,30290.41095890411,6400.0,132.78449054841715,90.270333367641,245,194977.95918367346,128000.0,425.2152849530122,403.7012035232256,0.3186771148570175
428,34240.0,0.0186616976304372,0.21365001668706196,0.7641283791300478,0.996440093447547,182.47266103014795,36.488849634850524,65.70789865871834,129.36396771674043,200.3207643312102,139,30894.96402877698,6400.0,135.02668340154725,90.270333367641,240,204853.33333333334,124800.0,427.61979992806044,398.59023213625017,0.3156593531909713
429,34320.0,0.01785515630214707,0.21339971075759262,0.7653799087773946,0.9966347758371342,182.48133830236955,36.421609870181186,65.51713395638629,129.12641730744167,200.21482558139536,141,29140.425531914894,6400.0,136.38782002807787,90.270333367641,239,205469.4560669456,115200.0,424.27416661592605,382.9845891853754,0.3165285781983356
430,34400.0,0.01724329736344421,0.21225942819001,0.7682445210813216,0.9977472466347759,182.32058627211035,36.007352990857356,67.76290322580645,128.99659329140462,199.69919994207726,155,25600.0,6400.0,134.4160763312316,90.270333367641,248,196954.83870967742,121600.0,419.24241162331566,393.4792607492748,0.3181812119646556
431,34480.0,0.0146011792190455,0.21392813438647235,0.7684670152408499,0.9969963288463678,182.0387696072978,35.22041507549413,70.24761904761905,128.96801872074883,199.02670913104845,149,22550.335570469797,6400.0,130.24596421218484,90.270333367641,235,209484.25531914894,140800.0,441.0946718771064,423.4053942720982,0.3189493697467074
432,34560.0,0.01343308488152186,0.21228723995995105,0.7695238624986094,0.9952441873400824,181.51290466125263,34.36109279846198,73.9896480331263,129.39578147517358,197.94112544725144,161,19200.0,6400.0,131.19187816902934,90.270333367641,291,167873.53951890033,89600.0,379.4040112548146,337.76065965158017,0.32002237638568326
433,34640.0,0.012042496384469907,0.21704305261986873,0.7607075314273001,0.9897930804316387,180.76012348425854,34.165449691727964,77.37875288683603,129.39390056381342,197.46585258847617,176,15745.454545454546,6400.0,128.2150600678664,90.270333367641,245,203859.5918367347,121600.0,417.8922098668533,393.4792607492748,0.31589302483760423
434,34720.0,0.013878073200578486,0.21022916898431415,0.7543942596506842,0.9785015018355768,179.70705862721104,34.37759100299846,76.18036072144288,129.07924328614897,196.75045161290322,165,19355.151515151516,6400.0,134.97950187342363,90.270333367641,231,209426.83982683983,115200.0,423.0954216020757,382.9845891853754,0.313232895446826
