phase,label_3d,volume_voxels,volume_mm3,equivalent_diameter_voxels,equivalent_diameter_um,centroid_z_pixels,centroid_y_pixels,centroid_x_pixels,centroid_z_mm,centroid_y_mm,centroid_x_mm,bbox_z_pixels,bbox_y_pixels,bbox_x_pixels,bbox_z_mm,bbox_y_mm,bbox_x_mm,longest_axis_bbox_pixels,intermediate_axis_bbox_pixels,shortest_axis_bbox_pixels,elongation_bbox,flatness_bbox,extent_3d,mean_intensity,min_intensity,max_intensity
pores,2,95.0,0.04864000000000001,5.661197779576941,452.8958223661553,1.9578947368421054,1.4842105263157894,187.6,0.15663157894736843,0.11873684210526315,15.008,6,5,8,0.48,0.4,0.64,8.0,6.0,5.0,1.6,1.3333333333333333,0.3958333333333333,80.3157894736842,65.0,87.0
pores,4,179.0,0.09164800000000002,6.992269136954583,559.3815309563666,2.4804469273743015,3.2513966480446927,63.41340782122905,0.19843575418994414,0.26011173184357544,5.073072625698324,7,8,11,0.56,0.64,0.88,11.0,8.0,7.0,1.5714285714285714,1.375,0.2905844155844156,76.71508379888269,27.0,87.0
pores,5,132.0,0.067584,6.317206927705878,505.37655421647025,1.128787878787879,8.007575757575758,149.25,0.09030303030303032,0.6406060606060606,11.94,5,14,13,0.4,1.12,1.04,14.0,13.0,5.0,2.8,1.0769230769230769,0.14505494505494507,79.6969696969697,31.0,87.0
pores,6,149.0,0.07628800000000001,6.57752562495326,526.2020499962608,1.3221476510067114,10.523489932885907,38.52348993288591,0.10577181208053692,0.8418791946308726,3.0818791946308726,5,14,11,0.4,1.12,0.88,14.0,11.0,5.0,2.8,1.2727272727272727,0.19350649350649352,77.59731543624162,35.0,87.0
pores,7,231.0,0.11827200000000002,7.612683704002246,609.0146963201797,3.051948051948052,9.480519480519481,5.077922077922078,0.24415584415584415,0.7584415584415585,0.4062337662337662,10,10,12,0.8,0.8,0.96,12.0,10.0,10.0,1.2,1.2,0.1925,81.3030303030303,59.0,87.0
pores,9,93.0,0.047616000000000006,5.62118797776233,449.69503822098636,3.5806451612903225,6.849462365591398,125.73118279569893,0.2864516129032258,0.5479569892473118,10.058494623655914,8,7,8,0.64,0.56,0.64,8.0,8.0,7.0,1.1428571428571428,1.0,0.20758928571428573,82.43010752688173,61.0,87.0
pores,19,112.0,0.057344000000000006,5.980531746873981,478.4425397499185,1.4732142857142858,20.026785714285715,75.58928571428571,0.11785714285714287,1.6021428571428573,6.047142857142857,6,8,10,0.48,0.64,0.8,10.0,8.0,6.0,1.6666666666666667,1.25,0.23333333333333334,72.69642857142857,18.0,87.0
pores,20,104.0,0.05324800000000001,5.834606511185437,466.768520894835,1.6442307692307692,21.067307692307693,26.60576923076923,0.13153846153846155,1.6853846153846155,2.1284615384615386,5,7,8,0.4,0.56,0.64,8.0,7.0,5.0,1.6,1.1428571428571428,0.37142857142857144,79.8173076923077,69.0,87.0
pores,21,85.0,0.04352000000000001,5.455150891048748,436.4120712838999,1.576470588235294,21.988235294117647,182.63529411764705,0.12611764705882353,1.7590588235294118,14.610823529411764,6,14,9,0.48,1.12,0.72,14.0,9.0,6.0,2.3333333333333335,1.5555555555555556,0.11243386243386243,81.16470588235295,70.0,87.0
pores,27,82.0,0.04198400000000001,5.390202444799826,431.21619558398606,1.4634146341463414,26.817073170731707,53.0,0.11707317073170731,2.1453658536585367,4.24,6,9,9,0.48,0.72,0.72,9.0,9.0,6.0,1.5,1.0,0.16872427983539096,80.76829268292683,67.0,87.0
pores,28,82.0,0.04198400000000001,5.390202444799826,431.21619558398606,2.8658536585365852,25.109756097560975,117.95121951219512,0.2292682926829268,2.008780487804878,9.43609756097561,7,7,7,0.56,0.56,0.56,7.0,7.0,7.0,1.0,1.0,0.239067055393586,81.59756097560975,68.0,87.0
pores,29,96.0,0.04915200000000001,5.680992338459954,454.47938707679634,4.364583333333333,25.458333333333332,128.57291666666666,0.3491666666666666,2.0366666666666666,10.285833333333333,11,7,7,0.88,0.56,0.56,11.0,7.0,7.0,1.5714285714285714,1.5714285714285714,0.17810760667903525,70.36458333333333,26.0,87.0
pores,30,141.0,0.072192,6.457635040206935,516.6108032165548,1.5957446808510638,28.326241134751772,152.4113475177305,0.1276595744680851,2.266099290780142,12.192907801418439,5,8,8,0.4,0.64,0.64,8.0,8.0,5.0,1.6,1.0,0.440625,78.50354609929079,59.0,87.0
pores,32,109.0,0.05580800000000001,5.926650153721812,474.13201229774495,4.027522935779817,28.798165137614678,163.78899082568807,0.32220183486238535,2.3038532110091743,13.103119266055046,10,8,8,0.8,0.64,0.64,10.0,8.0,8.0,1.25,1.25,0.1703125,73.74311926605505,29.0,87.0
pores,35,85.0,0.04352000000000001,5.455150891048748,436.4120712838999,1.7294117647058824,35.35294117647059,159.42352941176472,0.1383529411764706,2.828235294117647,12.753882352941178,5,7,6,0.4,0.56,0.48,7.0,6.0,5.0,1.4,1.1666666666666667,0.40476190476190477,79.91764705882353,59.0,87.0
pores,39,80.0,0.04096000000000001,5.346018470287903,427.6814776230322,0.7625,39.375,96.25,0.061,3.15,7.7,4,7,7,0.32,0.56,0.56,7.0,7.0,4.0,1.75,1.0,0.40816326530612246,40.6,12.0,86.0
pores,41,175.0,0.08960000000000001,6.939792343839249,555.18338750714,1.44,50.371428571428574,49.10285714285714,0.1152,4.029714285714286,3.9282285714285714,7,11,16,0.56,0.88,1.28,16.0,11.0,7.0,2.2857142857142856,1.4545454545454546,0.14204545454545456,79.67428571428572,49.0,87.0
pores,42,84.0,0.043008000000000005,5.43367369666554,434.6938957332432,2.0833333333333335,47.80952380952381,191.9404761904762,0.16666666666666669,3.824761904761905,15.355238095238096,7,9,6,0.56,0.72,0.48,9.0,7.0,6.0,1.5,1.2857142857142858,0.2222222222222222,81.27380952380952,66.0,87.0
pores,45,83.0,0.042496000000000006,5.412025364749767,432.96202917998136,0.7469879518072289,51.13253012048193,22.49397590361446,0.05975903614457831,4.090602409638555,1.7995180722891568,4,8,8,0.32,0.64,0.64,8.0,8.0,4.0,2.0,1.0,0.32421875,80.08433734939759,68.0,87.0
pores,57,282.0,0.144384,8.136110319695444,650.8888255756356,3.6347517730496453,58.9290780141844,38.06028368794326,0.2907801418439716,4.714326241134752,3.044822695035461,12,14,16,0.96,1.12,1.28,16.0,14.0,12.0,1.3333333333333333,1.1428571428571428,0.10491071428571429,54.716312056737586,13.0,87.0
pores,58,168.0,0.08601600000000001,6.845999868689003,547.6799894951203,3.9226190476190474,59.833333333333336,53.029761904761905,0.3138095238095238,4.786666666666667,4.242380952380953,10,10,11,0.8,0.8,0.88,11.0,10.0,10.0,1.1,1.1,0.15272727272727274,79.95238095238095,38.0,87.0
pores,60,83.0,0.042496000000000006,5.412025364749767,432.96202917998136,1.1686746987951808,62.86746987951807,157.55421686746988,0.09349397590361447,5.029397590361445,12.604337349397591,5,7,8,0.4,0.56,0.64,8.0,7.0,5.0,1.6,1.1428571428571428,0.29642857142857143,81.40963855421687,66.0,87.0
pores,63,90.0,0.04608000000000001,5.560083268891276,444.8066615113021,1.8222222222222222,63.666666666666664,103.92222222222222,0.14577777777777778,5.093333333333333,8.313777777777778,6,8,8,0.48,0.64,0.64,8.0,8.0,6.0,1.3333333333333333,1.0,0.234375,79.46666666666667,61.0,87.0
pores,71,104.0,0.05324800000000001,5.834606511185437,466.768520894835,2.6923076923076925,69.03846153846153,112.71153846153847,0.2153846153846154,5.523076923076923,9.016923076923078,8,7,7,0.64,0.56,0.56,8.0,7.0,7.0,1.1428571428571428,1.1428571428571428,0.2653061224489796,82.01923076923077,67.0,87.0
pores,73,89.0,0.045568000000000004,5.539413623573113,443.153089885849,2.966292134831461,68.53932584269663,15.168539325842696,0.23730337078651687,5.48314606741573,1.2134831460674158,7,7,8,0.56,0.56,0.64,8.0,7.0,7.0,1.1428571428571428,1.1428571428571428,0.22704081632653061,80.46067415730337,55.0,87.0
pores,74,162.0,0.08294400000000002,6.763509910720959,541.0807928576767,1.0246913580246915,75.5,25.858024691358025,0.08197530864197532,6.04,2.0686419753086422,5,14,15,0.4,1.12,1.2,15.0,14.0,5.0,3.0,1.0714285714285714,0.15428571428571428,79.43827160493827,46.0,87.0
pores,79,88.0,0.045056000000000006,5.518588563740668,441.4870850992534,1.5568181818181819,75.13636363636364,10.215909090909092,0.12454545454545456,6.010909090909092,0.8172727272727274,5,7,7,0.4,0.56,0.56,7.0,7.0,5.0,1.4,1.0,0.35918367346938773,80.47727272727273,66.0,87.0
pores,134,157.0,0.08038400000000001,6.693198063015236,535.4558450412189,2.171974522292994,125.59235668789809,136.5031847133758,0.1737579617834395,10.047388535031848,10.920254777070063,7,9,9,0.56,0.72,0.72,9.0,9.0,7.0,1.2857142857142858,1.0,0.2768959435626102,81.01910828025478,62.0,87.0
pores,137,187.0,0.09574400000000001,7.094922590181724,567.593807214538,2.7914438502673797,129.62032085561498,181.6898395721925,0.22331550802139039,10.3696256684492,14.535187165775401,8,13,13,0.64,1.04,1.04,13.0,13.0,8.0,1.625,1.0,0.13831360946745563,80.92513368983957,53.0,87.0
pores,144,114.0,0.05836800000000001,6.015920332305007,481.2736265844006,2.6228070175438596,131.28947368421052,165.71052631578948,0.20982456140350877,10.503157894736843,13.256842105263159,7,7,8,0.56,0.56,0.64,8.0,7.0,7.0,1.1428571428571428,1.1428571428571428,0.29081632653061223,80.80701754385964,63.0,87.0
pores,155,94.0,0.04812800000000001,5.641263819521383,451.30110556171064,0.9574468085106383,146.36170212765958,58.42553191489362,0.07659574468085106,11.708936170212766,4.67404255319149,4,12,7,0.32,0.96,0.56,12.0,7.0,4.0,3.0,1.7142857142857142,0.27976190476190477,75.41489361702128,18.0,87.0
pores,157,106.0,0.05427200000000001,5.871770611970455,469.7416489576364,1.8867924528301887,146.77358490566039,74.68867924528301,0.1509433962264151,11.741886792452831,5.9750943396226415,6,8,8,0.48,0.64,0.64,8.0,8.0,6.0,1.3333333333333333,1.0,0.2760416666666667,79.65094339622641,58.0,87.0
pores,162,158.0,0.08089600000000001,6.7073786097756045,536.5902887820483,2.9683544303797467,151.21518987341773,31.626582278481013,0.23746835443037972,12.097215189873419,2.530126582278481,8,8,8,0.64,0.64,0.64,8.0,8.0,8.0,1.0,1.0,0.30859375,78.90506329113924,58.0,87.0
pores,166,132.0,0.067584,6.317206927705878,505.37655421647025,2.0984848484848486,157.1439393939394,156.16666666666666,0.1678787878787879,12.571515151515152,12.493333333333332,8,12,8,0.64,0.96,0.64,12.0,8.0,8.0,1.5,1.5,0.171875,78.42424242424242,61.0,87.0
pores,174,107.0,0.054784000000000006,5.890177536797923,471.2142029438338,0.9906542056074766,165.14953271028037,8.532710280373832,0.07925233644859814,13.21196261682243,0.6826168224299066,4,7,7,0.32,0.56,0.56,7.0,7.0,4.0,1.75,1.0,0.5459183673469388,77.46728971962617,54.0,87.0
pores,182,153.0,0.07833600000000002,6.635865927138142,530.8692741710514,1.5686274509803921,172.69281045751634,102.72549019607843,0.12549019607843137,13.815424836601307,8.218039215686273,6,10,10,0.48,0.8,0.8,10.0,10.0,6.0,1.6666666666666667,1.0,0.255,80.0326797385621,60.0,87.0
pores,183,98.0,0.050176000000000005,5.720172834077733,457.61382672621863,1.0204081632653061,174.66326530612244,127.95918367346938,0.0816326530612245,13.973061224489795,10.236734693877551,5,9,9,0.4,0.72,0.72,9.0,9.0,5.0,1.8,1.0,0.2419753086419753,73.51020408163265,22.0,87.0
pores,196,135.0,0.06912000000000001,6.364706507682331,509.1765206145865,4.711111111111111,13.592592592592593,85.43703703703704,0.3768888888888889,1.0874074074074076,6.834962962962964,8,8,8,0.64,0.64,0.64,8.0,8.0,8.0,1.0,1.0,0.263671875,80.23703703703704,62.0,87.0
pores,216,126.0,0.06451200000000001,6.220003669960456,497.6002935968365,4.722222222222222,109.58730158730158,156.94444444444446,0.37777777777777777,8.766984126984127,12.555555555555557,9,9,9,0.72,0.72,0.72,9.0,9.0,9.0,1.0,1.0,0.1728395061728395,81.37301587301587,63.0,87.0
pores,219,83.0,0.042496000000000006,5.412025364749767,432.96202917998136,3.1566265060240966,118.57831325301204,112.80722891566265,0.25253012048192774,9.486265060240964,9.024578313253013,5,6,5,0.4,0.48,0.4,6.0,5.0,5.0,1.2,1.2,0.5533333333333333,52.373493975903614,18.0,87.0
pores,240,80.0,0.04096000000000001,5.346018470287903,427.6814776230322,4.975,35.8,57.125,0.39799999999999996,2.864,4.57,8,11,10,0.64,0.88,0.8,11.0,10.0,8.0,1.375,1.1,0.09090909090909091,80.8,46.0,87.0
pores,243,84.0,0.043008000000000005,5.43367369666554,434.6938957332432,4.761904761904762,37.273809523809526,17.952380952380953,0.38095238095238093,2.981904761904762,1.4361904761904762,6,5,12,0.48,0.4,0.96,12.0,6.0,5.0,2.4,2.0,0.23333333333333334,54.98809523809524,18.0,87.0
pores,244,142.0,0.07270400000000002,6.472865367940743,517.8292294352594,5.542253521126761,37.38732394366197,36.33802816901409,0.4433802816901409,2.9909859154929577,2.907042253521127,9,8,10,0.72,0.64,0.8,10.0,9.0,8.0,1.25,1.1111111111111112,0.19722222222222222,81.1056338028169,62.0,87.0
pores,250,88.0,0.045056000000000006,5.518588563740668,441.4870850992534,4.409090909090909,79.69318181818181,178.8409090909091,0.3527272727272727,6.375454545454545,14.307272727272728,7,7,7,0.56,0.56,0.56,7.0,7.0,7.0,1.0,1.0,0.2565597667638484,81.67045454545455,69.0,87.0
pores,294,82.0,0.04198400000000001,5.390202444799826,431.21619558398606,5.853658536585366,91.96341463414635,10.670731707317072,0.46829268292682924,7.357073170731708,0.8536585365853658,9,7,7,0.72,0.56,0.56,9.0,7.0,7.0,1.2857142857142858,1.2857142857142858,0.18594104308390022,81.39024390243902,48.0,87.0
pores,316,82.0,0.04198400000000001,5.390202444799826,431.21619558398606,6.487804878048781,4.329268292682927,80.13414634146342,0.5190243902439025,0.3463414634146341,6.4107317073170735,6,6,10,0.48,0.48,0.8,10.0,6.0,6.0,1.6666666666666667,1.6666666666666667,0.22777777777777777,80.34146341463415,46.0,87.0
pores,317,82.0,0.04198400000000001,5.390202444799826,431.21619558398606,6.951219512195122,12.21951219512195,62.573170731707314,0.5560975609756098,0.9775609756097561,5.005853658536585,8,10,8,0.64,0.8,0.64,10.0,8.0,8.0,1.25,1.25,0.128125,81.20731707317073,53.0,87.0
pores,515,100.0,0.05120000000000001,5.758823822969721,460.7059058375777,9.67,12.79,107.62,0.7736000000000001,1.0231999999999999,8.6096,6,6,6,0.48,0.48,0.48,6.0,6.0,6.0,1.0,1.0,0.46296296296296297,50.76,17.0,86.0
pores,708,111.0,0.05683200000000001,5.962679307090674,477.01434456725394,12.018018018018019,102.46846846846847,5.072072072072072,0.9614414414414415,8.197477477477477,0.4057657657657658,7,6,6,0.56,0.48,0.48,7.0,6.0,6.0,1.1666666666666667,1.1666666666666667,0.44047619047619047,51.73873873873874,26.0,87.0
pores,1382,101.0,0.05171200000000001,5.777956268578565,462.2365014862852,23.554455445544555,29.940594059405942,69.55445544554455,1.8843564356435645,2.3952475247524756,5.564356435643564,6,5,6,0.48,0.4,0.48,6.0,6.0,5.0,1.2,1.0,0.5611111111111111,61.801980198019805,31.0,87.0
pores,1472,98.0,0.050176000000000005,5.720172834077733,457.61382672621863,25.602040816326532,43.224489795918366,79.8061224489796,2.0481632653061226,3.4579591836734695,6.384489795918368,6,6,6,0.48,0.48,0.48,6.0,6.0,6.0,1.0,1.0,0.4537037037037037,61.08163265306123,38.0,87.0
pores,1557,107.0,0.054784000000000006,5.890177536797923,471.2142029438338,28.953271028037385,50.14018691588785,16.50467289719626,2.316261682242991,4.011214953271028,1.320373831775701,6,6,6,0.48,0.48,0.48,6.0,6.0,6.0,1.0,1.0,0.49537037037037035,57.77570093457944,33.0,87.0
pores,1690,108.0,0.05529600000000001,5.908470131056179,472.67761048449427,31.175925925925927,171.22222222222223,137.89814814814815,2.4940740740740743,13.697777777777778,11.031851851851853,6,7,5,0.48,0.56,0.4,7.0,6.0,5.0,1.4,1.1666666666666667,0.5142857142857142,59.19444444444444,32.0,86.0
pores,1995,270.0,0.13824000000000003,8.019027705431855,641.5222164345483,44.78888888888889,34.77407407407407,104.24444444444444,3.5831111111111116,2.781925925925926,8.339555555555556,8,8,8,0.64,0.64,0.64,8.0,8.0,8.0,1.0,1.0,0.52734375,57.025925925925925,28.0,87.0
pores,2059,84.0,0.043008000000000005,5.43367369666554,434.6938957332432,46.166666666666664,53.523809523809526,115.01190476190476,3.6933333333333334,4.281904761904762,9.200952380952382,5,6,5,0.4,0.48,0.4,6.0,5.0,5.0,1.2,1.2,0.56,60.404761904761905,34.0,84.0
pores,2178,116.0,0.05939200000000001,6.050897399235387,484.071791938831,52.21551724137931,8.043103448275861,60.560344827586206,4.1772413793103444,0.6434482758620689,4.844827586206897,6,5,6,0.48,0.4,0.48,6.0,6.0,5.0,1.2,1.0,0.6444444444444445,59.13793103448276,26.0,82.0
pores,2190,82.0,0.04198400000000001,5.390202444799826,431.21619558398606,52.329268292682926,110.1829268292683,50.18292682926829,4.186341463414634,8.814634146341463,4.014634146341463,6,5,5,0.48,0.4,0.4,6.0,5.0,5.0,1.2,1.2,0.5466666666666666,62.71951219512195,36.0,87.0
pores,2194,80.0,0.04096000000000001,5.346018470287903,427.6814776230322,52.0,137.5875,5.8625,4.16,11.007000000000001,0.469,5,6,5,0.4,0.48,0.4,6.0,5.0,5.0,1.2,1.2,0.5333333333333333,63.3625,44.0,87.0
pores,2252,169.0,0.08652800000000001,6.859556339475854,548.7645071580683,56.18343195266272,64.88757396449704,99.36686390532545,4.494674556213018,5.191005917159763,7.949349112426035,7,7,6,0.56,0.56,0.48,7.0,7.0,6.0,1.1666666666666667,1.0,0.5748299319727891,59.414201183431956,36.0,86.0
pores,2428,125.0,0.06400000000000002,6.203504908994,496.28039271951997,63.648,54.52,119.664,5.09184,4.3616,9.573120000000001,6,6,6,0.48,0.48,0.48,6.0,6.0,6.0,1.0,1.0,0.5787037037037037,59.2,29.0,86.0
pores,2455,137.0,0.07014400000000001,6.395983209011851,511.6786567209481,64.51094890510949,126.24087591240875,20.335766423357665,5.160875912408759,10.0992700729927,1.6268613138686132,6,7,6,0.48,0.56,0.48,7.0,6.0,6.0,1.1666666666666667,1.1666666666666667,0.5436507936507936,59.824817518248175,32.0,87.0
pores,2539,106.0,0.05427200000000001,5.871770611970455,469.7416489576364,69.82075471698113,91.61320754716981,33.0377358490566,5.58566037735849,7.3290566037735845,2.6430188679245283,6,6,6,0.48,0.48,0.48,6.0,6.0,6.0,1.0,1.0,0.49074074074074076,62.924528301886795,32.0,87.0
pores,2561,103.0,0.05273600000000001,5.815845589022965,465.2676471218372,70.83495145631068,124.66990291262135,47.43689320388349,5.666796116504854,9.97359223300971,3.7949514563106796,6,6,6,0.48,0.48,0.48,6.0,6.0,6.0,1.0,1.0,0.47685185185185186,63.63106796116505,37.0,87.0
pores,2607,219.0,0.11212800000000002,7.478511471637478,598.2809177309982,74.22374429223744,75.91324200913242,70.80365296803653,5.937899543378996,6.073059360730594,5.664292237442923,8,7,7,0.64,0.56,0.56,8.0,7.0,7.0,1.1428571428571428,1.1428571428571428,0.5586734693877551,59.89041095890411,32.0,87.0
pores,2779,170.0,0.08704000000000002,6.873059437985092,549.8447550388074,81.8529411764706,106.72941176470589,97.08235294117647,6.548235294117648,8.538352941176472,7.766588235294117,7,7,7,0.56,0.56,0.56,7.0,7.0,7.0,1.0,1.0,0.4956268221574344,57.83529411764706,25.0,87.0
pores,2816,245.0,0.12544000000000002,7.7634689553941065,621.0775164315285,84.91428571428571,30.587755102040816,87.4734693877551,6.793142857142857,2.447020408163265,6.997877551020409,8,8,8,0.64,0.64,0.64,8.0,8.0,8.0,1.0,1.0,0.478515625,54.96326530612245,27.0,87.0
pores,2938,205.0,0.10496000000000001,7.315630236588791,585.2504189271033,90.1609756097561,48.18536585365854,14.55609756097561,7.212878048780488,3.8548292682926832,1.164487804878049,8,7,8,0.64,0.56,0.64,8.0,8.0,7.0,1.1428571428571428,1.0,0.4575892857142857,58.46829268292683,35.0,87.0
pores,3020,90.0,0.04608000000000001,5.560083268891276,444.8066615113021,93.81111111111112,95.63333333333334,35.31111111111111,7.50488888888889,7.650666666666667,2.824888888888889,6,6,6,0.48,0.48,0.48,6.0,6.0,6.0,1.0,1.0,0.4166666666666667,62.62222222222222,35.0,87.0
pores,3039,106.0,0.05427200000000001,5.871770611970455,469.7416489576364,94.81132075471699,115.0,78.52830188679245,7.584905660377359,9.200000000000001,6.282264150943396,6,5,6,0.48,0.4,0.48,6.0,6.0,5.0,1.2,1.0,0.5888888888888889,60.839622641509436,30.0,83.0
pores,3081,501.0,0.256512,9.854010813451172,788.3208650760937,99.45309381237524,158.21556886227546,138.05389221556885,7.95624750499002,12.657245508982037,11.044311377245508,13,14,11,1.04,1.12,0.88,14.0,13.0,11.0,1.2727272727272727,1.0769230769230769,0.25024975024975027,56.29141716566866,26.0,87.0
pores,3128,398.0,0.20377600000000004,9.126301592353913,730.104127388313,100.88693467336684,76.74371859296483,196.17336683417085,8.070954773869348,6.139497487437186,15.693869346733669,9,10,9,0.72,0.8,0.72,10.0,9.0,9.0,1.1111111111111112,1.1111111111111112,0.49135802469135803,52.608040201005025,25.0,87.0
pores,3220,82.0,0.04198400000000001,5.390202444799826,431.21619558398606,103.63414634146342,119.40243902439025,12.71951219512195,8.290731707317073,9.55219512195122,1.0175609756097561,6,6,5,0.48,0.48,0.4,6.0,6.0,5.0,1.2,1.0,0.45555555555555555,57.609756097560975,30.0,85.0
pores,3296,93.0,0.047616000000000006,5.62118797776233,449.69503822098636,107.55913978494624,93.36559139784946,196.25806451612902,8.6047311827957,7.4692473118279565,15.700645161290323,6,6,6,0.48,0.48,0.48,6.0,6.0,6.0,1.0,1.0,0.4305555555555556,58.655913978494624,36.0,86.0
pores,3361,81.0,0.04147200000000001,5.368201373637897,429.4561098910317,108.82716049382717,170.1358024691358,39.96296296296296,8.706172839506173,13.610864197530864,3.197037037037037,5,5,5,0.4,0.4,0.4,5.0,5.0,5.0,1.0,1.0,0.648,59.91358024691358,32.0,86.0
pores,3461,112.0,0.057344000000000006,5.980531746873981,478.4425397499185,115.75,99.02678571428571,196.03571428571428,9.26,7.922142857142857,15.682857142857143,8,9,5,0.64,0.72,0.4,9.0,8.0,5.0,1.8,1.125,0.3111111111111111,60.875,29.0,87.0
pores,3469,193.0,0.09881600000000001,7.17000671219614,573.6005369756912,115.2279792746114,166.88082901554404,10.523316062176166,9.218238341968911,13.350466321243523,0.8418652849740933,7,7,8,0.56,0.56,0.64,8.0,7.0,7.0,1.1428571428571428,1.1428571428571428,0.4923469387755102,57.626943005181346,26.0,86.0
pores,3477,96.0,0.04915200000000001,5.680992338459954,454.47938707679634,115.27083333333333,59.1875,39.604166666666664,9.221666666666666,4.735,3.168333333333333,6,6,6,0.48,0.48,0.48,6.0,6.0,6.0,1.0,1.0,0.4444444444444444,61.0,32.0,87.0
pores,3525,128.0,0.06553600000000001,6.252741134374175,500.21929074993403,117.640625,104.828125,165.2109375,9.41125,8.38625,13.216875,6,7,6,0.48,0.56,0.48,7.0,6.0,6.0,1.1666666666666667,1.1666666666666667,0.5079365079365079,57.3828125,32.0,86.0
pores,3551,118.0,0.06041600000000001,6.085474706375493,486.8379765100394,118.12711864406779,147.51694915254237,122.57627118644068,9.450169491525424,11.80135593220339,9.806101694915254,6,6,6,0.48,0.48,0.48,6.0,6.0,6.0,1.0,1.0,0.5462962962962963,55.601694915254235,25.0,86.0
pores,3554,189.0,0.09676800000000002,7.1201267897377285,569.6101431790182,118.74603174603175,163.8994708994709,27.317460317460316,9.49968253968254,13.111957671957674,2.1853968253968254,7,7,7,0.56,0.56,0.56,7.0,7.0,7.0,1.0,1.0,0.5510204081632653,57.439153439153436,31.0,87.0
pores,3610,148.0,0.07577600000000001,6.562777760167609,525.0222208134087,121.5945945945946,92.47297297297297,172.1283783783784,9.727567567567569,7.397837837837837,13.770270270270272,6,6,7,0.48,0.48,0.56,7.0,6.0,6.0,1.1666666666666667,1.1666666666666667,0.5873015873015873,57.92567567567568,35.0,83.0
pores,3628,91.0,0.04659200000000001,5.580600367226721,446.4480293781377,122.0989010989011,75.36263736263736,54.30769230769231,9.767912087912087,6.029010989010989,4.344615384615385,6,6,6,0.48,0.48,0.48,6.0,6.0,6.0,1.0,1.0,0.4212962962962963,61.2967032967033,34.0,87.0
pores,3631,180.0,0.09216000000000002,7.005265949644415,560.4212759715532,122.75555555555556,77.78888888888889,139.92777777777778,9.820444444444446,6.223111111111112,11.194222222222223,7,7,7,0.56,0.56,0.56,7.0,7.0,7.0,1.0,1.0,0.5247813411078717,58.894444444444446,34.0,87.0
pores,3637,537.0,0.274944,10.0845971582465,806.7677726597201,124.08007448789571,119.17132216014897,158.0633147113594,9.926405959031657,9.533705772811919,12.645065176908751,9,11,11,0.72,0.88,0.88,11.0,11.0,9.0,1.2222222222222223,1.0,0.4931129476584022,54.23091247672253,22.0,87.0
pores,3643,117.0,0.05990400000000001,6.068235308895068,485.4588247116055,122.98290598290598,147.17948717948718,24.034188034188034,9.838632478632478,11.774358974358975,1.9227350427350427,7,6,6,0.56,0.48,0.48,7.0,6.0,6.0,1.1666666666666667,1.1666666666666667,0.4642857142857143,57.11965811965812,27.0,87.0
pores,3644,125.0,0.06400000000000002,6.203504908994,496.28039271951997,122.784,150.752,132.712,9.82272,12.060160000000002,10.616959999999999,6,6,6,0.48,0.48,0.48,6.0,6.0,6.0,1.0,1.0,0.5787037037037037,58.488,30.0,87.0
pores,3713,97.0,0.04966400000000001,5.700649908033096,456.0519926426477,125.89690721649484,134.22680412371133,89.02061855670104,10.071752577319588,10.738144329896906,7.121649484536083,6,6,5,0.48,0.48,0.4,6.0,6.0,5.0,1.2,1.0,0.5388888888888889,59.381443298969074,34.0,87.0
pores,3745,350.0,0.17920000000000003,8.74359045590235,699.487236472188,130.88571428571427,1.8971428571428572,26.205714285714286,10.470857142857142,0.15177142857142858,2.096457142857143,11,6,10,0.88,0.48,0.8,11.0,10.0,6.0,1.8333333333333333,1.1,0.5303030303030303,52.691428571428574,26.0,87.0
pores,3759,97.0,0.04966400000000001,5.700649908033096,456.0519926426477,128.28865979381445,119.4639175257732,48.04123711340206,10.263092783505156,9.557113402061857,3.843298969072165,6,6,6,0.48,0.48,0.48,6.0,6.0,6.0,1.0,1.0,0.44907407407407407,59.0,35.0,87.0
pores,3841,82.0,0.04198400000000001,5.390202444799826,431.21619558398606,132.70731707317074,175.79268292682926,163.34146341463415,10.616585365853659,14.06341463414634,13.067317073170733,6,4,6,0.48,0.32,0.48,6.0,6.0,4.0,1.5,1.0,0.5694444444444444,55.4390243902439,25.0,81.0
pores,3862,149.0,0.07628800000000001,6.57752562495326,526.2020499962608,134.61744966442953,45.61073825503356,52.966442953020135,10.769395973154362,3.648859060402685,4.2373154362416106,7,7,7,0.56,0.56,0.56,7.0,7.0,7.0,1.0,1.0,0.43440233236151604,56.42953020134228,33.0,87.0
pores,3876,197.0,0.10086400000000002,7.219202121944973,577.5361697555978,134.98984771573603,132.26903553299493,27.893401015228427,10.799187817258883,10.581522842639595,2.2314720812182745,7,10,7,0.56,0.8,0.56,10.0,7.0,7.0,1.4285714285714286,1.4285714285714286,0.4020408163265306,60.578680203045685,34.0,87.0
pores,3923,231.0,0.11827200000000002,7.612683704002246,609.0146963201797,137.45021645021646,118.0909090909091,145.75757575757575,10.996017316017317,9.447272727272727,11.66060606060606,8,7,8,0.64,0.56,0.64,8.0,8.0,7.0,1.1428571428571428,1.0,0.515625,56.38961038961039,22.0,87.0
pores,3975,80.0,0.04096000000000001,5.346018470287903,427.6814776230322,137.9,164.9875,133.8875,11.032,13.199000000000002,10.710999999999999,5,5,5,0.4,0.4,0.4,5.0,5.0,5.0,1.0,1.0,0.64,60.725,42.0,87.0
pores,4056,84.0,0.043008000000000005,5.43367369666554,434.6938957332432,142.16666666666666,89.48809523809524,136.76190476190476,11.373333333333333,7.1590476190476195,10.94095238095238,5,6,5,0.4,0.48,0.4,6.0,5.0,5.0,1.2,1.2,0.56,60.01190476190476,34.0,86.0
pores,4064,451.0,0.23091200000000003,9.51464611403477,761.1716891227816,143.84257206208426,145.3880266075388,175.32815964523283,11.507405764966741,11.631042128603104,14.026252771618626,9,10,10,0.72,0.8,0.8,10.0,10.0,9.0,1.1111111111111112,1.0,0.5011111111111111,54.068736141906875,24.0,87.0
pores,4165,274.0,0.14028800000000002,8.058433879808192,644.6747103846553,147.75182481751824,49.97080291970803,163.87591240875912,11.82014598540146,3.9976642335766424,13.11007299270073,8,9,8,0.64,0.72,0.64,9.0,8.0,8.0,1.125,1.125,0.4756944444444444,55.40510948905109,31.0,86.0
pores,4172,106.0,0.05427200000000001,5.871770611970455,469.7416489576364,145.9245283018868,107.45283018867924,178.1509433962264,11.673962264150944,8.596226415094339,14.252075471698113,5,6,6,0.4,0.48,0.48,6.0,6.0,5.0,1.2,1.0,0.5888888888888889,57.65094339622642,30.0,86.0
pores,4195,100.0,0.05120000000000001,5.758823822969721,460.7059058375777,147.04,155.53,182.53,11.7632,12.442400000000001,14.602400000000001,5,6,6,0.4,0.48,0.48,6.0,6.0,5.0,1.2,1.0,0.5555555555555556,58.94,29.0,86.0
pores,4259,170.0,0.08704000000000002,6.873059437985092,549.8447550388074,150.56470588235294,168.89411764705883,55.62352941176471,12.045176470588235,13.511529411764707,4.449882352941176,7,7,7,0.56,0.56,0.56,7.0,7.0,7.0,1.0,1.0,0.4956268221574344,56.27647058823529,26.0,87.0
pores,4286,129.0,0.06604800000000001,6.268982093389452,501.5185674711562,152.5968992248062,31.782945736434108,192.32558139534885,12.207751937984497,2.5426356589147288,15.386046511627908,6,6,6,0.48,0.48,0.48,6.0,6.0,6.0,1.0,1.0,0.5972222222222222,56.44186046511628,32.0,87.0
pores,4311,262.0,0.134144,7.93903207074245,635.1225656593961,154.5648854961832,33.06870229007634,55.85496183206107,12.365190839694655,2.6454961832061072,4.468396946564886,8,7,9,0.64,0.56,0.72,9.0,8.0,7.0,1.2857142857142858,1.125,0.5198412698412699,55.29770992366412,25.0,87.0
pores,4327,150.0,0.07680000000000001,6.592207650508867,527.3766120407093,154.00666666666666,172.0,172.7,12.320533333333334,13.76,13.815999999999999,7,7,7,0.56,0.56,0.56,7.0,7.0,7.0,1.0,1.0,0.43731778425655976,57.88,32.0,87.0
pores,4362,379.0,0.19404800000000003,8.978701410849059,718.2961128679246,157.37467018469658,81.95778364116094,110.88654353562005,12.589973614775728,6.556622691292875,8.870923482849603,9,9,9,0.72,0.72,0.72,9.0,9.0,9.0,1.0,1.0,0.5198902606310014,54.50923482849604,20.0,87.0
pores,4365,209.0,0.10700800000000002,7.362905411051833,589.0324328841466,156.91866028708134,96.04306220095694,199.16746411483254,12.553492822966508,7.683444976076555,15.933397129186604,8,9,6,0.64,0.72,0.48,9.0,8.0,6.0,1.5,1.125,0.4837962962962963,51.770334928229666,28.0,87.0
pores,4387,168.0,0.08601600000000001,6.845999868689003,547.6799894951203,157.23809523809524,74.48809523809524,144.55357142857142,12.57904761904762,5.959047619047619,11.564285714285713,7,7,7,0.56,0.56,0.56,7.0,7.0,7.0,1.0,1.0,0.4897959183673469,56.464285714285715,29.0,87.0
pores,4469,90.0,0.04608000000000001,5.560083268891276,444.8066615113021,159.07777777777778,133.05555555555554,142.2111111111111,12.726222222222223,10.644444444444444,11.376888888888889,5,5,6,0.4,0.4,0.48,6.0,5.0,5.0,1.2,1.2,0.6,57.51111111111111,32.0,86.0
pores,4492,84.0,0.043008000000000005,5.43367369666554,434.6938957332432,160.51190476190476,166.0,122.5952380952381,12.84095238095238,13.280000000000001,9.807619047619049,6,5,6,0.48,0.4,0.48,6.0,6.0,5.0,1.2,1.0,0.4666666666666667,59.05952380952381,37.0,86.0
pores,4710,85.0,0.04352000000000001,5.455150891048748,436.4120712838999,169.89411764705883,98.24705882352941,78.76470588235294,13.591529411764707,7.859764705882354,6.301176470588236,5,6,6,0.4,0.48,0.48,6.0,6.0,5.0,1.2,1.0,0.4722222222222222,60.88235294117647,33.0,86.0
pores,4728,104.0,0.05324800000000001,5.834606511185437,466.768520894835,171.76923076923077,56.71153846153846,15.01923076923077,13.741538461538463,4.536923076923077,1.2015384615384617,6,6,5,0.48,0.48,0.4,6.0,6.0,5.0,1.2,1.0,0.5777777777777777,59.32692307692308,33.0,87.0
pores,4740,169.0,0.08652800000000001,6.859556339475854,548.7645071580683,172.90532544378698,13.455621301775148,189.11834319526628,13.832426035502959,1.0764497041420118,15.129467455621302,7,6,7,0.56,0.48,0.56,7.0,7.0,6.0,1.1666666666666667,1.0,0.5748299319727891,57.18343195266272,32.0,87.0
pores,4766,126.0,0.06451200000000001,6.220003669960456,497.6002935968365,173.4920634920635,79.96825396825396,103.23015873015873,13.87936507936508,6.397460317460317,8.258412698412698,6,7,6,0.48,0.56,0.48,7.0,6.0,6.0,1.1666666666666667,1.1666666666666667,0.5,57.88095238095238,21.0,85.0
pores,4778,200.0,0.10240000000000002,7.255663357195618,580.4530685756495,175.18,1.935,107.49,14.0144,0.15480000000000002,8.5992,8,6,8,0.64,0.48,0.64,8.0,8.0,6.0,1.3333333333333333,1.0,0.5208333333333334,54.915,24.0,87.0
pores,4815,445.0,0.22784000000000004,9.472264055003226,757.781124400258,178.6314606741573,32.08314606741573,82.16629213483147,14.290516853932584,2.566651685393259,6.573303370786517,10,9,9,0.8,0.72,0.72,10.0,9.0,9.0,1.1111111111111112,1.1111111111111112,0.5493827160493827,53.86067415730337,19.0,87.0
pores,4819,140.0,0.07168000000000001,6.442332530151142,515.3866024120914,176.30714285714285,75.45,119.15,14.104571428571429,6.0360000000000005,9.532,6,6,7,0.48,0.48,0.56,7.0,6.0,6.0,1.1666666666666667,1.1666666666666667,0.5555555555555556,57.614285714285714,31.0,87.0
pores,4851,167.0,0.08550400000000001,6.832389495079439,546.5911596063551,177.7125748502994,133.79640718562874,141.91017964071855,14.217005988023953,10.703712574850298,11.352814371257484,6,7,7,0.48,0.56,0.56,7.0,7.0,6.0,1.1666666666666667,1.0,0.5680272108843537,57.35329341317365,31.0,86.0
pores,4852,44287.0,22.674944000000004,43.89609427921723,3511.6875423373785,197.0466728385305,145.16542100390635,68.16338880484115,15.76373382708244,11.613233680312508,5.453071104387292,45,46,44,3.6,3.68,3.52,46.0,45.0,44.0,1.0454545454545454,1.0222222222222221,0.48624286341677647,38.75480389279021,7.0,87.0
pores,4908,125.0,0.06400000000000002,6.203504908994,496.28039271951997,179.176,160.336,141.016,14.33408,12.826880000000001,11.281279999999999,6,6,7,0.48,0.48,0.56,7.0,6.0,6.0,1.1666666666666667,1.1666666666666667,0.49603174603174605,58.688,35.0,86.0
pores,4948,299.0,0.15308800000000003,8.296422398793604,663.7137919034883,183.49498327759198,8.464882943143813,166.6789297658863,14.67959866220736,0.677190635451505,13.334314381270904,8,8,8,0.64,0.64,0.64,8.0,8.0,8.0,1.0,1.0,0.583984375,54.541806020066886,29.0,87.0
pores,5028,152.0,0.07782400000000002,6.621377090805707,529.7101672644566,185.82236842105263,54.48684210526316,126.71052631578948,14.865789473684211,4.3589473684210525,10.136842105263158,7,6,7,0.56,0.48,0.56,7.0,7.0,6.0,1.1666666666666667,1.0,0.5170068027210885,57.64473684210526,35.0,87.0
pores,5054,92.0,0.04710400000000001,5.600967702383306,448.0774161906645,186.40217391304347,34.5,152.6195652173913,14.912173913043478,2.7600000000000002,12.209565217391305,6,6,6,0.48,0.48,0.48,6.0,6.0,6.0,1.0,1.0,0.42592592592592593,60.53260869565217,35.0,87.0
pores,5212,121.0,0.06195200000000001,6.136615546901379,490.9292437521103,192.89256198347107,111.97520661157024,154.46280991735537,15.431404958677685,8.95801652892562,12.35702479338843,6,7,6,0.48,0.56,0.48,7.0,6.0,6.0,1.1666666666666667,1.1666666666666667,0.4801587301587302,58.16528925619835,31.0,87.0
pores,5233,137.0,0.07014400000000001,6.395983209011851,511.6786567209481,193.91970802919707,57.75912408759124,112.36496350364963,15.513576642335765,4.620729927007299,8.989197080291971,7,6,6,0.56,0.48,0.48,7.0,6.0,6.0,1.1666666666666667,1.1666666666666667,0.5436507936507936,57.23357664233577,31.0,87.0
pores,5267,83.0,0.042496000000000006,5.412025364749767,432.96202917998136,194.63855421686748,102.97590361445783,126.10843373493977,15.571084337349399,8.238072289156626,10.088674698795181,6,5,5,0.48,0.4,0.4,6.0,5.0,5.0,1.2,1.2,0.5533333333333333,60.08433734939759,31.0,87.0
pores,5309,96.0,0.04915200000000001,5.680992338459954,454.47938707679634,196.45833333333334,47.197916666666664,1.25,15.716666666666669,3.7758333333333334,0.1,6,6,4,0.48,0.48,0.32,6.0,6.0,4.0,1.5,1.0,0.6666666666666666,58.645833333333336,32.0,87.0
pores,5318,133.0,0.06809600000000002,6.333119354948481,506.64954839587847,198.9248120300752,117.55639097744361,0.5413533834586466,15.913984962406017,9.40451127819549,0.043308270676691726,10,10,3,0.8,0.8,0.24,10.0,10.0,3.0,3.3333333333333335,1.0,0.44333333333333336,55.51127819548872,21.0,87.0
pores,5335,103.0,0.05273600000000001,5.815845589022965,465.2676471218372,197.67961165048544,8.54368932038835,174.04854368932038,15.814368932038835,0.683495145631068,13.923883495145631,6,6,5,0.48,0.48,0.4,6.0,6.0,5.0,1.2,1.0,0.5722222222222222,57.50485436893204,32.0,87.0
pores,5396,292.0,0.14950400000000003,8.231166936456948,658.4933549165557,200.8664383561644,29.34246575342466,75.56849315068493,16.06931506849315,2.3473972602739726,6.045479452054795,9,8,8,0.72,0.64,0.64,9.0,8.0,8.0,1.125,1.125,0.5069444444444444,55.4486301369863,23.0,87.0
pores,5407,85.0,0.04352000000000001,5.455150891048748,436.4120712838999,199.52941176470588,118.84705882352941,199.01176470588234,15.962352941176471,9.507764705882353,15.920941176470588,6,5,5,0.48,0.4,0.4,6.0,5.0,5.0,1.2,1.2,0.5666666666666667,59.98823529411764,33.0,87.0
pores,5450,486.0,0.24883200000000005,9.754669262507202,780.3735410005761,203.86831275720164,89.21399176954732,11.61111111111111,16.30946502057613,7.1371193415637855,0.9288888888888889,10,9,10,0.8,0.72,0.8,10.0,10.0,9.0,1.1111111111111112,1.0,0.54,52.78600823045267,24.0,87.0
pores,5584,81.0,0.04147200000000001,5.368201373637897,429.4561098910317,206.7037037037037,93.29629629629629,105.82716049382717,16.536296296296296,7.463703703703703,8.466172839506173,6,6,5,0.48,0.48,0.4,6.0,6.0,5.0,1.2,1.0,0.45,60.407407407407405,35.0,87.0
pores,5763,133.0,0.06809600000000002,6.333119354948481,506.64954839587847,214.02255639097746,117.40601503759399,52.31578947368421,17.121804511278196,9.392481203007518,4.185263157894737,7,6,6,0.56,0.48,0.48,7.0,6.0,6.0,1.1666666666666667,1.1666666666666667,0.5277777777777778,55.87218045112782,28.0,85.0
pores,5807,121.0,0.06195200000000001,6.136615546901379,490.9292437521103,215.50413223140495,86.72727272727273,181.35537190082644,17.240330578512395,6.9381818181818184,14.508429752066116,6,6,6,0.48,0.48,0.48,6.0,6.0,6.0,1.0,1.0,0.5601851851851852,57.85123966942149,30.0,87.0
pores,5827,125.0,0.06400000000000002,6.203504908994,496.28039271951997,217.28,35.68,29.568,17.3824,2.8544,2.36544,8,9,6,0.64,0.72,0.48,9.0,8.0,6.0,1.5,1.125,0.28935185185185186,58.256,34.0,87.0
pores,6009,1831.0,0.9374720000000002,15.178536780007985,1214.2829424006388,225.9421081376297,113.48170398689241,35.59803386127799,18.075368651010375,9.078536318951393,2.847842708902239,15,16,15,1.2,1.28,1.2,16.0,15.0,15.0,1.0666666666666667,1.0666666666666667,0.5086111111111111,48.28509011469143,21.0,87.0
pores,6011,186.0,0.09523200000000001,7.082253058598753,566.5802446879003,222.15591397849462,123.26344086021506,19.532258064516128,17.77247311827957,9.861075268817205,1.5625806451612902,7,7,7,0.56,0.56,0.56,7.0,7.0,7.0,1.0,1.0,0.5422740524781341,56.29032258064516,28.0,87.0
pores,6181,128.0,0.06553600000000001,6.252741134374175,500.21929074993403,227.4296875,53.9921875,44.6171875,18.194375,4.319375,3.569375,6,7,6,0.48,0.56,0.48,7.0,6.0,6.0,1.1666666666666667,1.1666666666666667,0.5079365079365079,54.3828125,29.0,84.0
pores,6368,99.0,0.05068800000000001,5.7395633987581025,459.1650719006482,232.64646464646464,33.656565656565654,154.40404040404042,18.61171717171717,2.6925252525252525,12.352323232323233,6,6,6,0.48,0.48,0.48,6.0,6.0,6.0,1.0,1.0,0.4583333333333333,59.03030303030303,26.0,86.0
pores,6387,91.0,0.04659200000000001,5.580600367226721,446.4480293781377,231.98901098901098,131.84615384615384,185.76923076923077,18.55912087912088,10.547692307692307,14.861538461538462,5,6,6,0.4,0.48,0.48,6.0,6.0,5.0,1.2,1.0,0.5055555555555555,59.9010989010989,26.0,86.0
pores,6470,221.0,0.11315200000000002,7.501208155472893,600.0966524378315,236.37556561085972,90.64253393665159,2.3710407239819005,18.91004524886878,7.251402714932127,0.18968325791855203,8,8,7,0.64,0.64,0.56,8.0,8.0,7.0,1.1428571428571428,1.0,0.49330357142857145,54.92760180995475,26.0,86.0
pores,6484,114.0,0.05836800000000001,6.015920332305007,481.2736265844006,236.21052631578948,163.69298245614036,108.74561403508773,18.896842105263158,13.09543859649123,8.699649122807019,9,9,6,0.72,0.72,0.48,9.0,9.0,6.0,1.5,1.0,0.2345679012345679,61.26315789473684,30.0,87.0
pores,6604,148.0,0.07577600000000001,6.562777760167609,525.0222208134087,239.32432432432432,29.054054054054053,108.55405405405405,19.145945945945947,2.324324324324324,8.684324324324324,6,7,6,0.48,0.56,0.48,7.0,6.0,6.0,1.1666666666666667,1.1666666666666667,0.5873015873015873,56.527027027027025,35.0,86.0
pores,6630,104.0,0.05324800000000001,5.834606511185437,466.768520894835,239.03846153846155,141.375,192.9903846153846,19.123076923076923,11.31,15.43923076923077,5,6,5,0.4,0.48,0.4,6.0,5.0,5.0,1.2,1.2,0.6933333333333334,58.125,30.0,86.0
pores,6637,109.0,0.05580800000000001,5.926650153721812,474.13201229774495,239.1834862385321,166.62385321100916,97.30275229357798,19.13467889908257,13.329908256880733,7.784220183486239,6,6,6,0.48,0.48,0.48,6.0,6.0,6.0,1.0,1.0,0.5046296296296297,57.522935779816514,34.0,87.0
pores,6669,159.0,0.08140800000000001,6.721499448528673,537.7199558822939,242.32075471698113,23.77987421383648,179.58490566037736,19.38566037735849,1.9023899371069184,14.36679245283019,7,7,6,0.56,0.56,0.48,7.0,7.0,6.0,1.1666666666666667,1.0,0.5408163265306123,55.874213836477985,32.0,86.0
pores,6697,207.0,0.10598400000000002,7.339343952631513,587.147516210521,242.45410628019323,152.05797101449275,179.77777777777777,19.396328502415457,12.16463768115942,14.382222222222222,7,8,7,0.56,0.64,0.56,8.0,7.0,7.0,1.1428571428571428,1.1428571428571428,0.5280612244897959,55.7487922705314,29.0,87.0
pores,6724,10693.0,5.474816000000001,27.333819035920236,2186.705522873619,253.08790797718135,80.36678200692042,91.34153184326195,20.24703263817451,6.429342560553634,7.307322547460956,27,27,29,2.16,2.16,2.32,29.0,27.0,27.0,1.0740740740740742,1.0740740740740742,0.5057944278889361,43.137940708874964,11.0,87.0
pores,6863,87.0,0.04454400000000001,5.497605134632529,439.80841077060234,245.55172413793105,151.0344827586207,40.804597701149426,19.644137931034486,12.082758620689656,3.264367816091954,6,5,5,0.48,0.4,0.4,6.0,5.0,5.0,1.2,1.2,0.58,57.81609195402299,24.0,87.0
pores,6954,83.0,0.042496000000000006,5.412025364749767,432.96202917998136,247.9879518072289,49.04819277108434,66.95180722891567,19.839036144578312,3.923855421686747,5.356144578313254,5,5,5,0.4,0.4,0.4,5.0,5.0,5.0,1.0,1.0,0.664,55.626506024096386,31.0,85.0
pores,6991,114.0,0.05836800000000001,6.015920332305007,481.2736265844006,250.01754385964912,106.1842105263158,64.51754385964912,20.00140350877193,8.494736842105263,5.16140350877193,6,6,6,0.48,0.48,0.48,6.0,6.0,6.0,1.0,1.0,0.5277777777777778,58.3421052631579,23.0,87.0
pores,7048,159.0,0.08140800000000001,6.721499448528673,537.7199558822939,251.61006289308176,41.930817610062896,186.66037735849056,20.128805031446543,3.354465408805032,14.932830188679246,6,7,7,0.48,0.56,0.56,7.0,7.0,6.0,1.1666666666666667,1.0,0.5408163265306123,56.36477987421384,31.0,87.0
pores,7060,83.0,0.042496000000000006,5.412025364749767,432.96202917998136,250.72289156626505,109.44578313253012,121.60240963855422,20.057831325301205,8.75566265060241,9.728192771084338,5,6,6,0.4,0.48,0.48,6.0,6.0,5.0,1.2,1.0,0.46111111111111114,56.44578313253012,25.0,87.0
pores,7071,95.0,0.04864000000000001,5.661197779576941,452.8958223661553,251.42105263157896,174.45263157894738,126.73684210526316,20.113684210526316,13.95621052631579,10.138947368421054,6,6,7,0.48,0.48,0.56,7.0,6.0,6.0,1.1666666666666667,1.1666666666666667,0.376984126984127,58.89473684210526,35.0,86.0
pores,7096,361.0,0.18483200000000002,8.834246772957831,706.7397418366265,253.81994459833794,116.77008310249307,125.86149584487535,20.305595567867037,9.341606648199447,10.068919667590029,9,9,9,0.72,0.72,0.72,9.0,9.0,9.0,1.0,1.0,0.49519890260631,53.70360110803324,26.0,87.0
pores,7216,122.0,0.06246400000000001,6.153474465532757,492.2779572426206,256.3360655737705,56.18852459016394,129.63934426229508,20.50688524590164,4.495081967213115,10.371147540983607,6,6,6,0.48,0.48,0.48,6.0,6.0,6.0,1.0,1.0,0.5648148148148148,56.76229508196721,34.0,86.0
pores,7251,110.0,0.05632000000000001,5.944719320868062,475.57754566944493,257.04545454545456,54.00909090909091,91.47272727272727,20.563636363636366,4.3207272727272725,7.317818181818182,6,5,6,0.48,0.4,0.48,6.0,6.0,5.0,1.2,1.0,0.6111111111111112,58.59090909090909,23.0,85.0
pores,7266,90.0,0.04608000000000001,5.560083268891276,444.8066615113021,256.8222222222222,118.03333333333333,166.24444444444444,20.545777777777776,9.442666666666666,13.299555555555555,5,5,6,0.4,0.4,0.48,6.0,5.0,5.0,1.2,1.2,0.6,59.78888888888889,35.0,87.0
pores,7284,111.0,0.05683200000000001,5.962679307090674,477.01434456725394,258.02702702702703,41.270270270270274,196.33333333333334,20.642162162162162,3.301621621621622,15.706666666666667,5,6,6,0.4,0.48,0.48,6.0,6.0,5.0,1.2,1.0,0.6166666666666667,57.108108108108105,25.0,86.0
pores,7295,124.0,0.06348800000000002,6.1869179183107725,494.9534334648618,258.44354838709677,109.54032258064517,120.06451612903226,20.675483870967742,8.763225806451613,9.605161290322581,6,6,7,0.48,0.48,0.56,7.0,6.0,6.0,1.1666666666666667,1.1666666666666667,0.49206349206349204,57.12096774193548,28.0,87.0
pores,7369,157.0,0.08038400000000001,6.693198063015236,535.4558450412189,261.30573248407643,102.78343949044586,51.1656050955414,20.904458598726116,8.222675159235669,4.093248407643312,7,7,7,0.56,0.56,0.56,7.0,7.0,7.0,1.0,1.0,0.4577259475218659,55.28025477707006,27.0,87.0
pores,7423,215.0,0.11008000000000003,7.432700144648346,594.6160115718677,262.1441860465116,109.24186046511628,56.627906976744185,20.971534883720928,8.739348837209302,4.530232558139535,7,7,8,0.56,0.56,0.64,8.0,7.0,7.0,1.1428571428571428,1.1428571428571428,0.548469387755102,54.83720930232558,27.0,87.0
pores,7479,87.0,0.04454400000000001,5.497605134632529,439.80841077060234,261.97701149425285,143.5632183908046,169.66666666666666,20.95816091954023,11.485057471264367,13.573333333333332,5,6,6,0.4,0.48,0.48,6.0,6.0,5.0,1.2,1.0,0.48333333333333334,58.827586206896555,32.0,86.0
pores,7491,238.0,0.12185600000000002,7.688815591542102,615.1052473233682,264.78991596638656,3.936974789915966,178.96638655462183,21.183193277310924,0.3149579831932773,14.317310924369748,8,8,7,0.64,0.64,0.56,8.0,8.0,7.0,1.1428571428571428,1.0,0.53125,54.44957983193277,25.0,87.0
pores,7550,82.0,0.04198400000000001,5.390202444799826,431.21619558398606,263.9146341463415,60.02439024390244,48.91463414634146,21.11317073170732,4.801951219512195,3.913170731707317,5,5,5,0.4,0.4,0.4,5.0,5.0,5.0,1.0,1.0,0.656,59.98780487804878,38.0,83.0
pores,7595,396.0,0.20275200000000004,9.110988977026786,728.8791181621428,266.6439393939394,82.01010101010101,139.87373737373738,21.331515151515152,6.560808080808081,11.18989898989899,9,9,9,0.72,0.72,0.72,9.0,9.0,9.0,1.0,1.0,0.5432098765432098,54.255050505050505,21.0,87.0
pores,7601,92.0,0.04710400000000001,5.600967702383306,448.0774161906645,265.2282608695652,102.84782608695652,132.92391304347825,21.218260869565217,8.227826086956522,10.63391304347826,6,6,5,0.48,0.48,0.4,6.0,6.0,5.0,1.2,1.0,0.5111111111111111,59.69565217391305,31.0,87.0
pores,7840,134.0,0.06860800000000002,6.3489522192239995,507.91617753791996,272.65671641791045,70.91791044776119,22.597014925373134,21.812537313432838,5.673432835820895,1.8077611940298508,6,7,6,0.48,0.56,0.48,7.0,6.0,6.0,1.1666666666666667,1.1666666666666667,0.5317460317460317,54.514925373134325,23.0,87.0
pores,7848,114.0,0.05836800000000001,6.015920332305007,481.2736265844006,272.86842105263156,114.48245614035088,5.666666666666667,21.829473684210527,9.15859649122807,0.45333333333333337,6,6,6,0.48,0.48,0.48,6.0,6.0,6.0,1.0,1.0,0.5277777777777778,57.026315789473685,25.0,87.0
pores,7935,143.0,0.07321600000000002,6.488024358591253,519.0419486873002,276.4195804195804,1.979020979020979,35.52447552447553,22.113566433566433,0.15832167832167832,2.8419580419580424,7,6,6,0.56,0.48,0.48,7.0,6.0,6.0,1.1666666666666667,1.1666666666666667,0.5674603174603174,54.68531468531469,24.0,87.0
pores,7971,107.0,0.054784000000000006,5.890177536797923,471.2142029438338,275.8317757009346,173.6448598130841,15.700934579439252,22.06654205607477,13.891588785046729,1.2560747663551401,6,6,6,0.48,0.48,0.48,6.0,6.0,6.0,1.0,1.0,0.49537037037037035,56.467289719626166,35.0,87.0
pores,7987,561.0,0.28723200000000004,10.232649057053917,818.6119245643134,278.6060606060606,91.99643493761141,175.18716577540107,22.28848484848485,7.359714795008913,14.014973262032086,10,11,10,0.8,0.88,0.8,11.0,10.0,10.0,1.1,1.1,0.51,52.75222816399287,23.0,87.0
pores,8117,150.0,0.07680000000000001,6.592207650508867,527.3766120407093,280.3066666666667,53.626666666666665,143.54666666666665,22.424533333333333,4.290133333333333,11.483733333333332,7,6,6,0.56,0.48,0.48,7.0,6.0,6.0,1.1666666666666667,1.1666666666666667,0.5952380952380952,58.02,34.0,87.0
pores,8217,197.0,0.10086400000000002,7.219202121944973,577.5361697555978,283.0761421319797,33.28934010152284,9.279187817258883,22.646091370558374,2.6631472081218273,0.7423350253807106,7,7,7,0.56,0.56,0.56,7.0,7.0,7.0,1.0,1.0,0.5743440233236151,54.65482233502538,16.0,87.0
pores,8229,106.0,0.05427200000000001,5.871770611970455,469.7416489576364,282.3301886792453,78.38679245283019,1.471698113207547,22.586415094339625,6.270943396226415,0.11773584905660377,6,6,5,0.48,0.48,0.4,6.0,6.0,5.0,1.2,1.0,0.5888888888888889,58.283018867924525,29.0,86.0
pores,8269,112.0,0.057344000000000006,5.980531746873981,478.4425397499185,283.92857142857144,146.9375,158.49107142857142,22.714285714285715,11.755,12.679285714285713,6,6,6,0.48,0.48,0.48,6.0,6.0,6.0,1.0,1.0,0.5185185185185185,58.339285714285715,30.0,87.0
pores,8287,95.0,0.04864000000000001,5.661197779576941,452.8958223661553,289.6421052631579,24.873684210526317,112.97894736842105,23.17136842105263,1.9898947368421054,9.038315789473684,12,9,9,0.96,0.72,0.72,12.0,9.0,9.0,1.3333333333333333,1.3333333333333333,0.09773662551440329,64.6421052631579,36.0,87.0
pores,8306,192.0,0.09830400000000002,7.157601831517195,572.6081465213756,285.1822916666667,152.89583333333334,10.822916666666666,22.814583333333335,12.231666666666667,0.8658333333333333,7,7,7,0.56,0.56,0.56,7.0,7.0,7.0,1.0,1.0,0.5597667638483965,56.375,25.0,87.0
pores,8437,166.0,0.08499200000000001,6.818724679613211,545.4979743690568,288.0,90.6144578313253,9.060240963855422,23.04,7.249156626506024,0.7248192771084339,7,6,7,0.56,0.48,0.56,7.0,7.0,6.0,1.1666666666666667,1.0,0.564625850340136,57.34939759036145,25.0,85.0
pores,8714,83.0,0.042496000000000006,5.412025364749767,432.96202917998136,293.8072289156627,33.024096385542165,21.951807228915662,23.504578313253013,2.6419277108433734,1.756144578313253,6,5,5,0.48,0.4,0.4,6.0,5.0,5.0,1.2,1.2,0.5533333333333333,57.57831325301205,27.0,85.0
pores,8747,261.0,0.13363200000000003,7.928918643143567,634.3134914514853,294.5057471264368,156.36398467432952,35.04980842911878,23.560459770114946,12.509118773946362,2.8039846743295023,8,8,8,0.64,0.64,0.64,8.0,8.0,8.0,1.0,1.0,0.509765625,54.827586206896555,25.0,87.0
pores,8850,223.0,0.11417600000000001,7.523768315837395,601.9014652669916,297.8609865470852,28.717488789237667,14.95067264573991,23.828878923766815,2.2973991031390133,1.1960538116591928,8,8,7,0.64,0.64,0.56,8.0,8.0,7.0,1.1428571428571428,1.0,0.49776785714285715,54.54260089686099,32.0,87.0
pores,8897,84.0,0.043008000000000005,5.43367369666554,434.6938957332432,297.2261904761905,60.345238095238095,199.89285714285714,23.77809523809524,4.827619047619048,15.991428571428571,6,6,4,0.48,0.48,0.32,6.0,6.0,4.0,1.5,1.0,0.5833333333333334,57.01190476190476,27.0,86.0
pores,9167,88.0,0.045056000000000006,5.518588563740668,441.4870850992534,304.07954545454544,87.57954545454545,166.0,24.326363636363634,7.006363636363637,13.280000000000001,5,6,5,0.4,0.48,0.4,6.0,5.0,5.0,1.2,1.2,0.5866666666666667,59.60227272727273,33.0,87.0
pores,9369,148.0,0.07577600000000001,6.562777760167609,525.0222208134087,310.5945945945946,64.45945945945945,164.68243243243242,24.847567567567566,5.1567567567567565,13.174594594594595,6,7,7,0.48,0.56,0.56,7.0,7.0,6.0,1.1666666666666667,1.0,0.5034013605442177,57.66891891891892,31.0,87.0
pores,9576,350.0,0.17920000000000003,8.74359045590235,699.487236472188,316.01142857142855,146.55428571428573,12.622857142857143,25.280914285714285,11.724342857142858,1.0098285714285715,9,10,9,0.72,0.8,0.72,10.0,9.0,9.0,1.1111111111111112,1.1111111111111112,0.43209876543209874,53.83714285714286,21.0,87.0
pores,10284,97.0,0.04966400000000001,5.700649908033096,456.0519926426477,332.1855670103093,19.804123711340207,92.26804123711341,26.574845360824742,1.5843298969072166,7.381443298969073,6,6,6,0.48,0.48,0.48,6.0,6.0,6.0,1.0,1.0,0.44907407407407407,59.28865979381443,35.0,87.0
pores,10561,190.0,0.09728000000000002,7.132662250107105,570.6129800085683,337.66315789473686,160.0,183.55789473684212,27.013052631578947,12.8,14.68463157894737,7,7,8,0.56,0.56,0.64,8.0,7.0,7.0,1.1428571428571428,1.1428571428571428,0.4846938775510204,55.82105263157895,33.0,87.0
pores,10592,481.0,0.24627200000000005,9.721101656163935,777.6881324931148,342.3451143451143,75.97505197505197,87.0914760914761,27.387609147609147,6.078004158004157,6.9673180873180875,12,10,9,0.96,0.8,0.72,12.0,10.0,9.0,1.3333333333333333,1.2,0.44537037037037036,53.49272349272349,24.0,87.0
pores,10644,164.0,0.08396800000000001,6.791229523398108,543.2983618718487,340.3353658536585,100.26219512195122,37.36585365853659,27.226829268292683,8.020975609756098,2.989268292682927,7,7,7,0.56,0.56,0.56,7.0,7.0,7.0,1.0,1.0,0.478134110787172,55.24390243902439,29.0,87.0
pores,10786,185.0,0.09472000000000001,7.0695380347374215,565.5630427789937,342.6972972972973,175.22702702702702,23.18918918918919,27.415783783783787,14.018162162162161,1.8551351351351353,8,6,8,0.64,0.48,0.64,8.0,8.0,6.0,1.3333333333333333,1.0,0.4817708333333333,54.28648648648649,21.0,86.0
pores,10866,177.0,0.09062400000000001,6.966129569086082,557.2903655268865,346.8305084745763,160.954802259887,42.76271186440678,27.746440677966103,12.87638418079096,3.4210169491525426,10,10,10,0.8,0.8,0.8,10.0,10.0,10.0,1.0,1.0,0.177,69.6045197740113,38.0,87.0
pores,11463,82.0,0.04198400000000001,5.390202444799826,431.21619558398606,354.9024390243902,129.97560975609755,7.890243902439025,28.392195121951218,10.398048780487805,0.631219512195122,5,5,5,0.4,0.4,0.4,5.0,5.0,5.0,1.0,1.0,0.656,57.90243902439025,33.0,86.0
pores,11690,108.0,0.05529600000000001,5.908470131056179,472.67761048449427,359.48148148148147,159.12962962962962,62.851851851851855,28.758518518518517,12.73037037037037,5.028148148148149,6,6,6,0.48,0.48,0.48,6.0,6.0,6.0,1.0,1.0,0.5,59.55555555555556,36.0,87.0
pores,11710,111.0,0.05683200000000001,5.962679307090674,477.01434456725394,360.26126126126127,69.009009009009,107.82882882882883,28.820900900900902,5.52072072072072,8.626306306306306,6,7,6,0.48,0.56,0.48,7.0,6.0,6.0,1.1666666666666667,1.1666666666666667,0.44047619047619047,60.04504504504504,27.0,87.0
pores,11713,84.0,0.043008000000000005,5.43367369666554,434.6938957332432,359.98809523809524,76.9047619047619,101.89285714285714,28.79904761904762,6.152380952380952,8.151428571428571,5,6,5,0.4,0.48,0.4,6.0,5.0,5.0,1.2,1.2,0.56,58.88095238095238,38.0,84.0
pores,11718,115.0,0.05888000000000001,6.033459557881385,482.67676463051083,363.30434782608694,90.17391304347827,165.28695652173914,29.064347826086955,7.213913043478262,13.222956521739132,11,8,9,0.88,0.64,0.72,11.0,9.0,8.0,1.375,1.2222222222222223,0.1452020202020202,72.82608695652173,45.0,87.0
pores,11758,92.0,0.04710400000000001,5.600967702383306,448.0774161906645,360.8695652173913,29.108695652173914,39.41304347826087,28.869565217391305,2.3286956521739133,3.1530434782608694,5,5,6,0.4,0.4,0.48,6.0,5.0,5.0,1.2,1.2,0.6133333333333333,59.92391304347826,27.0,86.0
pores,11776,117.0,0.05990400000000001,6.068235308895068,485.4588247116055,361.8205128205128,67.71794871794872,143.35042735042734,28.945641025641027,5.417435897435897,11.468034188034187,6,6,6,0.48,0.48,0.48,6.0,6.0,6.0,1.0,1.0,0.5416666666666666,57.9059829059829,29.0,87.0
pores,11835,132.0,0.067584,6.317206927705878,505.37655421647025,362.5530303030303,61.878787878787875,71.70454545454545,29.004242424242424,4.95030303030303,5.736363636363636,6,7,6,0.48,0.56,0.48,7.0,6.0,6.0,1.1666666666666667,1.1666666666666667,0.5238095238095238,58.06818181818182,34.0,87.0
pores,12340,83.0,0.042496000000000006,5.412025364749767,432.96202917998136,371.3975903614458,25.301204819277107,104.4578313253012,29.711807228915664,2.0240963855421685,8.356626506024096,6,6,6,0.48,0.48,0.48,6.0,6.0,6.0,1.0,1.0,0.38425925925925924,58.81927710843374,33.0,87.0
pores,12408,327.0,0.16742400000000002,8.547708637567618,683.8166910054094,373.8868501529052,53.4434250764526,73.64831804281346,29.910948012232417,4.275474006116208,5.891865443425076,9,8,9,0.72,0.64,0.72,9.0,9.0,8.0,1.125,1.0,0.5046296296296297,53.86850152905199,24.0,86.0
pores,12690,170.0,0.08704000000000002,6.873059437985092,549.8447550388074,377.70588235294116,60.73529411764706,161.5,30.216470588235293,4.858823529411764,12.92,7,7,6,0.56,0.56,0.48,7.0,7.0,6.0,1.1666666666666667,1.0,0.5782312925170068,55.39411764705882,27.0,87.0
pores,12697,105.0,0.05376000000000001,5.853247553205011,468.2598042564009,377.14285714285717,76.03809523809524,127.62857142857143,30.171428571428574,6.083047619047619,10.210285714285716,6,6,6,0.48,0.48,0.48,6.0,6.0,6.0,1.0,1.0,0.4861111111111111,55.95238095238095,30.0,87.0
pores,12791,595.0,0.3046400000000001,10.435328246215734,834.8262596972587,381.54789915966387,34.56638655462185,175.42016806722688,30.52383193277311,2.7653109243697482,14.033613445378151,10,13,10,0.8,1.04,0.8,13.0,10.0,10.0,1.3,1.3,0.4576923076923077,50.457142857142856,20.0,87.0
pores,12807,85.0,0.04352000000000001,5.455150891048748,436.4120712838999,380.2,94.97647058823529,162.24705882352941,30.416,7.598117647058823,12.979764705882353,9,13,10,0.72,1.04,0.8,13.0,10.0,9.0,1.4444444444444444,1.3,0.07264957264957266,82.29411764705883,70.0,87.0
pores,12987,297.0,0.15206400000000003,8.277882845611002,662.2306276488802,383.27272727272725,124.62626262626263,191.44444444444446,30.66181818181818,9.970101010101011,15.315555555555557,8,8,8,0.64,0.64,0.64,8.0,8.0,8.0,1.0,1.0,0.580078125,54.35690235690236,30.0,87.0
pores,13006,1762.0,0.9021440000000002,14.985426017462292,1198.8340813969833,387.45232690124857,5.85527809307605,74.29682179341657,30.996186152099884,0.468422247446084,5.943745743473325,14,14,16,1.12,1.12,1.28,16.0,14.0,14.0,1.1428571428571428,1.1428571428571428,0.5618622448979592,50.09591373439274,24.0,87.0
pores,13038,19456.0,9.961472000000002,33.36964950399115,2669.571960319292,397.02662417763156,108.37530838815789,132.2467619243421,31.762129934210524,8.670024671052632,10.579740953947368,34,39,38,2.72,3.12,3.04,39.0,38.0,34.0,1.1470588235294117,1.0263157894736843,0.3861236802413273,43.21962376644737,11.0,87.0
pores,13085,533.0,0.272896,10.05949538135948,804.7596305087584,386.5028142589118,77.79549718574108,162.82926829268294,30.920225140712947,6.223639774859286,13.026341463414635,10,10,10,0.8,0.8,0.8,10.0,10.0,10.0,1.0,1.0,0.533,54.570356472795496,31.0,87.0
pores,13173,312.0,0.15974400000000002,8.414958733670003,673.1966986936003,389.43589743589746,1.044871794871795,26.14423076923077,31.1548717948718,0.0835897435897436,2.0915384615384616,12,4,17,0.96,0.32,1.36,17.0,12.0,4.0,4.25,1.4166666666666667,0.38235294117647056,53.23397435897436,29.0,87.0
pores,13349,1226.0,0.6277120000000002,13.27895653281492,1062.3165226251936,392.84665579119087,41.93230016313214,52.549755301794455,31.42773246329527,3.3545840130505713,4.203980424143556,13,13,15,1.04,1.04,1.2,15.0,13.0,13.0,1.1538461538461537,1.1538461538461537,0.483629191321499,51.17373572593801,16.0,87.0
pores,13430,680.0,0.3481600000000001,10.910301782097497,872.8241425677998,393.8941176470588,55.766176470588235,175.11911764705883,31.511529411764705,4.461294117647059,14.009529411764706,11,11,11,0.88,0.88,0.88,11.0,11.0,11.0,1.0,1.0,0.5108940646130729,53.03529411764706,22.0,87.0
pores,13585,81.0,0.04147200000000001,5.368201373637897,429.4561098910317,394.2962962962963,93.5679012345679,114.79012345679013,31.543703703703706,7.485432098765432,9.183209876543211,8,9,8,0.64,0.72,0.64,9.0,8.0,8.0,1.125,1.125,0.140625,77.71604938271605,57.0,87.0
pores,13649,162.0,0.08294400000000002,6.763509910720959,541.0807928576767,400.45061728395063,18.808641975308642,76.59876543209876,32.03604938271605,1.5046913580246914,6.127901234567901,11,9,10,0.88,0.72,0.8,11.0,10.0,9.0,1.2222222222222223,1.1,0.16363636363636364,59.45061728395062,35.0,87.0
pores,13659,553.0,0.28313600000000005,10.183775958319657,814.7020766655726,398.5822784810127,99.31645569620254,172.88065099457503,31.886582278481015,7.9453164556962035,13.830452079566003,10,11,10,0.8,0.88,0.8,11.0,10.0,10.0,1.1,1.1,0.5027272727272727,54.1880650994575,27.0,87.0
pores,14024,399.0,0.20428800000000003,9.133938668379978,730.7150934703982,405.9949874686717,7.664160401002507,14.172932330827068,32.47959899749374,0.6131328320802005,1.1338345864661654,9,10,9,0.72,0.8,0.72,10.0,9.0,9.0,1.1111111111111112,1.1111111111111112,0.4925925925925926,51.18295739348371,14.0,87.0
pores,14084,87.0,0.04454400000000001,5.497605134632529,439.80841077060234,406.9655172413793,48.57471264367816,76.50574712643679,32.55724137931035,3.885977011494253,6.120459770114943,9,10,8,0.72,0.8,0.64,10.0,9.0,8.0,1.25,1.1111111111111112,0.12083333333333333,78.96551724137932,60.0,87.0
pores,14134,135.0,0.06912000000000001,6.364706507682331,509.1765206145865,410.24444444444447,25.51851851851852,92.71111111111111,32.81955555555556,2.0414814814814815,7.416888888888889,14,12,12,1.12,0.96,0.96,14.0,12.0,12.0,1.1666666666666667,1.1666666666666667,0.06696428571428571,76.34814814814816,51.0,87.0
pores,14136,114.0,0.05836800000000001,6.015920332305007,481.2736265844006,407.4736842105263,27.31578947368421,80.85087719298245,32.59789473684211,2.185263157894737,6.468070175438596,7,9,10,0.56,0.72,0.8,10.0,9.0,7.0,1.4285714285714286,1.1111111111111112,0.18095238095238095,75.78947368421052,55.0,87.0
pores,14234,573.0,0.293376,10.30509500246006,824.4076001968049,409.7731239092496,125.00523560209425,174.08376963350784,32.781849912739965,10.00041884816754,13.926701570680628,13,11,11,1.04,0.88,0.88,13.0,11.0,11.0,1.1818181818181819,1.1818181818181819,0.3642720915448188,55.682373472949386,23.0,87.0
pores,14292,97.0,0.04966400000000001,5.700649908033096,456.0519926426477,408.35051546391753,113.12371134020619,175.01030927835052,32.6680412371134,9.049896907216494,14.000824742268042,6,5,5,0.48,0.4,0.4,6.0,5.0,5.0,1.2,1.2,0.6466666666666666,59.63917525773196,34.0,86.0
pores,14306,1615.0,0.8268800000000002,14.556533631701466,1164.5226905361174,412.6520123839009,146.73808049535603,171.10278637770898,33.012160990712076,11.739046439628483,13.68822291021672,14,15,15,1.12,1.2,1.2,15.0,15.0,14.0,1.0714285714285714,1.0,0.5126984126984127,49.803095975232196,19.0,87.0
pores,14427,196.0,0.10035200000000001,7.20696616269135,576.557293015308,412.0357142857143,175.85714285714286,39.04081632653061,32.962857142857146,14.06857142857143,3.1232653061224487,9,5,9,0.72,0.4,0.72,9.0,9.0,5.0,1.8,1.0,0.4839506172839506,54.204081632653065,27.0,86.0
pores,14474,2470.0,1.2646400000000002,16.771276164473225,1341.702093157858,417.0591093117409,129.66963562753037,159.73805668016195,33.36472874493927,10.37357085020243,12.779044534412956,17,17,17,1.36,1.36,1.36,17.0,17.0,17.0,1.0,1.0,0.5027478119275391,48.205263157894734,16.0,87.0
pores,14489,126.0,0.06451200000000001,6.220003669960456,497.6002935968365,413.031746031746,1.1507936507936507,21.523809523809526,33.04253968253968,0.09206349206349206,1.721904761904762,8,4,8,0.64,0.32,0.64,8.0,8.0,4.0,2.0,1.0,0.4921875,57.3968253968254,39.0,87.0
pores,14516,147.0,0.07526400000000001,6.547963313035439,523.8370650428351,414.61224489795916,55.63265306122449,62.095238095238095,33.16897959183673,4.450612244897959,4.967619047619047,11,10,16,0.88,0.8,1.28,16.0,11.0,10.0,1.6,1.4545454545454546,0.08352272727272728,74.78911564625851,52.0,87.0
pores,14591,132.0,0.067584,6.317206927705878,505.37655421647025,414.4848484848485,41.833333333333336,84.72727272727273,33.158787878787884,3.346666666666667,6.778181818181819,7,10,9,0.56,0.8,0.72,10.0,9.0,7.0,1.4285714285714286,1.1111111111111112,0.20952380952380953,74.99242424242425,54.0,87.0
pores,14611,91.0,0.04659200000000001,5.580600367226721,446.4480293781377,415.2857142857143,91.50549450549451,185.5934065934066,33.222857142857144,7.320439560439561,14.847472527472528,8,9,10,0.64,0.72,0.8,10.0,9.0,8.0,1.25,1.1111111111111112,0.12638888888888888,75.96703296703296,57.0,87.0
pores,14733,5114.0,2.6183680000000003,21.37571746221508,1710.0573969772063,424.3791552600704,79.82577238951897,97.30484943292922,33.95033242080563,6.386061791161518,7.7843879546343375,21,34,27,1.68,2.72,2.16,34.0,27.0,21.0,1.619047619047619,1.2592592592592593,0.26527648096275547,50.07684786859601,16.0,87.0
pores,14824,151.0,0.07731200000000002,6.606824566768998,528.5459653415198,418.89403973509934,24.509933774834437,79.27814569536424,33.51152317880795,1.960794701986755,6.3422516556291395,7,11,11,0.56,0.88,0.88,11.0,11.0,7.0,1.5714285714285714,1.0,0.1782762691853601,72.3112582781457,45.0,87.0
pores,14876,85.0,0.04352000000000001,5.455150891048748,436.4120712838999,419.2,8.694117647058823,86.90588235294118,33.536,0.6955294117647058,6.952470588235294,6,9,9,0.48,0.72,0.72,9.0,9.0,6.0,1.5,1.0,0.1748971193415638,74.41176470588235,51.0,87.0
pores,15400,102.0,0.052224000000000007,5.796962840557109,463.7570272445687,429.72549019607845,50.72549019607843,26.901960784313726,34.37803921568628,4.058039215686275,2.152156862745098,9,10,15,0.72,0.8,1.2,15.0,10.0,9.0,1.6666666666666667,1.5,0.07555555555555556,78.29411764705883,46.0,87.0
resin,1,2295340.0,1175.2140800000002,163.6626080374225,13093.0086429938,204.78891885298037,85.72461334704226,101.92627453884828,16.38311350823843,6.857969067763381,8.154101963107863,435,178,202,34.800000000000004,14.24,16.16,435.0,202.0,178.0,2.443820224719101,2.1534653465346536,0.14675280003784957,128.84773846140442,88.0,168.0
resin,5,108.0,0.05529600000000001,5.908470131056179,472.67761048449427,0.6296296296296297,8.481481481481481,97.61111111111111,0.05037037037037037,0.6785185185185185,7.808888888888889,5,17,10,0.4,1.36,0.8,17.0,10.0,5.0,3.4,1.7,0.12705882352941175,142.24074074074073,90.0,168.0
resin,190,197.0,0.10086400000000002,7.219202121944973,577.5361697555978,5.934010152284264,99.88832487309645,107.1269035532995,0.47472081218274115,7.9910659898477165,8.57015228426396,11,11,13,0.88,0.88,1.04,13.0,11.0,11.0,1.1818181818181819,1.1818181818181819,0.12523839796567068,140.69035532994923,107.0,168.0
resin,245,492.0,0.251904,9.794647861979907,783.5718289583926,4.8028455284552845,115.98373983739837,61.796747967479675,0.38422764227642275,9.27869918699187,4.9437398373983745,13,14,22,1.04,1.12,1.76,22.0,14.0,13.0,1.6923076923076923,1.5714285714285714,0.12287712287712288,143.1747967479675,95.0,168.0
resin,543,777.0,0.39782400000000007,11.406195179405412,912.495614352433,13.16988416988417,109.81724581724582,197.3861003861004,1.0535907335907337,8.785379665379665,15.790888030888032,20,15,12,1.6,1.2,0.96,20.0,15.0,12.0,1.6666666666666667,1.3333333333333333,0.21583333333333332,122.48005148005149,88.0,168.0
resin,854,382.0,0.19558400000000004,9.00232968140077,720.1863745120615,8.463350785340314,142.1282722513089,52.5,0.6770680628272251,11.370261780104713,4.2,10,11,12,0.8,0.88,0.96,12.0,11.0,10.0,1.2,1.0909090909090908,0.28939393939393937,122.56544502617801,88.0,168.0
resin,1121,440.0,0.22528000000000004,9.43665370360164,754.9322962881313,11.422727272727272,86.15454545454546,61.92727272727273,0.9138181818181818,6.892363636363637,4.9541818181818185,10,14,14,0.8,1.12,1.12,14.0,14.0,10.0,1.4,1.0,0.22448979591836735,128.5,88.0,168.0
resin,1212,974.0,0.4986880000000001,12.298536796570875,983.88294372567,18.3347022587269,13.185831622176591,75.34291581108829,1.466776180698152,1.0548665297741273,6.027433264887064,21,17,18,1.68,1.36,1.44,21.0,18.0,17.0,1.2352941176470589,1.1666666666666667,0.15157173980703392,136.34907597535934,88.0,168.0
resin,1248,152.0,0.07782400000000002,6.621377090805707,529.7101672644566,10.355263157894736,49.86184210526316,97.78289473684211,0.828421052631579,3.988947368421053,7.822631578947369,7,8,7,0.56,0.64,0.56,8.0,7.0,7.0,1.1428571428571428,1.1428571428571428,0.3877551020408163,124.73684210526316,90.0,168.0
resin,1499,93.0,0.047616000000000006,5.62118797776233,449.69503822098636,14.24731182795699,51.97849462365591,197.03225806451613,1.1397849462365592,4.158279569892473,15.762580645161291,10,6,8,0.8,0.48,0.64,10.0,8.0,6.0,1.6666666666666667,1.25,0.19375,143.2688172043011,105.0,168.0
resin,1538,107.0,0.054784000000000006,5.890177536797923,471.2142029438338,13.401869158878505,107.53271028037383,58.700934579439256,1.0721495327102804,8.602616822429907,4.6960747663551405,10,9,7,0.8,0.72,0.56,10.0,9.0,7.0,1.4285714285714286,1.1111111111111112,0.16984126984126985,145.0841121495327,103.0,168.0
resin,1592,82.0,0.04198400000000001,5.390202444799826,431.21619558398606,13.987804878048781,70.21951219512195,79.3170731707317,1.1190243902439025,5.617560975609756,6.345365853658536,9,8,6,0.72,0.64,0.48,9.0,8.0,6.0,1.5,1.125,0.18981481481481483,138.4390243902439,88.0,168.0
resin,1602,185.0,0.09472000000000001,7.0695380347374215,565.5630427789937,12.583783783783783,85.01081081081081,98.88648648648649,1.0067027027027027,6.800864864864865,7.910918918918919,7,9,11,0.56,0.72,0.88,11.0,9.0,7.0,1.5714285714285714,1.2222222222222223,0.26695526695526695,130.85945945945946,91.0,168.0
resin,1619,377.0,0.19302400000000003,8.962879877785609,717.0303902228487,16.49336870026525,108.38196286472149,21.893899204244033,1.31946949602122,8.670557029177719,1.7515119363395226,14,9,11,1.12,0.72,0.88,14.0,11.0,9.0,1.5555555555555556,1.2727272727272727,0.27200577200577203,127.6790450928382,88.0,168.0
resin,1632,84.0,0.043008000000000005,5.43367369666554,434.6938957332432,12.488095238095237,138.4404761904762,82.22619047619048,0.999047619047619,11.075238095238097,6.578095238095239,6,7,6,0.48,0.56,0.48,7.0,6.0,6.0,1.1666666666666667,1.1666666666666667,0.3333333333333333,137.91666666666666,105.0,168.0
resin,1643,89.0,0.045568000000000004,5.539413623573113,443.153089885849,13.03370786516854,1.1573033707865168,99.43820224719101,1.0426966292134832,0.09258426966292134,7.955056179775282,6,4,8,0.48,0.32,0.64,8.0,6.0,4.0,2.0,1.3333333333333333,0.4635416666666667,139.38202247191012,103.0,167.0
resin,1689,814.0,0.4167680000000001,11.584445770361313,926.755661628905,15.684275184275185,86.497542997543,34.255528255528255,1.2547420147420147,6.91980343980344,2.7404422604422605,10,20,15,0.8,1.6,1.2,20.0,15.0,10.0,2.0,1.3333333333333333,0.2713333333333333,124.36240786240786,88.0,168.0
resin,1710,105.0,0.05376000000000001,5.853247553205011,468.2598042564009,13.666666666666666,150.4,87.80952380952381,1.0933333333333333,12.032,7.024761904761905,6,8,6,0.48,0.64,0.48,8.0,6.0,6.0,1.3333333333333333,1.3333333333333333,0.3645833333333333,133.0095238095238,94.0,168.0
resin,1746,130.0,0.06656000000000001,6.285139335191904,502.8111468153523,14.946153846153846,45.84615384615385,110.76923076923077,1.1956923076923078,3.667692307692308,8.861538461538462,7,7,10,0.56,0.56,0.8,10.0,7.0,7.0,1.4285714285714286,1.4285714285714286,0.2653061224489796,142.2846153846154,111.0,168.0
resin,1768,119.0,0.06092800000000001,6.102616979201714,488.2093583361371,15.857142857142858,121.2016806722689,199.54621848739495,1.2685714285714287,9.696134453781513,15.963697478991596,8,7,5,0.64,0.56,0.4,8.0,7.0,5.0,1.6,1.1428571428571428,0.425,127.90756302521008,95.0,168.0
resin,1799,141.0,0.072192,6.457635040206935,516.6108032165548,17.382978723404257,59.45390070921986,1.0354609929078014,1.3906382978723406,4.756312056737589,0.0828368794326241,10,8,5,0.8,0.64,0.4,10.0,8.0,5.0,2.0,1.25,0.3525,136.14893617021278,88.0,168.0
resin,1817,103.0,0.05273600000000001,5.815845589022965,465.2676471218372,15.388349514563107,121.19417475728156,65.76699029126213,1.2310679611650486,9.695533980582525,5.26135922330097,6,6,7,0.48,0.48,0.56,7.0,6.0,6.0,1.1666666666666667,1.1666666666666667,0.4087301587301587,144.0097087378641,118.0,168.0
resin,1874,341.0,0.17459200000000002,8.66799367132167,693.4394937057335,18.41642228739003,98.1524926686217,105.23753665689149,1.4733137829912024,7.852199413489736,8.419002932551319,10,8,10,0.8,0.64,0.8,10.0,10.0,8.0,1.25,1.0,0.42625,122.87976539589442,88.0,168.0
resin,1879,317.0,0.16230400000000003,8.45967242499443,676.7737939995544,17.586750788643535,113.06940063091483,104.37854889589906,1.4069400630914828,9.045552050473187,8.350283911671925,9,9,8,0.72,0.72,0.64,9.0,9.0,8.0,1.125,1.0,0.48919753086419754,137.6782334384858,104.0,168.0
resin,1892,96.0,0.04915200000000001,5.680992338459954,454.47938707679634,16.291666666666668,151.65625,138.9375,1.3033333333333335,12.1325,11.115,6,6,6,0.48,0.48,0.48,6.0,6.0,6.0,1.0,1.0,0.4444444444444444,130.11458333333334,95.0,168.0
resin,1898,144.0,0.07372800000000002,6.503112841671467,520.2490273337174,19.78472222222222,0.8472222222222222,76.13194444444444,1.5827777777777778,0.06777777777777778,6.0905555555555555,11,4,12,0.88,0.32,0.96,12.0,11.0,4.0,3.0,1.0909090909090908,0.2727272727272727,129.14583333333334,90.0,168.0
resin,1918,373.0,0.19097600000000003,8.931068146520563,714.485451721645,18.013404825737265,43.50402144772118,85.39946380697052,1.4410723860589811,3.4803217158176945,6.831957104557642,9,14,10,0.72,1.12,0.8,14.0,10.0,9.0,1.5555555555555556,1.4,0.29603174603174603,132.91152815013405,92.0,168.0
resin,1947,84.0,0.043008000000000005,5.43367369666554,434.6938957332432,17.833333333333332,3.9404761904761907,0.9285714285714286,1.4266666666666665,0.31523809523809526,0.07428571428571429,6,10,4,0.48,0.8,0.32,10.0,6.0,4.0,2.5,1.6666666666666667,0.35,124.58333333333333,89.0,167.0
resin,1961,83.0,0.042496000000000006,5.412025364749767,432.96202917998136,18.542168674698797,21.783132530120483,80.855421686747,1.4833734939759038,1.7426506024096386,6.46843373493976,6,8,7,0.48,0.64,0.56,8.0,7.0,6.0,1.3333333333333333,1.1428571428571428,0.24702380952380953,136.83132530120483,98.0,168.0
resin,1976,171.0,0.08755200000000002,6.886509686455715,550.9207749164572,18.87719298245614,66.953216374269,88.80701754385964,1.5101754385964912,5.356257309941521,7.104561403508772,7,7,8,0.56,0.56,0.64,8.0,7.0,7.0,1.1428571428571428,1.1428571428571428,0.4362244897959184,129.53801169590642,91.0,168.0
resin,2007,324.0,0.16588800000000004,8.52148850768993,681.7190806151945,22.17283950617284,4.62962962962963,24.046296296296298,1.7738271604938272,0.3703703703703704,1.923703703703704,10,8,9,0.8,0.64,0.72,10.0,9.0,8.0,1.25,1.1111111111111112,0.45,122.19753086419753,88.0,168.0
resin,2022,755.0,0.38656000000000007,11.297511093087676,903.8008874470141,24.44635761589404,36.319205298013244,24.05298013245033,1.9557086092715232,2.9055364238410597,1.9242384105960264,18,15,18,1.44,1.2,1.44,18.0,18.0,15.0,1.2,1.0,0.15534979423868311,124.85827814569537,88.0,168.0
resin,2061,118.0,0.06041600000000001,6.085474706375493,486.8379765100394,20.805084745762713,175.78813559322035,170.8728813559322,1.6644067796610171,14.063050847457628,13.669830508474577,8,5,10,0.64,0.4,0.8,10.0,8.0,5.0,2.0,1.25,0.295,126.66101694915254,93.0,168.0
resin,2088,301.0,0.15411200000000003,8.314879461624903,665.1903569299923,21.15282392026578,79.58803986710963,104.67774086378738,1.6922259136212625,6.36704318936877,8.37421926910299,8,9,13,0.64,0.72,1.04,13.0,9.0,8.0,1.625,1.4444444444444444,0.3215811965811966,130.01661129568106,91.0,168.0
resin,2104,100.0,0.05120000000000001,5.758823822969721,460.7059058375777,19.61,133.2,139.33,1.5688,10.655999999999999,11.146400000000002,6,7,10,0.48,0.56,0.8,10.0,7.0,6.0,1.6666666666666667,1.4285714285714286,0.23809523809523808,145.64,109.0,168.0
resin,2133,298.0,0.15257600000000002,8.287162991101544,662.9730392881236,22.687919463087248,55.54697986577181,198.38255033557047,1.8150335570469798,4.4437583892617445,15.870604026845639,8,9,7,0.64,0.72,0.56,9.0,8.0,7.0,1.2857142857142858,1.125,0.5912698412698413,134.68456375838926,106.0,168.0
resin,2141,104.0,0.05324800000000001,5.834606511185437,466.768520894835,21.576923076923077,79.52884615384616,11.009615384615385,1.7261538461538461,6.362307692307693,0.8807692307692309,6,6,5,0.48,0.48,0.4,6.0,6.0,5.0,1.2,1.0,0.5777777777777777,130.82692307692307,95.0,167.0
resin,2155,1158.0,0.5928960000000001,13.02876684747627,1042.3013477981017,30.620034542314336,152.91450777202073,125.933506044905,2.449602763385147,12.233160621761659,10.0746804835924,22,22,15,1.76,1.76,1.2,22.0,22.0,15.0,1.4666666666666666,1.0,0.15950413223140497,125.83678756476684,88.0,168.0
resin,2156,534.0,0.27340800000000004,10.065782567609606,805.2626054087684,24.60674157303371,159.7808988764045,93.44194756554307,1.9685393258426969,12.782471910112362,7.475355805243446,11,13,19,0.88,1.04,1.52,19.0,13.0,11.0,1.7272727272727273,1.4615384615384615,0.1965403018034597,127.65917602996255,88.0,168.0
resin,2167,848.0,0.43417600000000006,11.74354122394091,939.4832979152728,29.49174528301887,2.19811320754717,192.44811320754718,2.3593396226415098,0.1758490566037736,15.395849056603774,19,9,18,1.52,0.72,1.44,19.0,18.0,9.0,2.111111111111111,1.0555555555555556,0.27550357374918777,123.88443396226415,88.0,168.0
resin,2169,205.0,0.10496000000000001,7.315630236588791,585.2504189271033,24.75121951219512,4.224390243902439,154.9121951219512,1.9800975609756097,0.33795121951219514,12.392975609756098,12,9,12,0.96,0.72,0.96,12.0,12.0,9.0,1.3333333333333333,1.0,0.15817901234567902,135.82439024390243,92.0,168.0
resin,2186,313.0,0.16025600000000004,8.42393948619934,673.9151588959471,24.396166134185304,59.501597444089455,159.6261980830671,1.9516932907348243,4.760127795527157,12.770095846645368,11,9,9,0.88,0.72,0.72,11.0,9.0,9.0,1.2222222222222223,1.2222222222222223,0.35129068462401797,123.81150159744409,88.0,167.0
resin,2205,1058.0,0.5416960000000001,12.642385096551905,1011.3908077241524,27.498109640831757,134.8015122873346,5.482986767485822,2.1998487712665407,10.784120982986767,0.4386389413988658,20,20,23,1.6,1.6,1.84,23.0,20.0,20.0,1.15,1.15,0.115,127.75141776937618,88.0,168.0
resin,2214,575.0,0.29440000000000005,10.317070719223787,825.365657537903,25.382608695652173,172.13739130434783,190.85565217391306,2.030608695652174,13.770991304347827,15.268452173913046,12,14,22,0.96,1.12,1.76,22.0,14.0,12.0,1.8333333333333333,1.5714285714285714,0.15557359307359309,131.6504347826087,89.0,168.0
resin,2222,137.0,0.07014400000000001,6.395983209011851,511.6786567209481,24.131386861313867,38.284671532846716,129.71532846715328,1.9305109489051093,3.062773722627737,10.377226277372262,8,9,6,0.64,0.72,0.48,9.0,8.0,6.0,1.5,1.125,0.31712962962962965,132.77372262773721,91.0,168.0
resin,2225,105.0,0.05376000000000001,5.853247553205011,468.2598042564009,25.876190476190477,47.89523809523809,193.04761904761904,2.070095238095238,3.8316190476190473,15.443809523809524,9,7,7,0.72,0.56,0.56,9.0,7.0,7.0,1.2857142857142858,1.2857142857142858,0.23809523809523808,142.66666666666666,93.0,168.0
resin,2230,111.0,0.05683200000000001,5.962679307090674,477.01434456725394,24.585585585585587,79.5945945945946,2.144144144144144,1.966846846846847,6.367567567567568,0.17153153153153153,8,6,7,0.64,0.48,0.56,8.0,7.0,6.0,1.3333333333333333,1.1428571428571428,0.33035714285714285,144.45045045045046,110.0,168.0
resin,2234,393.0,0.20121600000000003,9.087923083466553,727.0338466773242,25.37913486005089,87.36641221374046,8.440203562340967,2.030330788804071,6.989312977099237,0.6752162849872774,10,9,10,0.8,0.72,0.8,10.0,10.0,9.0,1.1111111111111112,1.0,0.43666666666666665,137.8117048346056,101.0,168.0
resin,2238,624.0,0.31948800000000005,10.602183642547542,848.1746914038034,25.15544871794872,107.2323717948718,118.75801282051282,2.0124358974358976,8.578589743589744,9.500641025641025,10,11,19,0.8,0.88,1.52,19.0,11.0,10.0,1.9,1.7272727272727273,0.2985645933014354,124.91346153846153,88.0,168.0
resin,2246,143.0,0.07321600000000002,6.488024358591253,519.0419486873002,24.02097902097902,175.04895104895104,94.26573426573427,1.9216783216783215,14.003916083916083,7.5412587412587415,8,6,7,0.64,0.48,0.56,8.0,7.0,6.0,1.3333333333333333,1.1428571428571428,0.4255952380952381,143.0979020979021,111.0,168.0
resin,2296,1174.0,0.6010880000000001,13.088498418790222,1047.0798735032176,34.064735945485516,105.64310051107326,97.6550255536627,2.7251788756388415,8.451448040885861,7.812402044293016,24,21,15,1.92,1.68,1.2,24.0,21.0,15.0,1.6,1.1428571428571428,0.15529100529100529,126.4710391822828,88.0,168.0
resin,2303,457.0,0.23398400000000003,9.556653926336724,764.5323141069379,27.811816192560176,112.7746170678337,134.83150984682715,2.2249452954048143,9.021969365426697,10.786520787746172,11,18,10,0.88,1.44,0.8,18.0,11.0,10.0,1.8,1.6363636363636365,0.2308080808080808,142.63457330415756,97.0,168.0
resin,2315,167.0,0.08550400000000001,6.832389495079439,546.5911596063551,27.101796407185628,30.676646706586826,14.431137724550899,2.1681437125748504,2.454131736526946,1.154491017964072,8,8,8,0.64,0.64,0.64,8.0,8.0,8.0,1.0,1.0,0.326171875,125.41317365269461,90.0,168.0
resin,2344,85.0,0.04352000000000001,5.455150891048748,436.4120712838999,26.823529411764707,172.83529411764707,57.870588235294115,2.1458823529411766,13.826823529411765,4.6296470588235294,7,5,7,0.56,0.4,0.56,7.0,7.0,5.0,1.4,1.0,0.3469387755102041,145.28235294117647,113.0,168.0
resin,2345,346.0,0.17715200000000003,8.710153836923123,696.8123069538499,30.841040462427745,174.8121387283237,71.29190751445087,2.4672832369942195,13.984971098265897,5.70335260115607,13,7,11,1.04,0.56,0.88,13.0,11.0,7.0,1.8571428571428572,1.1818181818181819,0.34565434565434566,125.07225433526011,90.0,167.0
resin,2348,194.0,0.09932800000000001,7.182368817212171,574.5895053769736,29.087628865979383,1.6804123711340206,58.47422680412371,2.3270103092783505,0.13443298969072165,4.677938144329897,8,5,11,0.64,0.4,0.88,11.0,8.0,5.0,2.2,1.375,0.4409090909090909,126.52577319587628,91.0,168.0
resin,2360,419.0,0.21452800000000002,9.284071295403159,742.7257036322527,29.494033412887827,95.16229116945108,108.97613365155131,2.359522673031026,7.612983293556087,8.718090692124106,10,12,10,0.8,0.96,0.8,12.0,10.0,10.0,1.2,1.2,0.3491666666666667,125.26968973747017,91.0,168.0
resin,2371,492.0,0.251904,9.794647861979907,783.5718289583926,30.0630081300813,156.59146341463415,171.3272357723577,2.4050406504065043,12.527317073170732,13.706178861788617,12,10,13,0.96,0.8,1.04,13.0,12.0,10.0,1.3,1.0833333333333333,0.3153846153846154,124.41056910569105,90.0,168.0
resin,2381,229.0,0.11724800000000002,7.590649763967882,607.2519811174305,28.75545851528384,39.61572052401747,34.63755458515284,2.3004366812227075,3.169257641921398,2.7710043668122273,7,8,8,0.56,0.64,0.64,8.0,8.0,7.0,1.1428571428571428,1.0,0.5111607142857143,124.36244541484716,88.0,168.0
resin,2409,160.0,0.08192000000000002,6.7355612038425186,538.8448963074015,30.21875,3.34375,132.33125,2.4175,0.2675,10.586500000000001,7,10,10,0.56,0.8,0.8,10.0,10.0,7.0,1.4285714285714286,1.0,0.22857142857142856,139.0625,98.0,168.0
resin,2420,2613.0,1.3378560000000002,17.088879830033093,1367.1103864026475,48.64906238040567,57.866054343666285,5.59433601224646,3.8919249904324533,4.629284347493303,0.4475468809797168,40,38,18,3.2,3.04,1.44,40.0,38.0,18.0,2.2222222222222223,1.0526315789473684,0.09550438596491229,129.69269039418293,88.0,168.0
resin,2424,372.0,0.19046400000000002,8.923079709210917,713.8463767368734,31.14516129032258,70.06451612903226,112.31720430107526,2.4916129032258065,5.605161290322581,8.98537634408602,10,13,15,0.8,1.04,1.2,15.0,13.0,10.0,1.5,1.1538461538461537,0.19076923076923077,131.25537634408602,93.0,168.0
resin,2434,4240.0,2.1708800000000004,20.081173021745176,1606.493841739614,43.02382075471698,119.32877358490566,9.274764150943396,3.4419056603773583,9.546301886792453,0.7419811320754717,33,38,30,2.64,3.04,2.4,38.0,33.0,30.0,1.2666666666666666,1.1515151515151516,0.11270600744284955,128.94198113207548,88.0,168.0
resin,2443,225.0,0.11520000000000002,7.546193987406538,603.695518992523,30.102222222222224,142.29333333333332,163.3022222222222,2.408177777777778,11.383466666666665,13.064177777777777,9,8,8,0.72,0.64,0.64,9.0,8.0,8.0,1.125,1.125,0.390625,126.72444444444444,96.0,168.0
resin,2447,263.0,0.13465600000000003,7.949119797058365,635.9295837646691,30.711026615969583,166.31178707224333,24.41444866920152,2.4568821292775667,13.304942965779468,1.9531558935361215,8,8,9,0.64,0.64,0.72,9.0,8.0,8.0,1.125,1.125,0.4565972222222222,127.59695817490494,94.0,168.0
resin,2486,416.0,0.21299200000000004,9.261860513676268,740.9488410941015,31.442307692307693,151.70192307692307,186.05048076923077,2.5153846153846153,12.136153846153846,14.884038461538463,7,11,11,0.56,0.88,0.88,11.0,11.0,7.0,1.5714285714285714,1.0,0.4911452184179457,140.4158653846154,108.0,168.0
resin,2498,1141.0,0.584192,12.964696087837254,1037.1756870269803,40.913234005258545,33.48553900087642,30.980718667835234,3.273058720420684,2.678843120070114,2.4784574934268186,22,23,20,1.76,1.84,1.6,23.0,22.0,20.0,1.15,1.0454545454545454,0.11274703557312253,127.06660823838737,91.0,168.0
resin,2501,106.0,0.05427200000000001,5.871770611970455,469.7416489576364,33.990566037735846,44.764150943396224,200.0,2.719245283018868,3.581132075471698,16.0,11,12,4,0.88,0.96,0.32,12.0,11.0,4.0,3.0,1.0909090909090908,0.20075757575757575,134.17924528301887,93.0,168.0
resin,2507,296.0,0.15155200000000002,8.268581845817097,661.4865476653678,34.54391891891892,62.858108108108105,27.37162162162162,2.7635135135135136,5.028648648648648,2.18972972972973,10,10,9,0.8,0.8,0.72,10.0,10.0,9.0,1.1111111111111112,1.0,0.3288888888888889,126.48648648648648,94.0,168.0
resin,2512,492.0,0.251904,9.794647861979907,783.5718289583926,35.176829268292686,81.3048780487805,130.0711382113821,2.814146341463415,6.5043902439024395,10.405691056910568,11,16,18,0.88,1.28,1.44,18.0,16.0,11.0,1.6363636363636365,1.125,0.1553030303030303,134.83536585365854,89.0,168.0
resin,2516,156.0,0.07987200000000001,6.678957173048376,534.3165738438701,31.51923076923077,90.68589743589743,93.47435897435898,2.5215384615384617,7.254871794871795,7.477948717948719,7,7,8,0.56,0.56,0.64,8.0,7.0,7.0,1.1428571428571428,1.1428571428571428,0.3979591836734694,130.74358974358975,99.0,168.0
resin,2518,101.0,0.05171200000000001,5.777956268578565,462.2365014862852,31.207920792079207,101.94059405940594,141.98019801980197,2.4966336633663366,8.155247524752475,11.358415841584158,6,7,6,0.48,0.56,0.48,7.0,6.0,6.0,1.1666666666666667,1.1666666666666667,0.4007936507936508,144.44554455445544,113.0,168.0
resin,2523,557.0,0.28518400000000005,10.208271003875293,816.6616803100235,34.64093357271095,117.43626570915619,49.73249551166966,2.771274685816876,9.394901256732496,3.978599640933573,11,16,15,0.88,1.28,1.2,16.0,15.0,11.0,1.4545454545454546,1.0666666666666667,0.2109848484848485,132.62477558348294,94.0,168.0
resin,2528,278.0,0.14233600000000002,8.097458381330195,647.7966705064157,33.064748201438846,132.39208633093526,45.68705035971223,2.645179856115108,10.591366906474821,3.6549640287769787,9,9,8,0.72,0.72,0.64,9.0,9.0,8.0,1.125,1.0,0.42901234567901236,140.3884892086331,112.0,168.0
resin,2535,406.0,0.20787200000000003,9.187044156234652,734.9635324987721,32.926108374384235,161.0344827586207,198.10591133004925,2.6340886699507386,12.882758620689657,15.848472906403941,9,9,8,0.72,0.72,0.64,9.0,9.0,8.0,1.125,1.0,0.6265432098765432,133.33743842364532,99.0,168.0
resin,2567,104.0,0.05324800000000001,5.834606511185437,466.768520894835,32.27884615384615,132.08653846153845,17.173076923076923,2.582307692307692,10.566923076923077,1.373846153846154,6,5,6,0.48,0.4,0.48,6.0,6.0,5.0,1.2,1.0,0.5777777777777777,129.19230769230768,93.0,168.0
resin,2574,141.0,0.072192,6.457635040206935,516.6108032165548,32.5886524822695,150.47517730496455,154.95744680851064,2.6070921985815603,12.038014184397165,12.396595744680852,7,8,7,0.56,0.64,0.56,8.0,7.0,7.0,1.1428571428571428,1.1428571428571428,0.3596938775510204,132.4822695035461,93.0,168.0
resin,2578,97.0,0.04966400000000001,5.700649908033096,456.0519926426477,34.03092783505155,1.0721649484536082,39.01030927835052,2.722474226804124,0.08577319587628866,3.1208247422680415,8,5,7,0.64,0.4,0.56,8.0,7.0,5.0,1.6,1.1428571428571428,0.3464285714285714,129.7319587628866,100.0,168.0
resin,2579,187.0,0.09574400000000001,7.094922590181724,567.593807214538,34.81818181818182,5.524064171122995,30.566844919786096,2.7854545454545456,0.4419251336898396,2.4453475935828877,9,10,10,0.72,0.8,0.8,10.0,10.0,9.0,1.1111111111111112,1.0,0.20777777777777778,132.7379679144385,91.0,168.0
resin,2584,633.0,0.32409600000000005,10.652912566342994,852.2330053074395,36.07109004739336,41.39494470774092,189.15481832543443,2.885687203791469,3.3115955766192737,15.132385466034755,13,16,18,1.04,1.28,1.44,18.0,16.0,13.0,1.3846153846153846,1.125,0.16907051282051283,134.32069510268562,88.0,168.0
resin,2603,208.0,0.10649600000000002,7.351143561296219,588.0914849036975,34.98557692307692,126.58653846153847,147.28846153846155,2.7988461538461538,10.126923076923077,11.783076923076925,10,10,8,0.8,0.8,0.64,10.0,10.0,8.0,1.25,1.0,0.26,127.65865384615384,96.0,167.0
resin,2617,130.0,0.06656000000000001,6.285139335191904,502.8111468153523,36.8,2.953846153846154,92.62307692307692,2.944,0.23630769230769233,7.4098461538461535,10,7,8,0.8,0.56,0.64,10.0,8.0,7.0,1.4285714285714286,1.25,0.23214285714285715,145.03076923076924,123.0,168.0
resin,2622,161.0,0.08243200000000002,6.749564489897218,539.9651591917775,35.5527950310559,22.838509316770185,129.07453416149067,2.844223602484472,1.827080745341615,10.325962732919255,8,8,7,0.64,0.64,0.56,8.0,8.0,7.0,1.1428571428571428,1.0,0.359375,133.6583850931677,96.0,168.0
resin,2635,176.0,0.09011200000000001,6.952985897165982,556.2388717732786,35.49431818181818,100.27272727272727,146.41477272727272,2.8395454545454544,8.021818181818182,11.713181818181818,8,7,8,0.64,0.56,0.64,8.0,8.0,7.0,1.1428571428571428,1.0,0.39285714285714285,125.23863636363636,91.0,168.0
resin,2646,211.0,0.10803200000000002,7.3863170325454695,590.9053626036375,36.14691943127962,147.48815165876778,60.682464454976305,2.89175355450237,11.799052132701423,4.854597156398104,12,8,9,0.96,0.64,0.72,12.0,9.0,8.0,1.5,1.3333333333333333,0.24421296296296297,129.34123222748815,90.0,168.0
resin,2652,203.0,0.10393600000000001,7.291761779042593,583.3409423234075,35.389162561576356,163.68965517241378,44.86206896551724,2.8311330049261083,13.095172413793103,3.588965517241379,7,8,7,0.56,0.64,0.56,8.0,7.0,7.0,1.1428571428571428,1.1428571428571428,0.5178571428571429,127.51231527093596,94.0,167.0
resin,2656,136.0,0.06963200000000001,6.380383188021705,510.4306550417364,38.205882352941174,1.8823529411764706,198.44117647058823,3.056470588235294,0.15058823529411766,15.875294117647059,10,7,9,0.8,0.56,0.72,10.0,9.0,7.0,1.4285714285714286,1.1111111111111112,0.21587301587301588,125.61764705882354,88.0,168.0
resin,2659,98.0,0.050176000000000005,5.720172834077733,457.61382672621863,36.39795918367347,14.03061224489796,199.39795918367346,2.911836734693878,1.1224489795918369,15.951836734693877,8,7,5,0.64,0.56,0.4,8.0,7.0,5.0,1.6,1.1428571428571428,0.35,133.09183673469389,96.0,168.0
resin,2688,209.0,0.10700800000000002,7.362905411051833,589.0324328841466,36.717703349282296,175.69856459330143,50.79425837320574,2.937416267942584,14.055885167464114,4.06354066985646,8,6,16,0.64,0.48,1.28,16.0,8.0,6.0,2.6666666666666665,2.0,0.2721354166666667,140.89952153110048,103.0,168.0
resin,2701,253.0,0.129536,7.84706589590428,627.7652716723425,37.60474308300395,81.57312252964427,180.3913043478261,3.0083794466403164,6.525849802371542,14.431304347826087,8,8,8,0.64,0.64,0.64,8.0,8.0,8.0,1.0,1.0,0.494140625,125.18577075098814,89.0,168.0
resin,2705,152.0,0.07782400000000002,6.621377090805707,529.7101672644566,36.44736842105263,134.21052631578948,32.94078947368421,2.9157894736842103,10.73684210526316,2.635263157894737,7,8,8,0.56,0.64,0.64,8.0,8.0,7.0,1.1428571428571428,1.0,0.3392857142857143,147.40131578947367,119.0,168.0
resin,2718,80.0,0.04096000000000001,5.346018470287903,427.6814776230322,37.5125,169.5625,65.6625,3.0010000000000003,13.565,5.252999999999999,7,7,5,0.56,0.56,0.4,7.0,7.0,5.0,1.4,1.0,0.32653061224489793,149.2375,125.0,168.0
resin,2731,112.0,0.057344000000000006,5.980531746873981,478.4425397499185,37.723214285714285,97.63392857142857,37.330357142857146,3.017857142857143,7.810714285714286,2.9864285714285717,6,7,7,0.48,0.56,0.56,7.0,7.0,6.0,1.1666666666666667,1.0,0.38095238095238093,132.77678571428572,97.0,168.0
resin,2732,249.0,0.12748800000000002,7.805491256803147,624.4393005442518,39.41767068273092,105.30522088353413,79.92771084337349,3.1534136546184737,8.42441767068273,6.394216867469879,9,9,8,0.72,0.72,0.64,9.0,9.0,8.0,1.125,1.0,0.38425925925925924,141.53012048192772,111.0,168.0
resin,2758,167.0,0.08550400000000001,6.832389495079439,546.5911596063551,38.964071856287426,32.544910179640716,4.526946107784431,3.117125748502994,2.6035928143712574,0.3621556886227545,8,8,9,0.64,0.64,0.72,9.0,8.0,8.0,1.125,1.125,0.2899305555555556,132.59281437125748,93.0,168.0
resin,2765,201.0,0.10291200000000002,7.267736030636296,581.4188824509038,38.89054726368159,97.50746268656717,136.98507462686567,3.1112437810945273,7.800597014925374,10.958805970149253,7,11,9,0.56,0.88,0.72,11.0,9.0,7.0,1.5714285714285714,1.2222222222222223,0.29004329004329005,139.6915422885572,104.0,168.0
resin,2779,135.0,0.06912000000000001,6.364706507682331,509.1765206145865,39.53333333333333,7.814814814814815,111.52592592592593,3.1626666666666665,0.6251851851851852,8.922074074074075,7,5,9,0.56,0.4,0.72,9.0,7.0,5.0,1.8,1.2857142857142858,0.42857142857142855,143.34814814814814,116.0,168.0
resin,2781,734.0,0.3758080000000001,11.19177951941222,895.3423615529776,46.89509536784741,17.8433242506812,120.0449591280654,3.751607629427793,1.427465940054496,9.603596730245233,19,12,17,1.52,0.96,1.36,19.0,17.0,12.0,1.5833333333333333,1.1176470588235294,0.18937048503611972,130.65803814713897,88.0,168.0
resin,2793,1554.0,0.7956480000000001,14.370905405742308,1149.6724324593847,52.636422136422134,75.05727155727156,151.18983268983268,4.210913770913771,6.004581724581725,12.095186615186615,31,17,20,2.48,1.36,1.6,31.0,20.0,17.0,1.8235294117647058,1.55,0.14743833017077798,129.2110682110682,89.0,168.0
resin,2794,162.0,0.08294400000000002,6.763509910720959,541.0807928576767,40.72222222222222,90.41358024691358,200.25925925925927,3.2577777777777777,7.233086419753087,16.02074074074074,9,11,4,0.72,0.88,0.32,11.0,9.0,4.0,2.75,1.2222222222222223,0.4090909090909091,138.47530864197532,97.0,168.0
resin,2795,573.0,0.293376,10.30509500246006,824.4076001968049,44.603839441535776,98.45200698080279,96.9022687609075,3.568307155322862,7.876160558464224,7.7521815008726005,14,15,12,1.12,1.2,0.96,15.0,14.0,12.0,1.25,1.0714285714285714,0.22738095238095238,128.05061082024432,88.0,168.0
resin,2798,168.0,0.08601600000000001,6.845999868689003,547.6799894951203,39.458333333333336,103.7797619047619,108.64285714285714,3.1566666666666667,8.302380952380952,8.691428571428572,7,7,7,0.56,0.56,0.56,7.0,7.0,7.0,1.0,1.0,0.4897959183673469,125.30952380952381,92.0,168.0
resin,2806,181.0,0.09267200000000002,7.018214714693441,561.4571771754753,40.209944751381215,147.85082872928177,2.005524861878453,3.2167955801104973,11.828066298342542,0.16044198895027623,8,9,6,0.64,0.72,0.48,9.0,8.0,6.0,1.5,1.125,0.41898148148148145,139.5303867403315,104.0,168.0
resin,2812,132.0,0.067584,6.317206927705878,505.37655421647025,41.734848484848484,1.25,113.06060606060606,3.338787878787879,0.1,9.044848484848485,8,5,7,0.64,0.4,0.56,8.0,7.0,5.0,1.6,1.1428571428571428,0.4714285714285714,121.65151515151516,90.0,168.0
resin,2815,162.0,0.08294400000000002,6.763509910720959,541.0807928576767,41.81481481481482,26.141975308641975,184.49382716049382,3.3451851851851853,2.091358024691358,14.759506172839506,8,10,8,0.64,0.8,0.64,10.0,8.0,8.0,1.25,1.25,0.253125,131.19135802469137,94.0,168.0
resin,2824,646.0,0.33075200000000005,10.725345682041269,858.0276545633014,43.11764705882353,94.41640866873065,145.86068111455108,3.449411764705882,7.5533126934984525,11.668854489164087,12,24,13,0.96,1.92,1.04,24.0,13.0,12.0,2.0,1.8461538461538463,0.17254273504273504,129.2120743034056,89.0,168.0
resin,2828,140.0,0.07168000000000001,6.442332530151142,515.3866024120914,41.45,97.22142857142858,18.6,3.3160000000000003,7.7777142857142865,1.4880000000000002,7,6,6,0.56,0.48,0.48,7.0,6.0,6.0,1.1666666666666667,1.1666666666666667,0.5555555555555556,131.45,101.0,168.0
resin,2832,197.0,0.10086400000000002,7.219202121944973,577.5361697555978,41.934010152284266,114.90862944162437,76.19289340101523,3.3547208121827414,9.19269035532995,6.095431472081218,8,8,7,0.64,0.64,0.56,8.0,8.0,7.0,1.1428571428571428,1.0,0.43973214285714285,141.36040609137055,107.0,168.0
resin,2846,216.0,0.11059200000000002,7.4442058907928,595.536471263424,41.773148148148145,174.59722222222223,72.26851851851852,3.341851851851852,13.967777777777778,5.781481481481482,8,7,7,0.64,0.56,0.56,8.0,7.0,7.0,1.1428571428571428,1.1428571428571428,0.5510204081632653,126.80555555555556,90.0,168.0
resin,2849,111.0,0.05683200000000001,5.962679307090674,477.01434456725394,43.054054054054056,20.52252252252252,165.03603603603602,3.4443243243243247,1.6418018018018017,13.202882882882882,9,6,8,0.72,0.48,0.64,9.0,8.0,6.0,1.5,1.125,0.2569444444444444,144.78378378378378,95.0,168.0
resin,2858,115.0,0.05888000000000001,6.033459557881385,482.67676463051083,41.38260869565217,67.66956521739131,78.06086956521739,3.310608695652174,5.413565217391305,6.244869565217392,6,10,6,0.48,0.8,0.48,10.0,6.0,6.0,1.6666666666666667,1.6666666666666667,0.3194444444444444,147.6782608695652,121.0,168.0
resin,2859,181.0,0.09267200000000002,7.018214714693441,561.4571771754753,42.950276243093924,73.04972375690608,21.430939226519335,3.436022099447514,5.843977900552487,1.7144751381215468,9,7,8,0.72,0.56,0.64,9.0,8.0,7.0,1.2857142857142858,1.125,0.35912698412698413,146.5635359116022,119.0,168.0
resin,2864,368.0,0.18841600000000003,8.890982022803168,711.2785618242535,43.182065217391305,112.46195652173913,160.2038043478261,3.4545652173913046,8.996956521739131,12.816304347826089,9,9,10,0.72,0.72,0.8,10.0,9.0,9.0,1.1111111111111112,1.1111111111111112,0.454320987654321,123.98913043478261,90.0,168.0
resin,2869,1717.0,0.8791040000000001,14.856752585024413,1188.540206801953,50.948747815958065,113.63890506697729,56.595224228305185,4.075899825276645,9.091112405358183,4.527617938264415,26,20,22,2.08,1.6,1.76,26.0,22.0,20.0,1.3,1.1818181818181819,0.1500874125874126,135.63191613278974,88.0,168.0
resin,2871,90.0,0.04608000000000001,5.560083268891276,444.8066615113021,40.98888888888889,137.76666666666668,150.96666666666667,3.279111111111111,11.021333333333335,12.077333333333334,5,6,5,0.4,0.48,0.4,6.0,5.0,5.0,1.2,1.2,0.6,132.53333333333333,96.0,168.0
resin,2876,2142.0,1.0967040000000001,15.993380930395983,1279.4704744316787,54.37301587301587,9.433239962651728,30.2749766573296,4.34984126984127,0.7546591970121382,2.421998132586368,29,24,26,2.32,1.92,2.08,29.0,26.0,24.0,1.2083333333333333,1.1153846153846154,0.118368700265252,129.19747899159663,88.0,168.0
resin,2890,260.0,0.13312000000000002,7.918779349930548,633.5023479944439,43.89230769230769,94.63846153846154,25.95769230769231,3.5113846153846153,7.571076923076923,2.0766153846153848,9,8,7,0.72,0.64,0.56,9.0,8.0,7.0,1.2857142857142858,1.125,0.5158730158730159,125.46923076923076,90.0,168.0
resin,2897,226.0,0.11571200000000002,7.557357012536988,604.5885610029591,43.55309734513274,127.96902654867256,28.207964601769913,3.4842477876106193,10.237522123893806,2.256637168141593,8,11,8,0.64,0.88,0.64,11.0,8.0,8.0,1.375,1.375,0.3210227272727273,129.84513274336283,88.0,168.0
resin,2900,523.0,0.26777600000000007,9.996186622148898,799.6949297719118,45.0,144.848948374761,103.60994263862332,3.6,11.587915869980879,8.288795411089867,10,13,16,0.8,1.04,1.28,16.0,13.0,10.0,1.6,1.2307692307692308,0.2514423076923077,136.81070745697897,97.0,168.0
resin,2927,91.0,0.04659200000000001,5.580600367226721,446.4480293781377,46.05494505494506,0.6263736263736264,146.97802197802199,3.6843956043956045,0.05010989010989011,11.758241758241759,8,4,11,0.64,0.32,0.88,11.0,8.0,4.0,2.75,1.375,0.2585227272727273,131.72527472527472,96.0,167.0
resin,2932,234.0,0.11980800000000003,7.6454974013922135,611.6397921113771,46.21367521367522,53.23076923076923,43.1965811965812,3.697094017094017,4.258461538461539,3.455726495726496,10,7,8,0.8,0.56,0.64,10.0,8.0,7.0,1.4285714285714286,1.25,0.41785714285714287,125.78632478632478,99.0,168.0
resin,2942,374.0,0.19148800000000002,8.939042318744612,715.1233854995689,48.350267379679146,102.17379679144385,41.90909090909091,3.8680213903743317,8.173903743315508,3.3527272727272726,13,10,10,1.04,0.8,0.8,13.0,10.0,10.0,1.3,1.3,0.2876923076923077,124.88235294117646,91.0,168.0
resin,2943,134.0,0.06860800000000002,6.3489522192239995,507.91617753791996,45.37313432835821,111.79850746268657,83.73880597014926,3.629850746268657,8.943880597014926,6.69910447761194,7,7,6,0.56,0.56,0.48,7.0,7.0,6.0,1.1666666666666667,1.0,0.4557823129251701,130.03731343283582,99.0,167.0
resin,2944,265.0,0.13568000000000002,7.969218794868429,637.5375035894743,45.32830188679245,118.89056603773585,21.10566037735849,3.6262641509433964,9.511245283018868,1.6884528301886792,8,7,9,0.64,0.56,0.72,9.0,8.0,7.0,1.2857142857142858,1.125,0.5257936507936508,139.10188679245283,107.0,168.0
resin,2951,176.0,0.09011200000000001,6.952985897165982,556.2388717732786,46.1875,3.4488636363636362,81.81818181818181,3.6950000000000003,0.2759090909090909,6.545454545454545,7,11,7,0.56,0.88,0.56,11.0,7.0,7.0,1.5714285714285714,1.5714285714285714,0.32653061224489793,131.0340909090909,94.0,168.0
resin,2974,174.0,0.08908800000000001,6.926548433133662,554.123874650693,45.706896551724135,138.38505747126436,30.7183908045977,3.656551724137931,11.07080459770115,2.457471264367816,7,7,7,0.56,0.56,0.56,7.0,7.0,7.0,1.0,1.0,0.5072886297376094,130.26436781609195,99.0,168.0
resin,2981,178.0,0.09113600000000001,6.9792238284142,558.337906273136,45.41573033707865,160.51123595505618,125.84269662921348,3.633258426966292,12.840898876404495,10.067415730337078,6,8,9,0.48,0.64,0.72,9.0,8.0,6.0,1.5,1.125,0.41203703703703703,129.7921348314607,97.0,168.0
resin,2983,149.0,0.07628800000000001,6.57752562495326,526.2020499962608,46.080536912751676,170.10738255033556,126.08053691275168,3.686442953020134,13.608590604026844,10.086442953020136,7,7,8,0.56,0.56,0.64,8.0,7.0,7.0,1.1428571428571428,1.1428571428571428,0.38010204081632654,132.80536912751677,100.0,168.0
resin,2985,322.0,0.16486400000000004,8.503918378444457,680.3134702755565,49.76086956521739,171.4751552795031,199.67391304347825,3.9808695652173913,13.718012422360248,15.97391304347826,15,13,5,1.2,1.04,0.4,15.0,13.0,5.0,3.0,1.1538461538461537,0.3302564102564103,127.27950310559007,90.0,168.0
resin,2987,404.0,0.20684800000000003,9.171933858967867,733.7547087174294,49.87871287128713,2.262376237623762,117.24752475247524,3.9902970297029703,0.18099009900990098,9.37980198019802,12,9,15,0.96,0.72,1.2,15.0,12.0,9.0,1.6666666666666667,1.25,0.24938271604938272,136.98019801980197,98.0,168.0
resin,2990,127.0,0.06502400000000001,6.236415365212329,498.91322921698634,47.37007874015748,26.023622047244096,40.84251968503937,3.7896062992125987,2.081889763779528,3.2674015748031495,8,6,7,0.64,0.48,0.56,8.0,7.0,6.0,1.3333333333333333,1.1428571428571428,0.37797619047619047,143.64566929133858,116.0,168.0
resin,3000,94.0,0.04812800000000001,5.641263819521383,451.30110556171064,46.361702127659576,66.14893617021276,19.26595744680851,3.708936170212766,5.2919148936170215,1.5412765957446808,6,7,6,0.48,0.56,0.48,7.0,6.0,6.0,1.1666666666666667,1.1666666666666667,0.373015873015873,136.32978723404256,102.0,168.0
resin,3003,282.0,0.144384,8.136110319695444,650.8888255756356,47.4645390070922,82.04609929078015,137.43617021276594,3.797163120567376,6.563687943262412,10.994893617021276,8,11,10,0.64,0.88,0.8,11.0,10.0,8.0,1.375,1.1,0.32045454545454544,140.13120567375887,90.0,168.0
resin,3007,394.0,0.20172800000000005,9.095624716884206,727.6499773507364,49.5507614213198,117.0482233502538,41.129441624365484,3.964060913705584,9.363857868020304,3.290355329949239,12,10,12,0.96,0.8,0.96,12.0,12.0,10.0,1.2,1.0,0.27361111111111114,142.40862944162436,90.0,168.0
resin,3027,219.0,0.11212800000000002,7.478511471637478,598.2809177309982,48.0,53.80365296803653,13.707762557077626,3.84,4.304292237442922,1.0966210045662101,7,8,8,0.56,0.64,0.64,8.0,8.0,7.0,1.1428571428571428,1.0,0.4888392857142857,125.12785388127854,92.0,168.0
resin,3034,352.0,0.18022400000000002,8.76021329146161,700.8170633169289,53.69602272727273,73.69318181818181,79.96875,4.295681818181818,5.8954545454545455,6.3975,15,9,9,1.2,0.72,0.72,15.0,9.0,9.0,1.6666666666666667,1.6666666666666667,0.2897119341563786,128.98863636363637,89.0,168.0
resin,3037,232.0,0.11878400000000001,7.623653004050806,609.8922403240645,51.84051724137931,83.48275862068965,120.02155172413794,4.147241379310345,6.6786206896551725,9.601724137931035,12,8,8,0.96,0.64,0.64,12.0,8.0,8.0,1.5,1.5,0.3020833333333333,128.91810344827587,88.0,168.0
resin,3038,155.0,0.07936000000000001,6.664655293794288,533.1724235035431,49.73548387096774,84.54193548387097,22.851612903225806,3.978838709677419,6.763354838709678,1.8281290322580646,11,8,7,0.88,0.64,0.56,11.0,8.0,7.0,1.5714285714285714,1.375,0.25162337662337664,142.6516129032258,92.0,168.0
resin,3039,178.0,0.09113600000000001,6.9792238284142,558.337906273136,48.76966292134831,86.78089887640449,63.03370786516854,3.9015730337078653,6.94247191011236,5.042696629213483,9,8,10,0.72,0.64,0.8,10.0,9.0,8.0,1.25,1.1111111111111112,0.24722222222222223,145.15168539325842,97.0,168.0
resin,3041,106.0,0.05427200000000001,5.871770611970455,469.7416489576364,47.20754716981132,100.27358490566037,156.76415094339623,3.7766037735849056,8.021886792452829,12.5411320754717,6,6,7,0.48,0.48,0.56,7.0,6.0,6.0,1.1666666666666667,1.1666666666666667,0.42063492063492064,131.62264150943398,93.0,168.0
resin,3045,114.0,0.05836800000000001,6.015920332305007,481.2736265844006,47.14035087719298,118.66666666666667,30.55263157894737,3.7712280701754386,9.493333333333334,2.4442105263157896,5,7,7,0.4,0.56,0.56,7.0,7.0,5.0,1.4,1.0,0.46530612244897956,133.02631578947367,95.0,168.0
resin,3061,186.0,0.09523200000000001,7.082253058598753,566.5802446879003,48.924731182795696,18.548387096774192,153.0483870967742,3.913978494623656,1.4838709677419355,12.243870967741938,7,7,7,0.56,0.56,0.56,7.0,7.0,7.0,1.0,1.0,0.5422740524781341,140.03225806451613,116.0,168.0
resin,3078,935.0,0.4787200000000001,12.132146972743877,970.5717578195101,53.49090909090909,144.05989304812834,4.742245989304813,4.279272727272727,11.524791443850267,0.37937967914438503,18,21,16,1.44,1.68,1.28,21.0,18.0,16.0,1.3125,1.1666666666666667,0.15459656084656084,125.11122994652406,89.0,168.0
resin,3082,304.0,0.15564800000000004,8.342412375997787,667.392990079823,52.5,170.88486842105263,150.50328947368422,4.2,13.670789473684211,12.040263157894739,12,10,9,0.96,0.8,0.72,12.0,10.0,9.0,1.3333333333333333,1.2,0.2814814814814815,128.30263157894737,89.0,168.0
resin,3085,261.0,0.13363200000000003,7.928918643143567,634.3134914514853,55.310344827586206,4.0,198.10344827586206,4.424827586206897,0.32,15.848275862068965,19,13,11,1.52,1.04,0.88,19.0,13.0,11.0,1.7272727272727273,1.4615384615384615,0.09606183290393816,137.60153256704982,89.0,168.0
resin,3098,1573.0,0.8053760000000001,14.4292370006357,1154.338960050856,58.22504767959313,81.1360457724094,195.1659249841068,4.658003814367451,6.490883661792752,15.613273998728545,21,28,16,1.68,2.24,1.28,28.0,21.0,16.0,1.75,1.3333333333333333,0.1671981292517007,129.5174825174825,88.0,168.0
resin,3107,236.0,0.12083200000000002,7.667217681165305,613.3774144932245,50.355932203389834,162.14406779661016,84.91949152542372,4.028474576271186,12.971525423728814,6.793559322033898,8,9,11,0.64,0.72,0.88,11.0,9.0,8.0,1.375,1.2222222222222223,0.29797979797979796,126.94067796610169,88.0,168.0
resin,3109,158.0,0.08089600000000001,6.7073786097756045,536.5902887820483,52.09493670886076,175.85443037974684,112.21518987341773,4.167594936708861,14.068354430379747,8.977215189873418,15,5,10,1.2,0.4,0.8,15.0,10.0,5.0,3.0,1.5,0.21066666666666667,142.7594936708861,103.0,168.0
resin,3124,422.0,0.21606400000000003,9.30617631050107,744.4941048400857,52.808056872037916,89.45971563981043,31.38388625592417,4.224644549763033,7.156777251184835,2.5107109004739336,11,14,10,0.88,1.12,0.8,14.0,11.0,10.0,1.4,1.2727272727272727,0.274025974025974,126.33412322274881,91.0,168.0
resin,3132,157.0,0.08038400000000001,6.693198063015236,535.4558450412189,50.9171974522293,136.48407643312103,37.68789808917197,4.073375796178344,10.918726114649683,3.015031847133758,7,6,7,0.56,0.48,0.56,7.0,7.0,6.0,1.1666666666666667,1.0,0.5340136054421769,129.0828025477707,94.0,168.0
resin,3145,827.0,0.4234240000000001,11.645790211457218,931.6632169165774,58.46674727932285,42.991535671100365,179.14873035066506,4.677339782345828,3.4393228536880294,14.331898428053206,18,19,12,1.44,1.52,0.96,19.0,18.0,12.0,1.5833333333333333,1.0555555555555556,0.20151072124756336,126.1596130592503,90.0,168.0
resin,3168,235.0,0.12032000000000002,7.656372945784155,612.5098356627324,55.16595744680851,8.259574468085106,121.4,4.413276595744681,0.6607659574468084,9.712000000000002,10,8,8,0.8,0.64,0.64,10.0,8.0,8.0,1.25,1.25,0.3671875,141.76170212765956,111.0,167.0
resin,3172,852.0,0.43622400000000006,11.761976954715108,940.9581563772086,56.16197183098591,43.6924882629108,25.458920187793428,4.492957746478873,3.495399061032864,2.036713615023474,16,24,19,1.28,1.92,1.52,24.0,19.0,16.0,1.5,1.263157894736842,0.11677631578947369,133.3568075117371,89.0,168.0
resin,3184,123.0,0.062976,6.17024150880815,493.619320704652,53.0,107.14634146341463,82.78861788617886,4.24,8.571707317073171,6.623089430894309,7,6,6,0.56,0.48,0.48,7.0,6.0,6.0,1.1666666666666667,1.1666666666666667,0.4880952380952381,134.0081300813008,99.0,168.0
resin,3193,401.0,0.20531200000000002,9.14917462433869,731.9339699470952,56.7930174563591,156.05236907730674,150.66832917705736,4.543441396508729,12.484189526184538,12.05346633416459,13,13,9,1.04,1.04,0.72,13.0,13.0,9.0,1.4444444444444444,1.0,0.26364234056541747,135.57356608478804,89.0,168.0
resin,3194,470.0,0.24064000000000005,9.646425440239076,771.7140352191261,54.206382978723404,163.98510638297873,140.62978723404257,4.336510638297873,13.1188085106383,11.250382978723406,11,17,9,0.88,1.36,0.72,17.0,11.0,9.0,1.8888888888888888,1.5454545454545454,0.27926322043969104,125.31489361702128,89.0,168.0
resin,3197,180.0,0.09216000000000002,7.005265949644415,560.4212759715532,53.7,8.327777777777778,144.2111111111111,4.296,0.6662222222222222,11.536888888888889,7,7,7,0.56,0.56,0.56,7.0,7.0,7.0,1.0,1.0,0.5247813411078717,127.15555555555555,88.0,168.0
resin,3217,210.0,0.10752000000000002,7.374629802528655,589.9703842022924,57.11904761904762,114.25238095238095,122.46190476190476,4.56952380952381,9.140190476190476,9.796952380952382,12,6,6,0.96,0.48,0.48,12.0,6.0,6.0,2.0,2.0,0.4861111111111111,132.13809523809525,94.0,168.0
resin,3222,244.0,0.12492800000000003,7.7528920091153255,620.231360729226,55.84016393442623,125.38524590163935,92.34836065573771,4.467213114754099,10.030819672131148,7.387868852459016,9,10,7,0.72,0.8,0.56,10.0,9.0,7.0,1.4285714285714286,1.1111111111111112,0.3873015873015873,130.52459016393442,93.0,167.0
resin,3233,795.0,0.40704000000000007,11.493602382584715,919.4881906067772,58.13081761006289,10.20754716981132,168.2880503144654,4.650465408805031,0.8166037735849057,13.463044025157233,17,19,12,1.36,1.52,0.96,19.0,17.0,12.0,1.5833333333333333,1.1176470588235294,0.20510835913312694,126.00251572327043,88.0,168.0
resin,3243,442.0,0.22630400000000003,9.450930054723393,756.0744043778715,55.44343891402715,70.99095022624434,14.739819004524886,4.435475113122172,5.679276018099547,1.179185520361991,9,12,15,0.72,0.96,1.2,15.0,12.0,9.0,1.6666666666666667,1.25,0.27283950617283953,128.39819004524887,89.0,168.0
resin,3253,284.0,0.14540800000000004,8.155299330204066,652.4239464163253,55.38380281690141,168.80633802816902,189.9788732394366,4.4307042253521125,13.504507042253522,15.198309859154929,8,9,12,0.64,0.72,0.96,12.0,9.0,8.0,1.5,1.3333333333333333,0.3287037037037037,126.41549295774648,90.0,168.0
resin,3254,147.0,0.07526400000000001,6.547963313035439,523.8370650428351,54.734693877551024,169.9795918367347,92.68707482993197,4.378775510204082,13.598367346938776,7.414965986394558,7,7,7,0.56,0.56,0.56,7.0,7.0,7.0,1.0,1.0,0.42857142857142855,143.21768707482994,119.0,168.0
resin,3260,1081.0,0.5534720000000001,12.73334063456341,1018.6672507650728,61.45883441258094,5.479185938945421,155.28029602220167,4.916706753006475,0.4383348751156337,12.422423681776134,17,14,20,1.36,1.12,1.6,20.0,17.0,14.0,1.4285714285714286,1.1764705882352942,0.22710084033613445,123.09713228492137,88.0,168.0
resin,3262,789.0,0.40396800000000005,11.464614611629539,917.1691689303632,59.56780735107731,22.23320659062104,151.3079847908745,4.765424588086185,1.7786565272496833,12.104638783269962,13,17,17,1.04,1.36,1.36,17.0,17.0,13.0,1.3076923076923077,1.0,0.21000798509449028,128.49176172370088,89.0,168.0
resin,3270,156.0,0.07987200000000001,6.678957173048376,534.3165738438701,55.96153846153846,60.90384615384615,89.23076923076923,4.476923076923077,4.872307692307692,7.138461538461538,7,7,7,0.56,0.56,0.56,7.0,7.0,7.0,1.0,1.0,0.45481049562682213,130.57692307692307,95.0,168.0
resin,3286,138.0,0.07065600000000001,6.411507500999382,512.9206000799505,55.44202898550725,154.7536231884058,183.70289855072463,4.43536231884058,12.380289855072466,14.69623188405797,6,7,7,0.48,0.56,0.56,7.0,7.0,6.0,1.1666666666666667,1.0,0.46938775510204084,142.7608695652174,119.0,168.0
resin,3303,215.0,0.11008000000000003,7.432700144648346,594.6160115718677,57.665116279069764,74.89302325581396,25.6,4.613209302325581,5.991441860465117,2.048,8,8,8,0.64,0.64,0.64,8.0,8.0,8.0,1.0,1.0,0.419921875,124.92093023255813,90.0,168.0
resin,3307,104.0,0.05324800000000001,5.834606511185437,466.768520894835,56.41346153846154,107.24038461538461,8.865384615384615,4.513076923076923,8.579230769230769,0.7092307692307692,6,6,7,0.48,0.48,0.56,7.0,6.0,6.0,1.1666666666666667,1.1666666666666667,0.4126984126984127,134.59615384615384,95.0,168.0
resin,3326,390.0,0.19968000000000002,9.064739505502713,725.1791604402171,62.333333333333336,85.82820512820513,66.55641025641026,4.986666666666667,6.86625641025641,5.324512820512821,15,11,9,1.2,0.88,0.72,15.0,11.0,9.0,1.6666666666666667,1.3636363636363635,0.26262626262626265,128.12051282051283,92.0,168.0
resin,3337,310.0,0.15872000000000003,8.396939494944725,671.755159595578,58.6,159.13225806451612,197.25806451612902,4.688000000000001,12.73058064516129,15.780645161290323,10,12,9,0.8,0.96,0.72,12.0,10.0,9.0,1.3333333333333333,1.2,0.28703703703703703,125.79677419354839,88.0,168.0
resin,3345,214.0,0.10956800000000001,7.421158666229637,593.692693298371,59.35514018691589,45.91121495327103,125.03738317757009,4.748411214953271,3.6728971962616823,10.002990654205608,8,11,9,0.64,0.88,0.72,11.0,9.0,8.0,1.375,1.2222222222222223,0.2702020202020202,129.19626168224298,91.0,168.0
resin,3347,115.0,0.05888000000000001,6.033459557881385,482.67676463051083,60.66086956521739,54.25217391304348,89.0,4.852869565217391,4.340173913043478,7.12,9,7,9,0.72,0.56,0.72,9.0,9.0,7.0,1.2857142857142858,1.0,0.20282186948853614,145.17391304347825,115.0,168.0
resin,3353,108.0,0.05529600000000001,5.908470131056179,472.67761048449427,58.351851851851855,91.25925925925925,197.5648148148148,4.668148148148148,7.30074074074074,15.805185185185184,6,8,7,0.48,0.64,0.56,8.0,7.0,6.0,1.3333333333333333,1.1428571428571428,0.32142857142857145,145.52777777777777,121.0,168.0
resin,3366,124.0,0.06348800000000002,6.1869179183107725,494.9534334648618,58.814516129032256,164.51612903225808,85.2258064516129,4.705161290322581,13.161290322580646,6.818064516129032,6,8,8,0.48,0.64,0.64,8.0,8.0,6.0,1.3333333333333333,1.0,0.3229166666666667,137.48387096774192,89.0,168.0
resin,3375,209.0,0.10700800000000002,7.362905411051833,589.0324328841466,61.39712918660287,14.889952153110048,117.69856459330144,4.91177033492823,1.1911961722488038,9.415885167464115,11,8,8,0.88,0.64,0.64,11.0,8.0,8.0,1.375,1.375,0.296875,141.39234449760767,97.0,168.0
resin,3379,767.0,0.39270400000000005,11.357051118037846,908.5640894430277,65.16036505867014,48.03259452411995,39.73924380704042,5.2128292046936116,3.8426075619295963,3.1791395045632336,18,20,19,1.44,1.6,1.52,20.0,19.0,18.0,1.1111111111111112,1.0526315789473684,0.11213450292397661,138.42372881355934,90.0,168.0
resin,3392,153.0,0.07833600000000002,6.635865927138142,530.8692741710514,60.01307189542484,147.98039215686273,163.16339869281046,4.801045751633987,11.83843137254902,13.053071895424837,6,12,7,0.48,0.96,0.56,12.0,7.0,6.0,2.0,1.7142857142857142,0.30357142857142855,144.3202614379085,90.0,168.0
resin,3397,694.0,0.35532800000000003,10.984668354585574,878.7734683668459,64.50576368876081,11.595100864553315,137.63544668587897,5.160461095100865,0.9276080691642652,11.010835734870318,16,13,17,1.28,1.04,1.36,17.0,16.0,13.0,1.3076923076923077,1.0625,0.19626696832579185,131.13112391930835,88.0,168.0
resin,3406,1524.0,0.7802880000000001,14.277826982073982,1142.2261585659185,73.86417322834646,81.81627296587926,7.748031496062992,5.909133858267717,6.545301837270341,0.6198425196850393,30,19,21,2.4,1.52,1.68,30.0,21.0,19.0,1.5789473684210527,1.4285714285714286,0.12731829573934836,126.18897637795276,88.0,168.0
resin,3408,451.0,0.23091200000000003,9.51464611403477,761.1716891227816,62.90909090909091,82.00443458980044,107.49445676274945,5.032727272727272,6.560354767184036,8.599556541019956,10,11,10,0.8,0.88,0.8,11.0,10.0,10.0,1.1,1.1,0.41,122.48558758314856,89.0,168.0
resin,3418,375.0,0.19200000000000003,8.947002289396494,715.7601831517195,62.06933333333333,153.8,48.472,4.9655466666666666,12.304000000000002,3.8777600000000003,9,9,9,0.72,0.72,0.72,9.0,9.0,9.0,1.0,1.0,0.51440329218107,121.76266666666666,89.0,168.0
resin,3426,1079.0,0.552448,12.725482970960712,1018.038637676857,66.4902687673772,172.23818350324373,96.64782205746062,5.319221501390176,13.779054680259499,7.73182576459685,17,14,20,1.36,1.12,1.6,20.0,17.0,14.0,1.4285714285714286,1.1764705882352942,0.22668067226890756,130.790546802595,90.0,168.0
resin,3429,89.0,0.045568000000000004,5.539413623573113,443.153089885849,61.42696629213483,1.0449438202247192,132.01123595505618,4.914157303370787,0.08359550561797754,10.560898876404494,6,4,7,0.48,0.32,0.56,7.0,6.0,4.0,1.75,1.1666666666666667,0.5297619047619048,140.12359550561797,114.0,165.0
resin,3434,108.0,0.05529600000000001,5.908470131056179,472.67761048449427,62.638888888888886,31.703703703703702,199.7962962962963,5.011111111111111,2.536296296296296,15.983703703703705,8,6,6,0.64,0.48,0.48,8.0,6.0,6.0,1.3333333333333333,1.3333333333333333,0.375,127.77777777777777,88.0,168.0
resin,3436,697.0,0.35686400000000007,11.000473654592286,880.0378923673828,65.43041606886658,49.13055954088953,133.8235294117647,5.2344332855093265,3.9304447632711623,10.705882352941176,13,22,10,1.04,1.76,0.8,22.0,13.0,10.0,2.2,1.6923076923076923,0.2437062937062937,125.35437589670015,88.0,168.0
resin,3439,131.0,0.067072,6.301213930352919,504.0971144282335,61.916030534351144,69.2824427480916,106.25954198473282,4.953282442748091,5.542595419847328,8.500763358778626,7,7,7,0.56,0.56,0.56,7.0,7.0,7.0,1.0,1.0,0.3819241982507289,143.59541984732823,108.0,168.0
resin,3450,645.0,0.33024000000000003,10.71980858984289,857.5846871874312,64.14418604651163,120.65736434108527,31.61705426356589,5.1315348837209305,9.652589147286822,2.5293643410852713,14,12,16,1.12,0.96,1.28,16.0,14.0,12.0,1.3333333333333333,1.1428571428571428,0.23995535714285715,126.53798449612403,92.0,168.0
resin,3456,317.0,0.16230400000000003,8.45967242499443,676.7737939995544,64.94637223974763,158.10094637223975,174.02523659305993,5.19570977917981,12.64807570977918,13.922018927444794,11,13,9,0.88,1.04,0.72,13.0,11.0,9.0,1.4444444444444444,1.1818181818181819,0.2463092463092463,129.71293375394322,90.0,168.0
resin,3458,351.0,0.17971200000000004,8.751909766778155,700.1527813422524,62.87749287749288,162.07692307692307,160.30769230769232,5.03019943019943,12.966153846153846,12.824615384615386,11,9,10,0.88,0.72,0.8,11.0,10.0,9.0,1.2222222222222223,1.1,0.35454545454545455,122.04843304843305,88.0,168.0
resin,3459,127.0,0.06502400000000001,6.236415365212329,498.91322921698634,62.07086614173228,162.53543307086613,133.20472440944883,4.965669291338583,13.00283464566929,10.656377952755907,7,6,6,0.56,0.48,0.48,7.0,6.0,6.0,1.1666666666666667,1.1666666666666667,0.503968253968254,144.04724409448818,114.0,168.0
resin,3460,100.0,0.05120000000000001,5.758823822969721,460.7059058375777,62.93,164.61,57.76,5.0344,13.168800000000001,4.6208,9,7,12,0.72,0.56,0.96,12.0,9.0,7.0,1.7142857142857142,1.3333333333333333,0.13227513227513227,144.65,106.0,168.0
resin,3461,89.0,0.045568000000000004,5.539413623573113,443.153089885849,62.68539325842696,1.303370786516854,123.5505617977528,5.0148314606741575,0.10426966292134832,9.884044943820225,6,4,6,0.48,0.32,0.48,6.0,6.0,4.0,1.5,1.0,0.6180555555555556,129.4943820224719,89.0,168.0
resin,3466,126.0,0.06451200000000001,6.220003669960456,497.6002935968365,63.24603174603175,34.642857142857146,26.761904761904763,5.05968253968254,2.771428571428572,2.140952380952381,9,6,7,0.72,0.48,0.56,9.0,7.0,6.0,1.5,1.2857142857142858,0.3333333333333333,146.96031746031747,114.0,168.0
resin,3470,184.0,0.09420800000000001,7.0567771080140504,564.542168641124,63.755434782608695,41.05978260869565,31.358695652173914,5.100434782608696,3.284782608695652,2.508695652173913,8,7,8,0.64,0.56,0.64,8.0,8.0,7.0,1.1428571428571428,1.0,0.4107142857142857,143.1576086956522,113.0,168.0
resin,3476,96.0,0.04915200000000001,5.680992338459954,454.47938707679634,62.84375,62.916666666666664,163.20833333333334,5.0275,5.033333333333333,13.056666666666668,6,9,5,0.48,0.72,0.4,9.0,6.0,5.0,1.8,1.5,0.35555555555555557,147.04166666666666,116.0,168.0
resin,3481,137.0,0.07014400000000001,6.395983209011851,511.6786567209481,63.68613138686131,83.86131386861314,33.65693430656934,5.094890510948905,6.708905109489051,2.6925547445255473,8,6,8,0.64,0.48,0.64,8.0,8.0,6.0,1.3333333333333333,1.0,0.3567708333333333,132.97810218978103,101.0,168.0
resin,3489,979.0,0.5012480000000001,12.31954561225503,985.5636489804024,76.81716036772217,124.58937691521962,198.6506639427988,6.145372829417774,9.96715015321757,15.892053115423904,33,20,9,2.64,1.6,0.72,33.0,20.0,9.0,3.6666666666666665,1.65,0.1648148148148148,132.66598569969358,88.0,168.0
resin,3502,397.0,0.20326400000000003,9.118651713167813,729.492137053425,66.75566750629723,24.720403022670027,106.99496221662469,5.340453400503779,1.977632241813602,8.559596977329974,14,15,16,1.12,1.2,1.28,16.0,15.0,14.0,1.1428571428571428,1.0666666666666667,0.1181547619047619,129.2115869017632,92.0,168.0
resin,3517,605.0,0.30976000000000004,10.493464979203623,839.4771983362898,73.94710743801653,147.0925619834711,82.2793388429752,5.915768595041323,11.767404958677687,6.582347107438017,22,16,17,1.76,1.28,1.36,22.0,17.0,16.0,1.375,1.2941176470588236,0.10110294117647059,138.16694214876034,98.0,168.0
resin,3518,258.0,0.13209600000000002,7.898422500875398,631.8738000700318,65.32945736434108,148.18217054263565,142.06976744186048,5.2263565891472865,11.854573643410852,11.365581395348839,9,9,9,0.72,0.72,0.72,9.0,9.0,9.0,1.0,1.0,0.35390946502057613,125.05038759689923,92.0,168.0
resin,3526,160.0,0.08192000000000002,6.7355612038425186,538.8448963074015,64.68125,172.825,147.80625,5.174500000000001,13.825999999999999,11.8245,7,9,8,0.56,0.72,0.64,9.0,8.0,7.0,1.2857142857142858,1.125,0.31746031746031744,145.0625,115.0,168.0
resin,3527,99.0,0.05068800000000001,5.7395633987581025,459.1650719006482,63.878787878787875,175.64646464646464,80.28282828282828,5.11030303030303,14.051717171717172,6.422626262626262,7,5,6,0.56,0.4,0.48,7.0,6.0,5.0,1.4,1.1666666666666667,0.4714285714285714,130.94949494949495,95.0,167.0
resin,3554,202.0,0.10342400000000002,7.279768728154169,582.3814982523335,65.32673267326733,138.31683168316832,132.67326732673268,5.226138613861386,11.065346534653466,10.613861386138614,7,8,10,0.56,0.64,0.8,10.0,8.0,7.0,1.4285714285714286,1.25,0.3607142857142857,142.2871287128713,110.0,168.0
resin,3562,486.0,0.24883200000000005,9.754669262507202,780.3735410005761,71.02674897119341,160.02469135802468,81.09670781893004,5.682139917695473,12.801975308641975,6.487736625514404,17,16,11,1.36,1.28,0.88,17.0,16.0,11.0,1.5454545454545454,1.0625,0.16243315508021391,138.76131687242798,93.0,168.0
resin,3566,84.0,0.043008000000000005,5.43367369666554,434.6938957332432,64.69047619047619,175.71428571428572,135.46428571428572,5.175238095238095,14.057142857142859,10.837142857142858,7,5,6,0.56,0.4,0.48,7.0,6.0,5.0,1.4,1.1666666666666667,0.4,144.22619047619048,113.0,168.0
resin,3568,95.0,0.04864000000000001,5.661197779576941,452.8958223661553,68.30526315789474,34.22105263157895,149.46315789473684,5.46442105263158,2.737684210526316,11.957052631578946,10,6,7,0.8,0.48,0.56,10.0,7.0,6.0,1.6666666666666667,1.4285714285714286,0.2261904761904762,142.07368421052632,89.0,168.0
resin,3577,226.0,0.11571200000000002,7.557357012536988,604.5885610029591,67.09292035398231,113.27876106194691,117.929203539823,5.367433628318585,9.062300884955754,9.434336283185841,10,13,10,0.8,1.04,0.8,13.0,10.0,10.0,1.3,1.3,0.17384615384615384,133.88938053097345,92.0,168.0
resin,3580,304.0,0.15564800000000004,8.342412375997787,667.392990079823,67.1875,129.68421052631578,165.26315789473685,5.375,10.374736842105262,13.221052631578948,11,12,10,0.88,0.96,0.8,12.0,11.0,10.0,1.2,1.0909090909090908,0.23030303030303031,141.71381578947367,101.0,168.0
resin,3583,92.0,0.04710400000000001,5.600967702383306,448.0774161906645,66.1413043478261,150.0108695652174,108.76086956521739,5.291304347826087,12.000869565217393,8.700869565217392,7,7,6,0.56,0.56,0.48,7.0,7.0,6.0,1.1666666666666667,1.0,0.3129251700680272,147.7608695652174,124.0,167.0
resin,3586,134.0,0.06860800000000002,6.3489522192239995,507.91617753791996,67.91044776119404,9.380597014925373,1.0746268656716418,5.432835820895523,0.7504477611940299,0.08597014925373135,9,9,5,0.72,0.72,0.4,9.0,9.0,5.0,1.8,1.0,0.3308641975308642,125.25373134328358,95.0,168.0
resin,3590,803.0,0.41113600000000006,11.532026746571288,922.5621397257031,70.79452054794521,54.1145703611457,4.545454545454546,5.663561643835617,4.329165628891657,0.3636363636363637,14,21,11,1.12,1.68,0.88,21.0,14.0,11.0,1.9090909090909092,1.5,0.24829931972789115,130.1755915317559,91.0,168.0
resin,3597,245.0,0.12544000000000002,7.7634689553941065,621.0775164315285,70.06122448979592,71.6938775510204,47.69795918367347,5.604897959183673,5.735510204081633,3.8158367346938777,14,11,7,1.12,0.88,0.56,14.0,11.0,7.0,2.0,1.2727272727272727,0.22727272727272727,134.16326530612244,90.0,168.0
resin,3601,259.0,0.13260800000000003,7.908614025084603,632.6891220067682,67.63320463320463,96.76061776061776,140.40540540540542,5.41065637065637,7.740849420849421,11.232432432432434,8,11,12,0.64,0.88,0.96,12.0,11.0,8.0,1.5,1.0909090909090908,0.24526515151515152,130.03861003861005,89.0,168.0
resin,3607,210.0,0.10752000000000002,7.374629802528655,589.9703842022924,67.46190476190476,138.76666666666668,198.65238095238095,5.396952380952381,11.101333333333335,15.892190476190477,10,8,8,0.8,0.64,0.64,10.0,8.0,8.0,1.25,1.25,0.328125,140.28571428571428,90.0,168.0
resin,3611,108.0,0.05529600000000001,5.908470131056179,472.67761048449427,67.35185185185185,175.85185185185185,37.25,5.388148148148148,14.068148148148149,2.98,7,5,12,0.56,0.4,0.96,12.0,7.0,5.0,2.4,1.7142857142857142,0.2571428571428571,146.2314814814815,109.0,168.0
resin,3616,922.0,0.4720640000000001,12.075656931354622,966.0525545083698,74.7299349240781,45.35140997830803,181.05314533622558,5.978394793926248,3.628112798264642,14.484251626898047,18,28,16,1.44,2.24,1.28,28.0,18.0,16.0,1.75,1.5555555555555556,0.11433531746031746,127.41648590021693,88.0,168.0
resin,3622,308.0,0.15769600000000003,8.378842586487032,670.3074069189626,70.4090909090909,123.43831168831169,99.4512987012987,5.632727272727273,9.875064935064936,7.956103896103896,11,10,9,0.88,0.8,0.72,11.0,10.0,9.0,1.2222222222222223,1.1,0.3111111111111111,137.41233766233765,94.0,168.0
resin,3625,1020.0,0.52224,12.489177840522004,999.1342272417603,72.57058823529412,140.74117647058824,115.71274509803922,5.8056470588235305,11.259294117647059,9.257019607843137,15,15,25,1.2,1.2,2.0,25.0,15.0,15.0,1.6666666666666667,1.6666666666666667,0.18133333333333335,127.73725490196078,88.0,168.0
resin,3627,859.0,0.4398080000000001,11.794101124658301,943.528089972664,71.35622817229337,151.73690337601863,57.24097788125727,5.708498253783469,12.138952270081491,4.579278230500582,16,16,11,1.28,1.28,0.88,16.0,16.0,11.0,1.4545454545454546,1.0,0.30504261363636365,126.30616996507567,88.0,168.0
resin,3637,209.0,0.10700800000000002,7.362905411051833,589.0324328841466,69.78947368421052,36.00956937799043,35.87081339712919,5.583157894736842,2.8807655502392344,2.8696650717703354,8,7,7,0.64,0.56,0.56,8.0,7.0,7.0,1.1428571428571428,1.1428571428571428,0.5331632653061225,127.48325358851675,93.0,168.0
resin,3640,689.0,0.3527680000000001,10.958224659725683,876.6579727780547,71.27866473149491,43.68940493468796,147.64731494920173,5.702293178519593,3.4951523947750367,11.811785195936139,12,13,17,0.96,1.04,1.36,17.0,13.0,12.0,1.4166666666666667,1.3076923076923077,0.25980392156862747,130.41364296081278,94.0,168.0
resin,3643,146.0,0.07475200000000001,6.53308152692881,522.6465221543048,69.32191780821918,66.47260273972603,92.65753424657534,5.545753424657534,5.317808219178082,7.412602739726027,9,6,9,0.72,0.48,0.72,9.0,9.0,6.0,1.5,1.0,0.3004115226337449,144.013698630137,97.0,168.0
resin,3653,5946.0,3.0443520000000004,22.477194010677895,1798.1755208542315,88.70215270770265,114.4510595358224,90.2941473259334,7.096172216616212,9.156084762865792,7.2235317860746715,42,38,46,3.36,3.04,3.68,46.0,42.0,38.0,1.2105263157894737,1.0952380952380953,0.08099051977770513,129.74739320551632,88.0,168.0
resin,3662,170.0,0.08704000000000002,6.873059437985092,549.8447550388074,70.84117647058824,1.1764705882352942,44.6,5.667294117647059,0.09411764705882353,3.568,9,4,8,0.72,0.32,0.64,9.0,8.0,4.0,2.25,1.125,0.5902777777777778,124.13529411764706,94.0,167.0
resin,3665,101.0,0.05171200000000001,5.777956268578565,462.2365014862852,70.6930693069307,1.00990099009901,161.24752475247524,5.655445544554456,0.0807920792079208,12.89980198019802,8,4,9,0.64,0.32,0.72,9.0,8.0,4.0,2.25,1.125,0.3506944444444444,143.84158415841586,112.0,167.0
resin,3675,1080.0,0.5529600000000001,12.729413015364662,1018.353041229173,78.58518518518518,38.94722222222222,113.25833333333334,6.286814814814814,3.1157777777777778,9.060666666666668,24,21,18,1.92,1.68,1.44,24.0,21.0,18.0,1.3333333333333333,1.1428571428571428,0.11904761904761904,126.61018518518519,88.0,168.0
resin,3705,284.0,0.14540800000000004,8.155299330204066,652.4239464163253,71.47535211267606,170.67605633802816,171.92605633802816,5.718028169014085,13.654084507042253,13.754084507042252,10,13,11,0.8,1.04,0.88,13.0,11.0,10.0,1.3,1.1818181818181819,0.1986013986013986,130.0950704225352,92.0,168.0
resin,3708,280.0,0.14336000000000002,8.116830365159922,649.3464292127937,71.68214285714286,8.007142857142858,161.12142857142857,5.734571428571429,0.6405714285714287,12.889714285714286,10,8,9,0.8,0.64,0.72,10.0,9.0,8.0,1.25,1.1111111111111112,0.3888888888888889,127.875,95.0,167.0
resin,3732,125.0,0.06400000000000002,6.203504908994,496.28039271951997,72.184,172.488,0.584,5.77472,13.79904,0.04672,9,10,3,0.72,0.8,0.24,10.0,9.0,3.0,3.3333333333333335,1.1111111111111112,0.46296296296296297,121.96,91.0,168.0
resin,3757,94.0,0.04812800000000001,5.641263819521383,451.30110556171064,72.15957446808511,143.31914893617022,68.90425531914893,5.772765957446809,11.465531914893617,5.512340425531915,7,5,7,0.56,0.4,0.56,7.0,7.0,5.0,1.4,1.0,0.3836734693877551,147.35106382978722,126.0,168.0
resin,3759,146.0,0.07475200000000001,6.53308152692881,522.6465221543048,74.3082191780822,150.9041095890411,42.97945205479452,5.944657534246576,12.072328767123288,3.4383561643835616,9,7,7,0.72,0.56,0.56,9.0,7.0,7.0,1.2857142857142858,1.2857142857142858,0.3310657596371882,142.76027397260273,113.0,168.0
resin,3763,85.0,0.04352000000000001,5.455150891048748,436.4120712838999,72.08235294117647,12.741176470588234,177.08235294117648,5.766588235294117,1.0192941176470587,14.16658823529412,5,7,6,0.4,0.56,0.48,7.0,6.0,5.0,1.4,1.1666666666666667,0.40476190476190477,137.0235294117647,98.0,168.0
resin,3766,428.0,0.21913600000000003,9.350074018192482,748.0059214553985,74.6214953271028,24.549065420560748,33.05140186915888,5.969719626168224,1.9639252336448598,2.6441121495327105,10,17,8,0.8,1.36,0.64,17.0,10.0,8.0,2.125,1.7,0.31470588235294117,141.65654205607476,97.0,168.0
resin,3782,205.0,0.10496000000000001,7.315630236588791,585.2504189271033,72.65853658536585,98.54634146341463,192.44878048780487,5.812682926829268,7.883707317073171,15.39590243902439,6,10,9,0.48,0.8,0.72,10.0,9.0,6.0,1.6666666666666667,1.1111111111111112,0.37962962962962965,144.21951219512195,110.0,168.0
resin,3787,121.0,0.06195200000000001,6.136615546901379,490.9292437521103,72.51239669421487,117.42148760330579,127.46280991735537,5.80099173553719,9.393719008264464,10.19702479338843,6,9,6,0.48,0.72,0.48,9.0,6.0,6.0,1.5,1.5,0.3734567901234568,133.1487603305785,99.0,168.0
resin,3795,473.0,0.24217600000000003,9.666906235140706,773.3524988112565,73.94291754756871,152.2938689217759,117.10993657505286,5.915433403805497,12.183509513742072,9.36879492600423,9,10,11,0.72,0.8,0.88,11.0,10.0,9.0,1.2222222222222223,1.1,0.4777777777777778,123.53276955602537,91.0,168.0
resin,3810,330.0,0.16896000000000003,8.57376888612011,685.9015108896087,74.19393939393939,51.36666666666667,60.378787878787875,5.935515151515151,4.109333333333334,4.83030303030303,7,11,13,0.56,0.88,1.04,13.0,11.0,7.0,1.8571428571428572,1.1818181818181819,0.32967032967032966,134.33939393939394,96.0,168.0
resin,3813,175.0,0.08960000000000001,6.939792343839249,555.18338750714,74.44571428571429,64.98285714285714,56.137142857142855,5.955657142857143,5.198628571428571,4.490971428571428,8,7,10,0.64,0.56,0.8,10.0,8.0,7.0,1.4285714285714286,1.25,0.3125,131.2,97.0,168.0
resin,3816,162.0,0.08294400000000002,6.763509910720959,541.0807928576767,75.93827160493827,103.84567901234568,128.03703703703704,6.075061728395061,8.307654320987655,10.242962962962963,9,7,8,0.72,0.56,0.64,9.0,8.0,7.0,1.2857142857142858,1.125,0.32142857142857145,133.39506172839506,88.0,168.0
resin,3820,193.0,0.09881600000000001,7.17000671219614,573.6005369756912,74.05699481865285,164.16062176165804,110.44041450777202,5.924559585492228,13.132849740932643,8.835233160621762,7,7,8,0.56,0.56,0.64,8.0,7.0,7.0,1.1428571428571428,1.1428571428571428,0.4923469387755102,130.28497409326425,95.0,168.0
resin,3830,183.0,0.09369600000000002,7.043969861883599,563.5175889506879,74.98360655737704,39.80874316939891,125.40983606557377,5.998688524590164,3.1846994535519126,10.032786885245901,8,8,8,0.64,0.64,0.64,8.0,8.0,8.0,1.0,1.0,0.357421875,126.14754098360656,91.0,168.0
resin,3832,99.0,0.05068800000000001,5.7395633987581025,459.1650719006482,75.3030303030303,51.26262626262626,134.12121212121212,6.0242424242424235,4.101010101010101,10.72969696969697,7,7,7,0.56,0.56,0.56,7.0,7.0,7.0,1.0,1.0,0.2886297376093295,134.66666666666666,99.0,167.0
resin,3837,83.0,0.042496000000000006,5.412025364749767,432.96202917998136,74.49397590361446,103.19277108433735,24.59036144578313,5.959518072289156,8.255421686746988,1.9672289156626506,6,6,6,0.48,0.48,0.48,6.0,6.0,6.0,1.0,1.0,0.38425925925925924,146.59036144578315,125.0,168.0
resin,3847,112.0,0.057344000000000006,5.980531746873981,478.4425397499185,76.75892857142857,1.125,114.19642857142857,6.140714285714286,0.09,9.135714285714286,8,5,11,0.64,0.4,0.88,11.0,8.0,5.0,2.2,1.375,0.2545454545454545,132.57142857142858,92.0,168.0
resin,3858,1320.0,0.6758400000000001,13.61000974915928,1088.8007799327424,85.37424242424242,51.306060606060605,157.36060606060607,6.829939393939394,4.104484848484849,12.588848484848485,26,16,19,2.08,1.28,1.52,26.0,19.0,16.0,1.625,1.368421052631579,0.16700404858299595,132.03030303030303,89.0,168.0
resin,3860,141.0,0.072192,6.457635040206935,516.6108032165548,76.39716312056737,62.01418439716312,146.9290780141844,6.1117730496453895,4.9611347517730495,11.754326241134752,9,7,8,0.72,0.56,0.64,9.0,8.0,7.0,1.2857142857142858,1.125,0.27976190476190477,145.354609929078,109.0,168.0
resin,3864,217.0,0.11110400000000002,7.455676179951913,596.4540943961531,77.963133640553,75.17050691244239,1.2119815668202765,6.23705069124424,6.013640552995391,0.09695852534562212,11,14,6,0.88,1.12,0.48,14.0,11.0,6.0,2.3333333333333335,1.2727272727272727,0.23484848484848486,135.0552995391705,96.0,168.0
resin,3869,294.0,0.15052800000000002,8.24991681203272,659.9933449626177,79.01360544217687,88.921768707483,102.32312925170068,6.32108843537415,7.11374149659864,8.185850340136055,12,10,12,0.96,0.8,0.96,12.0,12.0,10.0,1.2,1.0,0.20416666666666666,129.73809523809524,88.0,168.0
resin,3885,235.0,0.12032000000000002,7.656372945784155,612.5098356627324,77.80851063829788,65.97446808510638,165.20851063829787,6.22468085106383,5.277957446808511,13.21668085106383,8,8,12,0.64,0.64,0.96,12.0,8.0,8.0,1.5,1.5,0.3059895833333333,129.80425531914895,90.0,168.0
resin,3886,144.0,0.07372800000000002,6.503112841671467,520.2490273337174,77.4375,72.5625,147.27083333333334,6.195,5.805,11.781666666666668,7,7,6,0.56,0.56,0.48,7.0,7.0,6.0,1.1666666666666667,1.0,0.4897959183673469,142.38194444444446,114.0,168.0
resin,3891,349.0,0.17868800000000004,8.735255283590005,698.8204226872004,79.05444126074498,100.62750716332378,164.11461318051576,6.324355300859598,8.050200573065903,13.129169054441261,10,14,15,0.8,1.12,1.2,15.0,14.0,10.0,1.5,1.0714285714285714,0.1661904761904762,132.8939828080229,93.0,168.0
resin,3892,145.0,0.07424000000000001,6.518131631368211,521.4505305094569,78.04137931034482,97.0551724137931,200.12413793103448,6.243310344827586,7.764413793103448,16.009931034482758,11,9,5,0.88,0.72,0.4,11.0,9.0,5.0,2.2,1.2222222222222223,0.29292929292929293,136.41379310344828,89.0,168.0
resin,3908,523.0,0.26777600000000007,9.996186622148898,799.6949297719118,78.65391969407266,165.63671128107075,93.52581261950287,6.292313575525813,13.25093690248566,7.48206500956023,12,11,11,0.96,0.88,0.88,12.0,11.0,11.0,1.0909090909090908,1.0909090909090908,0.36019283746556474,124.08030592734225,89.0,168.0
resin,3912,131.0,0.067072,6.301213930352919,504.0971144282335,76.96946564885496,175.793893129771,89.55725190839695,6.157557251908397,14.06351145038168,7.164580152671756,8,4,9,0.64,0.32,0.72,9.0,8.0,4.0,2.25,1.125,0.4548611111111111,129.34351145038167,88.0,167.0
resin,3929,148.0,0.07577600000000001,6.562777760167609,525.0222208134087,77.8108108108108,122.87837837837837,129.3581081081081,6.224864864864864,9.83027027027027,10.348648648648648,7,7,7,0.56,0.56,0.56,7.0,7.0,7.0,1.0,1.0,0.4314868804664723,141.75,109.0,168.0
resin,3946,726.0,0.37171200000000004,11.15097048056836,892.0776384454688,91.39944903581267,23.10330578512397,199.28236914600552,7.311955922865013,1.8482644628099174,15.942589531680442,32,14,7,2.56,1.12,0.56,32.0,14.0,7.0,4.571428571428571,2.2857142857142856,0.2315051020408163,126.21625344352617,88.0,168.0
resin,3956,192.0,0.09830400000000002,7.157601831517195,572.6081465213756,78.890625,80.29166666666667,88.83854166666667,6.31125,6.423333333333334,7.107083333333334,7,8,8,0.56,0.64,0.64,8.0,8.0,7.0,1.1428571428571428,1.0,0.42857142857142855,126.88020833333333,94.0,167.0
resin,3970,345.0,0.17664000000000002,8.701754454821554,696.1403563857243,82.08115942028985,1.6376811594202898,72.13623188405798,6.566492753623188,0.13101449275362317,5.770898550724638,10,6,15,0.8,0.48,1.2,15.0,10.0,6.0,2.5,1.5,0.38333333333333336,123.18550724637682,88.0,168.0
resin,3978,152.0,0.07782400000000002,6.621377090805707,529.7101672644566,80.96710526315789,53.296052631578945,36.30921052631579,6.477368421052631,4.263684210526316,2.904736842105263,9,7,8,0.72,0.56,0.64,9.0,8.0,7.0,1.2857142857142858,1.125,0.30158730158730157,133.4934210526316,92.0,168.0
resin,3980,111.0,0.05683200000000001,5.962679307090674,477.01434456725394,81.07207207207207,54.85585585585586,44.96396396396396,6.485765765765766,4.388468468468469,3.5971171171171172,9,9,6,0.72,0.72,0.48,9.0,9.0,6.0,1.5,1.0,0.22839506172839505,137.94594594594594,90.0,168.0
resin,3983,97.0,0.04966400000000001,5.700649908033096,456.0519926426477,80.51546391752578,61.94845360824742,2.556701030927835,6.441237113402062,4.955876288659794,0.2045360824742268,7,9,8,0.56,0.72,0.64,9.0,8.0,7.0,1.2857142857142858,1.125,0.19246031746031747,145.23711340206185,91.0,168.0
resin,3989,492.0,0.251904,9.794647861979907,783.5718289583926,81.8089430894309,101.28861788617886,3.1463414634146343,6.544715447154472,8.10308943089431,0.25170731707317073,10,16,9,0.8,1.28,0.72,16.0,10.0,9.0,1.7777777777777777,1.6,0.3416666666666667,136.0752032520325,89.0,168.0
resin,4004,96.0,0.04915200000000001,5.680992338459954,454.47938707679634,79.38541666666667,175.53125,29.3125,6.350833333333334,14.0425,2.345,7,6,6,0.56,0.48,0.48,7.0,6.0,6.0,1.1666666666666667,1.1666666666666667,0.38095238095238093,142.11458333333334,112.0,168.0
resin,4012,174.0,0.08908800000000001,6.926548433133662,554.123874650693,80.73563218390805,30.82758620689655,133.5287356321839,6.458850574712645,2.466206896551724,10.682298850574712,7,7,6,0.56,0.56,0.48,7.0,7.0,6.0,1.1666666666666667,1.0,0.5918367346938775,128.5977011494253,96.0,168.0
resin,4013,150.0,0.07680000000000001,6.592207650508867,527.3766120407093,80.56,33.43333333333333,47.806666666666665,6.444800000000001,2.6746666666666665,3.824533333333333,7,7,9,0.56,0.56,0.72,9.0,7.0,7.0,1.2857142857142858,1.2857142857142858,0.3401360544217687,132.18,91.0,168.0
resin,4019,139.0,0.07116800000000001,6.426956976396133,514.1565581116906,82.35251798561151,59.29496402877698,189.30935251798562,6.588201438848921,4.743597122302159,15.14474820143885,11,8,7,0.88,0.64,0.56,11.0,8.0,7.0,1.5714285714285714,1.375,0.22564935064935066,137.28057553956833,94.0,168.0
resin,4021,732.0,0.37478400000000006,11.181605168786318,894.5284135029054,82.55601092896175,67.82377049180327,45.44535519125683,6.60448087431694,5.425901639344262,3.6356284153005465,10,10,19,0.8,0.8,1.52,19.0,10.0,10.0,1.9,1.9,0.38526315789473686,123.0860655737705,89.0,168.0
resin,4045,93.0,0.047616000000000006,5.62118797776233,449.69503822098636,80.98924731182795,163.36559139784947,181.83870967741936,6.479139784946236,13.069247311827958,14.547096774193548,6,7,7,0.48,0.56,0.56,7.0,7.0,6.0,1.1666666666666667,1.0,0.3163265306122449,133.2688172043011,97.0,168.0
resin,4050,105.0,0.05376000000000001,5.853247553205011,468.2598042564009,82.68571428571428,11.971428571428572,156.62857142857143,6.614857142857143,0.9577142857142857,12.530285714285714,7,5,8,0.56,0.4,0.64,8.0,7.0,5.0,1.6,1.1428571428571428,0.375,144.77142857142857,113.0,168.0
resin,4051,1384.0,0.7086080000000001,13.826507363536614,1106.1205890829292,89.72326589595376,10.332369942196532,8.854768786127167,7.177861271676301,0.8265895953757226,0.7083815028901733,20,21,26,1.6,1.68,2.08,26.0,21.0,20.0,1.3,1.2380952380952381,0.12673992673992673,130.22037572254337,88.0,168.0
resin,4056,369.0,0.18892800000000004,8.89902816477149,711.9222531817193,85.55826558265582,43.417344173441734,47.2520325203252,6.844661246612466,3.473387533875339,3.7801626016260164,12,14,14,0.96,1.12,1.12,14.0,14.0,12.0,1.1666666666666667,1.0,0.1568877551020408,140.0460704607046,88.0,168.0
resin,4082,262.0,0.134144,7.93903207074245,635.1225656593961,90.09923664122137,30.958015267175572,1.9274809160305344,7.20793893129771,2.4766412213740456,0.15419847328244277,15,10,7,1.2,0.8,0.56,15.0,10.0,7.0,2.142857142857143,1.5,0.24952380952380954,128.61068702290078,95.0,168.0
resin,4100,1106.0,0.5662720000000001,12.83075369730027,1026.4602957840216,86.86889692585895,128.30470162748645,129.4385171790235,6.949511754068716,10.264376130198917,10.35508137432188,16,34,21,1.28,2.72,1.68,34.0,21.0,16.0,2.125,1.619047619047619,0.09681372549019608,133.501808318264,89.0,168.0
resin,4125,240.0,0.12288000000000002,7.710292841628196,616.8234273302558,84.07916666666667,99.27083333333333,105.74583333333334,6.726333333333334,7.941666666666666,8.459666666666667,7,13,9,0.56,1.04,0.72,13.0,9.0,7.0,1.8571428571428572,1.4444444444444444,0.29304029304029305,147.15833333333333,114.0,168.0
resin,4135,900.0,0.4608000000000001,11.97883627396524,958.3069019172192,91.62555555555555,19.314444444444444,32.06,7.330044444444444,1.5451555555555556,2.5648000000000004,19,22,22,1.52,1.76,1.76,22.0,22.0,19.0,1.1578947368421053,1.0,0.09786863853849499,136.57222222222222,89.0,168.0
resin,4139,846.0,0.4331520000000001,11.734301612554425,938.744129004354,87.70685579196217,38.08510638297872,29.689125295508273,7.0165484633569735,3.046808510638298,2.375130023640662,13,14,23,1.04,1.12,1.84,23.0,14.0,13.0,1.7692307692307692,1.6428571428571428,0.20210224558050646,125.51773049645391,89.0,168.0
resin,4159,482.0,0.24678400000000003,9.72783372317443,778.2266978539543,88.1804979253112,156.0124481327801,112.78423236514523,7.054439834024897,12.480995850622408,9.022738589211619,13,11,12,1.04,0.88,0.96,13.0,12.0,11.0,1.1818181818181819,1.0833333333333333,0.28088578088578087,133.56846473029046,95.0,168.0
resin,4161,425.0,0.21760000000000004,9.328176809185312,746.2541447348249,86.41411764705883,159.10117647058823,58.72235294117647,6.913129411764706,12.728094117647059,4.697788235294118,9,13,14,0.72,1.04,1.12,14.0,13.0,9.0,1.5555555555555556,1.0769230769230769,0.2594627594627595,130.41411764705882,90.0,168.0
resin,4173,1097.0,0.561664,12.795855736116208,1023.6684588892966,91.04831358249773,53.32269826800365,22.227894257064722,7.2838650865998185,4.265815861440292,1.7782315405651778,18,19,27,1.44,1.52,2.16,27.0,19.0,18.0,1.5,1.4210526315789473,0.11880008663634395,127.63719234275297,88.0,168.0
resin,4183,88.0,0.045056000000000006,5.518588563740668,441.4870850992534,86.61363636363636,70.73863636363636,0.7272727272727273,6.929090909090909,5.659090909090909,0.05818181818181818,8,7,3,0.64,0.56,0.24,8.0,7.0,3.0,2.6666666666666665,1.1428571428571428,0.5238095238095238,125.4090909090909,92.0,168.0
resin,4185,295.0,0.15104000000000004,8.259259874164178,660.7407899331342,86.67118644067797,76.77966101694915,143.14237288135593,6.933694915254238,6.142372881355932,11.451389830508473,8,9,9,0.64,0.72,0.72,9.0,9.0,8.0,1.125,1.0,0.45524691358024694,126.62711864406779,90.0,168.0
resin,4197,1155.0,0.5913600000000001,13.017506023501504,1041.4004818801204,99.0978354978355,15.417316017316017,12.166233766233766,7.9278268398268406,1.2333852813852813,0.9732987012987013,25,19,22,2.0,1.52,1.76,25.0,22.0,19.0,1.3157894736842106,1.1363636363636365,0.11052631578947368,126.24242424242425,89.0,168.0
resin,4205,1600.0,0.8192000000000002,14.511326714391236,1160.906137151299,97.771875,72.204375,193.155625,7.82175,5.77635,15.452449999999999,27,28,17,2.16,2.24,1.36,28.0,27.0,17.0,1.6470588235294117,1.037037037037037,0.12449424214130096,128.528125,88.0,168.0
resin,4229,832.0,0.4259840000000001,11.669213022370872,933.5370417896697,93.74759615384616,6.929086538461538,38.28004807692308,7.499807692307693,0.5543269230769231,3.0624038461538463,18,15,18,1.44,1.2,1.44,18.0,18.0,15.0,1.2,1.0,0.17119341563786009,126.46995192307692,88.0,168.0
resin,4242,362.0,0.18534400000000004,8.842396451724207,707.3917161379366,90.23756906077348,106.43093922651934,13.342541436464089,7.2190055248618785,8.514475138121547,1.0674033149171271,10,16,9,0.8,1.28,0.72,16.0,10.0,9.0,1.7777777777777777,1.6,0.2513888888888889,131.70165745856355,88.0,168.0
resin,4245,2245.0,1.1494400000000002,16.24573037099685,1299.658429679748,100.99821826280623,162.17683741648108,195.373719376392,8.079857461024499,12.974146993318486,15.629897550111359,29,36,15,2.32,2.88,1.2,36.0,29.0,15.0,2.4,1.2413793103448276,0.14335887611749681,127.27126948775056,88.0,168.0
resin,4250,255.0,0.13056,7.867689028577134,629.4151222861707,89.34901960784313,4.137254901960785,151.23921568627452,7.147921568627451,0.33098039215686276,12.099137254901962,8,11,10,0.64,0.88,0.8,11.0,10.0,8.0,1.375,1.1,0.2897727272727273,128.30588235294118,92.0,168.0
resin,4252,91.0,0.04659200000000001,5.580600367226721,446.4480293781377,88.32967032967034,24.175824175824175,43.32967032967033,7.066373626373627,1.934065934065934,3.4663736263736262,6,6,6,0.48,0.48,0.48,6.0,6.0,6.0,1.0,1.0,0.4212962962962963,133.54945054945054,102.0,168.0
resin,4253,339.0,0.17356800000000003,8.65101420831139,692.0811366649111,91.09439528023599,42.61356932153392,66.68436578171091,7.287551622418879,3.409085545722714,5.334749262536873,10,12,10,0.8,0.96,0.8,12.0,10.0,10.0,1.2,1.2,0.2825,126.6283185840708,92.0,168.0
resin,4254,284.0,0.14540800000000004,8.155299330204066,652.4239464163253,89.5,44.48943661971831,168.16549295774647,7.16,3.559154929577465,13.453239436619718,8,11,8,0.64,0.88,0.64,11.0,8.0,8.0,1.375,1.375,0.4034090909090909,126.11619718309859,91.0,168.0
resin,4261,287.0,0.14694400000000002,8.183914650028193,654.7131720022554,90.18118466898954,57.271777003484324,195.46341463414635,7.214494773519164,4.581742160278746,15.637073170731709,10,7,10,0.8,0.56,0.8,10.0,10.0,7.0,1.4285714285714286,1.0,0.41,141.3588850174216,118.0,168.0
resin,4263,94.0,0.04812800000000001,5.641263819521383,451.30110556171064,88.67021276595744,64.87234042553192,5.127659574468085,7.093617021276596,5.189787234042553,0.4102127659574468,6,5,5,0.48,0.4,0.4,6.0,5.0,5.0,1.2,1.2,0.6266666666666667,130.88297872340425,102.0,168.0
resin,4272,177.0,0.09062400000000001,6.966129569086082,557.2903655268865,89.19209039548022,131.93785310734464,85.01129943502825,7.135367231638418,10.555028248587572,6.80090395480226,8,7,8,0.64,0.56,0.64,8.0,8.0,7.0,1.1428571428571428,1.0,0.3950892857142857,131.49717514124293,100.0,168.0
resin,4279,263.0,0.13465600000000003,7.949119797058365,635.9295837646691,89.01140684410646,173.49429657794676,114.34980988593156,7.120912547528517,13.87954372623574,9.147984790874526,8,9,13,0.64,0.72,1.04,13.0,9.0,8.0,1.625,1.4444444444444444,0.280982905982906,128.7680608365019,94.0,168.0
resin,4281,226.0,0.11571200000000002,7.557357012536988,604.5885610029591,91.14159292035399,2.0088495575221237,22.141592920353983,7.291327433628319,0.1607079646017699,1.7713274336283187,11,6,10,0.88,0.48,0.8,11.0,10.0,6.0,1.8333333333333333,1.1,0.3424242424242424,124.38053097345133,91.0,168.0
resin,4289,185.0,0.09472000000000001,7.0695380347374215,565.5630427789937,90.4918918918919,81.6054054054054,49.45945945945946,7.239351351351352,6.5284324324324325,3.9567567567567568,8,6,8,0.64,0.48,0.64,8.0,8.0,6.0,1.3333333333333333,1.0,0.4817708333333333,130.64864864864865,94.0,168.0
resin,4296,774.0,0.3962880000000001,11.391496457993908,911.3197166395126,95.5219638242894,143.28811369509043,8.5671834625323,7.641757105943152,11.463049095607234,0.685374677002584,16,15,21,1.28,1.2,1.68,21.0,16.0,15.0,1.4,1.3125,0.15357142857142858,126.23385012919897,90.0,168.0
resin,4313,268.0,0.13721600000000003,7.999178545777086,639.9342836621669,91.07089552238806,52.86940298507463,100.56716417910448,7.285671641791045,4.2295522388059705,8.045373134328358,8,9,8,0.64,0.72,0.64,9.0,8.0,8.0,1.125,1.125,0.4652777777777778,125.17910447761194,90.0,168.0
resin,4317,222.0,0.11366400000000002,7.512505172776117,601.0004138220894,91.59909909909909,59.193693693693696,12.554054054054054,7.327927927927927,4.7354954954954955,1.0043243243243243,8,7,8,0.64,0.56,0.64,8.0,8.0,7.0,1.1428571428571428,1.0,0.4955357142857143,126.26126126126127,96.0,168.0
resin,4318,123.0,0.062976,6.17024150880815,493.619320704652,90.86178861788618,60.0650406504065,157.3658536585366,7.268943089430894,4.80520325203252,12.589268292682927,6,6,6,0.48,0.48,0.48,6.0,6.0,6.0,1.0,1.0,0.5694444444444444,126.88617886178862,99.0,168.0
resin,4342,410.0,0.20992000000000002,9.217116528325628,737.3693222660502,95.14146341463415,75.38048780487804,141.23170731707316,7.611317073170731,6.030439024390244,11.298536585365852,12,14,16,0.96,1.12,1.28,16.0,14.0,12.0,1.3333333333333333,1.1428571428571428,0.15252976190476192,138.1341463414634,88.0,168.0
resin,4345,139.0,0.07116800000000001,6.426956976396133,514.1565581116906,91.35251798561151,102.43165467625899,136.54676258992805,7.308201438848921,8.194532374100719,10.923741007194245,6,8,7,0.48,0.64,0.56,8.0,7.0,6.0,1.3333333333333333,1.1428571428571428,0.41369047619047616,131.26618705035972,89.0,168.0
resin,4349,489.0,0.25036800000000003,9.774699440442049,781.9759552353639,95.02249488752557,115.27402862985686,34.27402862985685,7.601799591002045,9.221922290388548,2.741922290388548,16,17,11,1.28,1.36,0.88,17.0,16.0,11.0,1.5454545454545454,1.0625,0.16343582887700533,133.69120654396727,88.0,168.0
resin,4353,102.0,0.052224000000000007,5.796962840557109,463.7570272445687,91.90196078431373,136.1764705882353,110.38235294117646,7.352156862745098,10.894117647058824,8.830588235294117,6,6,6,0.48,0.48,0.48,6.0,6.0,6.0,1.0,1.0,0.4722222222222222,129.97058823529412,88.0,167.0
resin,4358,174.0,0.08908800000000001,6.926548433133662,554.123874650693,92.16091954022988,173.9655172413793,175.3448275862069,7.372873563218391,13.917241379310344,14.027586206896551,7,7,7,0.56,0.56,0.56,7.0,7.0,7.0,1.0,1.0,0.5072886297376094,128.2183908045977,95.0,168.0
resin,4359,612.0,0.31334400000000007,10.533780553459017,842.7024442767214,95.98366013071896,3.746732026143791,190.33496732026143,7.678692810457517,0.2997385620915033,15.226797385620914,12,11,18,0.96,0.88,1.44,18.0,12.0,11.0,1.6363636363636365,1.5,0.25757575757575757,123.38888888888889,88.0,168.0
resin,4386,20605.0,10.549760000000001,34.01402282840066,2721.121826272053,148.70458626546954,33.06221790827469,11.71526328561029,11.896366901237563,2.644977432661975,0.9372210628488231,104,64,37,8.32,5.12,2.96,104.0,64.0,37.0,2.810810810810811,1.625,0.08366765202702703,128.34200436787188,88.0,168.0
resin,4392,176.0,0.09011200000000001,6.952985897165982,556.2388717732786,94.66477272727273,58.1875,1.2954545454545454,7.573181818181819,4.655,0.10363636363636364,8,9,5,0.64,0.72,0.4,9.0,8.0,5.0,1.8,1.125,0.4888888888888889,124.73295454545455,88.0,168.0
resin,4397,162.0,0.08294400000000002,6.763509910720959,541.0807928576767,95.21604938271605,81.01851851851852,1.5740740740740742,7.617283950617284,6.481481481481482,0.12592592592592594,8,11,5,0.64,0.88,0.4,11.0,8.0,5.0,2.2,1.375,0.36818181818181817,142.87037037037038,115.0,168.0
resin,4399,271.0,0.13875200000000001,8.028915542458407,642.3132433966725,94.56088560885608,93.17712177121771,14.243542435424354,7.564870848708487,7.4541697416974175,1.1394833948339484,8,9,8,0.64,0.72,0.64,9.0,8.0,8.0,1.125,1.125,0.4704861111111111,140.42066420664207,104.0,167.0
resin,4400,158.0,0.08089600000000001,6.7073786097756045,536.5902887820483,94.18354430379746,97.66455696202532,108.64556962025317,7.534683544303797,7.813164556962025,8.691645569620254,8,8,8,0.64,0.64,0.64,8.0,8.0,8.0,1.0,1.0,0.30859375,147.2594936708861,107.0,168.0
resin,4422,337.0,0.17254400000000003,8.633967830729006,690.7174264583205,95.79228486646885,97.44213649851632,97.0593471810089,7.663382789317508,7.7953709198813055,7.764747774480712,11,9,15,0.88,0.72,1.2,15.0,11.0,9.0,1.6666666666666667,1.3636363636363635,0.22693602693602694,127.0860534124629,88.0,168.0
resin,4437,233.0,0.11929600000000001,7.634590828237859,610.7672662590287,96.2489270386266,13.150214592274677,148.1845493562232,7.699914163090129,1.0520171673819743,11.854763948497855,10,7,12,0.8,0.56,0.96,12.0,10.0,7.0,1.7142857142857142,1.2,0.2773809523809524,129.89270386266094,89.0,168.0
resin,4452,336.0,0.17203200000000002,8.625419342138814,690.0335473711051,96.5625,122.72916666666667,129.51488095238096,7.7250000000000005,9.818333333333333,10.361190476190478,8,9,9,0.64,0.72,0.72,9.0,9.0,8.0,1.125,1.0,0.5185185185185185,121.91369047619048,90.0,168.0
resin,4457,156.0,0.07987200000000001,6.678957173048376,534.3165738438701,96.21153846153847,151.71153846153845,81.11538461538461,7.696923076923078,12.136923076923077,6.489230769230769,7,7,7,0.56,0.56,0.56,7.0,7.0,7.0,1.0,1.0,0.45481049562682213,144.89102564102564,115.0,168.0
resin,4464,583.0,0.29849600000000004,10.364697802693197,829.1758242154558,98.21097770154374,33.76672384219554,24.403087478559176,7.8568782161235,2.701337907375643,1.9522469982847341,10,15,13,0.8,1.2,1.04,15.0,13.0,10.0,1.5,1.1538461538461537,0.298974358974359,124.65866209262435,89.0,168.0
resin,4469,1330.0,0.6809600000000001,13.644292034413352,1091.543362753068,103.72255639097745,138.44135338345865,6.5203007518797,8.297804511278196,11.075308270676691,0.521624060150376,25,26,21,2.0,2.08,1.68,26.0,25.0,21.0,1.2380952380952381,1.04,0.09743589743589744,127.83834586466165,88.0,168.0
resin,4475,115.0,0.05888000000000001,6.033459557881385,482.67676463051083,97.36521739130434,13.591304347826087,198.04347826086956,7.789217391304348,1.087304347826087,15.843478260869565,5,6,7,0.4,0.48,0.56,7.0,6.0,5.0,1.4,1.1666666666666667,0.5476190476190477,129.65217391304347,96.0,168.0
resin,4477,826.0,0.42291200000000007,11.641094327798328,931.2875462238662,104.60895883777239,28.331719128329297,150.38014527845036,8.368716707021791,2.2665375302663437,12.030411622276029,20,19,16,1.6,1.52,1.28,20.0,19.0,16.0,1.25,1.0526315789473684,0.13585526315789473,135.58595641646488,91.0,168.0
resin,4493,840.0,0.4300800000000001,11.706495106410022,936.5196085128018,101.93333333333334,115.5202380952381,50.84642857142857,8.154666666666667,9.241619047619048,4.067714285714286,16,13,16,1.28,1.04,1.28,16.0,16.0,13.0,1.2307692307692308,1.0,0.25240384615384615,125.90595238095239,88.0,168.0
resin,4506,1127.0,0.5770240000000001,12.911452382857604,1032.9161906286083,103.30878438331854,17.5678793256433,170.21206743566992,8.264702750665483,1.405430346051464,13.616965394853594,20,22,26,1.6,1.76,2.08,26.0,22.0,20.0,1.3,1.1818181818181819,0.09851398601398602,130.8899733806566,88.0,168.0
resin,4507,240.0,0.12288000000000002,7.710292841628196,616.8234273302558,99.90833333333333,15.920833333333333,159.89166666666668,7.992666666666667,1.2736666666666667,12.791333333333334,8,8,7,0.64,0.64,0.56,8.0,8.0,7.0,1.1428571428571428,1.0,0.5357142857142857,123.9375,89.0,168.0
resin,4518,144.0,0.07372800000000002,6.503112841671467,520.2490273337174,98.53472222222223,91.65277777777777,142.78472222222223,7.882777777777778,7.332222222222222,11.422777777777778,7,7,10,0.56,0.56,0.8,10.0,7.0,7.0,1.4285714285714286,1.4285714285714286,0.2938775510204082,147.0625,111.0,168.0
resin,4525,155.0,0.07936000000000001,6.664655293794288,533.1724235035431,98.86451612903225,163.0774193548387,6.664516129032258,7.90916129032258,13.046193548387096,0.5331612903225806,7,7,7,0.56,0.56,0.56,7.0,7.0,7.0,1.0,1.0,0.4518950437317784,143.04516129032257,113.0,168.0
resin,4535,145.0,0.07424000000000001,6.518131631368211,521.4505305094569,99.47586206896551,92.26896551724138,194.97931034482758,7.958068965517241,7.381517241379311,15.598344827586207,8,7,7,0.64,0.56,0.56,8.0,7.0,7.0,1.1428571428571428,1.1428571428571428,0.36989795918367346,126.15172413793104,92.0,168.0
resin,4536,83.0,0.042496000000000006,5.412025364749767,432.96202917998136,100.19277108433735,97.6987951807229,68.12048192771084,8.015421686746988,7.815903614457832,5.449638554216867,7,4,7,0.56,0.32,0.56,7.0,7.0,4.0,1.75,1.0,0.42346938775510207,136.85542168674698,102.0,168.0
resin,4540,421.0,0.21555200000000005,9.298819646319991,743.9055717055993,100.83372921615202,125.09026128266034,113.94536817102137,8.066698337292163,10.007220902612827,9.11562945368171,10,9,12,0.8,0.72,0.96,12.0,10.0,9.0,1.3333333333333333,1.2,0.38981481481481484,124.04275534441805,90.0,168.0
resin,4541,82.0,0.04198400000000001,5.390202444799826,431.21619558398606,98.7560975609756,136.96341463414635,108.04878048780488,7.900487804878049,10.957073170731707,8.64390243902439,5,5,5,0.4,0.4,0.4,5.0,5.0,5.0,1.0,1.0,0.656,134.90243902439025,96.0,167.0
resin,4547,498.0,0.25497600000000004,9.834302739216675,786.744219137334,103.46987951807229,26.253012048192772,56.66064257028113,8.277590361445784,2.100240963855422,4.53285140562249,11,11,18,0.88,0.88,1.44,18.0,11.0,11.0,1.6363636363636365,1.6363636363636365,0.22865013774104684,126.4136546184739,89.0,168.0
resin,4553,750.0,0.38400000000000006,11.272516517868265,901.8013214294613,106.892,62.76266666666667,7.010666666666666,8.55136,5.021013333333333,0.5608533333333333,18,19,16,1.44,1.52,1.28,19.0,18.0,16.0,1.1875,1.0555555555555556,0.13706140350877194,133.036,92.0,168.0
resin,4560,274.0,0.14028800000000002,8.058433879808192,644.6747103846553,102.26277372262774,112.18248175182482,72.55474452554745,8.18102189781022,8.974598540145987,5.804379562043796,9,8,9,0.72,0.64,0.72,9.0,9.0,8.0,1.125,1.0,0.4228395061728395,125.03284671532846,96.0,168.0
resin,4562,202.0,0.10342400000000002,7.279768728154169,582.3814982523335,102.66336633663366,121.75247524752476,86.70792079207921,8.213069306930693,9.74019801980198,6.936633663366337,10,9,6,0.8,0.72,0.48,10.0,9.0,6.0,1.6666666666666667,1.1111111111111112,0.37407407407407406,128.2970297029703,96.0,168.0
resin,4564,128.0,0.06553600000000001,6.252741134374175,500.21929074993403,100.078125,141.8203125,188.4765625,8.00625,11.345625,15.078125,6,8,9,0.48,0.64,0.72,9.0,8.0,6.0,1.5,1.125,0.2962962962962963,144.78125,123.0,168.0
resin,4567,259.0,0.13260800000000003,7.908614025084603,632.6891220067682,102.28185328185329,159.5096525096525,46.03088803088803,8.182548262548263,12.760772200772202,3.6824710424710423,10,9,8,0.8,0.72,0.64,10.0,9.0,8.0,1.25,1.1111111111111112,0.3597222222222222,126.89189189189189,90.0,168.0
resin,4569,118.0,0.06041600000000001,6.085474706375493,486.8379765100394,101.42372881355932,166.32203389830508,153.09322033898306,8.113898305084746,13.305762711864407,12.247457627118646,7,7,7,0.56,0.56,0.56,7.0,7.0,7.0,1.0,1.0,0.34402332361516036,131.9322033898305,91.0,168.0
resin,4577,184.0,0.09420800000000001,7.0567771080140504,564.542168641124,102.32608695652173,15.5,23.918478260869566,8.18608695652174,1.24,1.9134782608695653,8,8,8,0.64,0.64,0.64,8.0,8.0,8.0,1.0,1.0,0.359375,126.71739130434783,93.0,168.0
resin,4590,398.0,0.20377600000000004,9.126301592353913,730.104127388313,102.87185929648241,101.0,79.39195979899498,8.229748743718593,8.08,6.351356783919599,9,11,9,0.72,0.88,0.72,11.0,9.0,9.0,1.2222222222222223,1.2222222222222223,0.44668911335578004,123.16331658291458,92.0,168.0
resin,4592,323.0,0.16537600000000002,8.51271250919745,681.0170007357959,102.9969040247678,101.14860681114551,196.3374613003096,8.239752321981424,8.091888544891642,15.706996904024768,9,10,10,0.72,0.8,0.8,10.0,10.0,9.0,1.1111111111111112,1.0,0.35888888888888887,122.63467492260062,89.0,168.0
resin,4596,246.0,0.125952,7.774017159882491,621.9213727905993,103.65447154471545,142.33333333333334,77.85365853658537,8.292357723577236,11.386666666666668,6.2282926829268295,9,11,11,0.72,0.88,0.88,11.0,11.0,9.0,1.2222222222222223,1.0,0.22589531680440772,140.33333333333334,95.0,168.0
resin,4627,881.0,0.4510720000000001,11.893940512155634,951.5152409724508,108.57321225879681,97.24063564131669,103.45062429057889,8.685856980703745,7.779250851305335,8.276049943246312,17,15,13,1.36,1.2,1.04,17.0,15.0,13.0,1.3076923076923077,1.1333333333333333,0.26576168929110106,124.58569807037458,90.0,168.0
resin,4640,90.0,0.04608000000000001,5.560083268891276,444.8066615113021,105.03333333333333,17.81111111111111,186.45555555555555,8.402666666666667,1.4248888888888889,14.916444444444444,8,7,5,0.64,0.56,0.4,8.0,7.0,5.0,1.6,1.1428571428571428,0.32142857142857145,136.94444444444446,101.0,168.0
resin,4642,236.0,0.12083200000000002,7.667217681165305,613.3774144932245,105.88135593220339,44.23728813559322,163.36016949152543,8.470508474576272,3.5389830508474573,13.068813559322034,12,14,7,0.96,1.12,0.56,14.0,12.0,7.0,2.0,1.1666666666666667,0.20068027210884354,130.16949152542372,94.0,168.0
resin,4656,205.0,0.10496000000000001,7.315630236588791,585.2504189271033,104.6829268292683,6.980487804878049,85.30731707317074,8.374634146341464,0.558439024390244,6.824585365853659,6,9,9,0.48,0.72,0.72,9.0,9.0,6.0,1.5,1.0,0.4218106995884774,126.49268292682927,91.0,168.0
resin,4676,138.0,0.07065600000000001,6.411507500999382,512.9206000799505,105.67391304347827,115.43478260869566,200.2173913043478,8.453913043478261,9.234782608695653,16.017391304347825,8,13,4,0.64,1.04,0.32,13.0,8.0,4.0,3.25,1.625,0.3317307692307692,127.84057971014492,92.0,168.0
resin,4695,225.0,0.11520000000000002,7.546193987406538,603.695518992523,107.12,2.1733333333333333,9.595555555555556,8.569600000000001,0.17386666666666667,0.7676444444444446,9,7,9,0.72,0.56,0.72,9.0,9.0,7.0,1.2857142857142858,1.0,0.3968253968253968,124.45777777777778,93.0,168.0
resin,4697,258.0,0.13209600000000002,7.898422500875398,631.8738000700318,108.35271317829458,8.484496124031008,32.713178294573645,8.668217054263566,0.6787596899224806,2.6170542635658918,13,9,11,1.04,0.72,0.88,13.0,11.0,9.0,1.4444444444444444,1.1818181818181819,0.20046620046620048,140.1705426356589,88.0,168.0
resin,4702,178.0,0.09113600000000001,6.9792238284142,558.337906273136,107.23033707865169,28.46067415730337,177.61797752808988,8.578426966292135,2.27685393258427,14.20943820224719,9,7,8,0.72,0.56,0.64,9.0,8.0,7.0,1.2857142857142858,1.125,0.3531746031746032,142.53370786516854,111.0,168.0
resin,4703,156.0,0.07987200000000001,6.678957173048376,534.3165738438701,107.16666666666667,37.08974358974359,169.48717948717947,8.573333333333334,2.967179487179487,13.558974358974359,11,7,7,0.88,0.56,0.56,11.0,7.0,7.0,1.5714285714285714,1.5714285714285714,0.2894248608534323,142.82051282051282,96.0,168.0
resin,4725,255.0,0.13056,7.867689028577134,629.4151222861707,109.6078431372549,175.81176470588235,142.6705882352941,8.768627450980393,14.064941176470589,11.413647058823528,15,5,12,1.2,0.4,0.96,15.0,12.0,5.0,3.0,1.25,0.2833333333333333,134.42745098039217,91.0,168.0
resin,4728,144.0,0.07372800000000002,6.503112841671467,520.2490273337174,108.38888888888889,1.0,194.11805555555554,8.671111111111111,0.08,15.529444444444444,9,4,13,0.72,0.32,1.04,13.0,9.0,4.0,3.25,1.4444444444444444,0.3076923076923077,132.54861111111111,93.0,168.0
resin,4734,215.0,0.11008000000000003,7.432700144648346,594.6160115718677,107.14883720930233,24.372093023255815,139.33023255813953,8.571906976744186,1.9497674418604651,11.146418604651162,8,8,9,0.64,0.64,0.72,9.0,8.0,8.0,1.125,1.125,0.3732638888888889,127.1767441860465,96.0,168.0
resin,4739,896.0,0.45875200000000005,11.961063493747961,956.8850794998368,112.99441964285714,78.95089285714286,2.8560267857142856,9.039553571428572,6.316071428571429,0.22848214285714286,22,19,8,1.76,1.52,0.64,22.0,19.0,8.0,2.75,1.1578947368421053,0.2679425837320574,128.87834821428572,89.0,168.0
resin,4760,630.0,0.32256000000000007,10.63605666387316,850.8845331098529,110.17142857142858,51.87301587301587,10.695238095238095,8.813714285714287,4.14984126984127,0.8556190476190476,13,17,20,1.04,1.36,1.6,20.0,17.0,13.0,1.5384615384615385,1.1764705882352942,0.1425339366515837,133.92222222222222,90.0,168.0
resin,4766,527.0,0.26982400000000006,10.021606150847349,801.7284920677879,110.07779886148008,79.55977229601518,143.80645161290323,8.806223908918406,6.364781783681215,11.50451612903226,11,16,12,0.88,1.28,0.96,16.0,12.0,11.0,1.4545454545454546,1.3333333333333333,0.24952651515151514,129.37571157495256,92.0,168.0
resin,4768,318.0,0.16281600000000002,8.468558642058058,677.4846913646446,111.97798742138365,95.58490566037736,74.47169811320755,8.958238993710692,7.646792452830189,5.957735849056604,13,12,11,1.04,0.96,0.88,13.0,12.0,11.0,1.1818181818181819,1.0833333333333333,0.1853146853146853,131.53773584905662,89.0,168.0
resin,4776,208.0,0.10649600000000002,7.351143561296219,588.0914849036975,108.78846153846153,168.05769230769232,151.875,8.703076923076923,13.444615384615386,12.15,8,7,11,0.64,0.56,0.88,11.0,8.0,7.0,1.5714285714285714,1.375,0.33766233766233766,133.34134615384616,88.0,168.0
resin,4783,1282.0,0.6563840000000001,13.478134966165358,1078.2507972932287,119.32995319812792,9.604524180967239,157.0889235569423,9.546396255850235,0.7683619344773791,12.567113884555383,24,18,15,1.92,1.44,1.2,24.0,18.0,15.0,1.6,1.3333333333333333,0.19783950617283952,128.36973478939157,88.0,168.0
resin,4784,119.0,0.06092800000000001,6.102616979201714,488.2093583361371,109.03361344537815,16.907563025210084,109.45378151260505,8.722689075630253,1.3526050420168068,8.756302521008404,9,7,7,0.72,0.56,0.56,9.0,7.0,7.0,1.2857142857142858,1.2857142857142858,0.2698412698412698,141.2436974789916,92.0,167.0
resin,4785,268.0,0.13721600000000003,7.999178545777086,639.9342836621669,109.40671641791045,13.902985074626866,144.24253731343285,8.752537313432835,1.1122388059701493,11.539402985074629,8,8,8,0.64,0.64,0.64,8.0,8.0,8.0,1.0,1.0,0.5234375,122.45149253731343,90.0,167.0
resin,4791,242.0,0.12390400000000001,7.731651102653187,618.532088212255,110.14876033057851,51.289256198347104,134.62809917355372,8.811900826446282,4.103140495867768,10.770247933884297,10,10,9,0.8,0.8,0.72,10.0,10.0,9.0,1.1111111111111112,1.0,0.2688888888888889,145.0206611570248,114.0,168.0
resin,4795,266.0,0.13619200000000004,7.979230386796232,638.3384309436985,111.76691729323308,62.19924812030075,193.04511278195488,8.941353383458646,4.97593984962406,15.443609022556391,11,8,14,0.88,0.64,1.12,14.0,11.0,8.0,1.75,1.2727272727272727,0.2159090909090909,133.98496240601503,96.0,168.0
resin,4797,189.0,0.09676800000000002,7.1201267897377285,569.6101431790182,108.47619047619048,64.2010582010582,144.40740740740742,8.678095238095239,5.136084656084656,11.552592592592594,7,9,10,0.56,0.72,0.8,10.0,9.0,7.0,1.4285714285714286,1.1111111111111112,0.3,131.24338624338625,88.0,168.0
resin,4802,185.0,0.09472000000000001,7.0695380347374215,565.5630427789937,111.44324324324324,89.32972972972973,57.75675675675676,8.91545945945946,7.146378378378379,4.62054054054054,11,10,7,0.88,0.8,0.56,11.0,10.0,7.0,1.5714285714285714,1.1,0.24025974025974026,146.8108108108108,119.0,168.0
resin,4814,256.0,0.13107200000000002,7.877960174741571,630.2368139793257,109.609375,169.67578125,1.9921875,8.76875,13.5740625,0.15937500000000002,8,8,6,0.64,0.64,0.48,8.0,8.0,6.0,1.3333333333333333,1.0,0.6666666666666666,121.359375,90.0,167.0
resin,4829,1299.0,0.6650880000000001,13.537449293438986,1082.9959434751188,119.7782909930716,33.25789068514242,184.34719014626637,9.582263279445728,2.6606312548113937,14.74777521170131,26,18,22,2.08,1.44,1.76,26.0,22.0,18.0,1.4444444444444444,1.1818181818181819,0.12616550116550115,129.21555042340262,88.0,168.0
resin,4842,282.0,0.144384,8.136110319695444,650.8888255756356,110.43617021276596,126.92553191489361,107.04964539007092,8.834893617021278,10.15404255319149,8.563971631205673,11,11,11,0.88,0.88,0.88,11.0,11.0,11.0,1.0,1.0,0.21187077385424494,130.19148936170214,94.0,168.0
resin,4850,229.0,0.11724800000000002,7.590649763967882,607.2519811174305,111.68558951965065,2.510917030567686,60.86899563318777,8.934847161572051,0.20087336244541487,4.869519650655022,8,7,8,0.64,0.56,0.64,8.0,8.0,7.0,1.1428571428571428,1.0,0.5111607142857143,123.04366812227074,91.0,168.0
resin,4857,570.0,0.29184000000000004,10.287079065364845,822.9663252291875,112.5280701754386,12.008771929824562,21.378947368421052,9.002245614035088,0.960701754385965,1.7103157894736842,10,16,12,0.8,1.28,0.96,16.0,12.0,10.0,1.6,1.3333333333333333,0.296875,123.37543859649122,89.0,168.0
resin,4867,219.0,0.11212800000000002,7.478511471637478,598.2809177309982,113.76712328767124,82.8310502283105,192.4337899543379,9.1013698630137,6.62648401826484,15.394703196347033,10,8,8,0.8,0.64,0.64,10.0,8.0,8.0,1.25,1.25,0.3421875,125.53424657534246,92.0,168.0
resin,4877,158.0,0.08089600000000001,6.7073786097756045,536.5902887820483,111.55696202531645,175.84177215189874,10.689873417721518,8.924556962025317,14.067341772151899,0.8551898734177215,8,5,8,0.64,0.4,0.64,8.0,8.0,5.0,1.6,1.0,0.49375,124.33544303797468,88.0,167.0
resin,4881,621.0,0.31795200000000007,10.585165662021076,846.8132529616861,117.8840579710145,5.033816425120773,5.115942028985507,9.43072463768116,0.40270531400966186,0.40927536231884054,15,12,14,1.2,0.96,1.12,15.0,14.0,12.0,1.25,1.0714285714285714,0.24642857142857144,120.84702093397746,89.0,168.0
resin,4890,116.0,0.05939200000000001,6.050897399235387,484.071791938831,111.36206896551724,70.13793103448276,102.18103448275862,8.908965517241379,5.611034482758621,8.17448275862069,6,6,7,0.48,0.48,0.56,7.0,6.0,6.0,1.1666666666666667,1.1666666666666667,0.4603174603174603,143.22413793103448,117.0,168.0
resin,4891,111.0,0.05683200000000001,5.962679307090674,477.01434456725394,111.83783783783784,71.53153153153153,109.11711711711712,8.947027027027028,5.722522522522523,8.729369369369369,6,8,5,0.48,0.64,0.4,8.0,6.0,5.0,1.6,1.3333333333333333,0.4625,134.2972972972973,101.0,167.0
resin,4906,401.0,0.20531200000000002,9.14917462433869,731.9339699470952,118.18703241895261,175.12718204488777,175.48379052369077,9.454962593516209,14.010174563591022,14.038703241895263,21,7,12,1.68,0.56,0.96,21.0,12.0,7.0,3.0,1.75,0.22732426303854875,125.16708229426433,88.0,168.0
resin,4917,752.0,0.3850240000000001,11.282527639042765,902.6022111234213,117.74601063829788,61.45744680851064,134.10106382978722,9.41968085106383,4.916595744680851,10.728085106382977,17,12,20,1.36,0.96,1.6,20.0,17.0,12.0,1.6666666666666667,1.1764705882352942,0.1843137254901961,141.1037234042553,96.0,168.0
resin,4935,392.0,0.20070400000000002,9.08020837425491,726.4166699403928,118.26020408163265,2.104591836734694,47.984693877551024,9.460816326530612,0.16836734693877553,3.838775510204082,15,7,13,1.2,0.56,1.04,15.0,13.0,7.0,2.142857142857143,1.1538461538461537,0.28717948717948716,131.10714285714286,90.0,168.0
resin,4955,237.0,0.12134400000000002,7.678031824807701,614.2425459846161,114.49367088607595,141.52742616033754,173.70886075949366,9.159493670886077,11.322194092827003,13.896708860759492,8,8,8,0.64,0.64,0.64,8.0,8.0,8.0,1.0,1.0,0.462890625,127.48101265822785,94.0,168.0
resin,4965,193.0,0.09881600000000001,7.17000671219614,573.6005369756912,115.19170984455958,3.94300518134715,97.31088082901555,9.215336787564766,0.315440414507772,7.784870466321244,8,7,8,0.64,0.56,0.64,8.0,8.0,7.0,1.1428571428571428,1.0,0.43080357142857145,125.21761658031087,92.0,168.0
resin,4972,283.0,0.14489600000000002,8.14571612592436,651.6572900739487,116.01413427561837,53.02826855123675,199.67137809187278,9.28113074204947,4.24226148409894,15.973710247349823,10,16,6,0.8,1.28,0.48,16.0,10.0,6.0,2.6666666666666665,1.6,0.2947916666666667,124.09187279151944,89.0,168.0
resin,4974,1882.0,0.9635840000000001,15.318174018889874,1225.45392151119,124.41073326248672,71.56163655685441,195.6886291179596,9.952858660998938,5.724930924548353,15.655090329436769,27,23,15,2.16,1.84,1.2,27.0,23.0,15.0,1.8,1.173913043478261,0.2020397208803006,124.97768331562168,88.0,168.0
resin,4983,105.0,0.05376000000000001,5.853247553205011,468.2598042564009,115.27619047619048,103.81904761904762,72.67619047619047,9.222095238095239,8.30552380952381,5.814095238095238,8,8,5,0.64,0.64,0.4,8.0,8.0,5.0,1.6,1.0,0.328125,134.02857142857144,103.0,168.0
resin,4994,1879.0,0.9620480000000001,15.310030384171142,1224.8024307336914,123.54976051091006,172.8158594997339,94.28100053219798,9.883980840872805,13.825268759978712,7.542480042575838,26,12,32,2.08,0.96,2.56,32.0,26.0,12.0,2.6666666666666665,1.2307692307692308,0.1882011217948718,131.37094199042045,89.0,168.0
resin,4997,148.0,0.07577600000000001,6.562777760167609,525.0222208134087,119.45945945945945,176.11486486486487,69.80405405405405,9.556756756756757,14.08918918918919,5.584324324324324,14,5,11,1.12,0.4,0.88,14.0,11.0,5.0,2.8,1.2727272727272727,0.19220779220779222,143.7027027027027,89.0,168.0
resin,5012,151.0,0.07731200000000002,6.606824566768998,528.5459653415198,116.19205298013244,93.17218543046357,44.24503311258278,9.295364238410595,7.453774834437086,3.5396026490066226,7,7,7,0.56,0.56,0.56,7.0,7.0,7.0,1.0,1.0,0.4402332361516035,130.19205298013244,103.0,167.0
resin,5019,108.0,0.05529600000000001,5.908470131056179,472.67761048449427,116.54629629629629,118.24074074074075,63.74074074074074,9.323703703703703,9.45925925925926,5.099259259259259,9,7,5,0.72,0.56,0.4,9.0,7.0,5.0,1.8,1.2857142857142858,0.34285714285714286,138.17592592592592,105.0,168.0
resin,5032,102.0,0.052224000000000007,5.796962840557109,463.7570272445687,117.00980392156863,69.98039215686275,186.63725490196077,9.36078431372549,5.59843137254902,14.930980392156862,7,6,8,0.56,0.48,0.64,8.0,7.0,6.0,1.3333333333333333,1.1428571428571428,0.30357142857142855,130.76470588235293,95.0,168.0
resin,5039,611.0,0.31283200000000005,10.528040072456522,842.2432057965217,121.0229132569558,113.79214402618658,110.55319148936171,9.681833060556464,9.103371522094927,8.844255319148937,14,12,14,1.12,0.96,1.12,14.0,14.0,12.0,1.1666666666666667,1.0,0.25977891156462585,126.8657937806874,88.0,168.0
resin,5043,158.0,0.08089600000000001,6.7073786097756045,536.5902887820483,117.80379746835443,133.30379746835442,50.03164556962025,9.424303797468355,10.664303797468353,4.00253164556962,10,8,7,0.8,0.64,0.56,10.0,8.0,7.0,1.4285714285714286,1.25,0.28214285714285714,142.01898734177215,90.0,168.0
resin,5053,425.0,0.21760000000000004,9.328176809185312,746.2541447348249,118.76941176470588,10.59529411764706,42.985882352941175,9.50155294117647,0.8476235294117648,3.438870588235294,9,14,18,0.72,1.12,1.44,18.0,14.0,9.0,2.0,1.2857142857142858,0.18738977072310406,140.90588235294118,96.0,168.0
resin,5054,669.0,0.34252800000000005,10.851151620608976,868.092129648718,124.47085201793722,6.738415545590433,73.58893871449925,9.957668161434977,0.5390732436472346,5.88711509715994,20,12,18,1.6,0.96,1.44,20.0,18.0,12.0,1.6666666666666667,1.1111111111111112,0.15486111111111112,133.3034379671151,89.0,168.0
resin,5076,243.0,0.12441600000000003,7.742286124452896,619.3828899562317,118.55144032921811,157.3744855967078,199.01234567901236,9.48411522633745,12.589958847736625,15.920987654320989,8,8,6,0.64,0.64,0.48,8.0,8.0,6.0,1.3333333333333333,1.0,0.6328125,137.88477366255145,111.0,168.0
resin,5085,388.0,0.19865600000000003,9.049217660914156,723.9374128731324,119.17525773195877,10.59020618556701,58.75,9.534020618556701,0.8472164948453609,4.7,7,11,11,0.56,0.88,0.88,11.0,11.0,7.0,1.5714285714285714,1.0,0.45808736717827625,124.01546391752578,95.0,168.0
resin,5089,91.0,0.04659200000000001,5.580600367226721,446.4480293781377,118.74725274725274,48.395604395604394,112.06593406593407,9.49978021978022,3.8716483516483517,8.965274725274726,8,4,6,0.64,0.32,0.48,8.0,6.0,4.0,2.0,1.3333333333333333,0.4739583333333333,147.95604395604394,116.0,168.0
resin,5100,115.0,0.05888000000000001,6.033459557881385,482.67676463051083,118.62608695652175,153.2,191.45217391304348,9.49008695652174,12.256,15.316173913043478,7,6,8,0.56,0.48,0.64,8.0,7.0,6.0,1.3333333333333333,1.1428571428571428,0.34226190476190477,145.6695652173913,115.0,167.0
resin,5102,1913.0,0.9794560000000002,15.401822567249368,1232.1458053799495,130.50496602195506,164.10925248301098,92.10977522216415,10.440397281756404,13.128740198640878,7.368782017773132,28,21,41,2.24,1.68,3.2800000000000002,41.0,28.0,21.0,1.9523809523809523,1.4642857142857142,0.07935125269620043,134.9456351280711,88.0,168.0
resin,5107,1543.0,0.7900160000000002,14.336916897968136,1146.9533518374508,126.94361633182113,173.43162670123138,44.52689565780946,10.155489306545691,13.87453013609851,3.562151652624757,23,12,34,1.84,0.96,2.72,34.0,23.0,12.0,2.8333333333333335,1.4782608695652173,0.16442881500426257,128.4406999351912,89.0,168.0
resin,5111,106.0,0.05427200000000001,5.871770611970455,469.7416489576364,119.18867924528301,32.698113207547166,57.783018867924525,9.535094339622642,2.6158490566037735,4.622641509433962,5,6,11,0.4,0.48,0.88,11.0,6.0,5.0,2.2,1.8333333333333333,0.3212121212121212,132.39622641509433,100.0,168.0
resin,5120,354.0,0.18124800000000002,8.776773280386656,702.1418624309325,122.36158192090396,93.0,5.192090395480226,9.788926553672317,7.44,0.41536723163841804,11,11,14,0.88,0.88,1.12,14.0,11.0,11.0,1.2727272727272727,1.2727272727272727,0.2089728453364817,129.27966101694915,88.0,168.0
resin,5121,462.0,0.23654400000000003,9.591380444864102,767.3104355891281,123.95021645021644,93.01298701298701,72.93506493506493,9.916017316017316,7.441038961038961,5.834805194805194,13,12,20,1.04,0.96,1.6,20.0,13.0,12.0,1.6666666666666667,1.5384615384615385,0.14807692307692308,137.3896103896104,88.0,168.0
resin,5122,125.0,0.06400000000000002,6.203504908994,496.28039271951997,120.704,104.912,108.536,9.65632,8.39296,8.68288,8,9,8,0.64,0.72,0.64,9.0,8.0,8.0,1.125,1.125,0.2170138888888889,147.296,113.0,168.0
resin,5124,378.0,0.19353600000000004,8.970797620310972,717.6638096248778,122.02116402116403,107.45238095238095,126.65079365079364,9.761693121693122,8.596190476190475,10.132063492063493,11,9,11,0.88,0.72,0.88,11.0,11.0,9.0,1.2222222222222223,1.0,0.34710743801652894,141.3095238095238,105.0,168.0
resin,5134,104.0,0.05324800000000001,5.834606511185437,466.768520894835,120.35576923076923,176.16346153846155,43.95192307692308,9.628461538461538,14.093076923076923,3.5161538461538466,8,4,7,0.64,0.32,0.56,8.0,7.0,4.0,2.0,1.1428571428571428,0.4642857142857143,125.76923076923077,94.0,168.0
resin,5135,189.0,0.09676800000000002,7.1201267897377285,569.6101431790182,121.91005291005291,1.3015873015873016,63.544973544973544,9.752804232804234,0.10412698412698414,5.083597883597884,9,5,8,0.72,0.4,0.64,9.0,8.0,5.0,1.8,1.125,0.525,121.6137566137566,89.0,168.0
resin,5138,313.0,0.16025600000000004,8.42393948619934,673.9151588959471,124.92012779552715,6.63258785942492,89.73162939297124,9.993610223642172,0.5306070287539936,7.1785303514377,13,11,7,1.04,0.88,0.56,13.0,11.0,7.0,1.8571428571428572,1.1818181818181819,0.3126873126873127,126.84345047923323,92.0,168.0
resin,5139,106.0,0.05427200000000001,5.871770611970455,469.7416489576364,121.45283018867924,17.452830188679247,148.75471698113208,9.71622641509434,1.3962264150943398,11.900377358490566,8,6,7,0.64,0.48,0.56,8.0,7.0,6.0,1.3333333333333333,1.1428571428571428,0.31547619047619047,145.91509433962264,117.0,168.0
resin,5141,718.0,0.36761600000000005,11.109860538794265,888.7888431035412,124.64345403899722,31.516713091922007,152.08774373259052,9.971476323119777,2.5213370473537604,12.167019498607242,14,23,12,1.12,1.84,0.96,23.0,14.0,12.0,1.9166666666666667,1.6428571428571428,0.18581780538302278,128.12116991643455,89.0,168.0
resin,5145,486.0,0.24883200000000005,9.754669262507202,780.3735410005761,124.7119341563786,62.390946502057616,115.88271604938272,9.976954732510288,4.99127572016461,9.270617283950617,13,15,13,1.04,1.2,1.04,15.0,13.0,13.0,1.1538461538461537,1.1538461538461537,0.19171597633136095,127.42181069958848,94.0,168.0
resin,5162,342.0,0.17510400000000004,8.676458514270498,694.1166811416399,122.99415204678363,54.900584795321635,120.40058479532163,9.83953216374269,4.392046783625731,9.63204678362573,9,12,8,0.72,0.96,0.64,12.0,9.0,8.0,1.5,1.3333333333333333,0.3958333333333333,126.02631578947368,91.0,168.0
resin,5186,191.0,0.09779200000000002,7.145153803210064,571.6123042568051,123.6020942408377,52.361256544502616,162.41361256544502,9.888167539267016,4.18890052356021,12.993089005235602,9,7,8,0.72,0.56,0.64,9.0,8.0,7.0,1.2857142857142858,1.125,0.37896825396825395,125.6020942408377,93.0,168.0
resin,5188,156.0,0.07987200000000001,6.678957173048376,534.3165738438701,123.81410256410257,74.51923076923077,73.67307692307692,9.905128205128205,5.961538461538462,5.8938461538461535,9,6,7,0.72,0.48,0.56,9.0,7.0,6.0,1.5,1.2857142857142858,0.4126984126984127,129.84615384615384,93.0,168.0
resin,5189,90.0,0.04608000000000001,5.560083268891276,444.8066615113021,122.34444444444445,81.8,176.38888888888889,9.787555555555556,6.544,14.11111111111111,6,7,7,0.48,0.56,0.56,7.0,7.0,6.0,1.1666666666666667,1.0,0.30612244897959184,133.74444444444444,97.0,168.0
resin,5191,610.0,0.31232000000000004,10.522293324550258,841.7834659640207,127.95081967213115,91.47868852459017,161.2016393442623,10.236065573770492,7.3182950819672135,12.896131147540984,14,14,17,1.12,1.12,1.36,17.0,14.0,14.0,1.2142857142857142,1.2142857142857142,0.18307322929171668,130.91311475409836,93.0,168.0
resin,5192,344.0,0.17612800000000003,8.69333882630764,695.4671061046112,128.2325581395349,107.84302325581395,102.74418604651163,10.258604651162791,8.627441860465115,8.21953488372093,15,10,9,1.2,0.8,0.72,15.0,10.0,9.0,1.6666666666666667,1.5,0.2548148148148148,131.76162790697674,93.0,168.0
resin,5203,469.0,0.24012800000000004,9.639579145930556,771.1663316744445,128.03411513859274,169.87846481876332,64.87633262260128,10.24272921108742,13.590277185501066,5.190106609808103,17,12,11,1.36,0.96,0.88,17.0,12.0,11.0,1.5454545454545454,1.4166666666666667,0.2090017825311943,135.37313432835822,94.0,168.0
resin,5206,135.0,0.06912000000000001,6.364706507682331,509.1765206145865,122.98518518518519,16.16296296296296,24.822222222222223,9.838814814814816,1.293037037037037,1.9857777777777779,5,9,10,0.4,0.72,0.8,10.0,9.0,5.0,2.0,1.1111111111111112,0.3,145.7925925925926,107.0,168.0
resin,5228,86.0,0.04403200000000001,5.476460290566693,438.1168232453354,125.69767441860465,0.47674418604651164,144.53488372093022,10.055813953488371,0.03813953488372093,11.562790697674417,8,3,12,0.64,0.24,0.96,12.0,8.0,3.0,4.0,1.5,0.2986111111111111,127.93023255813954,89.0,168.0
resin,5229,146.0,0.07475200000000001,6.53308152692881,522.6465221543048,127.18493150684931,13.219178082191782,85.96575342465754,10.174794520547945,1.0575342465753426,6.8772602739726025,9,7,8,0.72,0.56,0.64,9.0,8.0,7.0,1.2857142857142858,1.125,0.2896825396825397,144.5068493150685,104.0,168.0
resin,5236,677.0,0.34662400000000004,10.89423356770855,871.5386854166841,129.94091580502214,37.15509601181684,64.10635155096011,10.395273264401771,2.9724076809453472,5.128508124076809,16,16,20,1.28,1.28,1.6,20.0,16.0,16.0,1.25,1.25,0.1322265625,132.589364844904,88.0,168.0
resin,5246,293.0,0.15001600000000004,8.240552539726075,659.244203178086,125.57337883959045,125.38225255972696,38.50511945392491,10.045870307167236,10.030580204778158,3.080409556313993,8,8,8,0.64,0.64,0.64,8.0,8.0,8.0,1.0,1.0,0.572265625,125.08532423208192,95.0,167.0
resin,5274,111.0,0.05683200000000001,5.962679307090674,477.01434456725394,125.88288288288288,139.11711711711712,78.43243243243244,10.07063063063063,11.12936936936937,6.274594594594595,6,6,6,0.48,0.48,0.48,6.0,6.0,6.0,1.0,1.0,0.5138888888888888,130.4954954954955,92.0,168.0
resin,5276,94.0,0.04812800000000001,5.641263819521383,451.30110556171064,125.42553191489361,146.8404255319149,54.148936170212764,10.034042553191489,11.747234042553192,4.3319148936170215,6,7,5,0.48,0.56,0.4,7.0,6.0,5.0,1.4,1.1666666666666667,0.44761904761904764,135.9468085106383,89.0,168.0
resin,5292,316.0,0.16179200000000002,8.450767500070894,676.0614000056715,128.5506329113924,69.24683544303798,47.38607594936709,10.284050632911391,5.539746835443038,3.790886075949367,10,10,12,0.8,0.8,0.96,12.0,10.0,10.0,1.2,1.2,0.2633333333333333,137.02215189873417,96.0,168.0
resin,5293,340.0,0.17408000000000004,8.659512263096044,692.7609810476836,127.7235294117647,71.05882352941177,181.5,10.217882352941176,5.684705882352942,14.52,8,10,8,0.64,0.8,0.64,10.0,8.0,8.0,1.25,1.25,0.53125,138.0441176470588,105.0,168.0
resin,5294,124.0,0.06348800000000002,6.1869179183107725,494.9534334648618,126.54838709677419,70.99193548387096,95.91129032258064,10.123870967741935,5.679354838709677,7.672903225806452,6,7,7,0.48,0.56,0.56,7.0,7.0,6.0,1.1666666666666667,1.0,0.4217687074829932,145.7258064516129,121.0,167.0
resin,5298,815.0,0.4172800000000001,11.589187664370362,927.135013149629,131.10552147239264,111.3558282208589,7.211042944785276,10.488441717791412,8.908466257668712,0.5768834355828221,16,19,12,1.28,1.52,0.96,19.0,16.0,12.0,1.5833333333333333,1.1875,0.22341008771929824,133.22085889570553,93.0,168.0
resin,5310,175.0,0.08960000000000001,6.939792343839249,555.18338750714,128.96,76.02857142857142,1.9942857142857142,10.3168,6.082285714285714,0.15954285714285715,8,7,6,0.64,0.56,0.48,8.0,7.0,6.0,1.3333333333333333,1.1428571428571428,0.5208333333333334,124.14857142857143,92.0,168.0
resin,5342,344.0,0.17612800000000003,8.69333882630764,695.4671061046112,131.38953488372093,105.59593023255815,165.54941860465115,10.511162790697675,8.447674418604652,13.243953488372092,11,13,8,0.88,1.04,0.64,13.0,11.0,8.0,1.625,1.1818181818181819,0.3006993006993007,126.2936046511628,93.0,168.0
resin,5343,441.0,0.22579200000000005,9.443797274614035,755.5037819691228,133.04308390022675,106.55328798185941,72.55328798185941,10.64344671201814,8.524263038548753,5.804263038548753,17,11,11,1.36,0.88,0.88,17.0,11.0,11.0,1.5454545454545454,1.5454545454545454,0.21438988818667962,126.86848072562358,88.0,168.0
resin,5344,328.0,0.16793600000000003,8.556413031196804,684.5130424957443,131.4359756097561,120.71036585365853,94.13414634146342,10.514878048780488,9.656829268292682,7.530731707317074,12,12,10,0.96,0.96,0.8,12.0,12.0,10.0,1.2,1.0,0.22777777777777777,141.89634146341464,105.0,168.0
resin,5346,440.0,0.22528000000000004,9.43665370360164,754.9322962881313,130.6409090909091,137.8909090909091,56.29772727272727,10.451272727272729,11.031272727272729,4.503818181818182,10,9,10,0.8,0.72,0.8,10.0,10.0,9.0,1.1111111111111112,1.0,0.4888888888888889,121.26818181818182,92.0,168.0
resin,5356,99.0,0.05068800000000001,5.7395633987581025,459.1650719006482,130.84848484848484,38.21212121212121,136.8989898989899,10.467878787878787,3.056969696969697,10.951919191919192,10,7,6,0.8,0.56,0.48,10.0,7.0,6.0,1.6666666666666667,1.4285714285714286,0.2357142857142857,135.03030303030303,93.0,168.0
resin,5362,111.0,0.05683200000000001,5.962679307090674,477.01434456725394,129.7117117117117,62.153153153153156,19.54054054054054,10.376936936936936,4.972252252252253,1.5632432432432433,6,6,6,0.48,0.48,0.48,6.0,6.0,6.0,1.0,1.0,0.5138888888888888,142.5855855855856,118.0,168.0
resin,5376,155.0,0.07936000000000001,6.664655293794288,533.1724235035431,131.1032258064516,15.12258064516129,62.52903225806452,10.48825806451613,1.2098064516129032,5.002322580645162,7,11,8,0.56,0.88,0.64,11.0,8.0,7.0,1.5714285714285714,1.375,0.25162337662337664,133.7741935483871,99.0,168.0
resin,5382,803.0,0.41113600000000006,11.532026746571288,922.5621397257031,133.95890410958904,44.300124533001245,72.38356164383562,10.716712328767123,3.5440099626400996,5.79068493150685,13,19,10,1.04,1.52,0.8,19.0,13.0,10.0,1.9,1.4615384615384615,0.32510121457489877,123.47696139476962,91.0,168.0
resin,5384,205.0,0.10496000000000001,7.315630236588791,585.2504189271033,132.46341463414635,65.08780487804879,1.7170731707317073,10.597073170731708,5.207024390243903,0.1373658536585366,12,13,6,0.96,1.04,0.48,13.0,12.0,6.0,2.1666666666666665,1.0833333333333333,0.21901709401709402,127.84878048780487,89.0,168.0
resin,5395,201.0,0.10291200000000002,7.267736030636296,581.4188824509038,130.86069651741295,167.4825870646766,162.53233830845772,10.468855721393036,13.398606965174128,13.002587064676618,7,9,9,0.56,0.72,0.72,9.0,9.0,7.0,1.2857142857142858,1.0,0.3544973544973545,129.24875621890547,91.0,168.0
resin,5399,387.0,0.19814400000000004,9.041436730455773,723.3149384364618,134.21447028423773,49.05167958656331,16.400516795865634,10.73715762273902,3.924134366925065,1.3120413436692508,11,14,10,0.88,1.12,0.8,14.0,11.0,10.0,1.4,1.2727272727272727,0.2512987012987013,127.85529715762274,90.0,168.0
resin,5402,1037.0,0.5309440000000001,12.558180223379953,1004.6544178703962,135.88331726133077,71.7917068466731,71.10221793635488,10.870665380906463,5.743336547733848,5.68817743490839,15,17,18,1.2,1.36,1.44,18.0,17.0,15.0,1.2,1.0588235294117647,0.22592592592592592,129.5361620057859,88.0,168.0
resin,5405,828.0,0.4239360000000001,11.650482311163707,932.0385848930965,135.59420289855072,89.81159420289855,190.27053140096618,10.847536231884058,7.184927536231884,15.221642512077295,18,14,16,1.44,1.12,1.28,18.0,16.0,14.0,1.2857142857142858,1.125,0.20535714285714285,123.79347826086956,88.0,168.0
resin,5414,132.0,0.067584,6.317206927705878,505.37655421647025,132.9318181818182,123.18939393939394,0.7196969696969697,10.634545454545455,9.855151515151515,0.05757575757575758,9,9,3,0.72,0.72,0.24,9.0,9.0,3.0,3.0,1.0,0.5432098765432098,120.46969696969697,88.0,168.0
resin,5420,1272.0,0.6512640000000001,13.442998897057347,1075.4399117645878,140.30896226415095,148.35377358490567,141.8003144654088,11.224716981132076,11.868301886792453,11.344025157232705,27,25,15,2.16,2.0,1.2,27.0,25.0,15.0,1.8,1.08,0.12562962962962962,126.60220125786164,88.0,168.0
resin,5425,165.0,0.08448000000000001,6.805004874579641,544.4003899663712,132.61212121212122,35.084848484848486,19.89090909090909,10.608969696969698,2.806787878787879,1.5912727272727274,7,6,9,0.56,0.48,0.72,9.0,7.0,6.0,1.5,1.2857142857142858,0.4365079365079365,143.63030303030303,108.0,167.0
resin,5437,179.0,0.09164800000000002,6.992269136954583,559.3815309563666,133.6368715083799,127.10055865921788,135.95530726256985,10.690949720670393,10.16804469273743,10.876424581005589,8,8,8,0.64,0.64,0.64,8.0,8.0,8.0,1.0,1.0,0.349609375,142.78212290502793,119.0,168.0
resin,5449,176.0,0.09011200000000001,6.952985897165982,556.2388717732786,133.98863636363637,59.89772727272727,115.5340909090909,10.71909090909091,4.791818181818182,9.242727272727272,7,7,6,0.56,0.56,0.48,7.0,7.0,6.0,1.1666666666666667,1.0,0.5986394557823129,126.17045454545455,91.0,167.0
resin,5455,259.0,0.13260800000000003,7.908614025084603,632.6891220067682,136.34362934362935,90.62934362934362,64.89189189189189,10.907490347490349,7.25034749034749,5.191351351351351,10,13,8,0.8,1.04,0.64,13.0,10.0,8.0,1.625,1.3,0.24903846153846154,138.4942084942085,96.0,168.0
resin,5481,396.0,0.20275200000000004,9.110988977026786,728.8791181621428,136.7070707070707,110.32323232323232,49.58080808080808,10.936565656565657,8.825858585858585,3.966464646464647,11,12,9,0.88,0.96,0.72,12.0,11.0,9.0,1.3333333333333333,1.0909090909090908,0.3333333333333333,134.010101010101,96.0,168.0
resin,5482,188.0,0.09625600000000002,7.107547034225343,568.6037627380274,135.4255319148936,130.0,101.12234042553192,10.83404255319149,10.4,8.089787234042554,8,9,7,0.64,0.72,0.56,9.0,8.0,7.0,1.2857142857142858,1.125,0.373015873015873,130.88829787234042,96.0,168.0
resin,5484,108.0,0.05529600000000001,5.908470131056179,472.67761048449427,134.44444444444446,132.60185185185185,180.53703703703704,10.755555555555556,10.608148148148148,14.442962962962964,6,6,7,0.48,0.48,0.56,7.0,6.0,6.0,1.1666666666666667,1.1666666666666667,0.42857142857142855,141.72222222222223,118.0,168.0
resin,5487,286.0,0.14643200000000003,8.174398461619802,653.9518769295842,136.03146853146853,142.75174825174824,102.79020979020979,10.882517482517484,11.420139860139859,8.223216783216783,9,8,9,0.72,0.64,0.72,9.0,9.0,8.0,1.125,1.0,0.44135802469135804,127.10839160839161,92.0,168.0
resin,5492,97.0,0.04966400000000001,5.700649908033096,456.0519926426477,135.49484536082474,23.61855670103093,62.78350515463917,10.83958762886598,1.8894845360824744,5.022680412371134,6,6,5,0.48,0.48,0.4,6.0,6.0,5.0,1.2,1.0,0.5388888888888889,143.30927835051546,120.0,168.0
resin,5499,253.0,0.129536,7.84706589590428,627.7652716723425,136.77470355731225,85.79446640316206,147.3675889328063,10.94197628458498,6.863557312252965,11.789407114624506,12,13,13,0.96,1.04,1.04,13.0,13.0,12.0,1.0833333333333333,1.0,0.1247534516765286,133.89723320158103,89.0,168.0
resin,5511,270.0,0.13824000000000003,8.019027705431855,641.5222164345483,137.31851851851852,4.307407407407408,149.0851851851852,10.985481481481482,0.3445925925925926,11.926814814814817,8,9,7,0.64,0.72,0.56,9.0,8.0,7.0,1.2857142857142858,1.125,0.5357142857142857,124.54074074074074,90.0,167.0
resin,5514,210.0,0.10752000000000002,7.374629802528655,589.9703842022924,137.5,4.338095238095238,59.88095238095238,11.0,0.34704761904761905,4.79047619047619,8,8,10,0.64,0.64,0.8,10.0,8.0,8.0,1.25,1.25,0.328125,141.0047619047619,93.0,168.0
resin,5517,485.0,0.24832000000000004,9.74797422316132,779.8379378529056,139.90515463917527,45.542268041237115,28.68041237113402,11.192412371134022,3.6433814432989693,2.294432989690722,12,11,19,0.96,0.88,1.52,19.0,12.0,11.0,1.7272727272727273,1.5833333333333333,0.1933811802232855,137.08041237113403,89.0,168.0
resin,5519,402.0,0.20582400000000003,9.15677361007808,732.5418888062463,139.3955223880597,54.495024875621894,2.8606965174129355,11.151641791044776,4.359601990049752,0.22885572139303484,11,12,9,0.88,0.96,0.72,12.0,11.0,9.0,1.3333333333333333,1.0909090909090908,0.3383838383838384,125.54726368159204,89.0,168.0
resin,5521,283.0,0.14489600000000002,8.14571612592436,651.6572900739487,139.03533568904592,57.67491166077738,199.3886925795053,11.122826855123675,4.613992932862191,15.951095406360423,10,14,5,0.8,1.12,0.4,14.0,10.0,5.0,2.8,1.4,0.4042857142857143,133.5441696113074,95.0,168.0
resin,5523,128.0,0.06553600000000001,6.252741134374175,500.21929074993403,137.453125,69.0234375,121.8984375,10.99625,5.5218750000000005,9.751875,8,7,7,0.64,0.56,0.56,8.0,7.0,7.0,1.1428571428571428,1.1428571428571428,0.32653061224489793,143.625,110.0,168.0
resin,5524,137.0,0.07014400000000001,6.395983209011851,511.6786567209481,136.68613138686132,83.01459854014598,1.5766423357664234,10.934890510948906,6.641167883211679,0.12613138686131387,7,7,5,0.56,0.56,0.4,7.0,7.0,5.0,1.4,1.0,0.5591836734693878,127.7080291970803,99.0,168.0
resin,5528,377.0,0.19302400000000003,8.962879877785609,717.0303902228487,140.9893899204244,98.45888594164457,141.6525198938992,11.279151193633952,7.8767108753315656,11.332201591511938,13,12,11,1.04,0.96,0.88,13.0,12.0,11.0,1.1818181818181819,1.0833333333333333,0.2196969696969697,127.86737400530504,88.0,168.0
resin,5535,470.0,0.24064000000000005,9.646425440239076,771.7140352191261,138.30425531914895,149.3127659574468,89.8,11.064340425531917,11.945021276595744,7.184,11,14,11,0.88,1.12,0.88,14.0,11.0,11.0,1.2727272727272727,1.2727272727272727,0.27744982290436837,139.58723404255318,99.0,168.0
resin,5539,259.0,0.13260800000000003,7.908614025084603,632.6891220067682,137.8996138996139,165.35521235521236,14.142857142857142,11.031969111969113,13.228416988416988,1.1314285714285715,8,8,8,0.64,0.64,0.64,8.0,8.0,8.0,1.0,1.0,0.505859375,123.44787644787645,88.0,168.0
resin,5551,1741.0,0.8913920000000002,14.92565445226971,1194.0523561815767,147.71740379092475,81.02814474439977,28.833429063756462,11.81739230327398,6.482251579551981,2.306674325100517,26,27,22,2.08,2.16,1.76,27.0,26.0,22.0,1.2272727272727273,1.0384615384615385,0.11272986272986273,128.37449741527857,88.0,168.0
resin,5559,1171.0,0.5995520000000001,13.077340273212084,1046.1872218569667,141.11614005123826,137.2997438087105,137.64987190435525,11.289291204099062,10.98397950469684,11.01198975234842,13,17,28,1.04,1.36,2.24,28.0,17.0,13.0,2.1538461538461537,1.6470588235294117,0.1892372333548804,126.42100768573869,88.0,168.0
resin,5565,83.0,0.042496000000000006,5.412025364749767,432.96202917998136,139.21686746987953,10.373493975903614,81.02409638554217,11.137349397590363,0.8298795180722891,6.481927710843373,7,5,6,0.56,0.4,0.48,7.0,6.0,5.0,1.4,1.1666666666666667,0.3952380952380952,133.86746987951807,107.0,168.0
resin,5568,98.0,0.050176000000000005,5.720172834077733,457.61382672621863,138.60204081632654,21.724489795918366,44.05102040816327,11.088163265306124,1.7379591836734694,3.5240816326530613,6,7,7,0.48,0.56,0.56,7.0,7.0,6.0,1.1666666666666667,1.0,0.3333333333333333,147.25510204081633,117.0,167.0
resin,5581,629.0,0.32204800000000006,10.630426140500198,850.4340912400158,143.98092209856915,120.21939586645469,107.120826709062,11.518473767885533,9.617551669316375,8.56966613672496,16,17,14,1.28,1.36,1.12,17.0,16.0,14.0,1.2142857142857142,1.0625,0.16517857142857142,126.47058823529412,89.0,168.0
resin,5582,972.0,0.4976640000000001,12.29011313859532,983.2090510876255,144.44341563786008,119.16460905349794,93.95781893004116,11.555473251028808,9.533168724279836,7.516625514403293,20,31,16,1.6,2.48,1.28,31.0,20.0,16.0,1.9375,1.55,0.09798387096774193,132.40740740740742,92.0,168.0
resin,5587,922.0,0.4720640000000001,12.075656931354622,966.0525545083698,146.82646420824295,153.25162689804773,130.70390455531452,11.746117136659436,12.26013015184382,10.456312364425163,20,17,17,1.6,1.36,1.36,20.0,17.0,17.0,1.1764705882352942,1.1764705882352942,0.15951557093425606,138.32646420824295,88.0,168.0
resin,5589,404.0,0.20684800000000003,9.171933858967867,733.7547087174294,140.70544554455446,159.22524752475246,67.75,11.256435643564357,12.738019801980197,5.42,11,16,11,0.88,1.28,0.88,16.0,11.0,11.0,1.4545454545454546,1.4545454545454546,0.20867768595041322,129.47277227722773,88.0,168.0
resin,5594,142.0,0.07270400000000002,6.472865367940743,517.8292294352594,139.2112676056338,172.21830985915494,172.6549295774648,11.136901408450704,13.777464788732395,13.812394366197184,8,8,7,0.64,0.64,0.56,8.0,8.0,7.0,1.1428571428571428,1.0,0.3169642857142857,133.30281690140845,95.0,168.0
resin,5607,178.0,0.09113600000000001,6.9792238284142,558.337906273136,141.23595505617976,125.8932584269663,120.19101123595506,11.298876404494381,10.071460674157304,9.615280898876405,9,7,7,0.72,0.56,0.56,9.0,7.0,7.0,1.2857142857142858,1.2857142857142858,0.4036281179138322,129.45505617977528,94.0,168.0
resin,5638,1209.0,0.6190080000000001,13.217294278311462,1057.383542264917,149.6368899917287,168.96195202646817,4.265508684863524,11.970951199338296,13.516956162117454,0.3412406947890819,30,20,12,2.4,1.6,0.96,30.0,20.0,12.0,2.5,1.5,0.16791666666666666,125.33746898263027,88.0,168.0
resin,5641,86.0,0.04403200000000001,5.476460290566693,438.1168232453354,141.74418604651163,0.8372093023255814,189.48837209302326,11.33953488372093,0.06697674418604652,15.159069767441862,7,4,6,0.56,0.32,0.48,7.0,6.0,4.0,1.75,1.1666666666666667,0.5119047619047619,124.98837209302326,96.0,167.0
resin,5645,200.0,0.10240000000000002,7.255663357195618,580.4530685756495,141.81,18.275,107.61,11.344800000000001,1.462,8.6088,7,7,8,0.56,0.56,0.64,8.0,7.0,7.0,1.1428571428571428,1.1428571428571428,0.5102040816326531,124.16,95.0,168.0
resin,5655,149.0,0.07628800000000001,6.57752562495326,526.2020499962608,143.58389261744966,92.24161073825503,197.51006711409397,11.486711409395973,7.3793288590604025,15.800805369127518,10,10,9,0.8,0.8,0.72,10.0,10.0,9.0,1.1111111111111112,1.0,0.16555555555555557,136.6510067114094,96.0,168.0
resin,5670,233.0,0.11929600000000001,7.634590828237859,610.7672662590287,142.92703862660943,175.09442060085837,99.1931330472103,11.434163090128754,14.00755364806867,7.935450643776824,10,8,11,0.8,0.64,0.88,11.0,10.0,8.0,1.375,1.1,0.26477272727272727,121.81974248927038,89.0,168.0
resin,5692,151.0,0.07731200000000002,6.606824566768998,528.5459653415198,145.3841059602649,19.887417218543046,44.62251655629139,11.630728476821192,1.5909933774834437,3.569801324503311,8,8,12,0.64,0.64,0.96,12.0,8.0,8.0,1.5,1.5,0.19661458333333334,133.09271523178808,88.0,168.0
resin,5698,118.0,0.06041600000000001,6.085474706375493,486.8379765100394,143.9915254237288,58.55084745762712,15.542372881355933,11.519322033898304,4.68406779661017,1.2433898305084747,7,7,8,0.56,0.56,0.64,8.0,7.0,7.0,1.1428571428571428,1.1428571428571428,0.3010204081632653,144.66101694915255,120.0,168.0
resin,5701,90.0,0.04608000000000001,5.560083268891276,444.8066615113021,143.2111111111111,64.38888888888889,88.74444444444444,11.456888888888889,5.151111111111111,7.099555555555555,6,6,5,0.48,0.48,0.4,6.0,6.0,5.0,1.2,1.0,0.5,144.0,117.0,167.0
resin,5702,220.0,0.11264000000000002,7.489877008078426,599.1901606462741,145.57272727272726,73.99545454545455,70.21363636363637,11.645818181818182,5.919636363636364,5.617090909090909,9,11,7,0.72,0.88,0.56,11.0,9.0,7.0,1.5714285714285714,1.2222222222222223,0.31746031746031744,129.33636363636364,91.0,168.0
resin,5713,226.0,0.11571200000000002,7.557357012536988,604.5885610029591,144.05752212389382,105.22566371681415,126.71681415929204,11.524601769911506,8.418053097345133,10.137345132743363,7,7,8,0.56,0.56,0.64,8.0,7.0,7.0,1.1428571428571428,1.1428571428571428,0.576530612244898,123.32743362831859,89.0,168.0
resin,5714,676.0,0.34611200000000003,10.888866949319102,871.1093559455281,151.6360946745562,114.38757396449704,118.52514792899409,12.130887573964497,9.151005917159763,9.482011834319527,19,15,13,1.52,1.2,1.04,19.0,15.0,13.0,1.4615384615384615,1.2666666666666666,0.1824561403508772,125.53846153846153,88.0,168.0
resin,5715,609.0,0.31180800000000003,10.516540292608164,841.3232234086531,151.79310344827587,107.22824302134647,88.23645320197045,12.14344827586207,8.578259441707718,7.058916256157636,20,17,10,1.6,1.36,0.8,20.0,17.0,10.0,2.0,1.1764705882352942,0.17911764705882352,127.91461412151067,90.0,168.0
resin,5719,242.0,0.12390400000000001,7.731651102653187,618.532088212255,146.60743801652893,121.9090909090909,72.71487603305785,11.728595041322315,9.752727272727272,5.817190082644628,11,7,11,0.88,0.56,0.88,11.0,11.0,7.0,1.5714285714285714,1.0,0.2857142857142857,141.80578512396696,100.0,168.0
resin,5746,2842.0,1.4551040000000002,17.57418324396812,1405.9346595174495,156.33919774806475,133.55981703026038,132.036593947924,12.50713581984518,10.68478536242083,10.56292751583392,30,34,38,2.4,2.72,3.04,38.0,34.0,30.0,1.2666666666666666,1.1176470588235294,0.07332301341589267,129.57424349049964,88.0,168.0
resin,5751,99.0,0.05068800000000001,5.7395633987581025,459.1650719006482,145.08080808080808,158.65656565656565,169.1818181818182,11.606464646464646,12.692525252525252,13.534545454545455,6,6,6,0.48,0.48,0.48,6.0,6.0,6.0,1.0,1.0,0.4583333333333333,132.12121212121212,91.0,168.0
resin,5761,425.0,0.21760000000000004,9.328176809185312,746.2541447348249,149.21411764705883,70.83058823529412,44.17411764705882,11.937129411764706,5.666447058823529,3.533929411764706,13,13,14,1.04,1.04,1.12,14.0,13.0,13.0,1.0769230769230769,1.0769230769230769,0.17962806424344885,127.4964705882353,91.0,168.0
resin,5762,752.0,0.3850240000000001,11.282527639042765,902.6022111234213,148.85505319148936,71.57180851063829,171.70079787234042,11.90840425531915,5.725744680851063,13.736063829787234,15,11,19,1.2,0.88,1.52,19.0,15.0,11.0,1.7272727272727273,1.2666666666666666,0.23987240829346093,136.10638297872342,88.0,168.0
resin,5766,248.0,0.12697600000000003,7.795028119251512,623.602249540121,147.18951612903226,86.3991935483871,62.66935483870968,11.77516129032258,6.911935483870969,5.013548387096774,9,8,11,0.72,0.64,0.88,11.0,9.0,8.0,1.375,1.2222222222222223,0.31313131313131315,142.19354838709677,106.0,168.0
resin,5792,108.0,0.05529600000000001,5.908470131056179,472.67761048449427,147.15740740740742,114.29629629629629,5.092592592592593,11.772592592592593,9.143703703703704,0.40740740740740744,7,8,9,0.56,0.64,0.72,9.0,8.0,7.0,1.2857142857142858,1.125,0.21428571428571427,135.46296296296296,102.0,168.0
resin,5800,221.0,0.11315200000000002,7.501208155472893,600.0966524378315,148.289592760181,163.28054298642533,82.08144796380091,11.863167420814479,13.062443438914027,6.566515837104073,10,6,10,0.8,0.48,0.8,10.0,10.0,6.0,1.6666666666666667,1.0,0.36833333333333335,129.71493212669682,97.0,168.0
resin,5802,382.0,0.19558400000000004,9.00232968140077,720.1863745120615,147.6413612565445,172.67277486910996,120.96073298429319,11.811308900523562,13.813821989528797,9.676858638743456,9,10,14,0.72,0.8,1.12,14.0,10.0,9.0,1.5555555555555556,1.4,0.30317460317460315,128.2460732984293,89.0,168.0
resin,5820,473.0,0.24217600000000003,9.666906235140706,773.3524988112565,148.83932346723046,157.3784355179704,111.15010570824525,11.907145877378436,12.590274841437632,8.892008456659621,9,14,15,0.72,1.12,1.2,15.0,14.0,9.0,1.6666666666666667,1.0714285714285714,0.25026455026455025,126.17124735729386,93.0,168.0
resin,5821,142.0,0.07270400000000002,6.472865367940743,517.8292294352594,148.33802816901408,161.48591549295776,101.41549295774648,11.867042253521127,12.918873239436621,8.113239436619718,7,9,5,0.56,0.72,0.4,9.0,7.0,5.0,1.8,1.2857142857142858,0.4507936507936508,144.09859154929578,103.0,168.0
resin,5826,426.0,0.21811200000000003,9.33548729557024,746.8389836456192,155.68075117370893,9.112676056338028,1.7112676056338028,12.454460093896714,0.7290140845070423,0.13690140845070423,17,13,7,1.36,1.04,0.56,17.0,13.0,7.0,2.4285714285714284,1.3076923076923077,0.27537168713639304,120.72535211267606,88.0,168.0
resin,5830,324.0,0.16588800000000004,8.52148850768993,681.7190806151945,151.30555555555554,72.61728395061728,59.48456790123457,12.104444444444443,5.809382716049383,4.758765432098766,11,9,17,0.88,0.72,1.36,17.0,11.0,9.0,1.8888888888888888,1.5454545454545454,0.1925133689839572,142.37345679012347,89.0,168.0
resin,5832,686.0,0.35123200000000004,10.942296985154808,875.3837588123847,153.11807580174928,104.44460641399417,15.150145772594753,12.249446064139944,8.355568513119533,1.2120116618075802,14,13,20,1.12,1.04,1.6,20.0,14.0,13.0,1.5384615384615385,1.4285714285714286,0.18846153846153846,127.29154518950438,88.0,168.0
resin,5834,131.0,0.067072,6.301213930352919,504.0971144282335,150.0381679389313,117.16030534351145,31.916030534351144,12.003053435114506,9.372824427480916,2.5532824427480914,8,7,7,0.64,0.56,0.56,8.0,7.0,7.0,1.1428571428571428,1.1428571428571428,0.33418367346938777,144.86259541984734,118.0,168.0
resin,5848,1559.0,0.7982080000000001,14.386301716430589,1150.904137314447,166.58434894162926,172.65683130211673,13.009621552277101,13.32674791533034,13.812546504169338,1.040769724182168,35,13,20,2.8000000000000003,1.04,1.6,35.0,20.0,13.0,2.6923076923076925,1.75,0.17131868131868133,127.68697883258498,88.0,168.0
resin,5850,679.0,0.34764800000000007,10.90495097114506,872.3960776916049,154.81443298969072,168.50662739322533,140.07952871870398,12.385154639175257,13.480530191458026,11.20636229749632,15,18,14,1.2,1.44,1.12,18.0,15.0,14.0,1.2857142857142858,1.2,0.17962962962962964,123.99852724594993,92.0,168.0
resin,5853,94.0,0.04812800000000001,5.641263819521383,451.30110556171064,152.79787234042553,6.202127659574468,111.84042553191489,12.223829787234042,0.49617021276595746,8.947234042553191,11,7,7,0.88,0.56,0.56,11.0,7.0,7.0,1.5714285714285714,1.5714285714285714,0.17439703153988867,137.01063829787233,90.0,168.0
resin,5861,688.0,0.35225600000000007,10.952920581133386,876.2336464906708,157.52616279069767,66.01744186046511,6.229651162790698,12.602093023255813,5.281395348837209,0.49837209302325586,19,17,14,1.52,1.36,1.12,19.0,17.0,14.0,1.3571428571428572,1.1176470588235294,0.15214506855373727,124.74563953488372,88.0,168.0
resin,5865,184.0,0.09420800000000001,7.0567771080140504,564.542168641124,150.84782608695653,99.91847826086956,1.3858695652173914,12.067826086956522,7.993478260869566,0.11086956521739132,9,9,5,0.72,0.72,0.4,9.0,9.0,5.0,1.8,1.0,0.454320987654321,122.6086956521739,96.0,168.0
resin,5869,1891.0,0.9681920000000002,15.342553116817903,1227.4042493454322,155.05552617662613,128.60602855631942,11.756742464304601,12.40444209413009,10.288482284505553,0.9405393971443681,19,24,24,1.52,1.92,1.92,24.0,24.0,19.0,1.263157894736842,1.0,0.17278874269005848,132.27075621364358,88.0,168.0
resin,5874,716.0,0.3665920000000001,11.09953538364648,887.9628306917184,159.8086592178771,4.710893854748603,191.95670391061452,12.784692737430168,0.37687150837988825,15.356536312849162,23,12,11,1.84,0.96,0.88,23.0,12.0,11.0,2.090909090909091,1.9166666666666667,0.23583662714097497,124.90782122905028,88.0,168.0
resin,5888,227.0,0.11622400000000002,7.568487156767453,605.4789725413963,151.51541850220264,66.55066079295155,101.87224669603525,12.121233480176212,5.3240528634361235,8.14977973568282,8,8,7,0.64,0.64,0.56,8.0,8.0,7.0,1.1428571428571428,1.0,0.5066964285714286,127.06607929515418,93.0,168.0
resin,5895,116.0,0.05939200000000001,6.050897399235387,484.071791938831,152.3706896551724,117.95689655172414,170.6551724137931,12.189655172413794,9.436551724137932,13.652413793103449,8,7,6,0.64,0.56,0.48,8.0,7.0,6.0,1.3333333333333333,1.1428571428571428,0.34523809523809523,146.7155172413793,121.0,168.0
resin,5896,189.0,0.09676800000000002,7.1201267897377285,569.6101431790182,151.16402116402116,127.43386243386243,105.05291005291005,12.093121693121693,10.194708994708995,8.404232804232803,7,8,7,0.56,0.64,0.56,8.0,7.0,7.0,1.1428571428571428,1.1428571428571428,0.48214285714285715,142.0899470899471,117.0,168.0
resin,5902,169.0,0.08652800000000001,6.859556339475854,548.7645071580683,151.0887573964497,164.15976331360946,132.49704142011834,12.087100591715975,13.132781065088757,10.599763313609467,7,8,7,0.56,0.64,0.56,8.0,7.0,7.0,1.1428571428571428,1.1428571428571428,0.43112244897959184,129.5147928994083,90.0,168.0
resin,5907,175.0,0.08960000000000001,6.939792343839249,555.18338750714,153.16,6.7371428571428575,176.68571428571428,12.2528,0.5389714285714287,14.134857142857143,8,6,9,0.64,0.48,0.72,9.0,8.0,6.0,1.5,1.125,0.4050925925925926,126.10285714285715,96.0,168.0
resin,5909,114.0,0.05836800000000001,6.015920332305007,481.2736265844006,152.06140350877192,11.508771929824562,127.64912280701755,12.164912280701754,0.9207017543859649,10.211929824561404,7,6,6,0.56,0.48,0.48,7.0,6.0,6.0,1.1666666666666667,1.1666666666666667,0.4523809523809524,128.89473684210526,99.0,168.0
resin,5912,82.0,0.04198400000000001,5.390202444799826,431.21619558398606,151.41463414634146,51.353658536585364,128.40243902439025,12.113170731707317,4.108292682926829,10.27219512195122,7,7,7,0.56,0.56,0.56,7.0,7.0,7.0,1.0,1.0,0.239067055393586,144.96341463414635,97.0,168.0
resin,5920,347.0,0.17766400000000002,8.718537050795467,697.4829640636374,155.43515850144092,136.38904899135446,108.40345821325649,12.434812680115273,10.911123919308357,8.67227665706052,12,10,14,0.96,0.8,1.12,14.0,12.0,10.0,1.4,1.1666666666666667,0.20654761904761904,135.43804034582132,92.0,168.0
resin,5926,211.0,0.10803200000000002,7.3863170325454695,590.9053626036375,152.72511848341233,174.39810426540285,93.94312796208531,12.218009478672986,13.951848341232228,7.515450236966825,8,7,7,0.64,0.56,0.56,8.0,7.0,7.0,1.1428571428571428,1.1428571428571428,0.5382653061224489,126.21800947867298,94.0,167.0
resin,5939,527.0,0.26982400000000006,10.021606150847349,801.7284920677879,155.00759013282732,46.79316888045541,55.77039848197344,12.400607210626186,3.743453510436433,4.461631878557875,12,9,16,0.96,0.72,1.28,16.0,12.0,9.0,1.7777777777777777,1.3333333333333333,0.30497685185185186,137.23908918406073,95.0,168.0
resin,5962,172.0,0.08806400000000002,6.89990759899837,551.9926079198696,156.6860465116279,24.75581395348837,137.0174418604651,12.534883720930232,1.9804651162790696,10.96139534883721,12,10,7,0.96,0.8,0.56,12.0,10.0,7.0,1.7142857142857142,1.2,0.20476190476190476,138.73837209302326,100.0,168.0
resin,5978,286.0,0.14643200000000003,8.174398461619802,653.9518769295842,155.34615384615384,154.51048951048952,149.06643356643357,12.427692307692308,12.360839160839163,11.925314685314687,11,12,8,0.88,0.96,0.64,12.0,11.0,8.0,1.5,1.0909090909090908,0.2708333333333333,129.92307692307693,94.0,168.0
resin,5982,581.0,0.29747200000000007,10.352832082184943,828.2265665747955,155.35283993115317,174.27022375215145,80.57314974182444,12.428227194492253,13.941617900172117,6.445851979345955,10,8,15,0.8,0.64,1.2,15.0,10.0,8.0,1.875,1.5,0.4841666666666667,125.80895008605852,88.0,168.0
resin,5993,335.0,0.17152000000000003,8.616853875390476,689.348310031238,156.59701492537314,79.42388059701493,36.298507462686565,12.527761194029852,6.353910447761194,2.903880597014925,9,11,12,0.72,0.88,0.96,12.0,11.0,9.0,1.3333333333333333,1.0909090909090908,0.281986531986532,132.52537313432836,89.0,168.0
resin,5995,238.0,0.12185600000000002,7.688815591542102,615.1052473233682,156.9327731092437,84.1218487394958,122.52941176470588,12.554621848739496,6.729747899159665,9.802352941176471,13,10,10,1.04,0.8,0.8,13.0,10.0,10.0,1.3,1.3,0.18307692307692308,129.3613445378151,88.0,168.0
resin,5997,1323.0,0.6773760000000001,13.620312561382365,1089.6250049105893,163.15721844293273,122.60619803476946,26.65986394557823,13.052577475434619,9.808495842781557,2.1327891156462586,20,29,20,1.6,2.32,1.6,29.0,20.0,20.0,1.45,1.45,0.11405172413793103,125.14965986394557,88.0,168.0
resin,6003,839.0,0.42956800000000006,11.701847827197405,936.1478261757924,158.5554231227652,5.32181168057211,18.103694874851012,12.684433849821216,0.42574493444576883,1.448295589988081,13,13,18,1.04,1.04,1.44,18.0,13.0,13.0,1.3846153846153846,1.3846153846153846,0.2758053911900066,128.53277711561384,88.0,168.0
resin,6027,294.0,0.15052800000000002,8.24991681203272,659.9933449626177,159.27891156462584,133.7278911564626,181.30612244897958,12.742312925170069,10.698231292517008,14.504489795918367,13,12,9,1.04,0.96,0.72,13.0,12.0,9.0,1.4444444444444444,1.0833333333333333,0.2094017094017094,137.01020408163265,94.0,168.0
resin,6031,89.0,0.045568000000000004,5.539413623573113,443.153089885849,156.14606741573033,147.24719101123594,86.2247191011236,12.491685393258427,11.779775280898875,6.897977528089888,7,7,5,0.56,0.56,0.4,7.0,7.0,5.0,1.4,1.0,0.363265306122449,146.61797752808988,121.0,168.0
resin,6033,1848.0,0.9461760000000001,15.225367408004491,1218.0293926403592,167.1439393939394,164.9215367965368,28.064393939393938,13.371515151515153,13.193722943722944,2.245151515151515,27,28,38,2.16,2.24,3.04,38.0,28.0,27.0,1.4074074074074074,1.3571428571428572,0.06432748538011696,132.5887445887446,88.0,168.0
resin,6034,89.0,0.045568000000000004,5.539413623573113,443.153089885849,154.74157303370785,167.17977528089887,15.044943820224718,12.379325842696629,13.37438202247191,1.2035955056179775,5,7,7,0.4,0.56,0.56,7.0,7.0,5.0,1.4,1.0,0.363265306122449,147.4943820224719,127.0,168.0
resin,6042,1296.0,0.6635520000000001,13.527019821441918,1082.1615857153533,163.55015432098764,44.089506172839506,125.35108024691358,13.084012345679012,3.527160493827161,10.028086419753087,22,18,19,1.76,1.44,1.52,22.0,19.0,18.0,1.2222222222222223,1.1578947368421053,0.1722488038277512,125.98611111111111,88.0,168.0
resin,6044,115.0,0.05888000000000001,6.033459557881385,482.67676463051083,160.01739130434783,63.243478260869566,72.69565217391305,12.801391304347826,5.059478260869565,5.815652173913044,11,13,10,0.88,1.04,0.8,13.0,11.0,10.0,1.3,1.1818181818181819,0.08041958041958042,139.94782608695652,90.0,168.0
resin,6056,173.0,0.08857600000000002,6.913253681768307,553.0602945414646,158.03468208092485,115.5606936416185,142.90751445086704,12.642774566473989,9.24485549132948,11.432601156069364,9,8,7,0.72,0.64,0.56,9.0,8.0,7.0,1.2857142857142858,1.125,0.34325396825396826,144.15606936416185,117.0,168.0
resin,6061,305.0,0.15616000000000002,8.351549746254522,668.1239797003617,158.7377049180328,173.31147540983608,109.98032786885246,12.699016393442623,13.864918032786887,8.798426229508197,12,9,12,0.96,0.72,0.96,12.0,12.0,9.0,1.3333333333333333,1.0,0.2353395061728395,136.65245901639344,93.0,167.0
resin,6081,534.0,0.27340800000000004,10.065782567609606,805.2626054087684,160.07865168539325,107.82771535580524,128.2546816479401,12.80629213483146,8.62621722846442,10.260374531835208,12,12,14,0.96,0.96,1.12,14.0,12.0,12.0,1.1666666666666667,1.1666666666666667,0.2648809523809524,136.28838951310863,98.0,168.0
resin,6086,369.0,0.18892800000000004,8.89902816477149,711.9222531817193,162.2357723577236,145.61517615176152,38.070460704607044,12.978861788617888,11.649214092140921,3.0456368563685636,13,12,12,1.04,0.96,0.96,13.0,12.0,12.0,1.0833333333333333,1.0833333333333333,0.1971153846153846,130.260162601626,92.0,168.0
resin,6090,940.0,0.4812800000000001,12.15373446839863,972.2987574718904,169.5840425531915,2.0340425531914894,159.47978723404256,13.56672340425532,0.16272340425531914,12.758382978723406,31,7,16,2.48,0.56,1.28,31.0,16.0,7.0,4.428571428571429,1.9375,0.2707373271889401,128.2595744680851,89.0,168.0
resin,6095,132.0,0.067584,6.317206927705878,505.37655421647025,159.49242424242425,25.174242424242426,116.0909090909091,12.75939393939394,2.013939393939394,9.287272727272727,8,9,6,0.64,0.72,0.48,9.0,8.0,6.0,1.5,1.125,0.3055555555555556,144.12121212121212,116.0,168.0
resin,6118,148.0,0.07577600000000001,6.562777760167609,525.0222208134087,159.75675675675674,13.932432432432432,180.9527027027027,12.78054054054054,1.1145945945945945,14.476216216216217,7,9,7,0.56,0.72,0.56,9.0,7.0,7.0,1.2857142857142858,1.2857142857142858,0.3356009070294785,127.01351351351352,89.0,168.0
resin,6132,274.0,0.14028800000000002,8.058433879808192,644.6747103846553,160.06204379562044,110.08394160583941,3.0255474452554743,12.804963503649635,8.806715328467153,0.24204379562043796,8,9,9,0.64,0.72,0.72,9.0,9.0,8.0,1.125,1.0,0.4228395061728395,124.76642335766424,89.0,168.0
resin,6135,264.0,0.135168,7.959181984758356,636.7345587806685,163.02272727272728,137.87121212121212,158.6401515151515,13.041818181818183,11.02969696969697,12.69121212121212,13,7,7,1.04,0.56,0.56,13.0,7.0,7.0,1.8571428571428572,1.8571428571428572,0.41444270015698587,142.0909090909091,107.0,168.0
resin,6146,210.0,0.10752000000000002,7.374629802528655,589.9703842022924,160.5857142857143,174.17142857142858,156.7047619047619,12.846857142857143,13.933714285714286,12.536380952380952,8,7,8,0.64,0.56,0.64,8.0,8.0,7.0,1.1428571428571428,1.0,0.46875,124.81904761904762,88.0,168.0
resin,6149,112.0,0.057344000000000006,5.980531746873981,478.4425397499185,161.73214285714286,15.526785714285714,199.69642857142858,12.938571428571429,1.2421428571428572,15.975714285714288,7,7,5,0.56,0.56,0.4,7.0,7.0,5.0,1.4,1.0,0.45714285714285713,124.63392857142857,94.0,167.0
resin,6150,571.0,0.29235200000000006,10.29309138646788,823.4473109174304,165.95621716287215,14.581436077057793,77.87565674255691,13.276497373029772,1.1665148861646235,6.230052539404554,15,19,10,1.2,1.52,0.8,19.0,15.0,10.0,1.9,1.2666666666666666,0.20035087719298245,133.3555166374781,90.0,168.0
resin,6168,89.0,0.045568000000000004,5.539413623573113,443.153089885849,160.52808988764045,127.6067415730337,37.95505617977528,12.842247191011236,10.208539325842697,3.0364044943820225,6,6,7,0.48,0.48,0.56,7.0,6.0,6.0,1.1666666666666667,1.1666666666666667,0.3531746031746032,133.53932584269663,99.0,168.0
resin,6169,303.0,0.15513600000000002,8.333254945612431,666.6603956489945,162.74917491749176,129.31023102310232,168.46204620462046,13.019933993399341,10.344818481848186,13.476963696369637,12,8,8,0.96,0.64,0.64,12.0,8.0,8.0,1.5,1.5,0.39453125,140.97029702970298,104.0,168.0
resin,6177,92.0,0.04710400000000001,5.600967702383306,448.0774161906645,161.19565217391303,142.1304347826087,13.08695652173913,12.895652173913042,11.370434782608696,1.0469565217391306,7,6,5,0.56,0.48,0.4,7.0,6.0,5.0,1.4,1.1666666666666667,0.4380952380952381,133.94565217391303,97.0,166.0
resin,6178,298.0,0.15257600000000002,8.287162991101544,662.9730392881236,161.40939597315437,143.29530201342283,166.33557046979865,12.91275167785235,11.463624161073826,13.306845637583892,8,10,12,0.64,0.8,0.96,12.0,10.0,8.0,1.5,1.2,0.3104166666666667,129.55369127516778,93.0,168.0
resin,6183,256.0,0.13107200000000002,7.877960174741571,630.2368139793257,161.6171875,151.6328125,127.125,12.929375,12.130625,10.17,8,8,8,0.64,0.64,0.64,8.0,8.0,8.0,1.0,1.0,0.5,125.2265625,88.0,168.0
resin,6188,329.0,0.16844800000000001,8.565099750899904,685.2079800719923,162.37993920972644,173.580547112462,197.17629179331308,12.990395136778115,13.88644376899696,15.774103343465047,13,8,9,1.04,0.64,0.72,13.0,9.0,8.0,1.625,1.4444444444444444,0.35149572649572647,123.580547112462,90.0,168.0
resin,6189,96.0,0.04915200000000001,5.680992338459954,454.47938707679634,161.625,175.78125,131.11458333333334,12.93,14.0625,10.489166666666668,8,4,6,0.64,0.32,0.48,8.0,6.0,4.0,2.0,1.3333333333333333,0.5,136.09375,102.0,168.0
resin,6190,206.0,0.10547200000000002,7.327506280548281,586.2005024438624,165.05825242718447,175.1747572815534,146.88834951456312,13.204660194174759,14.013980582524272,11.751067961165049,13,6,7,1.04,0.48,0.56,13.0,7.0,6.0,2.1666666666666665,1.8571428571428572,0.3772893772893773,129.35922330097088,95.0,168.0
resin,6206,724.0,0.3706880000000001,11.140721421043065,891.2577136834452,167.20441988950276,77.12983425414365,73.90331491712708,13.376353591160221,6.170386740331492,5.912265193370167,17,14,16,1.36,1.12,1.28,17.0,16.0,14.0,1.2142857142857142,1.0625,0.19012605042016806,135.02348066298342,93.0,168.0
resin,6208,539.0,0.27596800000000005,10.097101321281846,807.7681057025477,166.00556586270872,88.51020408163265,4.805194805194805,13.280445269016697,7.080816326530612,0.38441558441558443,17,13,10,1.36,1.04,0.8,17.0,13.0,10.0,1.7,1.3076923076923077,0.24389140271493212,140.08534322820037,102.0,168.0
resin,6216,85.0,0.04352000000000001,5.455150891048748,436.4120712838999,161.12941176470588,102.10588235294118,24.152941176470588,12.89035294117647,8.168470588235294,1.932235294117647,6,5,5,0.48,0.4,0.4,6.0,5.0,5.0,1.2,1.2,0.5666666666666667,132.3764705882353,96.0,168.0
resin,6222,4919.0,2.5185280000000003,21.100499363628792,1688.0399490903033,180.43626753405164,153.07908111404757,182.88534254929863,14.434901402724131,12.246326489123806,14.63082740394389,41,31,45,3.2800000000000002,2.48,3.6,45.0,41.0,31.0,1.4516129032258065,1.0975609756097562,0.08600402133053589,129.4324049603578,88.0,168.0
resin,6228,116.0,0.05939200000000001,6.050897399235387,484.071791938831,162.64655172413794,19.767241379310345,67.12068965517241,13.011724137931035,1.5813793103448277,5.369655172413793,6,6,7,0.48,0.48,0.56,7.0,6.0,6.0,1.1666666666666667,1.1666666666666667,0.4603174603174603,143.8793103448276,119.0,168.0
resin,6229,525.0,0.26880000000000004,10.0089125259248,800.713002073984,164.9542857142857,35.02857142857143,143.71619047619046,13.196342857142856,2.8022857142857145,11.497295238095237,11,13,16,0.88,1.04,1.28,16.0,13.0,11.0,1.4545454545454546,1.2307692307692308,0.22945804195804195,124.01904761904763,91.0,168.0
resin,6233,85.0,0.04352000000000001,5.455150891048748,436.4120712838999,162.34117647058824,50.32941176470588,38.694117647058825,12.987294117647059,4.02635294117647,3.095529411764706,6,6,6,0.48,0.48,0.48,6.0,6.0,6.0,1.0,1.0,0.39351851851851855,133.6235294117647,99.0,166.0
resin,6242,238.0,0.12185600000000002,7.688815591542102,615.1052473233682,163.1596638655462,110.62605042016807,164.82773109243698,13.052773109243697,8.850084033613445,13.186218487394958,7,8,8,0.56,0.64,0.64,8.0,8.0,7.0,1.1428571428571428,1.0,0.53125,139.78571428571428,116.0,167.0
resin,6244,400.0,0.20480000000000004,9.141562994681664,731.3250395745331,165.6775,124.285,137.645,13.2542,9.9428,11.011600000000001,12,15,12,0.96,1.2,0.96,15.0,12.0,12.0,1.25,1.25,0.18518518518518517,140.8025,89.0,168.0
resin,6256,565.0,0.28928000000000004,10.256911504863726,820.5529203890981,166.60353982300884,142.38230088495575,23.998230088495575,13.328283185840707,11.39058407079646,1.919858407079646,14,15,15,1.12,1.2,1.2,15.0,15.0,14.0,1.0714285714285714,1.0,0.17936507936507937,135.44247787610618,91.0,168.0
resin,6273,250.0,0.12800000000000003,7.815926417967719,625.2741134374176,164.888,101.768,143.728,13.191040000000001,8.14144,11.498240000000001,11,9,8,0.88,0.72,0.64,11.0,9.0,8.0,1.375,1.2222222222222223,0.31565656565656564,128.112,90.0,168.0
resin,6279,338.0,0.17305600000000002,8.64249942504545,691.399954003636,165.96745562130178,141.68047337278105,199.62721893491124,13.277396449704142,11.334437869822484,15.9701775147929,15,16,5,1.2,1.28,0.4,16.0,15.0,5.0,3.2,1.0666666666666667,0.2816666666666667,135.96449704142012,89.0,168.0
resin,6285,5432.0,2.7811840000000005,21.80990194229012,1744.7921553832098,180.1585051546392,164.66513254786452,134.18722385861562,14.412680412371135,13.173210603829162,10.73497790868925,38,33,55,3.04,2.64,4.4,55.0,38.0,33.0,1.6666666666666667,1.4473684210526316,0.07875888067275627,125.7639911634757,88.0,168.0
resin,6295,553.0,0.28313600000000005,10.183775958319657,814.7020766655726,171.10849909584087,29.808318264014467,20.531645569620252,13.68867992766727,2.3846654611211573,1.6425316455696202,18,17,13,1.44,1.36,1.04,18.0,17.0,13.0,1.3846153846153846,1.0588235294117647,0.13901458019105079,127.28933092224231,89.0,168.0
resin,6297,137.0,0.07014400000000001,6.395983209011851,511.6786567209481,165.71532846715328,41.416058394160586,154.15328467153284,13.257226277372263,3.313284671532847,12.332262773722627,8,9,9,0.64,0.72,0.72,9.0,9.0,8.0,1.125,1.0,0.21141975308641975,141.57664233576642,112.0,168.0
resin,6306,241.0,0.12339200000000002,7.7209867427694086,617.6789394215527,165.9875518672199,87.38589211618257,77.66390041493776,13.279004149377593,6.990871369294606,6.213112033195021,10,7,9,0.8,0.56,0.72,10.0,9.0,7.0,1.4285714285714286,1.1111111111111112,0.3825396825396825,141.39834024896265,109.0,168.0
resin,6309,93.0,0.047616000000000006,5.62118797776233,449.69503822098636,164.79569892473117,109.35483870967742,32.27956989247312,13.183655913978495,8.748387096774193,2.5823655913978496,8,6,6,0.64,0.48,0.48,8.0,6.0,6.0,1.3333333333333333,1.3333333333333333,0.3229166666666667,134.50537634408602,99.0,168.0
resin,6312,165.0,0.08448000000000001,6.805004874579641,544.4003899663712,164.8242424242424,123.87878787878788,126.7030303030303,13.185939393939393,9.91030303030303,10.136242424242424,7,6,10,0.56,0.48,0.8,10.0,7.0,6.0,1.6666666666666667,1.4285714285714286,0.39285714285714285,142.25454545454545,91.0,168.0
resin,6313,387.0,0.19814400000000004,9.041436730455773,723.3149384364618,167.12144702842377,126.14987080103359,160.70801033591732,13.369715762273902,10.091989664082687,12.856640826873386,14,13,9,1.12,1.04,0.72,14.0,13.0,9.0,1.5555555555555556,1.0769230769230769,0.23626373626373626,125.37984496124031,90.0,168.0
resin,6314,199.0,0.10188800000000002,7.2435503741408285,579.4840299312663,165.21608040201005,130.39195979899498,17.12562814070352,13.217286432160805,10.431356783919599,1.3700502512562815,7,11,8,0.56,0.88,0.64,11.0,8.0,7.0,1.5714285714285714,1.375,0.32305194805194803,143.99497487437185,114.0,168.0
resin,6320,778.0,0.3983360000000001,11.411086344318525,912.886907545482,171.853470437018,155.58226221079693,162.88431876606683,13.74827763496144,12.446580976863755,13.030745501285347,19,18,21,1.52,1.44,1.68,21.0,19.0,18.0,1.1666666666666667,1.105263157894737,0.10832637148426622,126.65938303341902,88.0,168.0
resin,6324,1623.0,0.8309760000000002,14.58052960941594,1166.4423687532753,171.8940234134319,169.67467652495378,156.1540357362908,13.751521873074553,13.573974121996303,12.492322858903265,19,21,29,1.52,1.68,2.32,29.0,21.0,19.0,1.5263157894736843,1.380952380952381,0.14026445423904588,131.20579174368453,89.0,168.0
resin,6326,125.0,0.06400000000000002,6.203504908994,496.28039271951997,167.136,10.248,156.688,13.37088,0.81984,12.535039999999999,10,10,10,0.8,0.8,0.8,10.0,10.0,10.0,1.0,1.0,0.125,145.032,91.0,168.0
resin,6334,2091.0,1.0705920000000002,15.86542840151369,1269.2342721210953,186.5011956001913,84.15829746532759,150.85987565758012,14.920095648015304,6.732663797226207,12.06879005260641,47,27,16,3.7600000000000002,2.16,1.28,47.0,27.0,16.0,2.9375,1.7407407407407407,0.10298463356973996,133.506456241033,88.0,168.0
resin,6335,597.0,0.30566400000000005,10.447007414604677,835.7605931683742,168.49581239530988,75.9179229480737,173.0318257956449,13.47966499162479,6.073433835845896,13.842546063651591,15,13,13,1.2,1.04,1.04,15.0,13.0,13.0,1.1538461538461537,1.1538461538461537,0.23550295857988165,122.9463986599665,88.0,168.0
resin,6336,553.0,0.28313600000000005,10.183775958319657,814.7020766655726,169.41410488245933,75.45388788426763,4.043399638336347,13.553128390596747,6.036311030741411,0.3234719710669078,12,10,10,0.96,0.8,0.8,12.0,10.0,10.0,1.2,1.2,0.4608333333333333,136.83363471971066,104.0,168.0
resin,6337,103.0,0.05273600000000001,5.815845589022965,465.2676471218372,165.32038834951456,83.75728155339806,86.52427184466019,13.225631067961165,6.700582524271844,6.9219417475728156,6,7,5,0.48,0.56,0.4,7.0,6.0,5.0,1.4,1.1666666666666667,0.49047619047619045,132.63106796116506,104.0,167.0
resin,6352,157.0,0.08038400000000001,6.693198063015236,535.4558450412189,169.80254777070064,45.45859872611465,96.72611464968153,13.584203821656052,3.636687898089172,7.738089171974523,11,8,11,0.88,0.64,0.88,11.0,11.0,8.0,1.375,1.0,0.1621900826446281,138.25477707006368,104.0,168.0
resin,6374,216.0,0.11059200000000002,7.4442058907928,595.536471263424,170.3101851851852,12.189814814814815,145.38888888888889,13.624814814814815,0.9751851851851853,11.63111111111111,10,10,7,0.8,0.8,0.56,10.0,10.0,7.0,1.4285714285714286,1.0,0.30857142857142855,141.12037037037038,95.0,168.0
resin,6394,1320.0,0.6758400000000001,13.61000974915928,1088.8007799327424,171.96060606060607,111.32424242424243,140.0121212121212,13.756848484848486,8.905939393939395,11.200969696969697,16,27,21,1.28,2.16,1.68,27.0,21.0,16.0,1.6875,1.2857142857142858,0.1455026455026455,131.9439393939394,89.0,168.0
resin,6396,641.0,0.32819200000000004,10.697602811930132,855.8082249544105,169.24804992199688,122.98907956318253,44.425897035881434,13.539843993759751,9.839126365054602,3.5540717628705147,10,16,16,0.8,1.28,1.28,16.0,16.0,10.0,1.6,1.0,0.250390625,128.14040561622465,90.0,168.0
resin,6397,1142.0,0.5847040000000001,12.968482506302488,1037.478600504199,173.68826619964975,129.5507880910683,151.95446584938705,13.89506129597198,10.364063047285466,12.156357267950964,18,20,21,1.44,1.6,1.68,21.0,20.0,18.0,1.1666666666666667,1.05,0.15105820105820106,136.18739054290717,91.0,168.0
resin,6398,279.0,0.14284800000000003,8.10715594554489,648.5724756435911,168.98924731182797,142.21146953405017,51.99641577060932,13.519139784946237,11.376917562724014,4.159713261648745,9,9,12,0.72,0.72,0.96,12.0,9.0,9.0,1.3333333333333333,1.3333333333333333,0.28703703703703703,129.1505376344086,89.0,168.0
resin,6404,371.0,0.18995200000000004,8.915076942846547,713.2061554277237,170.81940700808624,12.10512129380054,167.3477088948787,13.6655525606469,0.9684097035040432,13.387816711590297,10,13,10,0.8,1.04,0.8,13.0,10.0,10.0,1.3,1.3,0.2853846153846154,125.0377358490566,89.0,168.0
resin,6405,360.0,0.18432000000000004,8.826082030068797,706.0865624055037,170.41944444444445,8.494444444444444,135.73333333333332,13.633555555555557,0.6795555555555555,10.858666666666666,9,13,11,0.72,1.04,0.88,13.0,11.0,9.0,1.4444444444444444,1.1818181818181819,0.27972027972027974,126.975,88.0,168.0
resin,6407,422.0,0.21606400000000003,9.30617631050107,744.4941048400857,173.15876777251185,18.55924170616114,86.27014218009478,13.852701421800948,1.4847393364928911,6.901611374407582,14,11,10,1.12,0.88,0.8,14.0,11.0,10.0,1.4,1.2727272727272727,0.274025974025974,124.74170616113744,89.0,168.0
resin,6422,646.0,0.33075200000000005,10.725345682041269,858.0276545633014,173.53250773993807,61.84984520123839,34.97987616099071,13.882600619195046,4.947987616099071,2.798390092879257,18,13,16,1.44,1.04,1.28,18.0,16.0,13.0,1.3846153846153846,1.125,0.17254273504273504,135.21052631578948,93.0,168.0
resin,6431,1627.0,0.8330240000000001,14.59249803638598,1167.3998429108783,180.54578979717272,110.63736939151813,23.08543331284573,14.443663183773818,8.850989551321451,1.8468346650276584,31,19,22,2.48,1.52,1.76,31.0,22.0,19.0,1.631578947368421,1.4090909090909092,0.12555949992282758,126.23909035033805,88.0,168.0
resin,6435,271.0,0.13875200000000001,8.028915542458407,642.3132433966725,171.97047970479704,121.69003690036901,3.6199261992619927,13.757638376383763,9.735202952029521,0.2895940959409594,13,9,11,1.04,0.72,0.88,13.0,11.0,9.0,1.4444444444444444,1.1818181818181819,0.21056721056721056,128.9188191881919,91.0,168.0
resin,6442,848.0,0.43417600000000006,11.74354122394091,939.4832979152728,179.7629716981132,147.5188679245283,36.83018867924528,14.381037735849057,11.801509433962265,2.946415094339623,24,16,18,1.92,1.28,1.44,24.0,18.0,16.0,1.5,1.3333333333333333,0.12268518518518519,123.91627358490567,88.0,168.0
resin,6445,81.0,0.04147200000000001,5.368201373637897,429.4561098910317,168.88888888888889,171.22222222222223,52.46913580246913,13.511111111111111,13.697777777777778,4.197530864197531,7,7,5,0.56,0.56,0.4,7.0,7.0,5.0,1.4,1.0,0.3306122448979592,134.4814814814815,102.0,168.0
resin,6446,136.0,0.06963200000000001,6.380383188021705,510.4306550417364,168.63235294117646,173.22058823529412,84.80882352941177,13.490588235294117,13.85764705882353,6.784705882352942,6,6,7,0.48,0.48,0.56,7.0,6.0,6.0,1.1666666666666667,1.1666666666666667,0.5396825396825397,131.9558823529412,92.0,168.0
resin,6448,193.0,0.09881600000000001,7.17000671219614,573.6005369756912,170.50259067357513,3.8341968911917097,151.96373056994818,13.640207253886011,0.30673575129533676,12.157098445595855,8,9,6,0.64,0.72,0.48,9.0,8.0,6.0,1.5,1.125,0.44675925925925924,127.80829015544042,94.0,168.0
resin,6451,1384.0,0.7086080000000001,13.826507363536614,1106.1205890829292,182.79479768786126,20.020953757225435,45.213872832369944,14.623583815028901,1.6016763005780348,3.6171098265895956,31,24,25,2.48,1.92,2.0,31.0,25.0,24.0,1.2916666666666667,1.24,0.07440860215053763,131.3049132947977,91.0,168.0
resin,6455,89.0,0.045568000000000004,5.539413623573113,443.153089885849,169.23595505617976,36.98876404494382,107.32584269662921,13.538876404494381,2.959101123595506,8.586067415730337,5,5,6,0.4,0.4,0.48,6.0,5.0,5.0,1.2,1.2,0.5933333333333334,145.08988764044943,118.0,168.0
resin,6457,225.0,0.11520000000000002,7.546193987406538,603.695518992523,170.03555555555556,46.333333333333336,62.43555555555555,13.602844444444445,3.706666666666667,4.994844444444444,7,8,8,0.56,0.64,0.64,8.0,8.0,7.0,1.1428571428571428,1.0,0.5022321428571429,126.2311111111111,90.0,168.0
resin,6471,358.0,0.18329600000000004,8.809707072179338,704.776565774347,171.4245810055866,101.08100558659218,49.187150837988824,13.713966480446928,8.086480446927375,3.934972067039106,10,11,12,0.8,0.88,0.96,12.0,11.0,10.0,1.2,1.0909090909090908,0.27121212121212124,127.10614525139665,93.0,168.0
resin,6502,218.0,0.11161600000000002,7.467111284036796,597.3689027229436,173.848623853211,77.74770642201835,116.5,13.90788990825688,6.219816513761469,9.32,13,13,13,1.04,1.04,1.04,13.0,13.0,13.0,1.0,1.0,0.09922621756941284,134.73853211009174,88.0,168.0
resin,6503,106.0,0.05427200000000001,5.871770611970455,469.7416489576364,171.5754716981132,83.66037735849056,199.91509433962264,13.726037735849056,6.692830188679245,15.993207547169812,8,8,4,0.64,0.64,0.32,8.0,8.0,4.0,2.0,1.0,0.4140625,126.4245283018868,93.0,168.0
resin,6515,213.0,0.10905600000000001,7.409581176811981,592.7664941449585,171.44600938967136,135.69483568075117,187.093896713615,13.715680751173709,10.855586854460094,14.9675117370892,9,10,8,0.72,0.8,0.64,10.0,9.0,8.0,1.25,1.1111111111111112,0.29583333333333334,127.54929577464789,95.0,168.0
resin,6522,1864.0,0.9543680000000001,15.269181656475718,1221.5345325180574,188.11856223175965,166.10729613733906,195.3074034334764,15.049484978540773,13.288583690987124,15.624592274678111,47,20,18,3.7600000000000002,1.6,1.44,47.0,20.0,18.0,2.611111111111111,2.35,0.11016548463356975,132.375,89.0,168.0
resin,6526,319.0,0.16332800000000003,8.477426249208973,678.1940999367179,172.7523510971787,16.489028213166144,96.93416927899686,13.820188087774296,1.3191222570532914,7.754733542319749,10,8,9,0.8,0.64,0.72,10.0,9.0,8.0,1.25,1.1111111111111112,0.44305555555555554,138.27272727272728,100.0,168.0
resin,6527,105.0,0.05376000000000001,5.853247553205011,468.2598042564009,171.24761904761905,29.16190476190476,106.74285714285715,13.699809523809524,2.332952380952381,8.539428571428571,6,8,7,0.48,0.64,0.56,8.0,7.0,6.0,1.3333333333333333,1.1428571428571428,0.3125,145.41904761904763,104.0,168.0
resin,6542,321.0,0.16435200000000003,8.495106021481153,679.6084817184922,173.7663551401869,141.42367601246107,177.00934579439252,13.901308411214952,11.313894080996887,14.160747663551401,13,12,11,1.04,0.96,0.88,13.0,12.0,11.0,1.1818181818181819,1.0833333333333333,0.18706293706293706,127.10280373831776,92.0,168.0
resin,6547,512.0,0.26214400000000004,9.9256078543904,794.048628351232,175.724609375,164.400390625,3.435546875,14.05796875,13.15203125,0.27484375,17,13,13,1.36,1.04,1.04,17.0,13.0,13.0,1.3076923076923077,1.3076923076923077,0.17821092934215108,139.986328125,93.0,168.0
resin,6552,101.0,0.05171200000000001,5.777956268578565,462.2365014862852,172.40594059405942,13.98019801980198,1.8217821782178218,13.792475247524754,1.1184158415841585,0.14574257425742576,6,5,5,0.48,0.4,0.4,6.0,5.0,5.0,1.2,1.2,0.6733333333333333,143.13861386138615,120.0,168.0
resin,6553,271.0,0.13875200000000001,8.028915542458407,642.3132433966725,173.73431734317344,15.712177121771218,34.47970479704797,13.898745387453875,1.2569741697416974,2.7583763837638378,8,8,8,0.64,0.64,0.64,8.0,8.0,8.0,1.0,1.0,0.529296875,122.91881918819188,95.0,168.0
resin,6560,152.0,0.07782400000000002,6.621377090805707,529.7101672644566,173.53947368421052,41.6578947368421,117.86184210526316,13.883157894736842,3.3326315789473684,9.428947368421053,9,10,8,0.72,0.8,0.64,10.0,9.0,8.0,1.25,1.1111111111111112,0.2111111111111111,131.01973684210526,100.0,168.0
resin,6563,492.0,0.251904,9.794647861979907,783.5718289583926,176.510162601626,64.2459349593496,123.44715447154472,14.120813008130082,5.1396747967479675,9.875772357723578,13,13,11,1.04,1.04,0.88,13.0,13.0,11.0,1.1818181818181819,1.0,0.26465841850457233,139.8130081300813,100.0,168.0
resin,6566,123.0,0.062976,6.17024150880815,493.619320704652,173.21951219512195,112.34959349593495,2.7642276422764227,13.857560975609756,8.987967479674797,0.22113821138211381,7,8,6,0.56,0.64,0.48,8.0,7.0,6.0,1.3333333333333333,1.1428571428571428,0.36607142857142855,133.2357723577236,95.0,168.0
resin,6567,119.0,0.06092800000000001,6.102616979201714,488.2093583361371,172.81512605042016,122.07563025210084,127.30252100840336,13.825210084033614,9.766050420168067,10.184201680672269,6,8,6,0.48,0.64,0.48,8.0,6.0,6.0,1.3333333333333333,1.3333333333333333,0.4131944444444444,133.32773109243698,103.0,168.0
resin,6575,123.0,0.062976,6.17024150880815,493.619320704652,173.84552845528455,145.21951219512195,1.4634146341463414,13.907642276422765,11.617560975609756,0.11707317073170731,8,10,6,0.64,0.8,0.48,10.0,8.0,6.0,1.6666666666666667,1.25,0.25625,141.35772357723576,95.0,168.0
resin,6576,3297.0,1.6880640000000002,18.466025953360024,1477.282076268802,178.48225659690627,142.42220200181984,13.364573855019716,14.278580527752501,11.393776160145588,1.0691659084015772,23,44,30,1.84,3.52,2.4,44.0,30.0,23.0,1.9130434782608696,1.4666666666666666,0.10859683794466403,125.94267515923566,88.0,168.0
resin,6587,2919.0,1.4945280000000003,17.7314869827406,1418.5189586192478,186.24597464885235,24.35080507022953,64.13497773210004,14.899677971908188,1.9480644056183625,5.130798218568003,28,34,26,2.24,2.72,2.08,34.0,28.0,26.0,1.3076923076923077,1.2142857142857142,0.11792986425339366,125.4737923946557,88.0,168.0
resin,6594,1274.0,0.6522880000000001,13.450040804524926,1076.003264361994,184.86499215070643,73.47723704866561,8.250392464678178,14.789199372056515,5.878178963893249,0.6600313971742543,27,21,22,2.16,1.68,1.76,27.0,22.0,21.0,1.2857142857142858,1.2272727272727273,0.10213243546576879,125.67660910518053,88.0,168.0
resin,6596,196.0,0.10035200000000001,7.20696616269135,576.557293015308,174.56632653061226,83.39795918367346,7.168367346938775,13.96530612244898,6.671836734693877,0.573469387755102,8,8,8,0.64,0.64,0.64,8.0,8.0,8.0,1.0,1.0,0.3828125,140.75,99.0,168.0
resin,6602,132.0,0.067584,6.317206927705878,505.37655421647025,174.90151515151516,104.1590909090909,90.73484848484848,13.992121212121212,8.332727272727272,7.258787878787879,9,7,5,0.72,0.56,0.4,9.0,7.0,5.0,1.8,1.2857142857142858,0.41904761904761906,146.36363636363637,124.0,168.0
resin,6621,81.0,0.04147200000000001,5.368201373637897,429.4561098910317,174.69135802469137,37.96296296296296,138.53086419753086,13.97530864197531,3.037037037037037,11.08246913580247,7,6,5,0.56,0.48,0.4,7.0,6.0,5.0,1.4,1.1666666666666667,0.38571428571428573,146.66666666666666,119.0,168.0
resin,6623,187.0,0.09574400000000001,7.094922590181724,567.593807214538,175.9144385026738,47.77005347593583,42.0855614973262,14.073155080213903,3.8216042780748665,3.3668449197860966,9,7,8,0.72,0.56,0.64,9.0,8.0,7.0,1.2857142857142858,1.125,0.37103174603174605,129.41176470588235,97.0,168.0
resin,6639,100.0,0.05120000000000001,5.758823822969721,460.7059058375777,175.93,176.31,24.51,14.0744,14.104800000000001,1.9608,8,3,8,0.64,0.24,0.64,8.0,8.0,3.0,2.6666666666666665,1.0,0.5208333333333334,124.47,96.0,168.0
resin,6649,95.0,0.04864000000000001,5.661197779576941,452.8958223661553,176.61052631578949,81.76842105263158,0.47368421052631576,14.128842105263159,6.541473684210526,0.03789473684210526,9,8,3,0.72,0.64,0.24,9.0,8.0,3.0,3.0,1.125,0.4398148148148148,121.17894736842105,92.0,168.0
resin,6661,87.0,0.04454400000000001,5.497605134632529,439.80841077060234,175.51724137931035,173.51724137931035,179.41379310344828,14.041379310344828,13.881379310344828,14.353103448275863,6,6,6,0.48,0.48,0.48,6.0,6.0,6.0,1.0,1.0,0.4027777777777778,129.71264367816093,96.0,168.0
resin,6668,483.0,0.24729600000000004,9.734556485316405,778.7645188253124,178.120082815735,34.47826086956522,180.52587991718426,14.249606625258801,2.7582608695652175,14.44207039337474,10,12,10,0.8,0.96,0.8,12.0,10.0,10.0,1.2,1.2,0.4025,135.20910973084887,90.0,168.0
resin,6672,569.0,0.29132800000000003,10.281059708188627,822.4847766550902,181.1792618629174,47.701230228471005,107.26362038664324,14.494340949033392,3.8160984182776803,8.581089630931459,13,15,11,1.04,1.2,0.88,15.0,13.0,11.0,1.3636363636363635,1.1538461538461537,0.2652680652680653,125.70650263620387,89.0,168.0
resin,6677,90.0,0.04608000000000001,5.560083268891276,444.8066615113021,176.96666666666667,59.86666666666667,67.12222222222222,14.157333333333334,4.789333333333333,5.369777777777777,6,5,7,0.48,0.4,0.56,7.0,6.0,5.0,1.4,1.1666666666666667,0.42857142857142855,143.2111111111111,117.0,167.0
resin,6679,106.0,0.05427200000000001,5.871770611970455,469.7416489576364,176.49056603773585,84.06603773584905,131.02830188679246,14.119245283018868,6.725283018867924,10.482264150943397,6,6,7,0.48,0.48,0.56,7.0,6.0,6.0,1.1666666666666667,1.1666666666666667,0.42063492063492064,135.0188679245283,100.0,168.0
resin,6682,11917.0,6.101504000000001,28.339320903157834,2267.145672252627,200.33783670386842,122.95317613493329,24.061928337668878,16.027026936309476,9.836254090794663,1.9249542670135102,62,74,53,4.96,5.92,4.24,74.0,62.0,53.0,1.3962264150943395,1.1935483870967742,0.0490080768534816,130.43995972140638,88.0,168.0
resin,6683,199.0,0.10188800000000002,7.2435503741408285,579.4840299312663,178.0502512562814,98.42211055276383,61.0,14.244020100502512,7.8737688442211065,4.88,10,7,8,0.8,0.56,0.64,10.0,8.0,7.0,1.4285714285714286,1.25,0.35535714285714287,143.2110552763819,106.0,168.0
resin,6685,614.0,0.31436800000000004,10.54524278290836,843.6194226326688,186.33387622149837,100.63355048859935,2.3127035830618894,14.90671009771987,8.05068403908795,0.18501628664495115,23,15,7,1.84,1.2,0.56,23.0,15.0,7.0,3.2857142857142856,1.5333333333333334,0.25424430641821943,133.63355048859935,89.0,168.0
resin,6711,767.0,0.39270400000000005,11.357051118037846,908.5640894430277,180.51368970013039,77.96740547588006,164.09647979139504,14.441095176010432,6.237392438070405,13.127718383311603,12,18,17,0.96,1.44,1.36,18.0,17.0,12.0,1.5,1.0588235294117647,0.2088779956427015,123.65580182529335,89.0,168.0
resin,6712,315.0,0.16128000000000003,8.441843768512816,675.3475014810253,178.54285714285714,80.71428571428571,54.2984126984127,14.283428571428573,6.457142857142856,4.343873015873016,8,9,9,0.64,0.72,0.72,9.0,9.0,8.0,1.125,1.0,0.4861111111111111,124.05714285714286,90.0,168.0
resin,6714,225.0,0.11520000000000002,7.546193987406538,603.695518992523,181.34666666666666,88.83555555555556,1.88,14.507733333333334,7.1068444444444445,0.1504,12,8,7,0.96,0.64,0.56,12.0,8.0,7.0,1.7142857142857142,1.5,0.33482142857142855,139.48,105.0,168.0
resin,6735,391.0,0.20019200000000004,9.072480533607495,725.7984426885996,181.65728900255755,1.6879795396419437,136.383631713555,14.532583120204604,0.1350383631713555,10.910690537084399,15,8,20,1.2,0.64,1.6,20.0,15.0,8.0,2.5,1.3333333333333333,0.16291666666666665,128.73657289002557,90.0,168.0
resin,6738,412.0,0.21094400000000005,9.232079406099666,738.5663524879733,181.21844660194174,40.49029126213592,57.87621359223301,14.497475728155338,3.2392233009708735,4.6300970873786405,12,13,18,0.96,1.04,1.44,18.0,13.0,12.0,1.5,1.3846153846153846,0.1467236467236467,140.55825242718447,95.0,168.0
resin,6748,231.0,0.11827200000000002,7.612683704002246,609.0146963201797,180.78354978354977,90.54545454545455,185.64935064935065,14.462683982683982,7.243636363636364,14.851948051948053,10,9,8,0.8,0.72,0.64,10.0,9.0,8.0,1.25,1.1111111111111112,0.32083333333333336,140.7965367965368,89.0,167.0
resin,6749,216.0,0.11059200000000002,7.4442058907928,595.536471263424,179.0462962962963,92.7175925925926,108.97685185185185,14.323703703703705,7.417407407407408,8.718148148148147,7,8,7,0.56,0.64,0.56,8.0,7.0,7.0,1.1428571428571428,1.1428571428571428,0.5510204081632653,140.53240740740742,105.0,168.0
resin,6763,199.0,0.10188800000000002,7.2435503741408285,579.4840299312663,180.1859296482412,14.135678391959798,55.32663316582914,14.414874371859296,1.130854271356784,4.426130653266331,8,8,8,0.64,0.64,0.64,8.0,8.0,8.0,1.0,1.0,0.388671875,128.96984924623115,91.0,168.0
resin,6767,81.0,0.04147200000000001,5.368201373637897,429.4561098910317,180.11111111111111,17.604938271604937,164.5185185185185,14.408888888888889,1.408395061728395,13.16148148148148,7,5,8,0.56,0.4,0.64,8.0,7.0,5.0,1.6,1.1428571428571428,0.2892857142857143,147.06172839506172,104.0,168.0
resin,6770,105.0,0.05376000000000001,5.853247553205011,468.2598042564009,179.9904761904762,32.87619047619047,48.06666666666667,14.399238095238095,2.630095238095238,3.8453333333333335,8,6,7,0.64,0.48,0.56,8.0,7.0,6.0,1.3333333333333333,1.1428571428571428,0.3125,132.6,99.0,168.0
resin,6782,277.0,0.14182400000000003,8.08773753359214,647.0190026873712,181.00361010830323,123.63176895306859,185.46570397111913,14.480288808664259,9.890541516245488,14.83725631768953,10,8,8,0.8,0.64,0.64,10.0,8.0,8.0,1.25,1.25,0.4328125,122.26714801444044,94.0,168.0
resin,6790,351.0,0.17971200000000004,8.751909766778155,700.1527813422524,182.1851851851852,175.16239316239316,88.2022792022792,14.574814814814815,14.012991452991454,7.056182336182336,12,6,14,0.96,0.48,1.12,14.0,12.0,6.0,2.3333333333333335,1.1666666666666667,0.3482142857142857,128.02279202279203,91.0,167.0
resin,6801,642.0,0.32870400000000005,10.703162897552794,856.2530318042235,186.30529595015577,59.3006230529595,197.48442367601245,14.904423676012462,4.74404984423676,15.798753894080997,17,19,11,1.36,1.52,0.88,19.0,17.0,11.0,1.7272727272727273,1.1176470588235294,0.18069237264283705,134.60591900311528,92.0,168.0
resin,6811,240.0,0.12288000000000002,7.710292841628196,616.8234273302558,181.74166666666667,94.3125,96.65833333333333,14.539333333333333,7.545,7.732666666666667,8,9,8,0.64,0.72,0.64,9.0,8.0,8.0,1.125,1.125,0.4166666666666667,126.15833333333333,92.0,168.0
resin,6812,543.0,0.27801600000000004,10.122017156591745,809.7613725273396,182.97605893186002,103.06998158379373,193.69797421731124,14.638084714548802,8.2455985267035,15.4958379373849,11,14,14,0.88,1.12,1.12,14.0,14.0,11.0,1.2727272727272727,1.0,0.25185528756957326,122.91896869244935,88.0,168.0
resin,6816,957.0,0.4899840000000001,12.226564365234386,978.125149218751,185.14524555903867,107.07210031347962,11.055381400208987,14.811619644723095,8.56576802507837,0.884430512016719,15,21,26,1.2,1.68,2.08,26.0,21.0,15.0,1.7333333333333334,1.2380952380952381,0.11684981684981685,130.2800417972832,90.0,168.0
resin,6818,129.0,0.06604800000000001,6.268982093389452,501.5185674711562,180.64341085271317,122.97674418604652,131.69767441860466,14.451472868217055,9.838139534883721,10.535813953488374,7,7,5,0.56,0.56,0.4,7.0,7.0,5.0,1.4,1.0,0.5265306122448979,131.86046511627907,99.0,168.0
resin,6822,126.0,0.06451200000000001,6.220003669960456,497.6002935968365,180.46031746031747,171.23015873015873,186.9920634920635,14.436825396825398,13.6984126984127,14.95936507936508,6,7,7,0.48,0.56,0.56,7.0,7.0,6.0,1.1666666666666667,1.0,0.42857142857142855,129.61904761904762,95.0,167.0
resin,6827,349.0,0.17868800000000004,8.735255283590005,698.8204226872004,183.45558739255014,10.163323782234958,46.44126074498568,14.676446991404012,0.8130659025787966,3.7153008595988544,10,10,11,0.8,0.8,0.88,11.0,10.0,10.0,1.1,1.1,0.31727272727272726,137.12607449856733,89.0,168.0
resin,6844,159.0,0.08140800000000001,6.721499448528673,537.7199558822939,182.37735849056602,92.41509433962264,58.58490566037736,14.590188679245282,7.393207547169811,4.686792452830189,7,7,6,0.56,0.56,0.48,7.0,7.0,6.0,1.1666666666666667,1.0,0.5408163265306123,126.28930817610063,92.0,168.0
resin,6848,238.0,0.12185600000000002,7.688815591542102,615.1052473233682,182.95378151260505,130.2016806722689,173.9453781512605,14.636302521008403,10.416134453781513,13.915630252100842,8,7,8,0.64,0.56,0.64,8.0,8.0,7.0,1.1428571428571428,1.0,0.53125,127.65126050420169,92.0,168.0
resin,6856,232.0,0.11878400000000001,7.623653004050806,609.8922403240645,182.26293103448276,172.67672413793105,175.625,14.581034482758621,13.814137931034484,14.05,8,8,11,0.64,0.64,0.88,11.0,8.0,8.0,1.375,1.375,0.32954545454545453,137.63793103448276,91.0,168.0
resin,6871,917.0,0.4695040000000001,12.053788616691865,964.3030893353491,187.16575790621593,74.04252998909487,28.31733914940022,14.973260632497274,5.92340239912759,2.2653871319520174,18,18,20,1.44,1.44,1.6,20.0,18.0,18.0,1.1111111111111112,1.1111111111111112,0.14151234567901236,129.53871319520175,91.0,168.0
resin,6886,468.0,0.23961600000000005,9.632723112930602,770.6178490344482,186.64316239316238,2.7542735042735043,60.60897435897436,14.931452991452991,0.22034188034188035,4.848717948717948,11,8,11,0.88,0.64,0.88,11.0,11.0,8.0,1.375,1.0,0.4834710743801653,118.02350427350427,89.0,168.0
resin,6896,88.0,0.045056000000000006,5.518588563740668,441.4870850992534,183.38636363636363,76.56818181818181,62.94318181818182,14.67090909090909,6.125454545454545,5.035454545454546,6,7,5,0.48,0.56,0.4,7.0,6.0,5.0,1.4,1.1666666666666667,0.41904761904761906,145.14772727272728,119.0,167.0
resin,6903,271.0,0.13875200000000001,8.028915542458407,642.3132433966725,184.60885608856088,123.9520295202952,158.3690036900369,14.76870848708487,9.916162361623616,12.669520295202952,8,10,10,0.64,0.8,0.8,10.0,10.0,8.0,1.25,1.0,0.33875,125.91143911439114,94.0,168.0
resin,6905,726.0,0.37171200000000004,11.15097048056836,892.0776384454688,189.87741046831957,125.4228650137741,3.490358126721763,15.190192837465565,10.033829201101929,0.27922865013774106,17,16,10,1.36,1.28,0.8,17.0,16.0,10.0,1.7,1.0625,0.26691176470588235,122.70936639118457,89.0,168.0
resin,6907,1242.0,0.6359040000000001,13.336473034204753,1066.9178427363802,195.8244766505636,133.6159420289855,181.59822866344606,15.66595813204509,10.68927536231884,14.527858293075685,24,15,25,1.92,1.2,2.0,25.0,24.0,15.0,1.6666666666666667,1.0416666666666667,0.138,132.69404186795492,89.0,168.0
resin,6922,375.0,0.19200000000000003,8.947002289396494,715.7601831517195,187.09866666666667,25.728,175.664,14.967893333333334,2.05824,14.05312,10,9,10,0.8,0.72,0.8,10.0,10.0,9.0,1.1111111111111112,1.0,0.4166666666666667,137.192,105.0,168.0
resin,6924,91.0,0.04659200000000001,5.580600367226721,446.4480293781377,185.46153846153845,61.43956043956044,168.05494505494505,14.836923076923076,4.915164835164835,13.444395604395604,7,8,5,0.56,0.64,0.4,8.0,7.0,5.0,1.6,1.1428571428571428,0.325,147.02197802197801,121.0,168.0
resin,6926,996.0,0.5099520000000001,12.3904450321779,991.235602574232,188.46686746987953,57.377510040160644,47.247991967871485,15.077349397590362,4.590200803212851,3.7798393574297187,14,21,18,1.12,1.68,1.44,21.0,18.0,14.0,1.5,1.1666666666666667,0.18820861678004536,140.38855421686748,98.0,168.0
resin,6931,632.0,0.32358400000000004,10.647299861106793,851.7839888885435,189.7120253164557,96.31012658227849,140.78481012658227,15.176962025316456,7.704810126582279,11.262784810126583,15,15,11,1.2,1.2,0.88,15.0,15.0,11.0,1.3636363636363635,1.0,0.25535353535353533,121.68512658227849,88.0,168.0
resin,6943,264.0,0.135168,7.959181984758356,636.7345587806685,186.12878787878788,160.58333333333334,122.18939393939394,14.89030303030303,12.846666666666668,9.775151515151515,10,10,8,0.8,0.8,0.64,10.0,10.0,8.0,1.25,1.0,0.33,142.83712121212122,113.0,168.0
resin,6948,299.0,0.15308800000000003,8.296422398793604,663.7137919034883,186.3846153846154,8.404682274247492,34.13377926421405,14.910769230769231,0.6723745819397994,2.730702341137124,7,10,10,0.56,0.8,0.8,10.0,10.0,7.0,1.4285714285714286,1.0,0.42714285714285716,138.1036789297659,104.0,168.0
resin,6949,1300.0,0.6656000000000001,13.540922215421368,1083.2737772337096,189.72,6.367692307692308,74.81,15.1776,0.5094153846153846,5.9848,15,16,20,1.2,1.28,1.6,20.0,16.0,15.0,1.3333333333333333,1.25,0.2708333333333333,119.69615384615385,88.0,168.0
resin,6971,242.0,0.12390400000000001,7.731651102653187,618.532088212255,188.08677685950414,159.6404958677686,2.8388429752066116,15.046942148760332,12.771239669421488,0.22710743801652894,10,7,8,0.8,0.56,0.64,10.0,8.0,7.0,1.4285714285714286,1.25,0.43214285714285716,138.7603305785124,108.0,168.0
resin,6974,4317.0,2.2103040000000003,20.202005055303015,1616.1604044242413,208.55269863331017,168.31989807736855,176.68033356497568,16.684215890664813,13.465591846189485,14.134426685198054,52,27,43,4.16,2.16,3.44,52.0,43.0,27.0,1.9259259259259258,1.2093023255813953,0.07150665871596104,131.61917998610147,88.0,168.0
resin,6975,229.0,0.11724800000000002,7.590649763967882,607.2519811174305,187.65065502183407,6.794759825327511,188.97816593886463,15.012052401746725,0.5435807860262009,15.11825327510917,9,11,14,0.72,0.88,1.12,14.0,11.0,9.0,1.5555555555555556,1.2727272727272727,0.16522366522366522,136.4890829694323,100.0,168.0
resin,6978,296.0,0.15155200000000002,8.268581845817097,661.4865476653678,190.23986486486487,5.202702702702703,199.53040540540542,15.21918918918919,0.41621621621621624,15.962432432432434,13,13,6,1.04,1.04,0.48,13.0,13.0,6.0,2.1666666666666665,1.0,0.29191321499013806,132.0777027027027,90.0,168.0
resin,6983,247.0,0.12646400000000002,7.784536817045507,622.7629453636406,188.03238866396762,30.809716599190285,24.37246963562753,15.04259109311741,2.4647773279352228,1.9497975708502027,10,9,8,0.8,0.72,0.64,10.0,9.0,8.0,1.25,1.1111111111111112,0.34305555555555556,128.0,92.0,168.0
resin,6989,87.0,0.04454400000000001,5.497605134632529,439.80841077060234,187.24137931034483,55.310344827586206,177.02298850574712,14.979310344827587,4.424827586206897,14.161839080459771,7,6,5,0.56,0.48,0.4,7.0,6.0,5.0,1.4,1.1666666666666667,0.4142857142857143,135.90804597701148,94.0,168.0
resin,6991,93.0,0.047616000000000006,5.62118797776233,449.69503822098636,186.55913978494624,76.21505376344086,114.0752688172043,14.9247311827957,6.097204301075269,9.126021505376345,8,8,7,0.64,0.64,0.56,8.0,8.0,7.0,1.1428571428571428,1.0,0.20758928571428573,145.56989247311827,118.0,168.0
resin,7001,112.0,0.057344000000000006,5.980531746873981,478.4425397499185,187.94642857142858,138.34821428571428,199.625,15.035714285714286,11.067857142857143,15.97,8,8,5,0.64,0.64,0.4,8.0,8.0,5.0,1.6,1.0,0.35,130.66071428571428,96.0,167.0
resin,7006,209.0,0.10700800000000002,7.362905411051833,589.0324328841466,186.73205741626793,171.9665071770335,2.014354066985646,14.938564593301436,13.75732057416268,0.16114832535885168,7,8,6,0.56,0.64,0.48,8.0,7.0,6.0,1.3333333333333333,1.1428571428571428,0.6220238095238095,119.41148325358851,90.0,168.0
resin,7009,101.0,0.05171200000000001,5.777956268578565,462.2365014862852,187.6138613861386,1.5346534653465347,23.97029702970297,15.009108910891088,0.12277227722772278,1.9176237623762376,6,5,7,0.48,0.4,0.56,7.0,6.0,5.0,1.4,1.1666666666666667,0.48095238095238096,142.8910891089109,113.0,168.0
resin,7011,100.0,0.05120000000000001,5.758823822969721,460.7059058375777,189.45,16.07,195.2,15.155999999999999,1.2856,15.616,9,5,7,0.72,0.4,0.56,9.0,7.0,5.0,1.8,1.2857142857142858,0.31746031746031744,132.36,95.0,168.0
resin,7017,883.0,0.45209600000000005,11.902934043379863,952.2347234703891,193.6545866364666,37.9445073612684,46.24348810872027,15.49236693091733,3.035560588901472,3.6994790486976217,17,19,27,1.36,1.52,2.16,27.0,19.0,17.0,1.588235294117647,1.4210526315789473,0.10124985666781332,131.75877689694224,89.0,168.0
resin,7020,173.0,0.08857600000000002,6.913253681768307,553.0602945414646,188.242774566474,46.872832369942195,167.04624277456648,15.05942196531792,3.7498265895953757,13.363699421965318,8,10,10,0.64,0.8,0.8,10.0,10.0,8.0,1.25,1.0,0.21625,131.76300578034682,90.0,168.0
resin,7024,576.0,0.29491200000000006,10.323048165937195,825.8438532749756,189.59895833333334,73.02951388888889,57.57465277777778,15.167916666666668,5.842361111111111,4.605972222222222,12,11,12,0.96,0.88,0.96,12.0,12.0,11.0,1.0909090909090908,1.0,0.36363636363636365,136.40625,92.0,168.0
resin,7027,791.0,0.4049920000000001,11.47429348039851,917.9434784318807,189.8811630847029,83.53476611883691,175.35398230088495,15.190493046776233,6.682781289506953,14.028318584070796,10,26,18,0.8,2.08,1.44,26.0,18.0,10.0,2.6,1.4444444444444444,0.16901709401709403,135.409608091024,90.0,168.0
resin,7030,140.0,0.07168000000000001,6.442332530151142,515.3866024120914,188.17142857142858,124.06428571428572,150.0,15.053714285714287,9.925142857142857,12.0,7,9,7,0.56,0.72,0.56,9.0,7.0,7.0,1.2857142857142858,1.2857142857142858,0.31746031746031744,139.05714285714285,102.0,168.0
resin,7041,521.0,0.26675200000000004,9.983428233527347,798.6742586821878,189.65259117082533,39.20729366602687,16.343570057581573,15.172207293666027,3.1365834932821497,1.307485604606526,8,19,8,0.64,1.52,0.64,19.0,8.0,8.0,2.375,2.375,0.4284539473684211,128.63915547024953,88.0,168.0
resin,7044,373.0,0.19097600000000003,8.931068146520563,714.485451721645,190.43699731903484,62.51206434316354,3.3538873994638068,15.234959785522788,5.000965147453083,0.26831099195710456,11,13,8,0.88,1.04,0.64,13.0,11.0,8.0,1.625,1.1818181818181819,0.32604895104895104,122.3538873994638,88.0,168.0
resin,7047,164.0,0.08396800000000001,6.791229523398108,543.2983618718487,189.5060975609756,87.20731707317073,20.878048780487806,15.160487804878048,6.9765853658536585,1.6702439024390245,8,7,7,0.64,0.56,0.56,8.0,7.0,7.0,1.1428571428571428,1.1428571428571428,0.41836734693877553,143.26829268292684,117.0,168.0
resin,7055,92.0,0.04710400000000001,5.600967702383306,448.0774161906645,188.77173913043478,144.2173913043478,173.43478260869566,15.101739130434783,11.537391304347825,13.874782608695654,6,6,6,0.48,0.48,0.48,6.0,6.0,6.0,1.0,1.0,0.42592592592592593,148.81521739130434,124.0,168.0
resin,7056,122.0,0.06246400000000001,6.153474465532757,492.2779572426206,188.4262295081967,144.5,16.016393442622952,15.074098360655737,11.56,1.2813114754098363,6,6,7,0.48,0.48,0.56,7.0,6.0,6.0,1.1666666666666667,1.1666666666666667,0.48412698412698413,129.89344262295083,95.0,168.0
resin,7059,134.0,0.06860800000000002,6.3489522192239995,507.91617753791996,188.48507462686567,159.27611940298507,113.14925373134328,15.078805970149254,12.742089552238806,9.051940298507462,7,8,7,0.56,0.64,0.56,8.0,7.0,7.0,1.1428571428571428,1.1428571428571428,0.34183673469387754,145.26119402985074,112.0,168.0
resin,7063,271.0,0.13875200000000001,8.028915542458407,642.3132433966725,189.4022140221402,173.71217712177122,17.715867158671585,15.152177121771217,13.896974169741698,1.4172693726937269,9,9,16,0.72,0.72,1.28,16.0,9.0,9.0,1.7777777777777777,1.7777777777777777,0.20910493827160495,134.24354243542436,93.0,168.0
resin,7065,165.0,0.08448000000000001,6.805004874579641,544.4003899663712,193.93939393939394,1.1090909090909091,50.32727272727273,15.515151515151516,0.08872727272727274,4.0261818181818185,14,6,12,1.12,0.48,0.96,14.0,12.0,6.0,2.3333333333333335,1.1666666666666667,0.1636904761904762,142.21212121212122,88.0,168.0
resin,7080,331.0,0.16947200000000004,8.582420525578566,686.5936420462854,190.78549848942598,96.90332326283988,170.71601208459214,15.262839879154079,7.75226586102719,13.657280966767372,9,9,9,0.72,0.72,0.72,9.0,9.0,9.0,1.0,1.0,0.4540466392318244,121.74018126888218,89.0,168.0
resin,7086,237.0,0.12134400000000002,7.678031824807701,614.2425459846161,190.06751054852322,132.2405063291139,158.58227848101265,15.205400843881858,10.579240506329112,12.686582278481012,7,10,8,0.56,0.8,0.64,10.0,8.0,7.0,1.4285714285714286,1.25,0.4232142857142857,124.46413502109705,90.0,168.0
resin,7089,104.0,0.05324800000000001,5.834606511185437,466.768520894835,189.94230769230768,136.28846153846155,167.47115384615384,15.195384615384615,10.903076923076924,13.397692307692308,6,9,5,0.48,0.72,0.4,9.0,6.0,5.0,1.8,1.5,0.3851851851851852,133.55769230769232,100.0,167.0
resin,7116,156.0,0.07987200000000001,6.678957173048376,534.3165738438701,190.47435897435898,130.78205128205127,31.564102564102566,15.237948717948719,10.462564102564102,2.525128205128205,7,7,6,0.56,0.56,0.48,7.0,7.0,6.0,1.1666666666666667,1.0,0.5306122448979592,125.10897435897436,92.0,168.0
resin,7118,141.0,0.072192,6.457635040206935,516.6108032165548,190.95035460992906,150.29787234042553,118.36170212765957,15.276028368794325,12.023829787234042,9.468936170212766,7,7,6,0.56,0.56,0.48,7.0,7.0,6.0,1.1666666666666667,1.0,0.47959183673469385,129.4822695035461,98.0,168.0
resin,7126,4019.0,2.0577280000000004,19.72603478507244,1578.0827828057952,206.99328191092312,6.153271958198557,146.64667827817865,16.55946255287385,0.49226175665588456,11.731734262254292,34,25,57,2.72,2.0,4.5600000000000005,57.0,34.0,25.0,2.28,1.6764705882352942,0.0829514963880289,126.17566558845483,88.0,168.0
resin,7130,138.0,0.07065600000000001,6.411507500999382,512.9206000799505,192.58695652173913,27.181159420289855,121.28260869565217,15.406956521739131,2.1744927536231886,9.702608695652174,9,6,7,0.72,0.48,0.56,9.0,7.0,6.0,1.5,1.2857142857142858,0.36507936507936506,135.17391304347825,98.0,168.0
resin,7132,501.0,0.256512,9.854010813451172,788.3208650760937,194.6746506986028,78.23153692614771,110.3872255489022,15.573972055888223,6.258522954091817,8.830978043912175,11,12,16,0.88,0.96,1.28,16.0,12.0,11.0,1.4545454545454546,1.3333333333333333,0.2372159090909091,129.89620758483034,90.0,168.0
resin,7134,256.0,0.13107200000000002,7.877960174741571,630.2368139793257,192.6484375,88.09375,73.91796875,15.411875,7.0475,5.9134375,8,8,9,0.64,0.64,0.72,9.0,8.0,8.0,1.125,1.125,0.4444444444444444,124.88671875,92.0,168.0
resin,7136,301.0,0.15411200000000003,8.314879461624903,665.1903569299923,192.17607973421926,96.11627906976744,104.28239202657808,15.374086378737541,7.689302325581395,8.342591362126246,8,9,8,0.64,0.72,0.64,9.0,8.0,8.0,1.125,1.125,0.5225694444444444,138.9435215946844,113.0,168.0
resin,7140,80.0,0.04096000000000001,5.346018470287903,427.6814776230322,191.825,124.3,51.6125,15.346,9.944,4.129,8,7,9,0.64,0.56,0.72,9.0,8.0,7.0,1.2857142857142858,1.125,0.15873015873015872,139.7125,88.0,168.0
resin,7145,130.0,0.06656000000000001,6.285139335191904,502.8111468153523,191.86153846153846,175.66923076923078,122.75384615384615,15.348923076923077,14.053538461538462,9.820307692307692,7,5,7,0.56,0.4,0.56,7.0,7.0,5.0,1.4,1.0,0.5306122448979592,124.4076923076923,93.0,168.0
resin,7147,195.0,0.09984000000000001,7.194688513426352,575.5750810741082,193.4923076923077,3.7897435897435896,39.04102564102564,15.479384615384616,0.3031794871794872,3.123282051282051,8,7,7,0.64,0.56,0.56,8.0,7.0,7.0,1.1428571428571428,1.1428571428571428,0.49744897959183676,126.25641025641026,92.0,168.0
resin,7148,349.0,0.17868800000000004,8.735255283590005,698.8204226872004,197.05730659025787,16.56160458452722,185.1375358166189,15.764584527220629,1.3249283667621776,14.811002865329513,13,11,12,1.04,0.88,0.96,13.0,12.0,11.0,1.1818181818181819,1.0833333333333333,0.20337995337995338,140.50716332378224,93.0,168.0
resin,7152,238.0,0.12185600000000002,7.688815591542102,615.1052473233682,195.2016806722689,25.567226890756302,40.785714285714285,15.616134453781513,2.045378151260504,3.262857142857143,12,12,11,0.96,0.96,0.88,12.0,12.0,11.0,1.0909090909090908,1.0,0.15025252525252525,140.11344537815125,88.0,168.0
resin,7155,89.0,0.045568000000000004,5.539413623573113,443.153089885849,192.6629213483146,59.7752808988764,79.33707865168539,15.413033707865168,4.782022471910112,6.346966292134831,7,6,7,0.56,0.48,0.56,7.0,7.0,6.0,1.1666666666666667,1.0,0.30272108843537415,134.26966292134833,103.0,168.0
resin,7162,271.0,0.13875200000000001,8.028915542458407,642.3132433966725,195.49077490774908,94.80073800738008,131.71955719557195,15.639261992619927,7.5840590405904065,10.537564575645757,11,10,6,0.88,0.8,0.48,11.0,10.0,6.0,1.8333333333333333,1.1,0.4106060606060606,128.2509225092251,91.0,168.0
resin,7166,386.0,0.19763200000000003,9.033642384583448,722.6913907666758,194.0103626943005,130.8860103626943,198.39637305699483,15.520829015544042,10.470880829015544,15.871709844559588,9,9,7,0.72,0.72,0.56,9.0,9.0,7.0,1.2857142857142858,1.0,0.6807760141093474,119.93523316062176,89.0,168.0
resin,7177,118.0,0.06041600000000001,6.085474706375493,486.8379765100394,194.22881355932202,31.43220338983051,192.4406779661017,15.538305084745762,2.514576271186441,15.395254237288137,7,6,6,0.56,0.48,0.48,7.0,6.0,6.0,1.1666666666666667,1.1666666666666667,0.46825396825396826,143.635593220339,119.0,168.0
resin,7181,115.0,0.05888000000000001,6.033459557881385,482.67676463051083,193.80869565217392,75.47826086956522,36.4,15.504695652173915,6.038260869565217,2.912,7,6,7,0.56,0.48,0.56,7.0,7.0,6.0,1.1666666666666667,1.0,0.391156462585034,133.59130434782608,106.0,168.0
resin,7186,1140.0,0.5836800000000001,12.960907456386044,1036.8725965108836,196.19210526315788,142.3517543859649,159.38771929824563,15.695368421052631,11.388140350877192,12.75101754385965,12,32,28,0.96,2.56,2.24,32.0,28.0,12.0,2.6666666666666665,1.1428571428571428,0.10602678571428571,127.09473684210526,88.0,168.0
resin,7189,95.0,0.04864000000000001,5.661197779576941,452.8958223661553,193.86315789473684,163.0,107.91578947368421,15.509052631578948,13.040000000000001,8.633263157894737,6,5,5,0.48,0.4,0.4,6.0,5.0,5.0,1.2,1.2,0.6333333333333333,130.8421052631579,90.0,168.0
resin,7202,2916.0,1.4929920000000003,17.725410393168534,1418.0328314534827,202.21810699588477,63.59053497942387,56.47290809327846,16.177448559670783,5.08724279835391,4.517832647462277,20,29,34,1.6,2.32,2.72,34.0,29.0,20.0,1.7,1.1724137931034482,0.14787018255578094,132.78292181069958,88.0,168.0
resin,7217,342.0,0.17510400000000004,8.676458514270498,694.1166811416399,196.2514619883041,168.29239766081872,4.026315789473684,15.700116959064328,13.463391812865497,0.32210526315789473,10,11,9,0.8,0.88,0.72,11.0,10.0,9.0,1.2222222222222223,1.1,0.34545454545454546,136.97368421052633,89.0,168.0
resin,7218,3004.0,1.5380480000000003,17.90195393771462,1432.1563150171696,207.3465379494008,168.2410119840213,19.96238348868176,16.587723035952067,13.459280958721704,1.5969906790945407,31,19,42,2.48,1.52,3.36,42.0,31.0,19.0,2.210526315789474,1.3548387096774193,0.12143261379254588,131.35785619174433,88.0,168.0
resin,7220,188.0,0.09625600000000002,7.107547034225343,568.6037627380274,195.9840425531915,175.89893617021278,87.01063829787235,15.67872340425532,14.071914893617022,6.960851063829788,9,4,11,0.72,0.32,0.88,11.0,9.0,4.0,2.75,1.2222222222222223,0.47474747474747475,121.73936170212765,91.0,168.0
resin,7222,1068.0,0.5468160000000001,12.682091340596205,1014.5673072476964,205.30243445692884,5.160112359550562,196.7069288389513,16.424194756554307,0.4128089887640449,15.736554307116105,26,12,14,2.08,0.96,1.12,26.0,14.0,12.0,2.1666666666666665,1.8571428571428572,0.2445054945054945,120.91292134831461,88.0,168.0
resin,7224,1251.0,0.6405120000000001,13.368609238052173,1069.4887390441738,198.70103916866506,34.04396482813749,132.97521982414068,15.896083133493205,2.7235171862509993,10.638017585931255,14,28,19,1.12,2.24,1.52,28.0,19.0,14.0,2.0,1.4736842105263157,0.16796455424274973,131.6458832933653,88.0,168.0
resin,7233,454.0,0.23244800000000004,9.535696284670314,762.8557027736251,204.6784140969163,113.83920704845815,3.26431718061674,16.374273127753305,9.107136563876653,0.2611453744493392,19,15,9,1.52,1.2,0.72,19.0,15.0,9.0,2.111111111111111,1.2666666666666666,0.1769980506822612,125.65638766519824,88.0,168.0
resin,7237,118.0,0.06041600000000001,6.085474706375493,486.8379765100394,196.3728813559322,162.21186440677965,189.85593220338984,15.709830508474576,12.976949152542373,15.188474576271188,7,6,7,0.56,0.48,0.56,7.0,7.0,6.0,1.1666666666666667,1.0,0.4013605442176871,132.51694915254237,94.0,168.0
resin,7240,222.0,0.11366400000000002,7.512505172776117,601.0004138220894,196.88288288288288,175.67117117117118,132.16666666666666,15.750630630630631,14.053693693693695,10.573333333333332,9,5,10,0.72,0.4,0.8,10.0,9.0,5.0,2.0,1.1111111111111112,0.49333333333333335,120.7072072072072,88.0,167.0
resin,7242,309.0,0.15820800000000002,8.387900801742607,671.0320641394085,199.44983818770226,8.016181229773462,81.19417475728156,15.95598705501618,0.641294498381877,6.4955339805825245,10,9,8,0.8,0.72,0.64,10.0,9.0,8.0,1.25,1.1111111111111112,0.42916666666666664,123.28155339805825,88.0,168.0
resin,7244,180.0,0.09216000000000002,7.005265949644415,560.4212759715532,197.11111111111111,22.605555555555554,175.36111111111111,15.76888888888889,1.8084444444444443,14.02888888888889,8,7,7,0.64,0.56,0.56,8.0,7.0,7.0,1.1428571428571428,1.1428571428571428,0.45918367346938777,140.61111111111111,108.0,168.0
resin,7245,165.0,0.08448000000000001,6.805004874579641,544.4003899663712,197.6,25.151515151515152,26.43030303030303,15.808,2.012121212121212,2.1144242424242425,8,7,7,0.64,0.56,0.56,8.0,7.0,7.0,1.1428571428571428,1.1428571428571428,0.42091836734693877,124.7090909090909,96.0,168.0
resin,7248,274.0,0.14028800000000002,8.058433879808192,644.6747103846553,198.26642335766422,45.42335766423358,63.58759124087591,15.861313868613138,3.633868613138686,5.087007299270073,11,9,10,0.88,0.72,0.8,11.0,10.0,9.0,1.2222222222222223,1.1,0.2767676767676768,127.51094890510949,96.0,168.0
resin,7255,1257.0,0.6435840000000002,13.38994783649855,1071.195826919884,201.65791567223548,161.40891010342085,124.57915672235481,16.132633253778838,12.912712808273668,9.966332537788386,16,23,18,1.28,1.84,1.44,23.0,18.0,16.0,1.4375,1.2777777777777777,0.1897644927536232,125.92760540970565,88.0,168.0
resin,7257,84.0,0.043008000000000005,5.43367369666554,434.6938957332432,198.07142857142858,17.86904761904762,148.36904761904762,15.845714285714287,1.4295238095238096,11.86952380952381,7,6,6,0.56,0.48,0.48,7.0,6.0,6.0,1.1666666666666667,1.1666666666666667,0.3333333333333333,146.0952380952381,119.0,167.0
resin,7269,161.0,0.08243200000000002,6.749564489897218,539.9651591917775,198.73291925465838,102.3913043478261,147.91304347826087,15.898633540372671,8.191304347826087,11.83304347826087,8,8,8,0.64,0.64,0.64,8.0,8.0,8.0,1.0,1.0,0.314453125,132.9689440993789,99.0,168.0
resin,7272,109.0,0.05580800000000001,5.926650153721812,474.13201229774495,198.52293577981652,121.18348623853211,6.844036697247707,15.881834862385322,9.69467889908257,0.5475229357798166,7,5,7,0.56,0.4,0.56,7.0,7.0,5.0,1.4,1.0,0.4448979591836735,132.94495412844037,93.0,168.0
resin,7298,145.0,0.07424000000000001,6.518131631368211,521.4505305094569,201.27586206896552,1.2137931034482758,107.27586206896552,16.10206896551724,0.09710344827586206,8.582068965517243,12,5,10,0.96,0.4,0.8,12.0,10.0,5.0,2.4,1.2,0.24166666666666667,136.75172413793103,93.0,168.0
resin,7305,1096.0,0.5611520000000001,12.791966418023701,1023.3573134418962,203.86587591240877,74.73813868613139,168.4662408759124,16.309270072992703,5.979051094890512,13.477299270072992,15,25,18,1.2,2.0,1.44,25.0,18.0,15.0,1.6666666666666667,1.3888888888888888,0.16237037037037036,129.01642335766422,88.0,168.0
resin,7306,95.0,0.04864000000000001,5.661197779576941,452.8958223661553,199.9578947368421,69.66315789473684,188.0,15.996631578947367,5.573052631578947,15.040000000000001,7,7,7,0.56,0.56,0.56,7.0,7.0,7.0,1.0,1.0,0.27696793002915454,133.31578947368422,92.0,168.0
resin,7309,288.0,0.14745600000000003,8.193408759063548,655.4727007250838,201.29166666666666,83.02083333333333,115.21180555555556,16.10333333333333,6.641666666666667,9.216944444444445,10,16,7,0.8,1.28,0.56,16.0,10.0,7.0,2.2857142857142856,1.6,0.2571428571428571,132.82638888888889,94.0,168.0
resin,7311,393.0,0.20121600000000003,9.087923083466553,727.0338466773242,202.51908396946564,96.3206106870229,195.74809160305344,16.20152671755725,7.705648854961833,15.659847328244275,12,15,11,0.96,1.2,0.88,15.0,12.0,11.0,1.3636363636363635,1.25,0.1984848484848485,130.55979643765903,90.0,168.0
resin,7312,99.0,0.05068800000000001,5.7395633987581025,459.1650719006482,199.3838383838384,99.73737373737374,17.03030303030303,15.950707070707072,7.9789898989899,1.3624242424242425,5,8,7,0.4,0.64,0.56,8.0,7.0,5.0,1.6,1.1428571428571428,0.3535714285714286,135.3030303030303,103.0,168.0
resin,7331,240.0,0.12288000000000002,7.710292841628196,616.8234273302558,201.075,31.754166666666666,159.86666666666667,16.086,2.5403333333333333,12.789333333333333,8,11,11,0.64,0.88,0.88,11.0,11.0,8.0,1.375,1.0,0.24793388429752067,128.12083333333334,90.0,168.0
resin,7335,352.0,0.18022400000000002,8.76021329146161,700.8170633169289,202.4005681818182,72.89204545454545,151.23863636363637,16.192045454545454,5.831363636363636,12.09909090909091,11,12,11,0.88,0.96,0.88,12.0,11.0,11.0,1.0909090909090908,1.0909090909090908,0.24242424242424243,139.7840909090909,100.0,168.0
resin,7337,329.0,0.16844800000000001,8.565099750899904,685.2079800719923,201.69300911854103,94.85106382978724,119.5015197568389,16.135440729483282,7.588085106382979,9.560121580547113,8,10,14,0.64,0.8,1.12,14.0,10.0,8.0,1.75,1.4,0.29375,128.93617021276594,91.0,168.0
resin,7338,149.0,0.07628800000000001,6.57752562495326,526.2020499962608,201.98657718120805,108.32214765100672,153.6510067114094,16.158926174496646,8.665771812080537,12.292080536912751,8,9,7,0.64,0.72,0.56,9.0,8.0,7.0,1.2857142857142858,1.125,0.29563492063492064,129.79194630872485,91.0,168.0
resin,7342,212.0,0.10854400000000002,7.397967394175678,591.8373915340543,202.41037735849056,131.52358490566039,164.85377358490567,16.192830188679245,10.52188679245283,13.188301886792454,9,7,11,0.72,0.56,0.88,11.0,9.0,7.0,1.5714285714285714,1.2222222222222223,0.3059163059163059,144.02830188679246,111.0,168.0
resin,7357,780.0,0.39936000000000005,11.420856114796512,913.668489183721,204.32820512820513,8.90128205128205,61.92564102564103,16.34625641025641,0.7121025641025641,4.9540512820512825,10,18,21,0.8,1.44,1.68,21.0,18.0,10.0,2.1,1.1666666666666667,0.20634920634920634,130.90769230769232,88.0,168.0
resin,7369,290.0,0.14848000000000003,8.21233124834642,656.9864998677135,205.33793103448275,73.76206896551724,66.01379310344828,16.42703448275862,5.90096551724138,5.2811034482758625,12,11,11,0.96,0.88,0.88,12.0,11.0,11.0,1.0909090909090908,1.0909090909090908,0.19972451790633608,137.13793103448276,93.0,168.0
resin,7370,667.0,0.34150400000000003,10.84032752203314,867.2262017626513,209.0599700149925,79.67166416791605,76.49175412293853,16.724797601199402,6.373733133433284,6.119340329835083,18,17,10,1.44,1.36,0.8,18.0,17.0,10.0,1.8,1.0588235294117647,0.21797385620915033,125.2968515742129,89.0,168.0
resin,7371,161.0,0.08243200000000002,6.749564489897218,539.9651591917775,202.16770186335404,78.40993788819875,179.2608695652174,16.173416149068323,6.2727950310559,14.340869565217393,8,8,6,0.64,0.64,0.48,8.0,8.0,6.0,1.3333333333333333,1.0,0.4192708333333333,142.17391304347825,116.0,168.0
resin,7372,134.0,0.06860800000000002,6.3489522192239995,507.91617753791996,202.65671641791045,76.96268656716418,186.38059701492537,16.212537313432836,6.157014925373135,14.91044776119403,9,11,7,0.72,0.88,0.56,11.0,9.0,7.0,1.5714285714285714,1.2222222222222223,0.19336219336219337,145.73134328358208,89.0,168.0
resin,7378,304.0,0.15564800000000004,8.342412375997787,667.392990079823,203.38815789473685,106.13815789473684,199.50328947368422,16.271052631578947,8.491052631578947,15.960263157894738,10,11,5,0.8,0.88,0.4,11.0,10.0,5.0,2.2,1.1,0.5527272727272727,137.35526315789474,106.0,168.0
resin,7381,119.0,0.06092800000000001,6.102616979201714,488.2093583361371,201.96638655462183,149.00840336134453,187.16806722689077,16.157310924369746,11.920672268907563,14.973445378151261,7,7,7,0.56,0.56,0.56,7.0,7.0,7.0,1.0,1.0,0.3469387755102041,142.9747899159664,118.0,168.0
resin,7386,198.0,0.10137600000000002,7.231396743301494,578.5117394641195,203.12626262626262,175.58080808080808,12.646464646464647,16.25010101010101,14.046464646464647,1.0117171717171718,9,5,8,0.72,0.4,0.64,9.0,8.0,5.0,1.8,1.125,0.55,123.64141414141415,94.0,168.0
resin,7389,826.0,0.42291200000000007,11.641094327798328,931.2875462238662,210.8050847457627,3.50363196125908,87.26997578692495,16.864406779661017,0.2802905569007264,6.981598062953996,21,11,15,1.68,0.88,1.2,21.0,15.0,11.0,1.9090909090909092,1.4,0.2383838383838384,121.17312348668281,88.0,168.0
resin,7395,297.0,0.15206400000000003,8.277882845611002,662.2306276488802,203.33670033670035,28.95286195286195,95.32659932659932,16.26693602693603,2.316228956228956,7.626127946127946,9,16,8,0.72,1.28,0.64,16.0,9.0,8.0,2.0,1.7777777777777777,0.2578125,131.22558922558923,89.0,168.0
resin,7397,228.0,0.11673600000000002,7.579584661161639,606.3667728929311,202.96052631578948,37.324561403508774,120.92543859649123,16.236842105263158,2.985964912280702,9.674035087719298,7,8,9,0.56,0.64,0.72,9.0,8.0,7.0,1.2857142857142858,1.125,0.4523809523809524,140.28070175438597,108.0,168.0
resin,7399,433.0,0.22169600000000003,9.386343093555954,750.9074474844763,204.46651270207852,38.699769053117784,48.84988452655889,16.35732101616628,3.0959815242494226,3.907990762124711,10,9,13,0.8,0.72,1.04,13.0,10.0,9.0,1.4444444444444444,1.3,0.3700854700854701,121.78290993071593,89.0,168.0
resin,7413,357.0,0.18278400000000003,8.801496716004365,704.1197372803492,205.16526610644257,157.23249299719888,173.6078431372549,16.413221288515405,12.57859943977591,13.888627450980392,11,12,9,0.88,0.96,0.72,12.0,11.0,9.0,1.3333333333333333,1.0909090909090908,0.3005050505050505,125.63585434173669,90.0,168.0
resin,7418,216.0,0.11059200000000002,7.4442058907928,595.536471263424,206.6712962962963,175.99074074074073,94.19444444444444,16.533703703703704,14.07925925925926,7.535555555555556,16,4,10,1.28,0.32,0.8,16.0,10.0,4.0,4.0,1.6,0.3375,138.59259259259258,91.0,168.0
resin,7419,81.0,0.04147200000000001,5.368201373637897,429.4561098910317,203.80246913580248,9.222222222222221,50.76543209876543,16.304197530864197,0.7377777777777778,4.061234567901234,6,6,6,0.48,0.48,0.48,6.0,6.0,6.0,1.0,1.0,0.375,149.0493827160494,127.0,168.0
resin,7433,319.0,0.16332800000000003,8.477426249208973,678.1940999367179,208.1128526645768,82.58307210031347,199.91222570532915,16.649028213166144,6.606645768025078,15.992978056426333,16,14,4,1.28,1.12,0.32,16.0,14.0,4.0,4.0,1.1428571428571428,0.3560267857142857,121.37617554858934,89.0,168.0
resin,7440,589.0,0.30156800000000006,10.400132942622328,832.0106354097862,206.91680814940577,120.19015280135824,160.42105263157896,16.55334465195246,9.615212224108658,12.833684210526316,12,14,12,0.96,1.12,0.96,14.0,12.0,12.0,1.1666666666666667,1.1666666666666667,0.29216269841269843,121.92529711375212,89.0,168.0
resin,7445,885.0,0.4531200000000001,11.911914004570503,952.9531203656403,208.62937853107346,147.5864406779661,3.769491525423729,16.690350282485877,11.806915254237287,0.3015593220338983,16,18,10,1.28,1.44,0.8,18.0,16.0,10.0,1.8,1.125,0.3072916666666667,119.34576271186441,89.0,168.0
resin,7447,143.0,0.07321600000000002,6.488024358591253,519.0419486873002,204.51048951048952,146.25874125874125,38.94405594405595,16.360839160839163,11.7006993006993,3.115524475524476,7,7,7,0.56,0.56,0.56,7.0,7.0,7.0,1.0,1.0,0.41690962099125367,143.51048951048952,114.0,168.0
resin,7456,208.0,0.10649600000000002,7.351143561296219,588.0914849036975,205.92307692307693,31.5625,143.0096153846154,16.473846153846154,2.525,11.44076923076923,9,9,7,0.72,0.72,0.56,9.0,9.0,7.0,1.2857142857142858,1.0,0.36684303350970016,142.48076923076923,110.0,168.0
resin,7482,127.0,0.06502400000000001,6.236415365212329,498.91322921698634,205.8740157480315,67.60629921259843,137.92125984251967,16.46992125984252,5.4085039370078745,11.033700787401575,7,8,5,0.56,0.64,0.4,8.0,7.0,5.0,1.6,1.1428571428571428,0.45357142857142857,132.748031496063,99.0,168.0
resin,7484,506.0,0.259072,9.886683502161974,790.9346801729579,210.0691699604743,77.54150197628458,90.75296442687747,16.805533596837947,6.203320158102766,7.2602371541501975,14,12,13,1.12,0.96,1.04,14.0,13.0,12.0,1.1666666666666667,1.0769230769230769,0.2316849816849817,138.48418972332016,95.0,168.0
resin,7486,218.0,0.11161600000000002,7.467111284036796,597.3689027229436,207.36697247706422,102.6651376146789,124.41284403669725,16.58935779816514,8.213211009174312,9.95302752293578,12,10,9,0.96,0.8,0.72,12.0,10.0,9.0,1.3333333333333333,1.2,0.20185185185185187,133.38990825688074,90.0,168.0
resin,7489,205.0,0.10496000000000001,7.315630236588791,585.2504189271033,206.7219512195122,154.66341463414633,198.2390243902439,16.537756097560976,12.373073170731708,15.859121951219514,10,12,11,0.8,0.96,0.88,12.0,11.0,10.0,1.2,1.0909090909090908,0.1553030303030303,144.0878048780488,113.0,168.0
resin,7491,1753.0,0.8975360000000001,14.959868106543748,1196.7894485235,212.63662293211638,165.6845407872219,156.40216771249288,17.01092983456931,13.254763262977752,12.512173416999431,19,23,28,1.52,1.84,2.24,28.0,23.0,19.0,1.4736842105263157,1.2173913043478262,0.14326577312847336,126.2686822589846,88.0,168.0
resin,7492,371.0,0.18995200000000004,8.915076942846547,713.2061554277237,207.95956873315365,6.611859838274933,24.059299191374663,16.63676549865229,0.5289487870619947,1.9247439353099731,9,10,12,0.72,0.8,0.96,12.0,10.0,9.0,1.3333333333333333,1.2,0.3435185185185185,120.98921832884098,88.0,168.0
resin,7497,670.0,0.34304000000000007,10.856555581472675,868.524446517814,211.09402985074627,29.728358208955225,131.76716417910447,16.8875223880597,2.378268656716418,10.541373134328358,14,16,12,1.12,1.28,0.96,16.0,14.0,12.0,1.3333333333333333,1.1428571428571428,0.24925595238095238,126.11044776119402,88.0,168.0
resin,7500,179.0,0.09164800000000002,6.992269136954583,559.3815309563666,206.98882681564245,42.675977653631286,145.0614525139665,16.5591061452514,3.414078212290503,11.60491620111732,8,7,7,0.64,0.56,0.56,8.0,7.0,7.0,1.1428571428571428,1.1428571428571428,0.45663265306122447,127.5195530726257,88.0,168.0
resin,7503,207.0,0.10598400000000002,7.339343952631513,587.147516210521,206.90338164251207,78.69565217391305,26.33816425120773,16.552270531400968,6.2956521739130435,2.1070531400966184,7,8,8,0.56,0.64,0.64,8.0,8.0,7.0,1.1428571428571428,1.0,0.46205357142857145,124.30434782608695,89.0,168.0
resin,7505,198.0,0.10137600000000002,7.231396743301494,578.5117394641195,207.04545454545453,88.37373737373737,191.06565656565655,16.563636363636363,7.06989898989899,15.285252525252524,7,8,8,0.56,0.64,0.64,8.0,8.0,7.0,1.1428571428571428,1.0,0.4419642857142857,142.85858585858585,118.0,168.0
resin,7508,243.0,0.12441600000000003,7.742286124452896,619.3828899562317,207.12345679012347,104.07407407407408,23.160493827160494,16.56987654320988,8.325925925925926,1.8528395061728395,8,8,8,0.64,0.64,0.64,8.0,8.0,8.0,1.0,1.0,0.474609375,124.1440329218107,90.0,168.0
resin,7510,224.0,0.11468800000000001,7.534997837451086,602.7998269960868,207.53125,110.65625,143.99553571428572,16.6025,8.852500000000001,11.519642857142857,9,11,8,0.72,0.88,0.64,11.0,9.0,8.0,1.375,1.2222222222222223,0.2828282828282828,140.41964285714286,104.0,168.0
resin,7523,4094.0,2.096128,19.84798419062037,1587.8387352496295,226.79750854909625,8.618221787982414,182.02271617000488,18.1438006839277,0.6894577430385931,14.561817293600392,44,25,42,3.52,2.0,3.36,44.0,42.0,25.0,1.76,1.0476190476190477,0.08861471861471862,123.70224719101124,88.0,168.0
resin,7530,95.0,0.04864000000000001,5.661197779576941,452.8958223661553,208.31578947368422,26.789473684210527,110.77894736842106,16.66526315789474,2.1431578947368424,8.862315789473685,7,7,5,0.56,0.56,0.4,7.0,7.0,5.0,1.4,1.0,0.3877551020408163,134.70526315789473,99.0,168.0
resin,7543,118.0,0.06041600000000001,6.085474706375493,486.8379765100394,206.8135593220339,145.04237288135593,162.88135593220338,16.545084745762715,11.603389830508474,13.030508474576271,5,7,7,0.4,0.56,0.56,7.0,7.0,5.0,1.4,1.0,0.4816326530612245,134.14406779661016,89.0,168.0
resin,7544,382.0,0.19558400000000004,9.00232968140077,720.1863745120615,211.08115183246073,152.56806282722513,15.973821989528796,16.886492146596858,12.205445026178012,1.2779057591623038,12,11,16,0.96,0.88,1.28,16.0,12.0,11.0,1.4545454545454546,1.3333333333333333,0.18087121212121213,132.2408376963351,90.0,168.0
resin,7549,3518.0,1.8012160000000004,18.86973223996351,1509.578579197081,215.60204661739624,162.6534963047186,113.83229107447413,17.2481637293917,13.01227970437749,9.10658328595793,23,32,38,1.84,2.56,3.04,38.0,32.0,23.0,1.6521739130434783,1.1875,0.12578661327231122,130.56850483229107,88.0,168.0
resin,7550,541.0,0.27699200000000007,10.1095745906918,808.765967255344,213.39001848428836,171.21996303142328,136.96672828096118,17.07120147874307,13.697597042513863,10.957338262476894,19,16,15,1.52,1.28,1.2,19.0,16.0,15.0,1.2666666666666666,1.1875,0.11864035087719298,130.09796672828097,88.0,168.0
resin,7557,3562.0,1.8237440000000003,18.948075110297165,1515.8460088237732,219.0581134194273,81.30067377877597,187.45423919146546,17.524649073554183,6.504053902302078,14.996339135317237,26,45,30,2.08,3.6,2.4,45.0,30.0,26.0,1.7307692307692308,1.5,0.10148148148148148,131.6487928130264,88.0,168.0
resin,7561,109.0,0.05580800000000001,5.926650153721812,474.13201229774495,208.77981651376146,135.91743119266056,1.091743119266055,16.702385321100916,10.873394495412844,0.08733944954128439,7,7,4,0.56,0.56,0.32,7.0,7.0,4.0,1.75,1.0,0.5561224489795918,142.3577981651376,111.0,168.0
resin,7572,482.0,0.24678400000000003,9.72783372317443,778.2266978539543,211.20746887966806,26.87136929460581,70.83609958506224,16.896597510373446,2.149709543568465,5.666887966804979,10,13,10,0.8,1.04,0.8,13.0,10.0,10.0,1.3,1.3,0.3707692307692308,120.38174273858921,89.0,168.0
resin,7576,422.0,0.21606400000000003,9.30617631050107,744.4941048400857,211.36729857819904,35.75355450236967,112.88151658767772,16.909383886255924,2.8602843601895733,9.030521327014219,10,9,9,0.8,0.72,0.72,10.0,9.0,9.0,1.1111111111111112,1.1111111111111112,0.5209876543209877,122.10426540284361,89.0,168.0
resin,7586,2339.0,1.1975680000000002,16.469378090236084,1317.5502472188869,214.56135100470286,74.16417272338606,151.31167165455324,17.16490808037623,5.933133817870885,12.104933732364259,19,35,26,1.52,2.8000000000000003,2.08,35.0,26.0,19.0,1.8421052631578947,1.3461538461538463,0.1352805089647195,132.0525865754596,88.0,168.0
resin,7589,118.0,0.06041600000000001,6.085474706375493,486.8379765100394,209.4322033898305,94.9322033898305,134.10169491525423,16.75457627118644,7.59457627118644,10.728135593220339,6,6,7,0.48,0.48,0.56,7.0,6.0,6.0,1.1666666666666667,1.1666666666666667,0.46825396825396826,126.61864406779661,93.0,168.0
resin,7590,279.0,0.14284800000000003,8.10715594554489,648.5724756435911,211.76702508960574,98.28673835125448,115.68817204301075,16.941362007168458,7.862939068100359,9.255053763440861,11,9,8,0.88,0.72,0.64,11.0,9.0,8.0,1.375,1.2222222222222223,0.3522727272727273,124.39784946236558,88.0,168.0
resin,7594,865.0,0.44288000000000005,11.82149750909792,945.7198007278337,215.6578034682081,147.62774566473988,132.035838150289,17.252624277456647,11.81021965317919,10.56286705202312,19,12,16,1.52,0.96,1.28,19.0,16.0,12.0,1.5833333333333333,1.1875,0.23711622807017543,131.36878612716762,89.0,168.0
resin,7597,385.0,0.19712000000000005,9.025834565322066,722.0667652257653,212.5012987012987,146.45454545454547,198.60779220779222,17.000103896103898,11.716363636363637,15.888623376623377,15,13,9,1.2,1.04,0.72,15.0,13.0,9.0,1.6666666666666667,1.1538461538461537,0.21937321937321938,127.49090909090908,93.0,168.0
resin,7620,285.0,0.14592000000000002,8.164860065020097,653.1888052016077,212.57543859649124,48.136842105263156,138.1964912280702,17.0060350877193,3.8509473684210525,11.055719298245615,10,9,10,0.8,0.72,0.8,10.0,10.0,9.0,1.1111111111111112,1.0,0.31666666666666665,139.4701754385965,100.0,168.0
resin,7628,239.0,0.12236800000000002,7.699569193795551,615.9655355036441,212.36401673640168,100.56485355648536,30.02510460251046,16.989121338912135,8.04518828451883,2.402008368200837,10,9,8,0.8,0.72,0.64,10.0,9.0,8.0,1.25,1.1111111111111112,0.33194444444444443,143.85355648535565,112.0,168.0
resin,7631,879.0,0.45004800000000006,11.884933359515555,950.7946687612445,213.5961319681456,107.44823663253698,170.62116040955632,17.087690557451648,8.595858930602958,13.649692832764506,13,15,20,1.04,1.2,1.6,20.0,15.0,13.0,1.5384615384615385,1.3333333333333333,0.22538461538461538,126.32081911262799,90.0,168.0
resin,7633,284.0,0.14540800000000004,8.155299330204066,652.4239464163253,214.73239436619718,116.44014084507042,151.48239436619718,17.178591549295774,9.315211267605633,12.118591549295775,14,7,8,1.12,0.56,0.64,14.0,8.0,7.0,2.0,1.75,0.3622448979591837,134.3838028169014,91.0,168.0
resin,7637,1238.0,0.6338560000000001,13.322140435270335,1065.7712348216269,217.92084006462036,132.1421647819063,149.4297253634895,17.43366720516963,10.571373182552504,11.95437802907916,18,16,23,1.44,1.28,1.84,23.0,18.0,16.0,1.4375,1.2777777777777777,0.18689613526570048,124.58077544426494,88.0,168.0
resin,7638,83.0,0.042496000000000006,5.412025364749767,432.96202917998136,209.83132530120483,159.89156626506025,91.19277108433735,16.786506024096386,12.79132530120482,7.295421686746988,5,5,6,0.4,0.4,0.48,6.0,5.0,5.0,1.2,1.2,0.5533333333333333,146.0843373493976,121.0,168.0
resin,7646,449.0,0.22988800000000004,9.500560755003654,760.0448604002924,213.7349665924276,71.06681514476615,30.848552338530066,17.09879732739421,5.685345211581292,2.4678841870824053,10,10,11,0.8,0.8,0.88,11.0,10.0,10.0,1.1,1.1,0.4081818181818182,120.49220489977728,88.0,168.0
resin,7652,1156.0,0.5918720000000001,13.021261795788233,1041.7009436630585,220.7318339100346,95.19204152249135,158.87716262975778,17.658546712802767,7.615363321799308,12.710173010380622,23,19,20,1.84,1.52,1.6,23.0,20.0,19.0,1.2105263157894737,1.15,0.1322654462242563,135.27595155709344,89.0,168.0
resin,7654,306.0,0.15667200000000003,8.360667165881503,668.8533732705203,215.80392156862746,99.3529411764706,182.86274509803923,17.264313725490197,7.948235294117648,14.629019607843139,12,9,10,0.96,0.72,0.8,12.0,10.0,9.0,1.3333333333333333,1.2,0.2833333333333333,124.1797385620915,88.0,168.0
resin,7665,99.0,0.05068800000000001,5.7395633987581025,459.1650719006482,210.94949494949495,161.04040404040404,100.53535353535354,16.875959595959596,12.883232323232324,8.042828282828284,5,7,6,0.4,0.56,0.48,7.0,6.0,5.0,1.4,1.1666666666666667,0.4714285714285714,128.95959595959596,95.0,166.0
resin,7671,228.0,0.11673600000000002,7.579584661161639,606.3667728929311,213.18421052631578,4.793859649122807,72.14912280701755,17.054736842105264,0.3835087719298246,5.771929824561404,8,8,8,0.64,0.64,0.64,8.0,8.0,8.0,1.0,1.0,0.4453125,124.07894736842105,92.0,168.0
resin,7677,213.0,0.10905600000000001,7.409581176811981,592.7664941449585,213.7417840375587,51.460093896713616,63.009389671361504,17.099342723004696,4.11680751173709,5.04075117370892,8,8,7,0.64,0.64,0.56,8.0,8.0,7.0,1.1428571428571428,1.0,0.47544642857142855,125.17840375586854,90.0,168.0
resin,7678,3008.0,1.5400960000000004,17.909896243076773,1432.7916994461418,222.58942819148936,60.864029255319146,141.31449468085106,17.807154255319148,4.869122340425532,11.305159574468085,25,25,38,2.0,2.0,3.04,38.0,25.0,25.0,1.52,1.52,0.12665263157894738,123.46376329787235,88.0,168.0
resin,7684,101.0,0.05171200000000001,5.777956268578565,462.2365014862852,213.5049504950495,86.88118811881188,94.37623762376238,17.08039603960396,6.9504950495049505,7.550099009900991,8,5,7,0.64,0.4,0.56,8.0,7.0,5.0,1.6,1.1428571428571428,0.3607142857142857,144.20792079207922,119.0,168.0
resin,7686,196.0,0.10035200000000001,7.20696616269135,576.557293015308,214.05612244897958,100.29081632653062,199.26530612244898,17.124489795918368,8.02326530612245,15.941224489795918,10,11,6,0.8,0.88,0.48,11.0,10.0,6.0,1.8333333333333333,1.1,0.296969696969697,128.48979591836735,89.0,168.0
resin,7689,453.0,0.23193600000000003,9.528689892519017,762.2951914015214,214.81898454746135,123.23841059602648,32.38852097130243,17.18551876379691,9.85907284768212,2.591081677704194,11,9,10,0.88,0.72,0.8,11.0,10.0,9.0,1.2222222222222223,1.1,0.4575757575757576,119.9757174392936,88.0,168.0
resin,7693,139.0,0.07116800000000001,6.426956976396133,514.1565581116906,213.37410071942446,147.0431654676259,174.94244604316546,17.06992805755396,11.763453237410072,13.995395683453237,7,7,8,0.56,0.56,0.64,8.0,7.0,7.0,1.1428571428571428,1.1428571428571428,0.35459183673469385,143.19424460431654,111.0,167.0
resin,7700,118.0,0.06041600000000001,6.085474706375493,486.8379765100394,214.58474576271186,23.652542372881356,102.62711864406779,17.16677966101695,1.8922033898305086,8.210169491525424,8,10,7,0.64,0.8,0.56,10.0,8.0,7.0,1.4285714285714286,1.25,0.21071428571428572,138.61864406779662,94.0,168.0
resin,7708,812.0,0.41574400000000006,11.574950318753721,925.9960255002977,220.92241379310346,92.70443349753694,90.29433497536945,17.673793103448276,7.416354679802955,7.223546798029556,20,19,16,1.6,1.52,1.28,20.0,19.0,16.0,1.25,1.0526315789473684,0.13355263157894737,139.94458128078819,91.0,168.0
resin,7709,114.0,0.05836800000000001,6.015920332305007,481.2736265844006,213.47368421052633,88.97368421052632,123.16666666666667,17.077894736842108,7.117894736842105,9.853333333333333,6,8,5,0.48,0.64,0.4,8.0,6.0,5.0,1.6,1.3333333333333333,0.475,131.98245614035088,90.0,168.0
resin,7713,791.0,0.4049920000000001,11.47429348039851,917.9434784318807,220.46017699115043,112.87231352718078,3.8255372945638433,17.636814159292037,9.029785082174463,0.30604298356510745,17,22,11,1.36,1.76,0.88,22.0,17.0,11.0,2.0,1.2941176470588236,0.1922702965483714,135.93678887484197,89.0,168.0
resin,7715,263.0,0.13465600000000003,7.949119797058365,635.9295837646691,217.3574144486692,106.25855513307985,17.11406844106464,17.38859315589354,8.500684410646388,1.3691254752851711,11,9,8,0.88,0.72,0.64,11.0,9.0,8.0,1.375,1.2222222222222223,0.33207070707070707,123.4448669201521,88.0,168.0
resin,7723,858.0,0.4392960000000001,11.7895226687927,943.1618135034159,222.06993006993008,169.979020979021,6.383449883449884,17.765594405594406,13.59832167832168,0.5106759906759907,19,19,15,1.52,1.52,1.2,19.0,19.0,15.0,1.2666666666666666,1.0,0.15844875346260387,128.46503496503496,88.0,168.0
resin,7731,686.0,0.35123200000000004,10.942296985154808,875.3837588123847,216.768221574344,28.1734693877551,154.68804664723032,17.34145772594752,2.253877551020408,12.375043731778426,13,17,17,1.04,1.36,1.36,17.0,17.0,13.0,1.3076923076923077,1.0,0.18259249401117914,126.09766763848397,91.0,168.0
resin,7732,266.0,0.13619200000000004,7.979230386796232,638.3384309436985,215.35714285714286,44.703007518796994,45.47744360902256,17.228571428571428,3.5762406015037596,3.638195488721805,8,8,8,0.64,0.64,0.64,8.0,8.0,8.0,1.0,1.0,0.51953125,138.24436090225564,101.0,168.0
resin,7741,111.0,0.05683200000000001,5.962679307090674,477.01434456725394,214.67567567567568,104.4054054054054,68.24324324324324,17.174054054054054,8.352432432432433,5.45945945945946,7,8,5,0.56,0.64,0.4,8.0,7.0,5.0,1.6,1.1428571428571428,0.3964285714285714,131.4954954954955,99.0,168.0
resin,7748,131.0,0.067072,6.301213930352919,504.0971144282335,214.9618320610687,117.6793893129771,183.5801526717557,17.196946564885497,9.414351145038168,14.686412213740457,8,6,6,0.64,0.48,0.48,8.0,6.0,6.0,1.3333333333333333,1.3333333333333333,0.4548611111111111,142.51908396946564,115.0,168.0
resin,7762,191.0,0.09779200000000002,7.145153803210064,571.6123042568051,216.2670157068063,50.18848167539267,54.86387434554974,17.301361256544503,4.015078534031414,4.38910994764398,9,7,7,0.72,0.56,0.56,9.0,7.0,7.0,1.2857142857142858,1.2857142857142858,0.4331065759637188,127.3717277486911,93.0,167.0
resin,7765,1620.0,0.8294400000000002,14.571540378031683,1165.7232302425346,219.8246913580247,68.31296296296296,74.8716049382716,17.585975308641977,5.465037037037036,5.989728395061729,17,23,32,1.36,1.84,2.56,32.0,23.0,17.0,1.8823529411764706,1.391304347826087,0.12947570332480818,129.48703703703703,88.0,168.0
resin,7766,190.0,0.09728000000000002,7.132662250107105,570.6129800085683,216.93157894736842,65.84210526315789,50.73157894736842,17.354526315789474,5.267368421052631,4.058526315789473,10,8,10,0.8,0.64,0.8,10.0,10.0,8.0,1.25,1.0,0.2375,130.36315789473684,93.0,168.0
resin,7768,210.0,0.10752000000000002,7.374629802528655,589.9703842022924,216.54285714285714,86.77619047619048,69.02857142857142,17.323428571428572,6.942095238095239,5.522285714285714,8,9,8,0.64,0.72,0.64,9.0,8.0,8.0,1.125,1.125,0.3645833333333333,127.10952380952381,88.0,168.0
resin,7774,240.0,0.12288000000000002,7.710292841628196,616.8234273302558,218.62916666666666,136.13333333333333,131.2375,17.490333333333332,10.890666666666666,10.499,12,9,8,0.96,0.72,0.64,12.0,9.0,8.0,1.5,1.3333333333333333,0.2777777777777778,138.3,89.0,168.0
resin,7775,95.0,0.04864000000000001,5.661197779576941,452.8958223661553,215.22105263157894,137.42105263157896,92.92631578947369,17.217684210526315,10.993684210526316,7.434105263157895,5,8,6,0.4,0.64,0.48,8.0,6.0,5.0,1.6,1.3333333333333333,0.3958333333333333,132.1157894736842,99.0,168.0
resin,7778,207.0,0.10598400000000002,7.339343952631513,587.147516210521,216.96618357487924,157.71014492753622,138.29468599033817,17.35729468599034,12.616811594202899,11.063574879227053,10,11,7,0.8,0.88,0.56,11.0,10.0,7.0,1.5714285714285714,1.1,0.2688311688311688,130.71497584541063,91.0,168.0
resin,7798,167.0,0.08550400000000001,6.832389495079439,546.5911596063551,216.47904191616766,131.1377245508982,14.359281437125748,17.31832335329341,10.491017964071856,1.1487425149700599,6,7,9,0.48,0.56,0.72,9.0,7.0,6.0,1.5,1.2857142857142858,0.4417989417989418,125.80239520958084,91.0,168.0
resin,7812,124.0,0.06348800000000002,6.1869179183107725,494.9534334648618,218.73387096774192,82.91129032258064,136.73387096774192,17.498709677419352,6.6329032258064515,10.938709677419354,9,9,5,0.72,0.72,0.4,9.0,9.0,5.0,1.8,1.0,0.30617283950617286,143.70967741935485,92.0,168.0
resin,7842,108.0,0.05529600000000001,5.908470131056179,472.67761048449427,218.17592592592592,153.87962962962962,185.40740740740742,17.454074074074075,12.31037037037037,14.832592592592594,6,7,7,0.48,0.56,0.56,7.0,7.0,6.0,1.1666666666666667,1.0,0.3673469387755102,133.22222222222223,90.0,168.0
resin,7844,118.0,0.06041600000000001,6.085474706375493,486.8379765100394,220.48305084745763,156.635593220339,199.98305084745763,17.638644067796612,12.53084745762712,15.998644067796612,9,7,4,0.72,0.56,0.32,9.0,7.0,4.0,2.25,1.2857142857142858,0.46825396825396826,124.63559322033899,88.0,167.0
resin,7846,159.0,0.08140800000000001,6.721499448528673,537.7199558822939,222.23899371069183,161.67295597484278,18.830188679245282,17.779119496855348,12.933836477987423,1.5064150943396226,11,7,9,0.88,0.56,0.72,11.0,9.0,7.0,1.5714285714285714,1.2222222222222223,0.22943722943722944,135.43396226415095,94.0,168.0
resin,7850,342.0,0.17510400000000004,8.676458514270498,694.1166811416399,220.56140350877192,19.16374269005848,150.6783625730994,17.644912280701753,1.5330994152046784,12.054269005847953,8,11,8,0.64,0.88,0.64,11.0,8.0,8.0,1.375,1.375,0.48579545454545453,122.35380116959064,88.0,167.0
resin,7852,222.0,0.11366400000000002,7.512505172776117,601.0004138220894,220.85585585585585,23.094594594594593,15.72972972972973,17.66846846846847,1.8475675675675676,1.2583783783783784,8,7,8,0.64,0.56,0.64,8.0,8.0,7.0,1.1428571428571428,1.0,0.4955357142857143,122.22972972972973,88.0,167.0
resin,7854,137.0,0.07014400000000001,6.395983209011851,511.6786567209481,220.47445255474452,29.32116788321168,142.47445255474452,17.637956204379563,2.3456934306569344,11.397956204379561,8,6,6,0.64,0.48,0.48,8.0,6.0,6.0,1.3333333333333333,1.3333333333333333,0.4756944444444444,144.62043795620437,120.0,168.0
resin,7859,167.0,0.08550400000000001,6.832389495079439,546.5911596063551,219.4431137724551,63.377245508982035,166.16167664670658,17.55544910179641,5.070179640718563,13.292934131736526,6,8,7,0.48,0.64,0.56,8.0,7.0,6.0,1.3333333333333333,1.1428571428571428,0.49702380952380953,144.00598802395209,117.0,168.0
resin,7865,677.0,0.34662400000000004,10.89423356770855,871.5386854166841,225.72673559822746,139.15952732644018,33.92466765140325,18.0581388478582,11.132762186115215,2.7139734121122596,16,11,13,1.28,0.88,1.04,16.0,13.0,11.0,1.4545454545454546,1.2307692307692308,0.2958916083916084,121.59231905465288,88.0,168.0
resin,7883,234.0,0.11980800000000003,7.6454974013922135,611.6397921113771,221.7136752136752,36.42307692307692,43.794871794871796,17.737094017094016,2.9138461538461535,3.503589743589744,8,12,11,0.64,0.96,0.88,12.0,11.0,8.0,1.5,1.0909090909090908,0.2215909090909091,127.35042735042735,93.0,167.0
resin,7887,1348.0,0.6901760000000001,13.705569617158815,1096.4455693727052,229.3813056379822,82.09643916913947,171.85089020771514,18.350504451038574,6.567715133531158,13.74807121661721,22,19,27,1.76,1.52,2.16,27.0,22.0,19.0,1.4210526315789473,1.2272727272727273,0.11944001417685628,127.0066765578635,88.0,168.0
resin,7895,331.0,0.16947200000000004,8.582420525578566,686.5936420462854,221.68882175226585,117.63141993957704,171.16918429003022,17.735105740181268,9.410513595166163,13.693534743202418,9,9,9,0.72,0.72,0.72,9.0,9.0,9.0,1.0,1.0,0.4540466392318244,138.77945619335347,106.0,168.0
resin,7896,409.0,0.20940800000000004,9.209616837033387,736.769346962671,222.78239608801957,140.13691931540342,2.432762836185819,17.822591687041566,11.210953545232273,0.19462102689486555,10,11,7,0.8,0.88,0.56,11.0,10.0,7.0,1.5714285714285714,1.1,0.5311688311688312,117.6601466992665,88.0,168.0
resin,7900,258.0,0.13209600000000002,7.898422500875398,631.8738000700318,222.84496124031008,150.73643410852713,11.368217054263566,17.827596899224808,12.05891472868217,0.9094573643410853,10,9,8,0.8,0.72,0.64,10.0,9.0,8.0,1.25,1.1111111111111112,0.35833333333333334,124.67829457364341,89.0,168.0
resin,7912,228.0,0.11673600000000002,7.579584661161639,606.3667728929311,222.10087719298247,39.25438596491228,82.9780701754386,17.7680701754386,3.1403508771929824,6.638245614035088,7,8,7,0.56,0.64,0.56,8.0,7.0,7.0,1.1428571428571428,1.1428571428571428,0.5816326530612245,123.65350877192982,89.0,168.0
resin,7917,1962.0,1.004544,15.53221738685327,1242.5773909482616,231.39398572884812,90.62385321100918,123.37410805300713,18.51151885830785,7.249908256880734,9.869928644240572,24,41,31,1.92,3.2800000000000002,2.48,41.0,31.0,24.0,1.7083333333333333,1.3225806451612903,0.06431943351691581,133.06880733944953,89.0,168.0
resin,7921,208.0,0.10649600000000002,7.351143561296219,588.0914849036975,222.15384615384616,90.1201923076923,111.14423076923077,17.77230769230769,7.209615384615384,8.891538461538461,7,7,7,0.56,0.56,0.56,7.0,7.0,7.0,1.0,1.0,0.6064139941690962,126.71634615384616,93.0,168.0
resin,7930,716.0,0.3665920000000001,11.09953538364648,887.9628306917184,224.90642458100558,150.9594972067039,22.074022346368714,17.99251396648045,12.076759776536312,1.7659217877094973,15,18,9,1.2,1.44,0.72,18.0,15.0,9.0,2.0,1.2,0.2946502057613169,123.83240223463687,88.0,168.0
resin,7934,140.0,0.07168000000000001,6.442332530151142,515.3866024120914,222.2357142857143,163.31428571428572,1.3071428571428572,17.778857142857145,13.065142857142858,0.10457142857142858,8,8,5,0.64,0.64,0.4,8.0,8.0,5.0,1.6,1.0,0.4375,123.05714285714286,90.0,168.0
resin,7935,187.0,0.09574400000000001,7.094922590181724,567.593807214538,221.63636363636363,166.89304812834226,197.94652406417111,17.73090909090909,13.351443850267382,15.83572192513369,7,9,7,0.56,0.72,0.56,9.0,7.0,7.0,1.2857142857142858,1.2857142857142858,0.42403628117913833,141.7326203208556,107.0,168.0
resin,7936,128.0,0.06553600000000001,6.252741134374175,500.21929074993403,221.9140625,166.328125,38.546875,17.753125,13.30625,3.08375,7,6,6,0.56,0.48,0.48,7.0,6.0,6.0,1.1666666666666667,1.1666666666666667,0.5079365079365079,143.296875,114.0,168.0
resin,7947,153.0,0.07833600000000002,6.635865927138142,530.8692741710514,223.31372549019608,72.73202614379085,177.79738562091504,17.865098039215688,5.818562091503268,14.223790849673204,10,8,7,0.8,0.64,0.56,10.0,8.0,7.0,1.4285714285714286,1.25,0.2732142857142857,133.03267973856208,90.0,168.0
resin,7951,212.0,0.10854400000000002,7.397967394175678,591.8373915340543,224.9433962264151,95.24056603773585,142.5566037735849,17.99547169811321,7.619245283018868,11.404528301886792,10,12,12,0.8,0.96,0.96,12.0,12.0,10.0,1.2,1.0,0.14722222222222223,141.61320754716982,96.0,168.0
resin,7955,111.0,0.05683200000000001,5.962679307090674,477.01434456725394,222.86486486486487,113.42342342342343,17.81081081081081,17.82918918918919,9.073873873873875,1.424864864864865,7,6,6,0.56,0.48,0.48,7.0,6.0,6.0,1.1666666666666667,1.1666666666666667,0.44047619047619047,146.4954954954955,112.0,168.0
resin,7957,162.0,0.08294400000000002,6.763509910720959,541.0807928576767,223.14814814814815,140.10493827160494,12.0,17.85185185185185,11.208395061728394,0.96,7,7,9,0.56,0.56,0.72,9.0,7.0,7.0,1.2857142857142858,1.2857142857142858,0.3673469387755102,128.91975308641975,91.0,168.0
resin,7966,207.0,0.10598400000000002,7.339343952631513,587.147516210521,224.28019323671498,1.710144927536232,72.68599033816425,17.942415458937198,0.13681159420289857,5.814879227053139,9,5,11,0.72,0.4,0.88,11.0,9.0,5.0,2.2,1.2222222222222223,0.41818181818181815,125.20772946859903,93.0,168.0
resin,7967,193.0,0.09881600000000001,7.17000671219614,573.6005369756912,224.60621761658032,5.937823834196891,56.917098445595855,17.968497409326428,0.4750259067357513,4.553367875647669,9,8,10,0.72,0.64,0.8,10.0,9.0,8.0,1.25,1.1111111111111112,0.26805555555555555,129.1865284974093,89.0,168.0
resin,7978,501.0,0.256512,9.854010813451172,788.3208650760937,227.50299401197606,64.13972055888223,49.243512974051896,18.200239520958085,5.131177644710578,3.9394810379241516,13,15,15,1.04,1.2,1.2,15.0,15.0,13.0,1.1538461538461537,1.0,0.1712820512820513,132.91017964071855,88.0,168.0
resin,7980,666.0,0.3409920000000001,10.834907357368538,866.792588589483,227.97297297297297,78.84984984984985,99.84684684684684,18.237837837837837,6.307987987987988,7.987747747747748,15,12,14,1.2,0.96,1.12,15.0,14.0,12.0,1.25,1.0714285714285714,0.2642857142857143,121.48648648648648,88.0,168.0
resin,7985,166.0,0.08499200000000001,6.818724679613211,545.4979743690568,225.72289156626505,99.54819277108433,75.9578313253012,18.057831325301205,7.9638554216867465,6.0766265060240965,9,8,8,0.72,0.64,0.64,9.0,8.0,8.0,1.125,1.125,0.2881944444444444,130.93975903614458,94.0,167.0
resin,7993,140.0,0.07168000000000001,6.442332530151142,515.3866024120914,223.82857142857142,142.6,142.37142857142857,17.906285714285715,11.408,11.389714285714286,7,6,7,0.56,0.48,0.56,7.0,7.0,6.0,1.1666666666666667,1.0,0.47619047619047616,144.1,115.0,167.0
resin,8008,137.0,0.07014400000000001,6.395983209011851,511.6786567209481,224.54744525547446,52.54014598540146,121.67883211678833,17.963795620437956,4.203211678832117,9.734306569343067,6,6,7,0.48,0.48,0.56,7.0,6.0,6.0,1.1666666666666667,1.1666666666666667,0.5436507936507936,125.42335766423358,94.0,167.0
resin,8022,162.0,0.08294400000000002,6.763509910720959,541.0807928576767,224.7530864197531,120.16666666666667,153.42592592592592,17.98024691358025,9.613333333333333,12.274074074074074,6,7,6,0.48,0.56,0.48,7.0,6.0,6.0,1.1666666666666667,1.1666666666666667,0.6428571428571429,142.43827160493828,115.0,167.0
resin,8025,378.0,0.19353600000000004,8.970797620310972,717.6638096248778,225.64814814814815,157.9973544973545,187.4100529100529,18.051851851851854,12.63978835978836,14.992804232804232,10,14,15,0.8,1.12,1.2,15.0,14.0,10.0,1.5,1.0714285714285714,0.18,132.55026455026456,90.0,168.0
resin,8028,89.0,0.045568000000000004,5.539413623573113,443.153089885849,223.67415730337078,175.41573033707866,155.3370786516854,17.893932584269663,14.033258426966293,12.426966292134832,5,5,7,0.4,0.4,0.56,7.0,5.0,5.0,1.4,1.4,0.5085714285714286,148.0561797752809,123.0,168.0
resin,8033,201.0,0.10291200000000002,7.267736030636296,581.4188824509038,226.91044776119404,46.57213930348259,177.07960199004975,18.152835820895522,3.725771144278607,14.16636815920398,8,7,7,0.64,0.56,0.56,8.0,7.0,7.0,1.1428571428571428,1.1428571428571428,0.5127551020408163,138.12935323383084,113.0,167.0
resin,8038,183.0,0.09369600000000002,7.043969861883599,563.5175889506879,226.03825136612022,91.85792349726776,100.60655737704919,18.08306010928962,7.3486338797814215,8.048524590163934,7,9,7,0.56,0.72,0.56,9.0,7.0,7.0,1.2857142857142858,1.2857142857142858,0.41496598639455784,127.86338797814207,92.0,168.0
resin,8047,95.0,0.04864000000000001,5.661197779576941,452.8958223661553,226.57894736842104,144.6421052631579,105.29473684210527,18.126315789473683,11.571368421052632,8.423578947368421,7,7,6,0.56,0.56,0.48,7.0,7.0,6.0,1.1666666666666667,1.0,0.3231292517006803,133.2,92.0,167.0
resin,8049,111.0,0.05683200000000001,5.962679307090674,477.01434456725394,226.83783783783784,147.83783783783784,186.33333333333334,18.14702702702703,11.827027027027027,14.906666666666668,8,7,6,0.64,0.56,0.48,8.0,7.0,6.0,1.3333333333333333,1.1428571428571428,0.33035714285714285,144.74774774774775,108.0,168.0
resin,8053,1459.0,0.7470080000000001,14.07188324789442,1125.7506598315535,233.76559287183002,170.7196710075394,36.34612748457848,18.701247429746402,13.657573680603152,2.9076901987662787,21,14,26,1.68,1.12,2.08,26.0,21.0,14.0,1.8571428571428572,1.2380952380952381,0.19086865515436943,129.39273474982866,88.0,168.0
resin,8079,312.0,0.15974400000000002,8.414958733670003,673.1966986936003,227.32692307692307,155.18910256410257,3.8493589743589745,18.186153846153847,12.415128205128205,0.307948717948718,8,9,9,0.64,0.72,0.72,9.0,9.0,8.0,1.125,1.0,0.48148148148148145,138.88782051282053,104.0,168.0
resin,8082,1211.0,0.6200320000000001,13.22457854227062,1057.9662833816496,238.83236994219652,172.49876135425268,191.63005780346822,19.106589595375723,13.799900908340215,15.330404624277458,38,15,24,3.04,1.2,1.92,38.0,24.0,15.0,2.533333333333333,1.5833333333333333,0.0885233918128655,131.2378199834847,88.0,168.0
resin,8097,186.0,0.09523200000000001,7.082253058598753,566.5802446879003,230.0215053763441,121.21505376344086,63.13978494623656,18.401720430107527,9.697204301075269,5.051182795698925,10,6,8,0.8,0.48,0.64,10.0,8.0,6.0,1.6666666666666667,1.25,0.3875,142.16666666666666,111.0,168.0
resin,8111,148.0,0.07577600000000001,6.562777760167609,525.0222208134087,227.91216216216216,172.78378378378378,179.00675675675674,18.232972972972973,13.822702702702703,14.32054054054054,6,8,8,0.48,0.64,0.64,8.0,8.0,6.0,1.3333333333333333,1.0,0.3854166666666667,128.49324324324326,89.0,168.0
resin,8115,689.0,0.3527680000000001,10.958224659725683,876.6579727780547,232.08127721335268,8.089985486211901,81.33091436865021,18.566502177068216,0.6471988388969522,6.506473149492017,14,17,15,1.12,1.36,1.2,17.0,15.0,14.0,1.2142857142857142,1.1333333333333333,0.19299719887955183,123.95500725689405,88.0,168.0
resin,8123,451.0,0.23091200000000003,9.51464611403477,761.1716891227816,230.0620842572062,74.44124168514412,36.79379157427938,18.404966740576498,5.95529933481153,2.9435033259423506,10,13,13,0.8,1.04,1.04,13.0,13.0,10.0,1.3,1.0,0.2668639053254438,137.35033259423503,88.0,168.0
resin,8124,182.0,0.09318400000000002,7.031115873720005,562.4892698976004,229.1813186813187,71.24175824175825,193.1043956043956,18.334505494505496,5.69934065934066,15.448351648351649,8,9,7,0.64,0.72,0.56,9.0,8.0,7.0,1.2857142857142858,1.125,0.3611111111111111,140.3186813186813,100.0,166.0
resin,8125,95.0,0.04864000000000001,5.661197779576941,452.8958223661553,228.18947368421053,74.48421052631579,66.54736842105264,18.255157894736843,5.958736842105264,5.3237894736842115,6,6,6,0.48,0.48,0.48,6.0,6.0,6.0,1.0,1.0,0.4398148148148148,129.85263157894738,98.0,168.0
resin,8127,345.0,0.17664000000000002,8.701754454821554,696.1403563857243,232.71304347826086,83.93623188405797,112.8231884057971,18.617043478260868,6.714898550724638,9.025855072463768,12,9,12,0.96,0.72,0.96,12.0,12.0,9.0,1.3333333333333333,1.0,0.2662037037037037,122.95942028985507,88.0,168.0
resin,8129,263.0,0.13465600000000003,7.949119797058365,635.9295837646691,229.00760456273764,97.49809885931559,14.730038022813687,18.320608365019012,7.799847908745248,1.178403041825095,8,9,8,0.64,0.72,0.64,9.0,8.0,8.0,1.125,1.125,0.4565972222222222,123.30418250950571,91.0,168.0
resin,8131,348.0,0.17817600000000003,8.72690417402145,698.152333921716,230.17528735632183,110.90229885057471,168.72988505747125,18.414022988505746,8.872183908045978,13.498390804597701,10,11,7,0.8,0.88,0.56,11.0,10.0,7.0,1.5714285714285714,1.1,0.45194805194805193,139.92528735632183,108.0,168.0
resin,8132,145.0,0.07424000000000001,6.518131631368211,521.4505305094569,230.0758620689655,110.66206896551724,62.38620689655173,18.406068965517242,8.85296551724138,4.990896551724139,9,11,8,0.72,0.88,0.64,11.0,9.0,8.0,1.375,1.2222222222222223,0.1830808080808081,145.72413793103448,98.0,168.0
resin,8135,101.0,0.05171200000000001,5.777956268578565,462.2365014862852,227.75247524752476,138.01980198019803,98.94059405940594,18.22019801980198,11.041584158415843,7.915247524752475,5,7,7,0.4,0.56,0.56,7.0,7.0,5.0,1.4,1.0,0.4122448979591837,149.15841584158414,121.0,167.0
resin,8139,128.0,0.06553600000000001,6.252741134374175,500.21929074993403,228.8828125,153.9765625,163.3046875,18.310625,12.318125,13.064375,6,7,8,0.48,0.56,0.64,8.0,7.0,6.0,1.3333333333333333,1.1428571428571428,0.38095238095238093,141.6171875,93.0,167.0
resin,8141,141.0,0.072192,6.457635040206935,516.6108032165548,229.01418439716312,165.52482269503545,141.48936170212767,18.32113475177305,13.241985815602836,11.319148936170214,8,8,6,0.64,0.64,0.48,8.0,8.0,6.0,1.3333333333333333,1.0,0.3671875,145.9787234042553,117.0,168.0
resin,8142,387.0,0.19814400000000004,9.041436730455773,723.3149384364618,229.85529715762274,168.36692506459949,132.88372093023256,18.38842377260982,13.46935400516796,10.630697674418604,9,10,9,0.72,0.8,0.72,10.0,9.0,9.0,1.1111111111111112,1.1111111111111112,0.4777777777777778,136.1886304909561,97.0,168.0
resin,8143,450.0,0.23040000000000005,9.507608651323624,760.6086921058899,234.86666666666667,166.97333333333333,163.7888888888889,18.789333333333335,13.357866666666666,13.103111111111112,15,9,9,1.2,0.72,0.72,15.0,9.0,9.0,1.6666666666666667,1.6666666666666667,0.37037037037037035,122.20666666666666,92.0,168.0
resin,8146,1922.0,0.9840640000000002,15.425938195204195,1234.0750556163355,240.7044745057232,5.868366285119667,99.51040582726327,19.256357960457855,0.4694693028095734,7.960832466181062,27,14,27,2.16,1.12,2.16,27.0,27.0,14.0,1.9285714285714286,1.0,0.18832059572800314,119.84703433922996,88.0,168.0
resin,8154,528.0,0.270336,10.027940922541108,802.2352738032886,232.40151515151516,57.07386363636363,5.202651515151516,18.592121212121214,4.5659090909090905,0.41621212121212126,12,12,14,0.96,0.96,1.12,14.0,12.0,12.0,1.1666666666666667,1.1666666666666667,0.2619047619047619,123.2784090909091,89.0,168.0
resin,8160,166.0,0.08499200000000001,6.818724679613211,545.4979743690568,230.24096385542168,80.36746987951807,91.39156626506023,18.419277108433736,6.429397590361446,7.3113253012048185,7,11,7,0.56,0.88,0.56,11.0,7.0,7.0,1.5714285714285714,1.5714285714285714,0.3079777365491651,132.6144578313253,88.0,168.0
resin,8161,474.0,0.24268800000000004,9.673713917837969,773.8971134270375,231.35021097046413,85.83122362869199,19.49367088607595,18.508016877637132,6.866497890295359,1.559493670886076,10,13,14,0.8,1.04,1.12,14.0,13.0,10.0,1.4,1.0769230769230769,0.26043956043956046,123.71308016877637,89.0,168.0
resin,8163,104.0,0.05324800000000001,5.834606511185437,466.768520894835,229.33653846153845,93.5673076923077,113.75961538461539,18.346923076923076,7.485384615384616,9.100769230769231,6,6,7,0.48,0.48,0.56,7.0,6.0,6.0,1.1666666666666667,1.1666666666666667,0.4126984126984127,134.01923076923077,92.0,168.0
resin,8174,242.0,0.12390400000000001,7.731651102653187,618.532088212255,230.62396694214877,164.98760330578511,148.34710743801654,18.449917355371902,13.19900826446281,11.867768595041323,8,7,8,0.64,0.56,0.64,8.0,8.0,7.0,1.1428571428571428,1.0,0.5401785714285714,123.67768595041322,90.0,168.0
resin,8181,238.0,0.12185600000000002,7.688815591542102,615.1052473233682,231.21008403361344,16.07983193277311,155.99159663865547,18.496806722689076,1.286386554621849,12.479327731092438,8,7,7,0.64,0.56,0.56,8.0,7.0,7.0,1.1428571428571428,1.1428571428571428,0.6071428571428571,123.3655462184874,90.0,168.0
resin,8199,258.0,0.13209600000000002,7.898422500875398,631.8738000700318,231.86046511627907,125.32945736434108,37.31395348837209,18.548837209302327,10.026356589147287,2.9851162790697674,8,9,8,0.64,0.72,0.64,9.0,8.0,8.0,1.125,1.125,0.4479166666666667,122.21317829457364,93.0,168.0
resin,8200,95.0,0.04864000000000001,5.661197779576941,452.8958223661553,230.8,126.84210526315789,154.90526315789472,18.464000000000002,10.147368421052631,12.392421052631578,8,7,7,0.64,0.56,0.56,8.0,7.0,7.0,1.1428571428571428,1.1428571428571428,0.2423469387755102,133.50526315789475,90.0,167.0
resin,8217,214.0,0.10956800000000001,7.421158666229637,593.692693298371,232.10747663551402,76.60747663551402,187.17757009345794,18.56859813084112,6.128598130841121,14.974205607476636,8,8,8,0.64,0.64,0.64,8.0,8.0,8.0,1.0,1.0,0.41796875,123.96261682242991,90.0,168.0
resin,8222,102.0,0.052224000000000007,5.796962840557109,463.7570272445687,231.65686274509804,125.16666666666667,116.36274509803921,18.532549019607842,10.013333333333334,9.309019607843137,7,8,5,0.56,0.64,0.4,8.0,7.0,5.0,1.6,1.1428571428571428,0.36428571428571427,129.58823529411765,92.0,167.0
resin,8224,89.0,0.045568000000000004,5.539413623573113,443.153089885849,231.79775280898878,145.58426966292134,148.01123595505618,18.543820224719102,11.646741573033708,11.840898876404495,7,8,6,0.56,0.64,0.48,8.0,7.0,6.0,1.3333333333333333,1.1428571428571428,0.2648809523809524,136.01123595505618,91.0,168.0
resin,8227,120.0,0.06144000000000001,6.119663483891738,489.57307871133906,231.58333333333334,158.03333333333333,170.90833333333333,18.526666666666667,12.642666666666667,13.672666666666666,6,7,7,0.48,0.56,0.56,7.0,7.0,6.0,1.1666666666666667,1.0,0.40816326530612246,130.40833333333333,95.0,168.0
resin,8232,169.0,0.08652800000000001,6.859556339475854,548.7645071580683,233.6449704142012,19.964497041420117,166.54437869822485,18.691597633136094,1.5971597633136094,13.323550295857988,8,7,7,0.64,0.56,0.56,8.0,7.0,7.0,1.1428571428571428,1.1428571428571428,0.43112244897959184,141.33727810650888,110.0,168.0
resin,8234,103.0,0.05273600000000001,5.815845589022965,465.2676471218372,233.05825242718447,37.00970873786408,60.262135922330096,18.644660194174758,2.9607766990291267,4.820970873786408,6,7,7,0.48,0.56,0.56,7.0,7.0,6.0,1.1666666666666667,1.0,0.35034013605442177,133.41747572815535,93.0,167.0
resin,8237,141.0,0.072192,6.457635040206935,516.6108032165548,233.645390070922,64.90070921985816,129.5744680851064,18.691631205673758,5.192056737588652,10.365957446808512,8,11,8,0.64,0.88,0.64,11.0,8.0,8.0,1.375,1.375,0.2002840909090909,147.39007092198582,125.0,168.0
resin,8238,187.0,0.09574400000000001,7.094922590181724,567.593807214538,233.27807486631016,70.96256684491979,96.2620320855615,18.662245989304814,5.6770053475935836,7.70096256684492,7,7,8,0.56,0.56,0.64,8.0,7.0,7.0,1.1428571428571428,1.1428571428571428,0.4770408163265306,139.72727272727272,108.0,168.0
resin,8240,195.0,0.09984000000000001,7.194688513426352,575.5750810741082,233.3230769230769,79.97435897435898,195.62051282051283,18.665846153846154,6.397948717948719,15.649641025641026,8,9,8,0.64,0.72,0.64,9.0,8.0,8.0,1.125,1.125,0.3385416666666667,126.07692307692308,88.0,168.0
resin,8241,128.0,0.06553600000000001,6.252741134374175,500.21929074993403,232.515625,81.7109375,140.640625,18.60125,6.536875,11.25125,8,6,6,0.64,0.48,0.48,8.0,6.0,6.0,1.3333333333333333,1.3333333333333333,0.4444444444444444,142.984375,104.0,167.0
resin,8244,499.0,0.25548800000000005,9.840880870100706,787.2704696080565,234.40480961923848,92.82965931863727,146.5310621242485,18.752384769539077,7.426372745490982,11.722484969939881,11,10,11,0.88,0.8,0.88,11.0,11.0,10.0,1.1,1.0,0.412396694214876,120.92184368737475,88.0,168.0
resin,8246,469.0,0.24012800000000004,9.639579145930556,771.1663316744445,239.5181236673774,110.65245202558636,2.692963752665245,19.161449893390195,8.852196162046909,0.2154371002132196,23,12,9,1.84,0.96,0.72,23.0,12.0,9.0,2.5555555555555554,1.9166666666666667,0.1888083735909823,136.68869936034116,88.0,168.0
resin,8247,102.0,0.052224000000000007,5.796962840557109,463.7570272445687,232.16666666666666,107.22549019607843,144.33333333333334,18.573333333333334,8.578039215686275,11.546666666666667,6,6,6,0.48,0.48,0.48,6.0,6.0,6.0,1.0,1.0,0.4722222222222222,145.80392156862746,118.0,167.0
resin,8256,367.0,0.18790400000000004,8.882921291255554,710.6337033004444,234.04359673024524,171.6376021798365,3.1662125340599454,18.72348773841962,13.73100817438692,0.25329700272479566,9,11,10,0.72,0.88,0.8,11.0,10.0,9.0,1.2222222222222223,1.1,0.3707070707070707,120.49591280653951,89.0,168.0
resin,8258,341.0,0.17459200000000002,8.66799367132167,693.4394937057335,236.6275659824047,175.51906158357772,153.50439882697947,18.930205278592375,14.041524926686218,12.280351906158359,13,5,15,1.04,0.4,1.2,15.0,13.0,5.0,3.0,1.1538461538461537,0.34974358974358977,130.46041055718476,88.0,168.0
resin,8260,120.0,0.06144000000000001,6.119663483891738,489.57307871133906,236.63333333333333,1.025,156.46666666666667,18.930666666666667,0.08199999999999999,12.517333333333333,11,5,9,0.88,0.4,0.72,11.0,9.0,5.0,2.2,1.2222222222222223,0.24242424242424243,142.75,94.0,168.0
resin,8289,682.0,0.34918400000000005,10.920987686853714,873.6790149482971,238.8724340175953,10.703812316715542,21.6158357771261,19.109794721407624,0.8563049853372434,1.7292668621700882,15,21,12,1.2,1.68,0.96,21.0,15.0,12.0,1.75,1.4,0.18042328042328043,127.42961876832844,88.0,168.0
resin,8290,107.0,0.054784000000000006,5.890177536797923,471.2142029438338,235.60747663551402,18.94392523364486,90.61682242990655,18.848598130841122,1.5155140186915887,7.249345794392524,7,6,6,0.56,0.48,0.48,7.0,6.0,6.0,1.1666666666666667,1.1666666666666667,0.4246031746031746,129.5607476635514,92.0,167.0
resin,8291,170.0,0.08704000000000002,6.873059437985092,549.8447550388074,235.16470588235293,20.41176470588235,99.74117647058823,18.813176470588235,1.6329411764705881,7.979294117647059,7,7,7,0.56,0.56,0.56,7.0,7.0,7.0,1.0,1.0,0.4956268221574344,140.68235294117648,108.0,167.0
resin,8292,427.0,0.21862400000000004,9.34278635037763,747.4229080302104,235.79625292740047,32.07494145199063,84.69789227166277,18.863700234192038,2.565995316159251,6.775831381733021,9,13,10,0.72,1.04,0.8,13.0,10.0,9.0,1.4444444444444444,1.3,0.36495726495726494,120.85948477751757,88.0,168.0
resin,8305,223.0,0.11417600000000001,7.523768315837395,601.9014652669916,235.7354260089686,106.17040358744394,180.39910313901345,18.85883408071749,8.493632286995515,14.431928251121077,9,9,7,0.72,0.72,0.56,9.0,9.0,7.0,1.2857142857142858,1.0,0.3932980599647266,140.17937219730942,97.0,168.0
resin,8310,215.0,0.11008000000000003,7.432700144648346,594.6160115718677,234.85581395348837,121.2046511627907,99.1767441860465,18.78846511627907,9.696372093023255,7.9341395348837205,6,12,9,0.48,0.96,0.72,12.0,9.0,6.0,2.0,1.3333333333333333,0.3317901234567901,132.63720930232557,96.0,168.0
resin,8316,5985.0,3.0643200000000004,22.526229830152676,1802.098386412214,254.90275689223057,159.14319131161236,184.47852965747703,20.392220551378447,12.73145530492899,14.758282372598162,57,41,36,4.5600000000000005,3.2800000000000002,2.88,57.0,41.0,36.0,1.5833333333333333,1.3902439024390243,0.07113821138211382,128.5156223893066,88.0,168.0
resin,8319,262.0,0.134144,7.93903207074245,635.1225656593961,236.17175572519085,175.40458015267177,59.79770992366412,18.89374045801527,14.032366412213742,4.78381679389313,10,6,12,0.8,0.48,0.96,12.0,10.0,6.0,2.0,1.2,0.3638888888888889,141.34732824427482,108.0,168.0
resin,8320,908.0,0.4648960000000001,12.014224474460462,961.137957956837,244.5715859030837,174.47577092511014,168.96696035242292,19.565726872246696,13.958061674008812,13.517356828193833,27,8,20,2.16,0.64,1.6,27.0,20.0,8.0,3.375,1.35,0.2101851851851852,120.818281938326,88.0,168.0
resin,8333,115.0,0.05888000000000001,6.033459557881385,482.67676463051083,236.11304347826086,60.530434782608694,136.34782608695653,18.88904347826087,4.842434782608696,10.907826086956522,7,6,8,0.56,0.48,0.64,8.0,7.0,6.0,1.3333333333333333,1.1428571428571428,0.34226190476190477,144.0695652173913,114.0,168.0
resin,8336,390.0,0.19968000000000002,9.064739505502713,725.1791604402171,236.74615384615385,78.1025641025641,164.73846153846154,18.939692307692308,6.248205128205129,13.179076923076924,9,9,9,0.72,0.72,0.72,9.0,9.0,9.0,1.0,1.0,0.5349794238683128,137.36923076923077,95.0,168.0
resin,8344,373.0,0.19097600000000003,8.931068146520563,714.485451721645,237.43163538873995,118.05093833780161,156.35120643431637,18.994530831099198,9.444075067024128,12.50809651474531,10,9,10,0.8,0.72,0.8,10.0,10.0,9.0,1.1111111111111112,1.0,0.41444444444444445,121.38337801608579,89.0,167.0
resin,8353,545.0,0.27904000000000007,10.134429207232046,810.7543365785637,238.7211009174312,165.7302752293578,13.03302752293578,19.097688073394494,13.258422018348625,1.0426422018348624,11,10,11,0.88,0.8,0.88,11.0,11.0,10.0,1.1,1.0,0.45041322314049587,118.34678899082569,88.0,168.0
resin,8368,733.0,0.3752960000000001,11.18669465750403,894.9355726003223,237.88540245566168,101.26193724420192,166.62073669849931,19.030832196452934,8.100954979536153,13.329658935879946,9,11,18,0.72,0.88,1.44,18.0,11.0,9.0,2.0,1.6363636363636365,0.4113355780022447,121.97544338335607,88.0,168.0
resin,8369,743.0,0.3804160000000001,11.237336790369273,898.9869432295418,242.0942126514132,117.10094212651413,141.9663526244953,19.367537012113054,9.368075370121131,11.357308209959625,21,15,16,1.68,1.2,1.28,21.0,16.0,15.0,1.4,1.3125,0.14742063492063492,133.78869448183042,89.0,168.0
resin,8370,157.0,0.08038400000000001,6.693198063015236,535.4558450412189,236.53503184713375,135.56687898089172,163.5796178343949,18.9228025477707,10.845350318471338,13.086369426751592,6,6,6,0.48,0.48,0.48,6.0,6.0,6.0,1.0,1.0,0.7268518518518519,125.09554140127389,89.0,167.0
resin,8375,148.0,0.07577600000000001,6.562777760167609,525.0222208134087,237.63513513513513,155.47297297297297,154.85135135135135,19.01081081081081,12.437837837837838,12.388108108108108,8,8,5,0.64,0.64,0.4,8.0,8.0,5.0,1.6,1.0,0.4625,129.0608108108108,101.0,168.0
resin,8380,83.0,0.042496000000000006,5.412025364749767,432.96202917998136,238.3012048192771,12.74698795180723,75.09638554216868,19.064096385542168,1.0197590361445783,6.007710843373494,7,4,6,0.56,0.32,0.48,7.0,6.0,4.0,1.75,1.1666666666666667,0.49404761904761907,147.6867469879518,117.0,168.0
resin,8386,85.0,0.04352000000000001,5.455150891048748,436.4120712838999,237.6705882352941,41.96470588235294,28.647058823529413,19.01364705882353,3.357176470588235,2.291764705882353,7,8,8,0.56,0.64,0.64,8.0,8.0,7.0,1.1428571428571428,1.0,0.18973214285714285,144.2,88.0,168.0
resin,8391,184.0,0.09420800000000001,7.0567771080140504,564.542168641124,238.83152173913044,104.3695652173913,140.69565217391303,19.106521739130436,8.349565217391303,11.255652173913044,10,9,6,0.8,0.72,0.48,10.0,9.0,6.0,1.6666666666666667,1.1111111111111112,0.34074074074074073,128.05434782608697,89.0,168.0
resin,8399,239.0,0.12236800000000002,7.699569193795551,615.9655355036441,239.77405857740587,146.8828451882845,22.03765690376569,19.18192468619247,11.750627615062761,1.7630125523012552,13,8,10,1.04,0.64,0.8,13.0,10.0,8.0,1.625,1.3,0.2298076923076923,140.94142259414227,88.0,168.0
resin,8404,105.0,0.05376000000000001,5.853247553205011,468.2598042564009,240.58095238095237,2.0095238095238095,116.67619047619047,19.24647619047619,0.16076190476190477,9.334095238095237,9,6,8,0.72,0.48,0.64,9.0,8.0,6.0,1.5,1.125,0.24305555555555555,140.78095238095239,107.0,168.0
resin,8415,604.0,0.3092480000000001,10.487680267458451,839.0144213966761,244.88907284768212,89.4635761589404,157.3112582781457,19.59112582781457,7.157086092715232,12.584900662251655,18,10,12,1.44,0.8,0.96,18.0,12.0,10.0,1.8,1.5,0.2796296296296296,123.40894039735099,89.0,168.0
resin,8417,88.0,0.045056000000000006,5.518588563740668,441.4870850992534,237.76136363636363,96.32954545454545,60.85227272727273,19.02090909090909,7.706363636363636,4.868181818181818,5,7,6,0.4,0.56,0.48,7.0,6.0,5.0,1.4,1.1666666666666667,0.41904761904761906,135.0568181818182,98.0,168.0
resin,8428,171.0,0.08755200000000002,6.886509686455715,550.9207749164572,238.8654970760234,138.87719298245614,127.28654970760233,19.10923976608187,11.11017543859649,10.182923976608187,7,7,7,0.56,0.56,0.56,7.0,7.0,7.0,1.0,1.0,0.49854227405247814,127.16959064327486,88.0,168.0
resin,8432,234.0,0.11980800000000003,7.6454974013922135,611.6397921113771,242.5042735042735,171.55555555555554,24.675213675213676,19.40034188034188,13.724444444444444,1.9740170940170942,12,12,9,0.96,0.96,0.72,12.0,12.0,9.0,1.3333333333333333,1.0,0.18055555555555555,131.2094017094017,91.0,168.0
resin,8433,1114.0,0.5703680000000001,12.86161552081395,1028.929241665116,246.30341113105925,6.979353680430879,27.656193895870736,19.70427289048474,0.5583482944344703,2.2124955116696587,19,17,22,1.52,1.36,1.76,22.0,19.0,17.0,1.2941176470588236,1.1578947368421053,0.15676892766676048,129.94434470377018,89.0,168.0
resin,8438,1197.0,0.6128640000000001,13.173419119685244,1053.8735295748195,245.7878028404344,30.93483709273183,58.560568086883876,19.663024227234754,2.4747869674185465,4.68484544695071,17,24,24,1.36,1.92,1.92,24.0,24.0,17.0,1.411764705882353,1.0,0.12224264705882353,127.71762740183793,88.0,168.0
resin,8440,152.0,0.07782400000000002,6.621377090805707,529.7101672644566,239.59868421052633,30.20394736842105,39.61842105263158,19.167894736842108,2.416315789473684,3.1694736842105264,7,7,7,0.56,0.56,0.56,7.0,7.0,7.0,1.0,1.0,0.44314868804664725,129.96052631578948,100.0,168.0
resin,8443,189.0,0.09676800000000002,7.1201267897377285,569.6101431790182,240.7037037037037,45.883597883597886,3.164021164021164,19.256296296296295,3.670687830687831,0.25312169312169314,8,8,9,0.64,0.64,0.72,9.0,8.0,8.0,1.125,1.125,0.328125,137.65608465608466,94.0,168.0
resin,8448,203.0,0.10393600000000001,7.291761779042593,583.3409423234075,241.51724137931035,62.423645320197046,189.88177339901478,19.321379310344827,4.993891625615764,15.190541871921182,9,7,8,0.72,0.56,0.64,9.0,8.0,7.0,1.2857142857142858,1.125,0.4027777777777778,141.03940886699507,105.0,168.0
resin,8450,320.0,0.16384000000000004,8.486275343576441,678.9020274861152,241.378125,65.153125,52.953125,19.31025,5.21225,4.23625,9,18,13,0.72,1.44,1.04,18.0,13.0,9.0,2.0,1.3846153846153846,0.15194681861348527,143.603125,105.0,168.0
resin,8456,140.0,0.07168000000000001,6.442332530151142,515.3866024120914,239.67142857142858,125.9,35.51428571428571,19.173714285714286,10.072000000000001,2.841142857142857,7,5,8,0.56,0.4,0.64,8.0,7.0,5.0,1.6,1.1428571428571428,0.5,129.79285714285714,92.0,168.0
resin,8472,163.0,0.08345600000000002,6.777398060419335,542.1918448335468,241.3926380368098,46.717791411042946,199.93251533742333,19.311411042944787,3.7374233128834358,15.994601226993867,8,9,4,0.64,0.72,0.32,9.0,8.0,4.0,2.25,1.125,0.5659722222222222,120.23926380368098,92.0,166.0
resin,8477,119.0,0.06092800000000001,6.102616979201714,488.2093583361371,241.26050420168067,68.38655462184875,137.58823529411765,19.300840336134453,5.4709243697479,11.007058823529412,8,7,7,0.64,0.56,0.56,8.0,7.0,7.0,1.1428571428571428,1.1428571428571428,0.30357142857142855,131.78991596638656,92.0,168.0
resin,8483,129.0,0.06604800000000001,6.268982093389452,501.5185674711562,241.34883720930233,130.27131782945736,66.44961240310077,19.30790697674419,10.421705426356588,5.315968992248062,9,10,8,0.72,0.8,0.64,10.0,9.0,8.0,1.25,1.1111111111111112,0.17916666666666667,143.71317829457365,119.0,168.0
resin,8489,444.0,0.22732800000000003,9.46516340462475,757.21307236998,242.57882882882882,160.07432432432432,3.1914414414414414,19.406306306306305,12.805945945945947,0.2553153153153153,10,10,8,0.8,0.8,0.64,10.0,10.0,8.0,1.25,1.0,0.555,117.7072072072072,89.0,168.0
resin,8490,161.0,0.08243200000000002,6.749564489897218,539.9651591917775,242.61490683229815,169.17391304347825,67.32298136645963,19.409192546583853,13.533913043478261,5.385838509316771,9,7,7,0.72,0.56,0.56,9.0,7.0,7.0,1.2857142857142858,1.2857142857142858,0.36507936507936506,140.98757763975155,99.0,168.0
resin,8494,124.0,0.06348800000000002,6.1869179183107725,494.9534334648618,241.48387096774192,8.60483870967742,6.741935483870968,19.318709677419353,0.6883870967741936,0.5393548387096775,6,12,6,0.48,0.96,0.48,12.0,6.0,6.0,2.0,2.0,0.28703703703703703,132.51612903225808,92.0,168.0
resin,8497,946.0,0.48435200000000006,12.179538653013774,974.3630922411019,246.63636363636363,13.682875264270614,118.92071881606765,19.73090909090909,1.094630021141649,9.513657505285412,16,12,13,1.28,0.96,1.04,16.0,13.0,12.0,1.3333333333333333,1.2307692307692308,0.37900641025641024,133.59725158562367,89.0,168.0
resin,8499,212.0,0.10854400000000002,7.397967394175678,591.8373915340543,244.04245283018867,13.731132075471699,176.18867924528303,19.523396226415095,1.098490566037736,14.095094339622642,10,9,8,0.8,0.72,0.64,10.0,9.0,8.0,1.25,1.1111111111111112,0.29444444444444445,130.08490566037736,92.0,168.0
resin,8501,2815.0,1.4412800000000003,17.518352423251546,1401.4681938601236,248.6088809946714,33.3854351687389,160.26678507992895,19.888710479573714,2.6708348134991122,12.821342806394316,22,35,36,1.76,2.8000000000000003,2.88,36.0,35.0,22.0,1.6363636363636365,1.0285714285714285,0.10155122655122654,126.901243339254,88.0,168.0
resin,8508,119.0,0.06092800000000001,6.102616979201714,488.2093583361371,242.01680672268907,47.60504201680672,146.21848739495798,19.361344537815125,3.8084033613445376,11.697478991596638,6,12,8,0.48,0.96,0.64,12.0,8.0,6.0,2.0,1.5,0.2065972222222222,134.12605042016807,88.0,168.0
resin,8512,488.0,0.24985600000000005,9.768031839846152,781.4425471876922,243.77254098360655,60.98770491803279,173.4139344262295,19.501803278688524,4.879016393442623,13.87311475409836,13,11,13,1.04,0.88,1.04,13.0,13.0,11.0,1.1818181818181819,1.0,0.2625067240451856,139.125,90.0,168.0
resin,8529,143.0,0.07321600000000002,6.488024358591253,519.0419486873002,242.54545454545453,17.895104895104897,11.993006993006993,19.403636363636362,1.4316083916083917,0.9594405594405595,7,9,7,0.56,0.72,0.56,9.0,7.0,7.0,1.2857142857142858,1.2857142857142858,0.3242630385487528,128.979020979021,89.0,167.0
resin,8540,86.0,0.04403200000000001,5.476460290566693,438.1168232453354,242.86046511627907,81.15116279069767,110.43023255813954,19.428837209302326,6.492093023255814,8.834418604651162,7,6,6,0.56,0.48,0.48,7.0,6.0,6.0,1.1666666666666667,1.1666666666666667,0.3412698412698413,145.6627906976744,117.0,168.0
resin,8545,208.0,0.10649600000000002,7.351143561296219,588.0914849036975,243.62980769230768,107.66346153846153,152.83173076923077,19.490384615384613,8.613076923076923,12.226538461538462,10,9,13,0.8,0.72,1.04,13.0,10.0,9.0,1.4444444444444444,1.3,0.17777777777777778,133.02884615384616,96.0,168.0
resin,8546,196.0,0.10035200000000001,7.20696616269135,576.557293015308,243.18367346938774,111.75,164.26530612244898,19.45469387755102,8.94,13.141224489795919,7,8,7,0.56,0.64,0.56,8.0,7.0,7.0,1.1428571428571428,1.1428571428571428,0.5,124.18367346938776,88.0,168.0
resin,8553,205.0,0.10496000000000001,7.315630236588791,585.2504189271033,243.61951219512196,135.88292682926829,168.09756097560975,19.489560975609756,10.870634146341462,13.44780487804878,8,9,7,0.64,0.72,0.56,9.0,8.0,7.0,1.2857142857142858,1.125,0.40674603174603174,141.49268292682927,114.0,168.0
resin,8563,8742.0,4.475904000000001,25.55861954401322,2044.6895635210576,264.6906886296042,25.76675817890643,125.86341798215511,21.17525509036834,2.0613406543125143,10.06907343857241,48,67,54,3.84,5.36,4.32,67.0,54.0,48.0,1.3958333333333333,1.2407407407407407,0.050338584853510226,129.3886982383894,88.0,168.0
resin,8565,318.0,0.16281600000000002,8.468558642058058,677.4846913646446,244.3930817610063,20.69496855345912,99.94654088050315,19.551446540880505,1.6555974842767296,7.995723270440252,8,8,9,0.64,0.64,0.72,9.0,8.0,8.0,1.125,1.125,0.5520833333333334,121.67924528301887,88.0,168.0
resin,8570,218.0,0.11161600000000002,7.467111284036796,597.3689027229436,244.4816513761468,42.43577981651376,41.18348623853211,19.558532110091743,3.3948623853211006,3.294678899082569,8,8,9,0.64,0.64,0.72,9.0,8.0,8.0,1.125,1.125,0.3784722222222222,124.04128440366972,88.0,168.0
resin,8574,298.0,0.15257600000000002,8.287162991101544,662.9730392881236,244.28187919463087,87.06375838926175,170.69127516778522,19.54255033557047,6.96510067114094,13.655302013422817,8,11,11,0.64,0.88,0.88,11.0,11.0,8.0,1.375,1.0,0.30785123966942146,127.5503355704698,89.0,168.0
resin,8579,1904.0,0.9748480000000002,15.377631183084205,1230.2104946467364,259.4485294117647,91.58508403361344,162.984243697479,20.755882352941175,7.326806722689075,13.038739495798321,33,26,32,2.64,2.08,2.56,33.0,32.0,26.0,1.2692307692307692,1.03125,0.06934731934731934,131.15598739495798,88.0,168.0
resin,8582,545.0,0.27904000000000007,10.134429207232046,810.7543365785637,246.66422018348624,121.13394495412844,99.30642201834863,19.7331376146789,9.690715596330275,7.94451376146789,14,12,13,1.12,0.96,1.04,14.0,13.0,12.0,1.1666666666666667,1.0769230769230769,0.24954212454212454,132.25871559633026,90.0,168.0
resin,8593,351.0,0.17971200000000004,8.751909766778155,700.1527813422524,249.3960113960114,1.6980056980056981,194.6809116809117,19.951680911680914,0.13584045584045584,15.574472934472936,15,7,12,1.2,0.56,0.96,15.0,12.0,7.0,2.142857142857143,1.25,0.2785714285714286,128.66951566951568,90.0,168.0
resin,8621,641.0,0.32819200000000004,10.697602811930132,855.8082249544105,250.798751950078,172.90795631825273,197.47893915756632,20.06390015600624,13.832636505460219,15.798315132605305,19,10,11,1.52,0.8,0.88,19.0,11.0,10.0,1.9,1.7272727272727273,0.3066985645933014,121.7191887675507,88.0,168.0
resin,8627,1575.0,0.8064000000000001,14.435349789759478,1154.827983180758,255.37714285714284,31.520634920634922,5.256507936507936,20.430171428571427,2.5216507936507937,0.4205206349206349,26,29,14,2.08,2.32,1.12,29.0,26.0,14.0,2.0714285714285716,1.1153846153846154,0.14920424403183025,123.30412698412698,88.0,168.0
resin,8636,236.0,0.12083200000000002,7.667217681165305,613.3774144932245,247.6864406779661,117.92796610169492,155.1949152542373,19.814915254237288,9.434237288135593,12.415593220338984,9,9,8,0.72,0.72,0.64,9.0,9.0,8.0,1.125,1.0,0.36419753086419754,124.71186440677967,90.0,168.0
resin,8640,212.0,0.10854400000000002,7.397967394175678,591.8373915340543,245.97169811320754,149.54716981132074,130.79716981132074,19.677735849056603,11.96377358490566,10.46377358490566,7,11,8,0.56,0.88,0.64,11.0,8.0,7.0,1.5714285714285714,1.375,0.34415584415584416,141.5566037735849,105.0,168.0
resin,8643,96.0,0.04915200000000001,5.680992338459954,454.47938707679634,247.69791666666666,9.291666666666666,2.96875,19.815833333333334,0.7433333333333333,0.23750000000000002,9,10,8,0.72,0.8,0.64,10.0,9.0,8.0,1.25,1.1111111111111112,0.13333333333333333,145.01041666666666,88.0,168.0
resin,8648,703.0,0.35993600000000003,11.031948714985344,882.5558971988276,250.06685633001422,22.365576102418206,16.83072546230441,20.005348506401138,1.7892460881934564,1.3464580369843528,13,16,15,1.04,1.28,1.2,16.0,15.0,13.0,1.2307692307692308,1.0666666666666667,0.22532051282051282,138.10384068278805,96.0,168.0
resin,8659,165.0,0.08448000000000001,6.805004874579641,544.4003899663712,247.64242424242425,99.89090909090909,158.6969696969697,19.81139393939394,7.991272727272728,12.695757575757575,7,8,7,0.56,0.64,0.56,8.0,7.0,7.0,1.1428571428571428,1.1428571428571428,0.42091836734693877,127.06666666666666,91.0,167.0
resin,8667,166.0,0.08499200000000001,6.818724679613211,545.4979743690568,246.56024096385542,170.1867469879518,156.67469879518072,19.724819277108434,13.614939759036146,12.533975903614458,7,7,7,0.56,0.56,0.56,7.0,7.0,7.0,1.0,1.0,0.4839650145772595,124.60240963855422,88.0,168.0
resin,8669,164.0,0.08396800000000001,6.791229523398108,543.2983618718487,247.96341463414635,1.951219512195122,37.98780487804878,19.83707317073171,0.15609756097560976,3.0390243902439025,9,8,9,0.72,0.64,0.72,9.0,9.0,8.0,1.125,1.0,0.25308641975308643,143.39634146341464,110.0,168.0
resin,8670,324.0,0.16588800000000004,8.52148850768993,681.7190806151945,249.30864197530863,14.049382716049383,131.7962962962963,19.94469135802469,1.1239506172839506,10.543703703703704,9,12,11,0.72,0.96,0.88,12.0,11.0,9.0,1.3333333333333333,1.0909090909090908,0.2727272727272727,134.92283950617283,93.0,168.0
resin,8677,3246.0,1.6619520000000003,18.370316173518617,1469.6252938814894,266.85489833641407,64.62476894639556,63.00585335797905,21.348391866913126,5.169981515711645,5.040468268638324,43,38,31,3.44,3.04,2.48,43.0,38.0,31.0,1.3870967741935485,1.131578947368421,0.06408180992616576,126.23259396179914,88.0,168.0
resin,8692,283.0,0.14489600000000002,8.14571612592436,651.6572900739487,249.38162544169612,173.20141342756185,43.10600706713781,19.95053003533569,13.856113074204949,3.4484805653710247,9,11,10,0.72,0.88,0.8,11.0,10.0,9.0,1.2222222222222223,1.1,0.28585858585858587,132.07420494699647,92.0,168.0
resin,8698,114.0,0.05836800000000001,6.015920332305007,481.2736265844006,251.85087719298247,0.6666666666666666,57.14912280701754,20.148070175438598,0.05333333333333333,4.571929824561403,11,3,9,0.88,0.24,0.72,11.0,9.0,3.0,3.6666666666666665,1.2222222222222223,0.3838383838383838,140.0438596491228,111.0,168.0
resin,8700,3674.0,1.8810880000000003,19.144624087569287,1531.569927005543,264.13663581927057,24.037289058247143,94.07811649428416,21.130930865541647,1.9229831246597715,7.526249319542733,39,53,46,3.12,4.24,3.68,53.0,46.0,39.0,1.358974358974359,1.1521739130434783,0.038640331503333965,125.74741426238432,88.0,168.0
resin,8713,1195.0,0.61184,13.16607812116328,1053.2862496930622,255.83012552301255,52.19665271966527,142.08117154811717,20.466410041841005,4.175732217573222,11.366493723849374,20,27,14,1.6,2.16,1.12,27.0,20.0,14.0,1.9285714285714286,1.35,0.15806878306878308,131.97489539748955,88.0,168.0
resin,8714,2114.0,1.0823680000000002,15.923387120361165,1273.8709696288931,261.55960264900665,64.60454115421003,98.80227057710502,20.924768211920533,5.168363292336802,7.904181646168402,37,28,32,2.96,2.24,2.56,37.0,32.0,28.0,1.3214285714285714,1.15625,0.06376689189189189,131.29706717123935,88.0,168.0
resin,8715,169.0,0.08652800000000001,6.859556339475854,548.7645071580683,248.7396449704142,69.07692307692308,20.893491124260354,19.899171597633135,5.526153846153846,1.6714792899408284,8,7,9,0.64,0.56,0.72,9.0,8.0,7.0,1.2857142857142858,1.125,0.3353174603174603,127.72189349112426,92.0,168.0
resin,8727,129.0,0.06604800000000001,6.268982093389452,501.5185674711562,249.97674418604652,132.84496124031008,184.1627906976744,19.998139534883723,10.627596899224807,14.733023255813952,9,6,7,0.72,0.48,0.56,9.0,7.0,6.0,1.5,1.2857142857142858,0.3412698412698413,133.86821705426357,93.0,168.0
resin,8732,123.0,0.062976,6.17024150880815,493.619320704652,250.6829268292683,21.382113821138212,149.1138211382114,20.054634146341463,1.710569105691057,11.929105691056911,8,7,6,0.64,0.56,0.48,8.0,7.0,6.0,1.3333333333333333,1.1428571428571428,0.36607142857142855,131.34146341463415,100.0,168.0
resin,8733,708.0,0.36249600000000004,11.058041406114027,884.6433124891222,254.00282485875707,28.353107344632768,42.994350282485875,20.320225988700567,2.2682485875706213,3.43954802259887,14,26,12,1.12,2.08,0.96,26.0,14.0,12.0,2.1666666666666665,1.8571428571428572,0.1620879120879121,141.13841807909606,90.0,168.0
resin,8752,154.0,0.07884800000000002,6.650291768032731,532.0233414426185,251.08441558441558,139.6818181818182,0.8116883116883117,20.086753246753247,11.174545454545456,0.06493506493506493,10,10,4,0.8,0.8,0.32,10.0,10.0,4.0,2.5,1.0,0.385,120.72727272727273,88.0,167.0
resin,8754,226.0,0.11571200000000002,7.557357012536988,604.5885610029591,249.86283185840708,153.32743362831857,18.93362831858407,19.989026548672566,12.266194690265486,1.5146902654867256,7,10,7,0.56,0.8,0.56,10.0,7.0,7.0,1.4285714285714286,1.4285714285714286,0.46122448979591835,124.2566371681416,93.0,168.0
resin,8771,1316.0,0.6737920000000001,13.59624835479107,1087.6998683832855,254.77963525835867,49.4483282674772,77.18161094224924,20.382370820668694,3.9558662613981763,6.174528875379939,14,19,21,1.12,1.52,1.68,21.0,19.0,14.0,1.5,1.105263157894737,0.23558897243107768,118.40653495440729,88.0,168.0
resin,8773,197.0,0.10086400000000002,7.219202121944973,577.5361697555978,251.12182741116752,55.263959390862944,196.3248730964467,20.0897461928934,4.421116751269036,15.705989847715736,7,10,11,0.56,0.8,0.88,11.0,10.0,7.0,1.5714285714285714,1.1,0.2558441558441558,130.21827411167513,91.0,168.0
resin,8778,628.0,0.32153600000000004,10.6247896462619,849.9831717009521,254.52388535031847,102.14968152866243,182.44904458598725,20.36191082802548,8.171974522292995,14.59592356687898,15,10,15,1.2,0.8,1.2,15.0,15.0,10.0,1.5,1.0,0.2791111111111111,133.86942675159236,88.0,168.0
resin,8782,646.0,0.33075200000000005,10.725345682041269,858.0276545633014,253.79256965944273,131.39164086687308,5.911764705882353,20.30340557275542,10.511331269349846,0.47294117647058825,12,15,12,0.96,1.2,0.96,15.0,12.0,12.0,1.25,1.25,0.29907407407407405,133.76625386996903,92.0,168.0
resin,8787,2537.0,1.2989440000000003,16.92156844639375,1353.7254757115,261.70201024832477,164.42964130863226,145.99605833661806,20.936160819865982,13.154371304690581,11.679684666929445,34,25,26,2.72,2.0,2.08,34.0,26.0,25.0,1.36,1.3076923076923077,0.11479638009049774,124.16554986204179,88.0,168.0
resin,8795,237.0,0.12134400000000002,7.678031824807701,614.2425459846161,252.73417721518987,2.2531645569620253,134.67932489451476,20.21873417721519,0.18025316455696203,10.774345991561182,8,6,8,0.64,0.48,0.64,8.0,8.0,6.0,1.3333333333333333,1.0,0.6171875,119.82700421940929,89.0,167.0
resin,8810,116.0,0.05939200000000001,6.050897399235387,484.071791938831,251.5344827586207,92.62068965517241,147.68965517241378,20.122758620689655,7.409655172413793,11.815172413793103,6,6,6,0.48,0.48,0.48,6.0,6.0,6.0,1.0,1.0,0.5370370370370371,142.8448275862069,109.0,165.0
resin,8818,292.0,0.14950400000000003,8.231166936456948,658.4933549165557,254.7054794520548,126.03424657534246,20.708904109589042,20.376438356164382,10.082739726027397,1.6567123287671235,13,8,17,1.04,0.64,1.36,17.0,13.0,8.0,2.125,1.3076923076923077,0.16515837104072398,135.5445205479452,90.0,168.0
resin,8820,807.0,0.41318400000000005,11.551143278449063,924.091462275925,258.5167286245353,133.36802973977694,151.78810408921933,20.681338289962824,10.669442379182156,12.143048327137548,18,14,20,1.44,1.12,1.6,20.0,18.0,14.0,1.4285714285714286,1.1111111111111112,0.1601190476190476,127.38785625774473,89.0,168.0
resin,8823,1006.0,0.5150720000000001,12.431774374352692,994.5419499482153,258.76739562624255,146.9314115308151,81.1441351888668,20.701391650099403,11.754512922465208,6.491530815109344,20,21,20,1.6,1.68,1.6,21.0,20.0,20.0,1.05,1.05,0.11976190476190476,135.87673956262427,90.0,168.0
resin,8824,932.0,0.47718400000000005,12.119157512091544,969.5326009673236,257.92167381974247,141.53755364806867,168.35622317596565,20.633733905579398,11.323004291845493,13.468497854077253,18,20,25,1.44,1.6,2.0,25.0,20.0,18.0,1.3888888888888888,1.25,0.10355555555555555,133.49892703862662,88.0,168.0
resin,8826,232.0,0.11878400000000001,7.623653004050806,609.8922403240645,252.52155172413794,166.125,5.237068965517241,20.201724137931034,13.290000000000001,0.4189655172413793,8,8,8,0.64,0.64,0.64,8.0,8.0,8.0,1.0,1.0,0.453125,127.99137931034483,90.0,168.0
resin,8827,114.0,0.05836800000000001,6.015920332305007,481.2736265844006,251.30701754385964,168.41228070175438,182.2719298245614,20.10456140350877,13.47298245614035,14.581754385964912,6,6,6,0.48,0.48,0.48,6.0,6.0,6.0,1.0,1.0,0.5277777777777778,131.00877192982455,92.0,168.0
resin,8831,1031.0,0.5278720000000001,12.533913147987459,1002.7130518389968,257.639185257032,5.003879728419011,10.370514064015518,20.61113482056256,0.4003103782735209,0.8296411251212414,17,15,17,1.36,1.2,1.36,17.0,17.0,15.0,1.1333333333333333,1.0,0.2378316032295271,137.49175557710961,93.0,168.0
resin,8849,590.0,0.30208000000000007,10.406015372011527,832.4812297609221,257.0779661016949,131.81525423728814,103.40508474576271,20.566237288135593,10.545220338983052,8.272406779661017,15,18,15,1.2,1.44,1.2,18.0,15.0,15.0,1.2,1.2,0.145679012345679,130.08813559322033,88.0,168.0
resin,8858,248.0,0.12697600000000003,7.795028119251512,623.602249540121,254.65322580645162,66.04435483870968,115.47983870967742,20.372258064516128,5.283548387096775,9.238387096774193,9,8,10,0.72,0.64,0.8,10.0,9.0,8.0,1.25,1.1111111111111112,0.34444444444444444,141.91935483870967,105.0,168.0
resin,8861,105.0,0.05376000000000001,5.853247553205011,468.2598042564009,253.16190476190476,84.64761904761905,183.89523809523808,20.252952380952383,6.771809523809524,14.711619047619047,7,12,7,0.56,0.96,0.56,12.0,7.0,7.0,1.7142857142857142,1.7142857142857142,0.17857142857142858,143.05714285714285,106.0,168.0
resin,8867,296.0,0.15155200000000002,8.268581845817097,661.4865476653678,254.74324324324326,131.3141891891892,39.3445945945946,20.37945945945946,10.505135135135136,3.1475675675675676,9,8,11,0.72,0.64,0.88,11.0,9.0,8.0,1.375,1.2222222222222223,0.37373737373737376,123.91891891891892,88.0,168.0
resin,8873,365.0,0.18688000000000002,8.866755793673157,709.3404634938526,254.78630136986303,149.5808219178082,91.3013698630137,20.38290410958904,11.966465753424657,7.304109589041096,9,8,14,0.72,0.64,1.12,14.0,9.0,8.0,1.75,1.5555555555555556,0.3621031746031746,125.17534246575343,93.0,168.0
resin,8875,309.0,0.15820800000000002,8.387900801742607,671.0320641394085,257.2686084142395,162.042071197411,14.074433656957929,20.581488673139162,12.963365695792879,1.1259546925566344,13,7,9,1.04,0.56,0.72,13.0,9.0,7.0,1.8571428571428572,1.4444444444444444,0.3772893772893773,126.40776699029126,91.0,168.0
resin,8877,82.0,0.04198400000000001,5.390202444799826,431.21619558398606,255.15853658536585,0.6707317073170732,143.64634146341464,20.41268292682927,0.05365853658536586,11.491707317073171,7,3,7,0.56,0.24,0.56,7.0,7.0,3.0,2.3333333333333335,1.0,0.5578231292517006,124.95121951219512,97.0,167.0
resin,8893,175.0,0.08960000000000001,6.939792343839249,555.18338750714,254.81142857142856,117.94285714285714,3.4114285714285715,20.384914285714284,9.435428571428572,0.2729142857142857,8,10,10,0.64,0.8,0.8,10.0,10.0,8.0,1.25,1.0,0.21875,131.09714285714287,96.0,168.0
resin,8898,202.0,0.10342400000000002,7.279768728154169,582.3814982523335,254.70792079207922,141.53960396039605,88.93564356435644,20.376633663366338,11.323168316831683,7.114851485148515,7,8,7,0.56,0.64,0.56,8.0,7.0,7.0,1.1428571428571428,1.1428571428571428,0.5153061224489796,124.38613861386139,89.0,168.0
resin,8899,162.0,0.08294400000000002,6.763509910720959,541.0807928576767,254.50617283950618,142.38888888888889,98.64197530864197,20.360493827160493,11.391111111111112,7.891358024691358,6,7,7,0.48,0.56,0.56,7.0,7.0,6.0,1.1666666666666667,1.0,0.5510204081632653,123.67283950617283,94.0,168.0
resin,8906,235.0,0.12032000000000002,7.656372945784155,612.5098356627324,256.54893617021276,24.361702127659573,174.01702127659576,20.52391489361702,1.9489361702127659,13.92136170212766,8,8,9,0.64,0.64,0.72,9.0,8.0,8.0,1.125,1.125,0.4079861111111111,124.49787234042553,91.0,168.0
resin,8909,228.0,0.11673600000000002,7.579584661161639,606.3667728929311,257.05263157894734,35.08771929824562,18.25,20.564210526315787,2.8070175438596494,1.46,12,10,8,0.96,0.8,0.64,12.0,10.0,8.0,1.5,1.2,0.2375,128.6578947368421,89.0,168.0
resin,8911,179.0,0.09164800000000002,6.992269136954583,559.3815309563666,255.6927374301676,56.625698324022345,108.87150837988827,20.455418994413407,4.5300558659217876,8.709720670391063,7,8,7,0.56,0.64,0.56,8.0,7.0,7.0,1.1428571428571428,1.1428571428571428,0.45663265306122447,127.92178770949721,90.0,168.0
resin,8920,274.0,0.14028800000000002,8.058433879808192,644.6747103846553,259.54014598540147,109.55474452554745,32.52919708029197,20.763211678832118,8.764379562043796,2.6023357664233577,11,8,8,0.88,0.64,0.64,11.0,8.0,8.0,1.375,1.375,0.38920454545454547,124.87591240875912,90.0,168.0
resin,8921,120.0,0.06144000000000001,6.119663483891738,489.57307871133906,256.7083333333333,111.75833333333334,97.0,20.536666666666665,8.940666666666667,7.76,8,7,6,0.64,0.56,0.48,8.0,7.0,6.0,1.3333333333333333,1.1428571428571428,0.35714285714285715,129.2,90.0,168.0
resin,8926,384.0,0.19660800000000003,9.018013214294612,721.441057143569,258.0572916666667,128.3046875,167.81770833333334,20.644583333333337,10.264375,13.425416666666667,12,8,11,0.96,0.64,0.88,12.0,11.0,8.0,1.5,1.0909090909090908,0.36363636363636365,124.46614583333333,88.0,168.0
resin,8938,134.0,0.06860800000000002,6.3489522192239995,507.91617753791996,257.1865671641791,7.402985074626866,142.17164179104478,20.57492537313433,0.5922388059701492,11.373731343283582,9,6,9,0.72,0.48,0.72,9.0,9.0,6.0,1.5,1.0,0.2757201646090535,134.30597014925374,88.0,168.0
resin,8939,87.0,0.04454400000000001,5.497605134632529,439.80841077060234,256.82758620689657,13.482758620689655,133.5287356321839,20.546206896551727,1.0786206896551724,10.682298850574712,6,6,7,0.48,0.48,0.56,7.0,6.0,6.0,1.1666666666666667,1.1666666666666667,0.34523809523809523,145.51724137931035,116.0,168.0
resin,8951,397.0,0.20326400000000003,9.118651713167813,729.492137053425,259.1234256926952,95.29722921914357,15.644836272040303,20.729874055415618,7.623778337531486,1.2515869017632242,10,10,9,0.8,0.8,0.72,10.0,10.0,9.0,1.1111111111111112,1.0,0.4411111111111111,121.97732997481108,88.0,168.0
resin,8953,604.0,0.3092480000000001,10.487680267458451,839.0144213966761,262.2880794701987,109.77152317880795,161.5662251655629,20.983046357615894,8.781721854304637,12.925298013245033,20,8,13,1.6,0.64,1.04,20.0,13.0,8.0,2.5,1.5384615384615385,0.2903846153846154,126.84105960264901,88.0,168.0
resin,8955,589.0,0.30156800000000006,10.400132942622328,832.0106354097862,260.66383701188454,115.80475382003395,89.04414261460101,20.853106960950765,9.264380305602716,7.1235314091680815,13,15,13,1.04,1.2,1.04,15.0,13.0,13.0,1.1538461538461537,1.1538461538461537,0.23234714003944773,134.08319185059423,88.0,168.0
resin,8958,241.0,0.12339200000000002,7.7209867427694086,617.6789394215527,257.99585062240664,129.56846473029046,87.95435684647303,20.63966804979253,10.365477178423237,7.036348547717843,10,11,10,0.8,0.88,0.8,11.0,10.0,10.0,1.1,1.1,0.2190909090909091,139.701244813278,107.0,168.0
resin,8960,1825.0,0.9344000000000001,15.161939132237343,1212.9551305789873,267.0931506849315,133.00493150684932,119.7413698630137,21.367452054794523,10.640394520547945,9.579309589041097,27,26,27,2.16,2.08,2.16,27.0,27.0,26.0,1.0384615384615385,1.0,0.09628574443389258,132.8876712328767,88.0,168.0
resin,8965,278.0,0.14233600000000002,8.097458381330195,647.7966705064157,259.5143884892086,173.47122302158274,4.568345323741007,20.76115107913669,13.87769784172662,0.36546762589928056,12,11,9,0.96,0.88,0.72,12.0,11.0,9.0,1.3333333333333333,1.0909090909090908,0.234006734006734,141.47122302158274,109.0,168.0
resin,8975,382.0,0.19558400000000004,9.00232968140077,720.1863745120615,259.4476439790576,46.80104712041885,193.8848167539267,20.75581151832461,3.7440837696335083,15.510785340314138,12,16,14,0.96,1.28,1.12,16.0,14.0,12.0,1.3333333333333333,1.1428571428571428,0.14211309523809523,139.08115183246073,88.0,168.0
resin,8980,888.0,0.45465600000000006,11.925358614181347,954.0286891345078,263.0855855855856,82.49324324324324,138.1204954954955,21.046846846846847,6.599459459459459,11.04963963963964,17,21,27,1.36,1.68,2.16,27.0,21.0,17.0,1.588235294117647,1.2857142857142858,0.09212573918456271,129.30855855855856,88.0,168.0
resin,8983,96.0,0.04915200000000001,5.680992338459954,454.47938707679634,257.1875,109.14583333333333,40.3125,20.575,8.731666666666667,3.225,6,6,6,0.48,0.48,0.48,6.0,6.0,6.0,1.0,1.0,0.4444444444444444,129.84375,95.0,168.0
resin,8989,464.0,0.23756800000000003,9.605200896897896,768.4160717518317,261.7909482758621,126.0,74.34482758620689,20.94327586206897,10.08,5.947586206896552,15,11,10,1.2,0.88,0.8,15.0,11.0,10.0,1.5,1.3636363636363635,0.2812121212121212,140.5905172413793,103.0,168.0
resin,8992,270.0,0.13824000000000003,8.019027705431855,641.5222164345483,259.22962962962964,160.01481481481483,113.44074074074074,20.738370370370372,12.801185185185187,9.075259259259258,9,14,9,0.72,1.12,0.72,14.0,9.0,9.0,1.5555555555555556,1.5555555555555556,0.23809523809523808,129.82592592592593,96.0,168.0
resin,8999,124.0,0.06348800000000002,6.1869179183107725,494.9534334648618,260.9032258064516,176.42741935483872,90.20967741935483,20.872258064516128,14.114193548387098,7.216774193548387,12,3,9,0.96,0.24,0.72,12.0,9.0,3.0,4.0,1.3333333333333333,0.38271604938271603,133.66129032258064,99.0,168.0
resin,9004,573.0,0.293376,10.30509500246006,824.4076001968049,262.5828970331588,44.09424083769633,61.24956369982548,21.006631762652706,3.527539267015707,4.899965095986039,13,15,14,1.04,1.2,1.12,15.0,14.0,13.0,1.1538461538461537,1.0714285714285714,0.2098901098901099,134.8935427574171,90.0,168.0
resin,9005,114.0,0.05836800000000001,6.015920332305007,481.2736265844006,259.4035087719298,51.90350877192982,41.48245614035088,20.752280701754383,4.1522807017543855,3.31859649122807,7,8,6,0.56,0.64,0.48,8.0,7.0,6.0,1.3333333333333333,1.1428571428571428,0.3392857142857143,130.07894736842104,91.0,167.0
resin,9006,582.0,0.297984,10.358768340413583,828.7014672330866,261.27147766323026,73.81443298969072,129.36941580756013,20.90171821305842,5.905154639175257,10.349553264604811,11,14,14,0.88,1.12,1.12,14.0,14.0,11.0,1.2727272727272727,1.0,0.2699443413729128,122.26804123711341,89.0,168.0
resin,9010,151.0,0.07731200000000002,6.606824566768998,528.5459653415198,259.3576158940397,116.62913907284768,64.96688741721854,20.74860927152318,9.330331125827815,5.1973509933774835,8,9,9,0.64,0.72,0.72,9.0,9.0,8.0,1.125,1.0,0.2330246913580247,132.17880794701986,89.0,168.0
resin,9016,127.0,0.06502400000000001,6.236415365212329,498.91322921698634,258.93700787401576,173.29133858267716,160.93700787401573,20.71496062992126,13.863307086614173,12.87496062992126,7,10,6,0.56,0.8,0.48,10.0,7.0,6.0,1.6666666666666667,1.4285714285714286,0.30238095238095236,139.1811023622047,103.0,168.0
resin,9019,90.0,0.04608000000000001,5.560083268891276,444.8066615113021,259.6666666666667,10.555555555555555,77.87777777777778,20.773333333333337,0.8444444444444444,6.230222222222222,6,6,6,0.48,0.48,0.48,6.0,6.0,6.0,1.0,1.0,0.4166666666666667,129.37777777777777,98.0,168.0
resin,9026,872.0,0.4464640000000001,11.853300307443622,948.2640245954897,262.54243119266056,35.04587155963303,77.25802752293578,21.003394495412845,2.8036697247706424,6.180642201834862,11,13,27,0.88,1.04,2.16,27.0,13.0,11.0,2.4545454545454546,2.076923076923077,0.22584822584822584,134.3130733944954,89.0,168.0
resin,9027,118.0,0.06041600000000001,6.085474706375493,486.8379765100394,260.2457627118644,70.15254237288136,145.33050847457628,20.819661016949155,5.612203389830508,11.626440677966102,7,7,6,0.56,0.56,0.48,7.0,7.0,6.0,1.1666666666666667,1.0,0.4013605442176871,131.364406779661,91.0,168.0
resin,9032,395.0,0.20224000000000003,9.103313329773377,728.2650663818702,264.7012658227848,101.62025316455696,174.82784810126583,21.176101265822787,8.129620253164557,13.986227848101267,16,14,7,1.28,1.12,0.56,16.0,14.0,7.0,2.2857142857142856,1.1428571428571428,0.25191326530612246,128.32658227848103,94.0,168.0
resin,9033,8537.0,4.370944000000001,25.35725392850549,2028.580314280439,313.44898676350005,104.22958884854164,119.3994377415954,25.075918941080005,8.33836710788333,9.551955019327632,107,43,44,8.56,3.44,3.52,107.0,44.0,43.0,2.488372093023256,2.4318181818181817,0.04216968643180336,127.46210612627387,88.0,168.0
resin,9041,179.0,0.09164800000000002,6.992269136954583,559.3815309563666,259.6368715083799,148.70391061452514,162.29608938547486,20.77094972067039,11.896312849162012,12.983687150837989,7,8,7,0.56,0.64,0.56,8.0,7.0,7.0,1.1428571428571428,1.1428571428571428,0.45663265306122447,125.07821229050279,94.0,168.0
resin,9042,122.0,0.06246400000000001,6.153474465532757,492.2779572426206,259.59016393442624,162.52459016393442,167.80327868852459,20.7672131147541,13.001967213114753,13.424262295081967,6,8,6,0.48,0.64,0.48,8.0,6.0,6.0,1.3333333333333333,1.3333333333333333,0.4236111111111111,131.20491803278688,96.0,168.0
resin,9051,604.0,0.3092480000000001,10.487680267458451,839.0144213966761,263.55298013245033,38.895695364238414,179.64238410596028,21.084238410596026,3.111655629139073,14.371390728476822,13,17,12,1.04,1.36,0.96,17.0,13.0,12.0,1.4166666666666667,1.3076923076923077,0.2277526395173454,130.91887417218544,89.0,168.0
resin,9053,325.0,0.16640000000000002,8.530246467099252,682.4197173679402,263.4276923076923,48.22769230769231,9.907692307692308,21.074215384615385,3.858215384615385,0.7926153846153846,15,11,9,1.2,0.88,0.72,15.0,11.0,9.0,1.6666666666666667,1.3636363636363635,0.21885521885521886,134.89846153846153,92.0,168.0
resin,9069,2089.0,1.069568,15.860368465466003,1268.8294772372801,269.76160842508375,147.64049784585927,31.27573001436094,21.5809286740067,11.811239827668741,2.5020584011488753,25,26,25,2.0,2.08,2.0,26.0,25.0,25.0,1.04,1.04,0.12855384615384616,130.53231211105793,88.0,168.0
resin,9087,454.0,0.23244800000000004,9.535696284670314,762.8557027736251,266.0,125.22466960352423,46.268722466960355,21.28,10.017973568281938,3.7014977973568284,13,9,12,1.04,0.72,0.96,13.0,12.0,9.0,1.4444444444444444,1.0833333333333333,0.32336182336182334,127.95374449339207,93.0,168.0
resin,9100,81.0,0.04147200000000001,5.368201373637897,429.4561098910317,263.0,37.82716049382716,191.46913580246914,21.04,3.026172839506173,15.317530864197531,7,8,6,0.56,0.64,0.48,8.0,7.0,6.0,1.3333333333333333,1.1428571428571428,0.24107142857142858,133.35802469135803,92.0,168.0
resin,9106,174.0,0.08908800000000001,6.926548433133662,554.123874650693,263.08045977011494,65.51724137931035,166.82758620689654,21.046436781609195,5.241379310344828,13.346206896551724,7,8,12,0.56,0.64,0.96,12.0,8.0,7.0,1.7142857142857142,1.5,0.25892857142857145,142.7183908045977,101.0,168.0
resin,9118,200.0,0.10240000000000002,7.255663357195618,580.4530685756495,263.13,164.93,198.345,21.0504,13.194400000000002,15.8676,9,9,7,0.72,0.72,0.56,9.0,9.0,7.0,1.2857142857142858,1.0,0.3527336860670194,126.45,93.0,168.0
resin,9128,110.0,0.05632000000000001,5.944719320868062,475.57754566944493,264.0272727272727,66.34545454545454,117.41818181818182,21.122181818181815,5.307636363636363,9.393454545454546,7,7,7,0.56,0.56,0.56,7.0,7.0,7.0,1.0,1.0,0.3206997084548105,134.38181818181818,98.0,168.0
resin,9139,163.0,0.08345600000000002,6.777398060419335,542.1918448335468,264.26993865030676,132.12269938650306,145.6564417177914,21.14159509202454,10.569815950920244,11.652515337423313,7,8,7,0.56,0.64,0.56,8.0,7.0,7.0,1.1428571428571428,1.1428571428571428,0.41581632653061223,129.7361963190184,96.0,168.0
resin,9146,2564.0,1.3127680000000002,16.981385957195858,1358.5108765756686,276.11895475819034,164.27691107644307,92.75546021840874,22.089516380655226,13.142152886115445,7.4204368174727,26,30,34,2.08,2.4,2.72,34.0,30.0,26.0,1.3076923076923077,1.1333333333333333,0.0966817496229261,131.6848673946958,88.0,168.0
resin,9148,993.0,0.5084160000000001,12.377992315213168,990.2393852170535,271.0060422960725,20.113796576032225,79.95871097683786,21.6804833836858,1.609103726082578,6.396696878147029,23,23,33,1.84,1.84,2.64,33.0,23.0,23.0,1.434782608695652,1.434782608695652,0.05688262588073552,142.0956696878147,95.0,168.0
resin,9154,225.0,0.11520000000000002,7.546193987406538,603.695518992523,265.88444444444445,47.66222222222222,24.035555555555554,21.270755555555557,3.812977777777778,1.9228444444444444,9,11,10,0.72,0.88,0.8,11.0,10.0,9.0,1.2222222222222223,1.1,0.22727272727272727,133.37333333333333,92.0,168.0
resin,9162,1066.0,0.545792,12.67416998229506,1013.9335985836049,270.4033771106942,63.13789868667917,191.11632270168855,21.632270168855534,5.051031894934334,15.289305816135084,20,29,19,1.6,2.32,1.52,29.0,20.0,19.0,1.5263157894736843,1.45,0.09673321234119782,134.40900562851783,90.0,168.0
resin,9169,119.0,0.06092800000000001,6.102616979201714,488.2093583361371,265.3109243697479,97.56302521008404,97.1344537815126,21.224873949579834,7.805042016806723,7.770756302521009,7,6,7,0.56,0.48,0.56,7.0,7.0,6.0,1.1666666666666667,1.0,0.40476190476190477,135.42857142857142,99.0,168.0
resin,9174,586.0,0.3000320000000001,10.38244560756554,830.5956486052432,266.2201365187713,127.61945392491468,31.677474402730375,21.297610921501704,10.209556313993174,2.53419795221843,11,16,14,0.88,1.28,1.12,16.0,14.0,11.0,1.4545454545454546,1.1428571428571428,0.23782467532467533,122.1160409556314,88.0,168.0
resin,9175,359.0,0.18380800000000003,8.817902153251003,705.4321722600803,268.5766016713092,134.89693593314763,81.60445682451254,21.48612813370474,10.791754874651811,6.528356545961003,13,12,11,1.04,0.96,0.88,13.0,12.0,11.0,1.1818181818181819,1.0833333333333333,0.2092074592074592,130.3816155988858,90.0,168.0
resin,9179,138.0,0.07065600000000001,6.411507500999382,512.9206000799505,266.3695652173913,171.731884057971,112.95652173913044,21.309565217391306,13.73855072463768,9.036521739130436,9,7,5,0.72,0.56,0.4,9.0,7.0,5.0,1.8,1.2857142857142858,0.4380952380952381,134.70289855072463,99.0,168.0
resin,9181,97.0,0.04966400000000001,5.700649908033096,456.0519926426477,264.7938144329897,3.7216494845360826,163.01030927835052,21.183505154639175,0.2977319587628866,13.040824742268041,5,7,6,0.4,0.56,0.48,7.0,6.0,5.0,1.4,1.1666666666666667,0.46190476190476193,131.09278350515464,102.0,168.0
resin,9186,197.0,0.10086400000000002,7.219202121944973,577.5361697555978,266.71065989847716,28.131979695431472,10.47715736040609,21.336852791878172,2.250558375634518,0.8381725888324872,8,7,8,0.64,0.56,0.64,8.0,8.0,7.0,1.1428571428571428,1.0,0.43973214285714285,127.22335025380711,88.0,168.0
resin,9198,127.0,0.06502400000000001,6.236415365212329,498.91322921698634,265.3937007874016,117.40944881889764,53.45669291338583,21.23149606299213,9.392755905511812,4.276535433070866,6,8,7,0.48,0.64,0.56,8.0,7.0,6.0,1.3333333333333333,1.1428571428571428,0.37797619047619047,129.8188976377953,98.0,168.0
resin,9206,400.0,0.20480000000000004,9.141562994681664,731.3250395745331,269.8925,32.1375,17.1375,21.5914,2.571,1.371,13,12,13,1.04,0.96,1.04,13.0,13.0,12.0,1.0833333333333333,1.0,0.19723865877712032,140.125,96.0,168.0
resin,9217,427.0,0.21862400000000004,9.34278635037763,747.4229080302104,272.3629976580796,107.68149882903981,14.976580796252927,21.78903981264637,8.614519906323185,1.1981264637002342,15,11,9,1.2,0.88,0.72,15.0,11.0,9.0,1.6666666666666667,1.3636363636363635,0.28754208754208754,140.11007025761126,95.0,168.0
resin,9222,94.0,0.04812800000000001,5.641263819521383,451.30110556171064,266.75531914893617,145.70212765957447,177.72340425531914,21.340425531914892,11.656170212765957,14.217872340425531,9,6,6,0.72,0.48,0.48,9.0,6.0,6.0,1.5,1.5,0.29012345679012347,133.5744680851064,100.0,168.0
resin,9234,256.0,0.13107200000000002,7.877960174741571,630.2368139793257,271.6640625,5.1875,80.57421875,21.733125,0.41500000000000004,6.4459375,13,11,11,1.04,0.88,0.88,13.0,11.0,11.0,1.1818181818181819,1.1818181818181819,0.16274634456452639,136.55859375,96.0,168.0
resin,9235,2138.0,1.094656,15.983419307806047,1278.6735446244838,276.37698783910196,17.225444340505145,196.41206735266604,22.11015902712816,1.3780355472404116,15.712965388213284,29,31,16,2.32,2.48,1.28,31.0,29.0,16.0,1.9375,1.0689655172413792,0.14863737486095663,125.48316183348925,88.0,168.0
resin,9237,1385.0,0.7091200000000001,13.829836645476874,1106.38693163815,278.3061371841155,49.35379061371841,35.026714801444044,22.26449097472924,3.948303249097473,2.8021371841155234,23,27,18,1.84,2.16,1.44,27.0,23.0,18.0,1.5,1.173913043478261,0.12390409733404903,128.68014440433214,88.0,168.0
resin,9245,95.0,0.04864000000000001,5.661197779576941,452.8958223661553,268.29473684210524,82.2421052631579,0.8210526315789474,21.46357894736842,6.5793684210526315,0.06568421052631579,8,7,4,0.64,0.56,0.32,8.0,7.0,4.0,2.0,1.1428571428571428,0.42410714285714285,143.02105263157895,109.0,168.0
resin,9252,296.0,0.15155200000000002,8.268581845817097,661.4865476653678,269.39527027027026,122.8445945945946,128.8277027027027,21.55162162162162,9.827567567567568,10.306216216216217,10,12,11,0.8,0.96,0.88,12.0,11.0,10.0,1.2,1.0909090909090908,0.22424242424242424,138.55405405405406,95.0,167.0
resin,9253,244.0,0.12492800000000003,7.7528920091153255,620.231360729226,267.78688524590166,127.90573770491804,8.930327868852459,21.422950819672135,10.232459016393443,0.7144262295081967,7,8,8,0.56,0.64,0.64,8.0,8.0,7.0,1.1428571428571428,1.0,0.5446428571428571,123.98770491803279,89.0,168.0
resin,9256,116.0,0.05939200000000001,6.050897399235387,484.071791938831,268.37931034482756,141.13793103448276,131.05172413793105,21.470344827586207,11.29103448275862,10.484137931034484,8,7,9,0.64,0.56,0.72,9.0,8.0,7.0,1.2857142857142858,1.125,0.23015873015873015,147.29310344827587,118.0,168.0
resin,9258,274.0,0.14028800000000002,8.058433879808192,644.6747103846553,269.4124087591241,150.07299270072994,165.93795620437956,21.552992700729927,12.005839416058395,13.275036496350365,10,10,8,0.8,0.8,0.64,10.0,10.0,8.0,1.25,1.0,0.3425,141.37591240875912,103.0,167.0
resin,9259,100.0,0.05120000000000001,5.758823822969721,460.7059058375777,268.92,150.62,1.86,21.5136,12.0496,0.14880000000000002,9,7,4,0.72,0.56,0.32,9.0,7.0,4.0,2.25,1.2857142857142858,0.3968253968253968,137.69,103.0,168.0
resin,9261,141.0,0.072192,6.457635040206935,516.6108032165548,268.3049645390071,150.8368794326241,157.5035460992908,21.464397163120566,12.06695035460993,12.600283687943262,8,8,6,0.64,0.64,0.48,8.0,8.0,6.0,1.3333333333333333,1.0,0.3671875,144.4822695035461,114.0,168.0
resin,9266,184.0,0.09420800000000001,7.0567771080140504,564.542168641124,268.33152173913044,175.33695652173913,42.06521739130435,21.466521739130435,14.02695652173913,3.3652173913043484,8,5,8,0.64,0.4,0.64,8.0,8.0,5.0,1.6,1.0,0.575,120.64673913043478,90.0,167.0
resin,9279,438.0,0.22425600000000004,9.422334024996344,753.7867219997075,272.72146118721463,80.9931506849315,195.50913242009133,21.81771689497717,6.479452054794521,15.640730593607307,13,11,13,1.04,0.88,1.04,13.0,13.0,11.0,1.1818181818181819,1.0,0.235610543302851,120.89269406392694,89.0,168.0
resin,9282,698.0,0.3573760000000001,11.005732008000457,880.4585606400366,275.18911174785103,84.90114613180516,153.22636103151862,22.015128939828084,6.792091690544413,12.25810888252149,20,10,13,1.6,0.8,1.04,20.0,13.0,10.0,2.0,1.5384615384615385,0.2684615384615385,126.65616045845272,88.0,168.0
resin,9286,1111.0,0.5688320000000001,12.8500597054989,1028.004776439912,278.6840684068407,123.51665166516652,99.67686768676867,22.294725472547256,9.881332133213322,7.974149414941494,23,12,24,1.84,0.96,1.92,24.0,23.0,12.0,2.0,1.0434782608695652,0.16772342995169082,123.97839783978398,88.0,168.0
resin,9287,93.0,0.047616000000000006,5.62118797776233,449.69503822098636,268.1505376344086,129.5268817204301,173.46236559139786,21.452043010752686,10.36215053763441,13.876989247311828,6,7,5,0.48,0.56,0.4,7.0,6.0,5.0,1.4,1.1666666666666667,0.44285714285714284,133.69892473118279,101.0,168.0
resin,9288,431.0,0.22067200000000003,9.371869141382517,749.7495313106014,271.29930394431557,137.54524361948955,160.5614849187935,21.703944315545247,11.003619489559165,12.84491879350348,11,11,11,0.88,0.88,0.88,11.0,11.0,11.0,1.0,1.0,0.32381667918858004,122.02784222737819,88.0,168.0
resin,9289,123.0,0.062976,6.17024150880815,493.619320704652,271.6422764227642,135.4308943089431,150.869918699187,21.731382113821137,10.834471544715448,12.06959349593496,10,10,8,0.8,0.8,0.64,10.0,10.0,8.0,1.25,1.0,0.15375,148.33333333333334,109.0,168.0
resin,9302,545.0,0.27904000000000007,10.134429207232046,810.7543365785637,273.8293577981651,37.48073394495413,144.83853211009173,21.90634862385321,2.9984587155963305,11.58708256880734,14,17,15,1.12,1.36,1.2,17.0,15.0,14.0,1.2142857142857142,1.1333333333333333,0.15266106442577032,132.32844036697247,90.0,168.0
resin,9309,131.0,0.067072,6.301213930352919,504.0971144282335,269.10687022900765,47.05343511450382,142.0229007633588,21.528549618320614,3.7642748091603058,11.361832061068704,6,7,9,0.48,0.56,0.72,9.0,7.0,6.0,1.5,1.2857142857142858,0.34656084656084657,131.94656488549617,96.0,168.0
resin,9311,152.0,0.07782400000000002,6.621377090805707,529.7101672644566,269.73026315789474,63.125,176.88815789473685,21.57842105263158,5.05,14.151052631578949,6,8,8,0.48,0.64,0.64,8.0,8.0,6.0,1.3333333333333333,1.0,0.3958333333333333,128.80921052631578,94.0,168.0
resin,9316,163.0,0.08345600000000002,6.777398060419335,542.1918448335468,270.60736196319016,73.98159509202453,154.94478527607362,21.648588957055214,5.918527607361963,12.39558282208589,8,8,7,0.64,0.64,0.56,8.0,8.0,7.0,1.1428571428571428,1.0,0.3638392857142857,132.17177914110428,96.0,168.0
resin,9317,92.0,0.04710400000000001,5.600967702383306,448.0774161906645,270.54347826086956,78.0,128.7173913043478,21.643478260869564,6.24,10.297391304347824,10,8,5,0.8,0.64,0.4,10.0,8.0,5.0,2.0,1.25,0.23,146.08695652173913,120.0,168.0
resin,9319,106.0,0.05427200000000001,5.871770611970455,469.7416489576364,269.02830188679246,94.09433962264151,73.09433962264151,21.522264150943396,7.527547169811321,5.847547169811321,5,7,6,0.4,0.56,0.48,7.0,6.0,5.0,1.4,1.1666666666666667,0.5047619047619047,128.27358490566039,101.0,167.0
resin,9320,151.0,0.07731200000000002,6.606824566768998,528.5459653415198,269.3708609271523,97.86092715231788,12.42384105960265,21.549668874172184,7.828874172185431,0.993907284768212,6,8,7,0.48,0.64,0.56,8.0,7.0,6.0,1.3333333333333333,1.1428571428571428,0.4494047619047619,126.86754966887418,89.0,168.0
resin,9321,708.0,0.36249600000000004,11.058041406114027,884.6433124891222,276.4646892655367,97.9816384180791,67.62146892655367,22.11717514124294,7.838531073446328,5.409717514124294,17,11,13,1.36,0.88,1.04,17.0,13.0,11.0,1.5454545454545454,1.3076923076923077,0.29123817359111476,120.45197740112994,88.0,168.0
resin,9324,167.0,0.08550400000000001,6.832389495079439,546.5911596063551,270.50299401197606,113.88023952095809,40.1497005988024,21.640239520958087,9.110419161676647,3.2119760479041917,8,5,9,0.64,0.4,0.72,9.0,8.0,5.0,1.8,1.125,0.4638888888888889,142.562874251497,103.0,168.0
resin,9330,84.0,0.043008000000000005,5.43367369666554,434.6938957332432,269.51190476190476,143.28571428571428,77.14285714285714,21.560952380952383,11.462857142857143,6.171428571428571,6,7,7,0.48,0.56,0.56,7.0,7.0,6.0,1.1666666666666667,1.0,0.2857142857142857,136.14285714285714,108.0,168.0
resin,9331,406.0,0.20787200000000003,9.187044156234652,734.9635324987721,271.5541871921182,144.83743842364532,104.33004926108374,21.724334975369455,11.586995073891627,8.346403940886699,10,9,10,0.8,0.72,0.8,10.0,10.0,9.0,1.1111111111111112,1.0,0.45111111111111113,119.6576354679803,89.0,168.0
resin,9332,335.0,0.17152000000000003,8.616853875390476,689.348310031238,271.1134328358209,146.50746268656715,90.62985074626866,21.689074626865672,11.720597014925373,7.250388059701493,9,8,9,0.72,0.64,0.72,9.0,9.0,8.0,1.125,1.0,0.5169753086419753,121.21492537313434,88.0,168.0
resin,9333,289.0,0.14796800000000002,8.202880916352756,656.2304733082204,270.5121107266436,150.280276816609,68.21799307958477,21.640968858131487,12.022422145328719,5.457439446366782,10,9,8,0.8,0.72,0.64,10.0,9.0,8.0,1.25,1.1111111111111112,0.4013888888888889,139.02076124567475,107.0,168.0
resin,9336,400.0,0.20480000000000004,9.141562994681664,731.3250395745331,272.8525,159.675,188.4675,21.828200000000002,12.774000000000001,15.0774,13,8,16,1.04,0.64,1.28,16.0,13.0,8.0,2.0,1.2307692307692308,0.2403846153846154,127.04,90.0,168.0
resin,9337,130.0,0.06656000000000001,6.285139335191904,502.8111468153523,269.32307692307694,165.41538461538462,164.51538461538462,21.545846153846156,13.23323076923077,13.16123076923077,6,9,8,0.48,0.72,0.64,9.0,8.0,6.0,1.5,1.125,0.30092592592592593,144.63076923076923,117.0,167.0
resin,9340,5989.0,3.0663680000000006,22.531247087366342,1802.4997669893073,284.60093504758726,14.0225413257639,55.60093504758724,22.768074803806982,1.1218033060611121,4.448074803806979,38,48,66,3.04,3.84,5.28,66.0,48.0,38.0,1.736842105263158,1.375,0.04974913609782031,129.01719819669393,88.0,168.0
resin,9342,428.0,0.21913600000000003,9.350074018192482,748.0059214553985,275.2616822429907,5.780373831775701,24.13785046728972,22.020934579439253,0.46242990654205607,1.9310280373831776,13,12,9,1.04,0.96,0.72,13.0,12.0,9.0,1.4444444444444444,1.0833333333333333,0.30484330484330485,124.51168224299066,88.0,168.0
resin,9343,521.0,0.26675200000000004,9.983428233527347,798.6742586821878,274.58925143953934,57.74664107485604,68.09404990403071,21.967140115163147,4.619731285988483,5.447523992322457,13,14,11,1.04,1.12,0.88,14.0,13.0,11.0,1.2727272727272727,1.0769230769230769,0.26023976023976025,122.31861804222649,88.0,168.0
resin,9345,263.0,0.13465600000000003,7.949119797058365,635.9295837646691,273.384030418251,60.42965779467681,4.509505703422053,21.870722433460077,4.834372623574144,0.36076045627376424,11,6,10,0.88,0.48,0.8,11.0,10.0,6.0,1.8333333333333333,1.1,0.3984848484848485,127.04182509505704,89.0,168.0
resin,9347,190.0,0.09728000000000002,7.132662250107105,570.6129800085683,271.4947368421053,87.13684210526316,132.51052631578946,21.719578947368422,6.970947368421053,10.600842105263157,8,9,7,0.64,0.72,0.56,9.0,8.0,7.0,1.2857142857142858,1.125,0.376984126984127,140.81052631578947,104.0,168.0
resin,9350,394.0,0.20172800000000005,9.095624716884206,727.6499773507364,274.78426395939084,96.35786802030456,28.51522842639594,21.982741116751267,7.708629441624366,2.281218274111675,13,8,14,1.04,0.64,1.12,14.0,13.0,8.0,1.75,1.0769230769230769,0.2706043956043956,126.15228426395939,90.0,168.0
resin,9357,171.0,0.08755200000000002,6.886509686455715,550.9207749164572,270.812865497076,151.67251461988303,193.40350877192984,21.66502923976608,12.133801169590642,15.472280701754388,7,7,8,0.56,0.56,0.64,8.0,7.0,7.0,1.1428571428571428,1.1428571428571428,0.4362244897959184,140.93567251461988,108.0,168.0
resin,9367,544.0,0.27852800000000005,10.128226984625869,810.2581587700695,275.1158088235294,30.886029411764707,27.125,22.00926470588235,2.4708823529411768,2.17,14,11,16,1.12,0.88,1.28,16.0,14.0,11.0,1.4545454545454546,1.1428571428571428,0.22077922077922077,125.50735294117646,88.0,168.0
resin,9372,128.0,0.06553600000000001,6.252741134374175,500.21929074993403,273.5234375,54.890625,171.7578125,21.881875,4.39125,13.740625,8,8,7,0.64,0.64,0.56,8.0,8.0,7.0,1.1428571428571428,1.0,0.2857142857142857,144.421875,107.0,168.0
resin,9374,174.0,0.08908800000000001,6.926548433133662,554.123874650693,274.4310344827586,74.26436781609195,58.21264367816092,21.95448275862069,5.941149425287356,4.657011494252874,10,8,9,0.8,0.64,0.72,10.0,9.0,8.0,1.25,1.1111111111111112,0.24166666666666667,129.10919540229884,89.0,167.0
resin,9392,115.0,0.05888000000000001,6.033459557881385,482.67676463051083,271.82608695652175,168.58260869565217,121.24347826086957,21.74608695652174,13.486608695652174,9.699478260869565,6,6,7,0.48,0.48,0.56,7.0,6.0,6.0,1.1666666666666667,1.1666666666666667,0.45634920634920634,144.7391304347826,117.0,168.0
resin,9395,129.0,0.06604800000000001,6.268982093389452,501.5185674711562,272.74418604651163,1.4108527131782946,97.24806201550388,21.81953488372093,0.11286821705426357,7.77984496124031,6,5,8,0.48,0.4,0.64,8.0,6.0,5.0,1.6,1.3333333333333333,0.5375,123.45736434108527,91.0,165.0
resin,9396,96.0,0.04915200000000001,5.680992338459954,454.47938707679634,273.1041666666667,1.0416666666666667,54.635416666666664,21.848333333333336,0.08333333333333334,4.370833333333334,7,4,8,0.56,0.32,0.64,8.0,7.0,4.0,2.0,1.1428571428571428,0.42857142857142855,127.08333333333333,96.0,167.0
resin,9398,110.0,0.05632000000000001,5.944719320868062,475.57754566944493,273.3727272727273,3.890909090909091,190.04545454545453,21.869818181818182,0.3112727272727273,15.203636363636363,8,6,7,0.64,0.48,0.56,8.0,7.0,6.0,1.3333333333333333,1.1428571428571428,0.3273809523809524,144.3909090909091,116.0,168.0
resin,9399,93.0,0.047616000000000006,5.62118797776233,449.69503822098636,272.4623655913978,6.344086021505376,73.0752688172043,21.796989247311828,0.5075268817204301,5.846021505376345,6,6,5,0.48,0.48,0.4,6.0,6.0,5.0,1.2,1.0,0.5166666666666667,131.46236559139786,98.0,167.0
resin,9405,99.0,0.05068800000000001,5.7395633987581025,459.1650719006482,271.989898989899,47.292929292929294,16.92929292929293,21.75919191919192,3.783434343434344,1.3543434343434344,5,6,7,0.4,0.48,0.56,7.0,6.0,5.0,1.4,1.1666666666666667,0.4714285714285714,133.42424242424244,93.0,168.0
resin,9410,523.0,0.26777600000000007,9.996186622148898,799.6949297719118,275.11663479923516,73.66156787762907,80.16826003824092,22.009330783938815,5.892925430210325,6.413460803059273,13,20,11,1.04,1.6,0.88,20.0,13.0,11.0,1.8181818181818181,1.5384615384615385,0.18286713286713285,134.45315487571702,90.0,168.0
resin,9413,961.0,0.4920320000000001,12.243575259331783,979.4860207465426,275.0426638917794,88.02913631633714,57.83870967741935,22.00341311134235,7.042330905306971,4.627096774193548,15,16,23,1.2,1.28,1.84,23.0,16.0,15.0,1.5333333333333334,1.4375,0.17409420289855074,127.86888657648284,89.0,168.0
resin,9419,319.0,0.16332800000000003,8.477426249208973,678.1940999367179,275.3228840125392,110.04075235109718,132.57366771159874,22.025830721003135,8.803260188087775,10.6058934169279,14,11,14,1.12,0.88,1.12,14.0,14.0,11.0,1.2727272727272727,1.0,0.14795918367346939,133.87774294670845,89.0,168.0
resin,9420,418.0,0.21401600000000004,9.276679515769068,742.1343612615254,276.1100478468899,126.10765550239235,2.5861244019138754,22.088803827751196,10.088612440191389,0.20688995215311004,17,13,7,1.36,1.04,0.56,17.0,13.0,7.0,2.4285714285714284,1.3076923076923077,0.27020038784744665,125.22248803827752,88.0,168.0
resin,9425,228.0,0.11673600000000002,7.579584661161639,606.3667728929311,273.7324561403509,9.728070175438596,89.34649122807018,21.898596491228073,0.7782456140350877,7.147719298245614,7,13,9,0.56,1.04,0.72,13.0,9.0,7.0,1.8571428571428572,1.4444444444444444,0.2783882783882784,135.59649122807016,88.0,168.0
resin,9441,89.0,0.045568000000000004,5.539413623573113,443.153089885849,274.19101123595505,125.32584269662921,162.51685393258427,21.935280898876403,10.026067415730337,13.001348314606743,7,5,7,0.56,0.4,0.56,7.0,7.0,5.0,1.4,1.0,0.363265306122449,134.2134831460674,91.0,168.0
resin,9442,142.0,0.07270400000000002,6.472865367940743,517.8292294352594,273.556338028169,128.6338028169014,19.929577464788732,21.88450704225352,10.290704225352114,1.5943661971830987,6,6,7,0.48,0.48,0.56,7.0,6.0,6.0,1.1666666666666667,1.1666666666666667,0.5634920634920635,127.43661971830986,92.0,168.0
resin,9447,99.0,0.05068800000000001,5.7395633987581025,459.1650719006482,273.4141414141414,145.23232323232324,124.93939393939394,21.873131313131314,11.61858585858586,9.995151515151516,6,7,6,0.48,0.56,0.48,7.0,6.0,6.0,1.1666666666666667,1.1666666666666667,0.39285714285714285,131.36363636363637,96.0,167.0
resin,9452,773.0,0.39577600000000007,11.3865884451253,910.927075610024,280.4307891332471,174.51617076326002,115.57826649417852,22.43446313065977,13.961293661060802,9.246261319534282,19,8,10,1.52,0.64,0.8,19.0,10.0,8.0,2.375,1.9,0.5085526315789474,126.85381630012937,89.0,168.0
resin,9464,157.0,0.08038400000000001,6.693198063015236,535.4558450412189,275.4968152866242,48.05732484076433,1.5095541401273886,22.039745222929938,3.8445859872611465,0.12076433121019109,8,8,5,0.64,0.64,0.4,8.0,8.0,5.0,1.6,1.0,0.490625,122.61146496815287,93.0,168.0
resin,9467,82.0,0.04198400000000001,5.390202444799826,431.21619558398606,275.9024390243902,71.14634146341463,135.109756097561,22.072195121951218,5.6917073170731705,10.80878048780488,9,5,5,0.72,0.4,0.4,9.0,5.0,5.0,1.8,1.8,0.36444444444444446,147.70731707317074,123.0,168.0
resin,9472,253.0,0.129536,7.84706589590428,627.7652716723425,275.0830039525692,118.07509881422925,50.00395256916996,22.006640316205534,9.446007905138341,4.000316205533597,8,7,9,0.64,0.56,0.72,9.0,8.0,7.0,1.2857142857142858,1.125,0.501984126984127,122.08300395256917,91.0,168.0
resin,9482,3776.0,1.9333120000000004,19.320177901252652,1545.6142321002121,283.84110169491527,154.45391949152543,170.38983050847457,22.70728813559322,12.356313559322034,13.631186440677967,27,34,36,2.16,2.72,2.88,36.0,34.0,27.0,1.3333333333333333,1.0588235294117647,0.11425804889857177,127.08686440677967,88.0,168.0
resin,9489,210.0,0.10752000000000002,7.374629802528655,589.9703842022924,276.43333333333334,30.0,83.07619047619048,22.11466666666667,2.4,6.6460952380952385,8,8,9,0.64,0.64,0.72,9.0,8.0,8.0,1.125,1.125,0.3645833333333333,127.95714285714286,93.0,168.0
resin,9491,120.0,0.06144000000000001,6.119663483891738,489.57307871133906,275.09166666666664,40.583333333333336,184.68333333333334,22.00733333333333,3.246666666666667,14.774666666666667,6,8,6,0.48,0.64,0.48,8.0,6.0,6.0,1.3333333333333333,1.3333333333333333,0.4166666666666667,143.43333333333334,115.0,168.0
resin,9507,178.0,0.09113600000000001,6.9792238284142,558.337906273136,276.36516853932585,163.30898876404495,178.26966292134833,22.109213483146068,13.064719101123597,14.261573033707867,8,7,8,0.64,0.56,0.64,8.0,8.0,7.0,1.1428571428571428,1.0,0.39732142857142855,127.82022471910112,88.0,168.0
resin,9508,99.0,0.05068800000000001,5.7395633987581025,459.1650719006482,275.6868686868687,166.55555555555554,115.07070707070707,22.054949494949497,13.324444444444444,9.205656565656566,6,6,7,0.48,0.48,0.56,7.0,6.0,6.0,1.1666666666666667,1.1666666666666667,0.39285714285714285,129.73737373737373,99.0,168.0
resin,9510,162.0,0.08294400000000002,6.763509910720959,541.0807928576767,276.5246913580247,166.33333333333334,162.10493827160494,22.12197530864198,13.306666666666668,12.968395061728396,7,9,12,0.56,0.72,0.96,12.0,9.0,7.0,1.7142857142857142,1.3333333333333333,0.21428571428571427,138.8395061728395,88.0,168.0
resin,9511,268.0,0.13721600000000003,7.999178545777086,639.9342836621669,275.9141791044776,173.6679104477612,5.294776119402985,22.07313432835821,13.893432835820896,0.4235820895522388,8,8,8,0.64,0.64,0.64,8.0,8.0,8.0,1.0,1.0,0.5234375,121.61567164179104,91.0,168.0
resin,9513,458.0,0.23449600000000004,9.563619420002686,765.0895536002149,279.66812227074234,170.53930131004367,21.058951965065503,22.37344978165939,13.643144104803493,1.6847161572052403,12,13,16,0.96,1.04,1.28,16.0,13.0,12.0,1.3333333333333333,1.2307692307692308,0.18349358974358973,128.35807860262008,88.0,168.0
resin,9515,185.0,0.09472000000000001,7.0695380347374215,565.5630427789937,279.96216216216214,175.7027027027027,130.82702702702701,22.39697297297297,14.056216216216217,10.466162162162162,12,5,16,0.96,0.4,1.28,16.0,12.0,5.0,3.2,1.3333333333333333,0.19270833333333334,130.62702702702703,94.0,168.0
resin,9516,84.0,0.043008000000000005,5.43367369666554,434.6938957332432,276.5357142857143,176.3095238095238,160.01190476190476,22.122857142857143,14.104761904761904,12.800952380952381,8,3,7,0.64,0.24,0.56,8.0,7.0,3.0,2.6666666666666665,1.1428571428571428,0.5,124.02380952380952,91.0,166.0
resin,9533,394.0,0.20172800000000005,9.095624716884206,727.6499773507364,278.26142131979697,138.41116751269035,167.93908629441626,22.260913705583757,11.072893401015229,13.4351269035533,9,9,9,0.72,0.72,0.72,9.0,9.0,9.0,1.0,1.0,0.5404663923182441,121.42893401015229,88.0,168.0
resin,9534,96.0,0.04915200000000001,5.680992338459954,454.47938707679634,277.8645833333333,144.8125,184.98958333333334,22.229166666666664,11.585,14.799166666666668,8,7,6,0.64,0.56,0.48,8.0,7.0,6.0,1.3333333333333333,1.1428571428571428,0.2857142857142857,132.64583333333334,89.0,168.0
resin,9549,3607.0,1.8467840000000002,19.027534000929524,1522.2027200743619,290.8835597449404,39.93762129193235,187.55503188245078,23.270684779595232,3.195009703354588,15.004402550596062,36,38,38,2.88,3.04,3.04,38.0,38.0,36.0,1.0555555555555556,1.0,0.06938673437980918,125.48073191017465,88.0,168.0
resin,9554,142.0,0.07270400000000002,6.472865367940743,517.8292294352594,277.8169014084507,77.35915492957747,115.54929577464789,22.225352112676056,6.188732394366198,9.243943661971832,7,6,6,0.56,0.48,0.48,7.0,6.0,6.0,1.1666666666666667,1.1666666666666667,0.5634920634920635,126.90140845070422,90.0,168.0
resin,9558,91.0,0.04659200000000001,5.580600367226721,446.4480293781377,276.967032967033,107.72527472527473,8.197802197802197,22.15736263736264,8.618021978021979,0.6558241758241757,5,5,6,0.4,0.4,0.48,6.0,5.0,5.0,1.2,1.2,0.6066666666666667,143.8901098901099,116.0,167.0
resin,9564,81.0,0.04147200000000001,5.368201373637897,429.4561098910317,277.5679012345679,126.23456790123457,122.44444444444444,22.20543209876543,10.098765432098766,9.795555555555556,6,7,5,0.48,0.56,0.4,7.0,6.0,5.0,1.4,1.1666666666666667,0.38571428571428573,146.88888888888889,120.0,168.0
resin,9567,410.0,0.20992000000000002,9.217116528325628,737.3693222660502,281.9609756097561,139.8,125.00731707317073,22.556878048780487,11.184000000000001,10.000585365853658,13,12,13,1.04,0.96,1.04,13.0,13.0,12.0,1.0833333333333333,1.0,0.20216962524654833,127.58292682926829,91.0,168.0
resin,9569,123.0,0.062976,6.17024150880815,493.619320704652,279.4552845528455,143.3658536585366,132.2520325203252,22.35642276422764,11.469268292682928,10.580162601626016,9,8,5,0.72,0.64,0.4,9.0,8.0,5.0,1.8,1.125,0.3416666666666667,137.1788617886179,98.0,168.0
resin,9591,539.0,0.27596800000000005,10.097101321281846,807.7681057025477,284.2708719851577,74.84601113172542,198.72541743970316,22.74166975881262,5.987680890538034,15.898033395176254,17,14,7,1.36,1.12,0.56,17.0,14.0,7.0,2.4285714285714284,1.2142857142857142,0.3235294117647059,130.16326530612244,89.0,168.0
resin,9592,1635.0,0.8371200000000001,14.616376169441267,1169.3100935553014,287.08929663608563,104.67217125382263,124.89847094801223,22.96714373088685,8.37377370030581,9.991877675840978,26,23,21,2.08,1.84,1.68,26.0,23.0,21.0,1.2380952380952381,1.1304347826086956,0.1301958910654563,128.32354740061163,88.0,168.0
resin,9593,150.0,0.07680000000000001,6.592207650508867,527.3766120407093,278.55333333333334,105.48,104.39333333333333,22.284266666666667,8.4384,8.351466666666667,6,6,7,0.48,0.48,0.56,7.0,6.0,6.0,1.1666666666666667,1.1666666666666667,0.5952380952380952,127.20666666666666,90.0,168.0
resin,9598,823.0,0.4213760000000001,11.626983896601853,930.1587117281483,281.69987849331716,150.4471445929526,6.455650060753341,22.535990279465373,12.035771567436209,0.5164520048602673,14,24,16,1.12,1.92,1.28,24.0,16.0,14.0,1.7142857142857142,1.5,0.15308779761904762,128.7217496962333,88.0,168.0
resin,9602,102.0,0.052224000000000007,5.796962840557109,463.7570272445687,278.6666666666667,173.26470588235293,198.65686274509804,22.293333333333337,13.861176470588234,15.892549019607843,6,10,7,0.48,0.8,0.56,10.0,7.0,6.0,1.6666666666666667,1.4285714285714286,0.24285714285714285,146.61764705882354,117.0,168.0
resin,9606,195.0,0.09984000000000001,7.194688513426352,575.5750810741082,279.8666666666667,24.22051282051282,67.55384615384615,22.389333333333333,1.9376410256410257,5.404307692307692,7,8,8,0.56,0.64,0.64,8.0,8.0,7.0,1.1428571428571428,1.0,0.43526785714285715,127.9025641025641,89.0,168.0
resin,9613,298.0,0.15257600000000002,8.287162991101544,662.9730392881236,280.87919463087246,114.87248322147651,82.93624161073825,22.470335570469796,9.189798657718121,6.63489932885906,9,9,9,0.72,0.72,0.72,9.0,9.0,9.0,1.0,1.0,0.40877914951989025,123.14429530201342,88.0,168.0
resin,9618,1783.0,0.9128960000000002,15.04472453356564,1203.5779626852511,285.3959618620303,136.91587212563095,107.07178911946158,22.83167694896242,10.953269770050477,8.565743129556926,20,21,20,1.6,1.68,1.6,21.0,20.0,20.0,1.05,1.05,0.21226190476190476,119.8956814357824,88.0,168.0
resin,9620,963.0,0.4930560000000001,12.252063009197071,980.1650407357657,285.4620976116303,149.3572170301142,26.611630321910695,22.836967808930428,11.948577362409138,2.1289304257528556,16,20,14,1.28,1.6,1.12,20.0,16.0,14.0,1.4285714285714286,1.25,0.21495535714285716,136.02284527518174,88.0,168.0
resin,9623,121.0,0.06195200000000001,6.136615546901379,490.9292437521103,279.10743801652893,151.22314049586777,190.9504132231405,22.328595041322316,12.097851239669422,15.276033057851238,6,8,7,0.48,0.64,0.56,8.0,7.0,6.0,1.3333333333333333,1.1428571428571428,0.3601190476190476,129.15702479338842,91.0,168.0
resin,9627,93.0,0.047616000000000006,5.62118797776233,449.69503822098636,280.73118279569894,1.6666666666666667,52.763440860215056,22.458494623655916,0.13333333333333333,4.221075268817205,6,5,6,0.48,0.4,0.48,6.0,6.0,5.0,1.2,1.0,0.5166666666666667,132.55913978494624,102.0,168.0
resin,9628,296.0,0.15155200000000002,8.268581845817097,661.4865476653678,281.6317567567568,10.506756756756756,74.90202702702703,22.530540540540542,0.8405405405405405,5.992162162162162,12,13,11,0.96,1.04,0.88,13.0,12.0,11.0,1.1818181818181819,1.0833333333333333,0.17249417249417248,129.97297297297297,92.0,168.0
resin,9633,280.0,0.14336000000000002,8.116830365159922,649.3464292127937,281.98214285714283,28.975,134.31071428571428,22.558571428571426,2.318,10.744857142857143,9,9,9,0.72,0.72,0.72,9.0,9.0,9.0,1.0,1.0,0.3840877914951989,122.17857142857143,88.0,168.0
resin,9635,614.0,0.31436800000000004,10.54524278290836,843.6194226326688,284.0504885993485,39.51628664495114,106.5944625407166,22.724039087947883,3.161302931596091,8.527557003257328,14,17,10,1.12,1.36,0.8,17.0,14.0,10.0,1.7,1.2142857142857142,0.25798319327731095,122.82736156351791,88.0,168.0
resin,9644,1946.0,0.9963520000000001,15.489880638848165,1239.1904511078533,297.17780061664956,101.49640287769785,99.2332990750257,23.774224049331966,8.119712230215828,7.938663926002056,42,18,29,3.36,1.44,2.32,42.0,29.0,18.0,2.3333333333333335,1.4482758620689655,0.08876117496807152,127.84224049331964,88.0,168.0
resin,9663,146.0,0.07475200000000001,6.53308152692881,522.6465221543048,282.40410958904107,76.16438356164383,149.513698630137,22.592328767123288,6.093150684931507,11.96109589041096,10,8,6,0.8,0.64,0.48,10.0,8.0,6.0,1.6666666666666667,1.25,0.30416666666666664,145.04109589041096,95.0,168.0
resin,9664,86.0,0.04403200000000001,5.476460290566693,438.1168232453354,281.8255813953488,91.34883720930233,132.15116279069767,22.546046511627907,7.307906976744187,10.572093023255814,7,6,11,0.56,0.48,0.88,11.0,7.0,6.0,1.8333333333333333,1.5714285714285714,0.18614718614718614,130.06976744186048,88.0,168.0
resin,9676,137.0,0.07014400000000001,6.395983209011851,511.6786567209481,282.3284671532847,150.02919708029196,119.21897810218978,22.586277372262774,12.002335766423357,9.537518248175182,7,8,5,0.56,0.64,0.4,8.0,7.0,5.0,1.6,1.1428571428571428,0.48928571428571427,131.05839416058393,95.0,168.0
resin,9678,117.0,0.05990400000000001,6.068235308895068,485.4588247116055,282.70940170940173,157.34188034188034,1.0085470085470085,22.61675213675214,12.587350427350428,0.08068376068376068,8,8,4,0.64,0.64,0.32,8.0,8.0,4.0,2.0,1.0,0.45703125,131.02564102564102,100.0,168.0
resin,9680,113.0,0.05785600000000001,5.998278235900232,479.8622588720185,281.7787610619469,174.3716814159292,80.82300884955752,22.542300884955754,13.949734513274336,6.4658407079646025,8,8,8,0.64,0.64,0.64,8.0,8.0,8.0,1.0,1.0,0.220703125,128.97345132743362,91.0,167.0
resin,9682,545.0,0.27904000000000007,10.134429207232046,810.7543365785637,285.4532110091743,175.17064220183485,171.21834862385322,22.836256880733945,14.013651376146788,13.697467889908257,12,6,20,0.96,0.48,1.6,20.0,12.0,6.0,3.3333333333333335,1.6666666666666667,0.3784722222222222,126.5908256880734,89.0,168.0
resin,9684,437.0,0.22374400000000003,9.415157834843985,753.2126267875187,284.58352402745993,34.640732265446225,70.51029748283753,22.766681922196796,2.7712585812356982,5.640823798627003,10,12,9,0.8,0.96,0.72,12.0,10.0,9.0,1.3333333333333333,1.2,0.4046296296296296,136.9862700228833,93.0,168.0
resin,9697,90.0,0.04608000000000001,5.560083268891276,444.8066615113021,282.53333333333336,130.84444444444443,86.5,22.602666666666668,10.467555555555554,6.92,6,6,6,0.48,0.48,0.48,6.0,6.0,6.0,1.0,1.0,0.4166666666666667,146.73333333333332,121.0,168.0
resin,9698,681.0,0.34867200000000004,10.915647349724999,873.2517879779999,291.80029368575623,136.4273127753304,88.43318649045521,23.344023494860497,10.914185022026432,7.074654919236417,22,14,20,1.76,1.12,1.6,22.0,20.0,14.0,1.5714285714285714,1.1,0.11055194805194805,140.68575624082231,88.0,168.0
resin,9700,102.0,0.052224000000000007,5.796962840557109,463.7570272445687,282.65686274509807,144.81372549019608,68.46078431372548,22.612549019607847,11.585098039215687,5.476862745098039,5,9,7,0.4,0.72,0.56,9.0,7.0,5.0,1.8,1.2857142857142858,0.3238095238095238,133.15686274509804,100.0,168.0
resin,9713,689.0,0.3527680000000001,10.958224659725683,876.6579727780547,285.9433962264151,45.346879535558784,90.6400580551524,22.875471698113206,3.627750362844703,7.251204644412192,11,11,14,0.88,0.88,1.12,14.0,11.0,11.0,1.2727272727272727,1.2727272727272727,0.4067296340023613,119.62264150943396,89.0,168.0
resin,9714,155.0,0.07936000000000001,6.664655293794288,533.1724235035431,284.0,47.329032258064515,164.1741935483871,22.72,3.7863225806451615,13.13393548387097,7,7,7,0.56,0.56,0.56,7.0,7.0,7.0,1.0,1.0,0.4518950437317784,125.3741935483871,89.0,168.0
resin,9715,12163.0,6.227456000000001,28.53299507798199,2282.6396062385593,314.15785579215657,86.88210145523308,9.511633643015703,25.132628463372527,6.950568116418647,0.7609306914412562,66,84,36,5.28,6.72,2.88,84.0,66.0,36.0,2.3333333333333335,1.2727272727272727,0.060941758858425524,128.53029680177588,88.0,168.0
resin,9719,92.0,0.04710400000000001,5.600967702383306,448.0774161906645,284.0869565217391,63.141304347826086,26.26086956521739,22.72695652173913,5.051304347826087,2.1008695652173914,7,6,8,0.56,0.48,0.64,8.0,7.0,6.0,1.3333333333333333,1.1428571428571428,0.27380952380952384,135.1413043478261,97.0,168.0
resin,9720,116.0,0.05939200000000001,6.050897399235387,484.071791938831,284.4568965517241,73.67241379310344,42.86206896551724,22.756551724137932,5.893793103448275,3.4289655172413793,7,8,7,0.56,0.64,0.56,8.0,7.0,7.0,1.1428571428571428,1.1428571428571428,0.29591836734693877,133.56896551724137,90.0,168.0
resin,9723,315.0,0.16128000000000003,8.441843768512816,675.3475014810253,285.77460317460316,87.2984126984127,74.83492063492064,22.861968253968254,6.983873015873017,5.986793650793651,10,9,10,0.8,0.72,0.8,10.0,10.0,9.0,1.1111111111111112,1.0,0.35,138.2031746031746,101.0,168.0
resin,9724,281.0,0.14387200000000003,8.126481777777476,650.1185422221981,286.65480427046265,91.74377224199289,36.42348754448398,22.93238434163701,7.339501779359431,2.9138790035587188,10,8,9,0.8,0.64,0.72,10.0,9.0,8.0,1.25,1.1111111111111112,0.3902777777777778,123.63701067615658,88.0,168.0
resin,9735,1438.0,0.7362560000000001,14.004042536665592,1120.3234029332473,293.28859527121,164.28581363004173,188.26842837273992,23.4630876216968,13.142865090403339,15.061474269819193,23,30,22,1.84,2.4,1.76,30.0,23.0,22.0,1.3636363636363635,1.3043478260869565,0.09472990777338604,123.71974965229485,89.0,168.0
resin,9762,413.0,0.21145600000000003,9.239542691004052,739.1634152803242,288.3026634382567,2.0145278450363198,13.08958837772397,23.064213075060533,0.16116222760290558,1.0471670702179177,16,7,20,1.28,0.56,1.6,20.0,16.0,7.0,2.857142857142857,1.25,0.184375,122.73123486682809,88.0,168.0
resin,9765,671.0,0.3435520000000001,10.861954167932502,868.9563334346002,287.59016393442624,19.922503725782413,30.25633383010432,23.0072131147541,1.5938002980625932,2.4205067064083456,10,16,14,0.8,1.28,1.12,16.0,14.0,10.0,1.6,1.1428571428571428,0.2995535714285714,120.47093889716841,89.0,168.0
resin,9780,455.0,0.23296000000000003,9.542692395972834,763.4153916778267,290.756043956044,64.05494505494505,48.90989010989011,23.260483516483518,5.1243956043956045,3.9127912087912087,16,15,11,1.28,1.2,0.88,16.0,15.0,11.0,1.4545454545454546,1.0666666666666667,0.17234848484848486,135.4901098901099,89.0,168.0
resin,9795,235.0,0.12032000000000002,7.656372945784155,612.5098356627324,286.668085106383,163.14893617021278,31.672340425531914,22.933446808510638,13.051914893617022,2.533787234042553,8,7,9,0.64,0.56,0.72,9.0,8.0,7.0,1.2857142857142858,1.125,0.4662698412698413,138.99574468085106,108.0,168.0
resin,9796,128.0,0.06553600000000001,6.252741134374175,500.21929074993403,285.4921875,171.0390625,77.40625,22.839375,13.683125,6.1925,6,7,6,0.48,0.56,0.48,7.0,6.0,6.0,1.1666666666666667,1.1666666666666667,0.5079365079365079,144.2109375,104.0,168.0
resin,9806,228.0,0.11673600000000002,7.579584661161639,606.3667728929311,287.390350877193,75.85526315789474,25.13157894736842,22.99122807017544,6.068421052631579,2.0105263157894737,8,11,7,0.64,0.88,0.56,11.0,8.0,7.0,1.5714285714285714,1.375,0.37012987012987014,125.70175438596492,94.0,168.0
resin,9821,678.0,0.34713600000000006,10.89959490399115,871.9675923192921,291.88495575221236,170.96017699115043,4.128318584070796,23.35079646017699,13.676814159292036,0.3302654867256637,16,14,10,1.28,1.12,0.8,16.0,14.0,10.0,1.6,1.1428571428571428,0.3026785714285714,125.25368731563422,88.0,168.0
resin,9822,177.0,0.09062400000000001,6.966129569086082,557.2903655268865,288.316384180791,1.6101694915254237,67.03389830508475,23.065310734463278,0.1288135593220339,5.36271186440678,8,6,7,0.64,0.48,0.56,8.0,7.0,6.0,1.3333333333333333,1.1428571428571428,0.5267857142857143,137.3502824858757,101.0,167.0
resin,9832,1184.0,0.6062080000000001,13.125555520335217,1050.0444416268174,292.3125,82.14273648648648,36.16300675675676,23.385,6.571418918918919,2.893040540540541,16,18,24,1.28,1.44,1.92,24.0,18.0,16.0,1.5,1.3333333333333333,0.1712962962962963,126.72297297297297,88.0,168.0
resin,9836,82.0,0.04198400000000001,5.390202444799826,431.21619558398606,288.1585365853659,106.08536585365853,145.64634146341464,23.05268292682927,8.486829268292682,11.651707317073171,7,6,5,0.56,0.48,0.4,7.0,6.0,5.0,1.4,1.1666666666666667,0.3904761904761905,134.9268292682927,100.0,167.0
resin,9837,200.0,0.10240000000000002,7.255663357195618,580.4530685756495,288.13,115.605,157.965,23.0504,9.2484,12.6372,7,8,7,0.56,0.64,0.56,8.0,7.0,7.0,1.1428571428571428,1.1428571428571428,0.5102040816326531,139.27,101.0,168.0
resin,9844,144.0,0.07372800000000002,6.503112841671467,520.2490273337174,288.5833333333333,160.06944444444446,199.88888888888889,23.086666666666666,12.805555555555557,15.991111111111111,10,9,5,0.8,0.72,0.4,10.0,9.0,5.0,2.0,1.1111111111111112,0.32,124.47916666666667,94.0,168.0
resin,9853,334.0,0.17100800000000002,8.608271345931188,688.661707674495,289.47305389221555,23.61377245508982,57.73652694610779,23.157844311377243,1.8891017964071857,4.618922155688623,9,8,9,0.72,0.64,0.72,9.0,9.0,8.0,1.125,1.0,0.5154320987654321,119.9880239520958,88.0,168.0
resin,9854,405.0,0.20736000000000004,9.179495225837607,734.3596180670086,289.97777777777776,25.9679012345679,74.23703703703704,23.19822222222222,2.0774320987654322,5.938962962962964,9,9,17,0.72,0.72,1.36,17.0,9.0,9.0,1.8888888888888888,1.8888888888888888,0.29411764705882354,127.11851851851851,89.0,168.0
resin,9863,155.0,0.07936000000000001,6.664655293794288,533.1724235035431,288.68387096774194,97.61935483870968,131.8258064516129,23.094709677419356,7.809548387096775,10.546064516129032,7,8,7,0.56,0.64,0.56,8.0,7.0,7.0,1.1428571428571428,1.1428571428571428,0.39540816326530615,143.30322580645162,117.0,168.0
resin,9874,113.0,0.05785600000000001,5.998278235900232,479.8622588720185,289.78761061946904,13.345132743362832,17.123893805309734,23.183008849557524,1.0676106194690267,1.3699115044247787,7,6,6,0.56,0.48,0.48,7.0,6.0,6.0,1.1666666666666667,1.1666666666666667,0.44841269841269843,127.29203539823008,94.0,167.0
resin,9882,809.0,0.4142080000000001,11.560677862454838,924.8542289963871,292.3374536464771,38.292954264524106,114.98516687268233,23.38699629171817,3.0634363411619283,9.198813349814586,12,16,17,0.96,1.28,1.36,17.0,16.0,12.0,1.4166666666666667,1.0625,0.24785539215686275,131.7972805933251,89.0,168.0
resin,9889,85.0,0.04352000000000001,5.455150891048748,436.4120712838999,288.81176470588235,95.48235294117647,139.75294117647059,23.10494117647059,7.638588235294118,11.180235294117647,5,8,6,0.4,0.64,0.48,8.0,6.0,5.0,1.6,1.3333333333333333,0.3541666666666667,132.8235294117647,89.0,168.0
resin,9896,195.0,0.09984000000000001,7.194688513426352,575.5750810741082,290.77435897435896,134.67179487179487,3.5076923076923077,23.261948717948716,10.77374358974359,0.2806153846153846,8,7,8,0.64,0.56,0.64,8.0,8.0,7.0,1.1428571428571428,1.0,0.43526785714285715,127.9076923076923,97.0,168.0
resin,9904,286.0,0.14643200000000003,8.174398461619802,653.9518769295842,289.86713286713285,166.76573426573427,89.63636363636364,23.18937062937063,13.341258741258741,7.170909090909092,7,10,13,0.56,0.8,1.04,13.0,10.0,7.0,1.8571428571428572,1.3,0.3142857142857143,124.31818181818181,89.0,168.0
resin,9908,112.0,0.057344000000000006,5.980531746873981,478.4425397499185,291.1517857142857,1.1517857142857142,43.9375,23.29214285714286,0.09214285714285714,3.515,8,4,7,0.64,0.32,0.56,8.0,7.0,4.0,2.0,1.1428571428571428,0.5,144.51785714285714,118.0,167.0
resin,9912,351.0,0.17971200000000004,8.751909766778155,700.1527813422524,292.2991452991453,17.72079772079772,79.28205128205128,23.383931623931627,1.4176638176638177,6.342564102564103,10,8,13,0.8,0.64,1.04,13.0,10.0,8.0,1.625,1.3,0.3375,124.23076923076923,89.0,168.0
resin,9915,279.0,0.14284800000000003,8.10715594554489,648.5724756435911,294.39784946236557,24.996415770609318,1.7168458781362008,23.551827956989246,1.9997132616487454,0.13734767025089606,12,12,6,0.96,0.96,0.48,12.0,12.0,6.0,2.0,1.0,0.3229166666666667,121.27240143369175,88.0,168.0
resin,9928,507.0,0.25958400000000004,9.893192183108509,791.4553746486807,293.7731755424063,110.06508875739645,146.82051282051282,23.501854043392505,8.805207100591716,11.745641025641026,12,16,15,0.96,1.28,1.2,16.0,15.0,12.0,1.3333333333333333,1.0666666666666667,0.17604166666666668,132.33333333333334,88.0,168.0
resin,9932,90.0,0.04608000000000001,5.560083268891276,444.8066615113021,291.27777777777777,123.16666666666667,119.06666666666666,23.302222222222223,9.853333333333333,9.525333333333334,8,6,5,0.64,0.48,0.4,8.0,6.0,5.0,1.6,1.3333333333333333,0.375,148.77777777777777,128.0,167.0
resin,9945,116.0,0.05939200000000001,6.050897399235387,484.071791938831,291.73275862068965,17.78448275862069,183.93103448275863,23.338620689655173,1.4227586206896552,14.71448275862069,6,7,6,0.48,0.56,0.48,7.0,6.0,6.0,1.1666666666666667,1.1666666666666667,0.4603174603174603,142.50862068965517,117.0,168.0
resin,9950,189.0,0.09676800000000002,7.1201267897377285,569.6101431790182,292.3174603174603,39.111111111111114,80.05291005291005,23.385396825396825,3.128888888888889,6.404232804232804,7,7,7,0.56,0.56,0.56,7.0,7.0,7.0,1.0,1.0,0.5510204081632653,125.16931216931216,90.0,167.0
resin,9951,391.0,0.20019200000000004,9.072480533607495,725.7984426885996,293.2762148337596,39.13554987212276,19.033248081841432,23.462097186700767,3.130843989769821,1.5226598465473147,10,18,16,0.8,1.44,1.28,18.0,16.0,10.0,1.8,1.125,0.13576388888888888,138.95140664961636,88.0,168.0
resin,9952,92.0,0.04710400000000001,5.600967702383306,448.0774161906645,291.7608695652174,46.641304347826086,102.79347826086956,23.34086956521739,3.7313043478260868,8.223478260869566,6,6,7,0.48,0.48,0.56,7.0,6.0,6.0,1.1666666666666667,1.1666666666666667,0.36507936507936506,145.5108695652174,120.0,168.0
resin,9958,134.0,0.06860800000000002,6.3489522192239995,507.91617753791996,291.56716417910445,96.67910447761194,115.61194029850746,23.325373134328355,7.7343283582089555,9.248955223880598,6,11,7,0.48,0.88,0.56,11.0,7.0,6.0,1.8333333333333333,1.5714285714285714,0.29004329004329005,140.73880597014926,90.0,168.0
resin,9959,1059.0,0.5422080000000001,12.646366950388915,1011.7093560311132,297.494806421152,113.62134088762984,12.354107648725213,23.799584513692164,9.089707271010388,0.988328611898017,17,17,21,1.36,1.36,1.68,21.0,17.0,17.0,1.2352941176470589,1.2352941176470589,0.17449332674246168,130.22285174693107,88.0,168.0
resin,9976,323.0,0.16537600000000002,8.51271250919745,681.0170007357959,294.3869969040248,52.4984520123839,122.60061919504643,23.550959752321983,4.199876160990712,9.808049535603715,10,9,10,0.8,0.72,0.8,10.0,10.0,9.0,1.1111111111111112,1.0,0.35888888888888887,123.49845201238391,89.0,168.0
resin,9978,118.0,0.06041600000000001,6.085474706375493,486.8379765100394,292.5508474576271,71.32203389830508,104.76271186440678,23.40406779661017,5.7057627118644065,8.381016949152542,6,6,6,0.48,0.48,0.48,6.0,6.0,6.0,1.0,1.0,0.5462962962962963,130.21186440677965,90.0,166.0
resin,9986,1092.0,0.559104,12.77638544472556,1022.1108355780449,299.1327838827839,124.00732600732601,106.31043956043956,23.93062271062271,9.920586080586082,8.504835164835166,22,14,26,1.76,1.12,2.08,26.0,22.0,14.0,1.8571428571428572,1.1818181818181819,0.13636363636363635,135.6959706959707,91.0,168.0
resin,9993,259.0,0.13260800000000003,7.908614025084603,632.6891220067682,293.3088803088803,148.8957528957529,94.7104247104247,23.464710424710425,11.911660231660234,7.576833976833976,8,9,8,0.64,0.72,0.64,9.0,8.0,8.0,1.125,1.125,0.4496527777777778,124.53281853281854,90.0,168.0
resin,9995,260.0,0.13312000000000002,7.918779349930548,633.5023479944439,296.4076923076923,153.4,1.8807692307692307,23.712615384615383,12.272,0.15046153846153845,12,12,7,0.96,0.96,0.56,12.0,12.0,7.0,1.7142857142857142,1.0,0.25793650793650796,139.8846153846154,90.0,168.0
resin,10003,26250.0,13.440000000000003,36.873149012643275,2949.851921011462,335.6413714285714,25.26297142857143,183.62278095238096,26.851309714285712,2.0210377142857143,14.689822476190477,102,96,59,8.16,7.68,4.72,102.0,96.0,59.0,1.728813559322034,1.0625,0.04543660684612828,127.12049523809524,88.0,168.0
resin,10004,350.0,0.17920000000000003,8.74359045590235,699.487236472188,297.5542857142857,2.96,116.94571428571429,23.804342857142856,0.2368,9.355657142857144,12,11,14,0.96,0.88,1.12,14.0,12.0,11.0,1.2727272727272727,1.1666666666666667,0.1893939393939394,130.25428571428571,90.0,168.0
resin,10009,236.0,0.12083200000000002,7.667217681165305,613.3774144932245,293.97457627118644,67.19067796610169,30.559322033898304,23.517966101694917,5.375254237288135,2.4447457627118645,7,8,8,0.56,0.64,0.64,8.0,8.0,7.0,1.1428571428571428,1.0,0.5267857142857143,123.94491525423729,89.0,167.0
resin,10015,329.0,0.16844800000000001,8.565099750899904,685.2079800719923,295.0759878419453,123.95136778115501,9.860182370820668,23.606079027355623,9.9161094224924,0.7888145896656535,8,11,12,0.64,0.88,0.96,12.0,11.0,8.0,1.5,1.0909090909090908,0.3115530303030303,136.09118541033433,94.0,168.0
resin,10016,326.0,0.16691200000000003,8.538986479839005,683.1189183871204,293.8834355828221,125.68711656441718,147.43558282208588,23.510674846625765,10.054969325153374,11.794846625766871,8,10,10,0.64,0.8,0.8,10.0,10.0,8.0,1.25,1.0,0.4075,139.3435582822086,100.0,168.0
resin,10024,500.0,0.25600000000000006,9.847450218426964,787.7960174741571,297.588,152.328,198.73,23.80704,12.18624,15.898399999999999,13,16,8,1.04,1.28,0.64,16.0,13.0,8.0,2.0,1.2307692307692308,0.3004807692307692,123.69,88.0,168.0
resin,10062,230.0,0.11776000000000002,7.601682700664171,608.1346160531338,296.24347826086955,140.40869565217392,71.4304347826087,23.699478260869565,11.232695652173915,5.714434782608696,10,9,12,0.8,0.72,0.96,12.0,10.0,9.0,1.3333333333333333,1.2,0.21296296296296297,133.68695652173912,88.0,168.0
resin,10068,275.0,0.14080000000000004,8.068225425138188,645.458034011055,295.5781818181818,153.84363636363636,13.058181818181819,23.646254545454546,12.307490909090909,1.0446545454545455,8,9,9,0.64,0.72,0.72,9.0,9.0,8.0,1.125,1.0,0.4243827160493827,139.59272727272727,107.0,168.0
resin,10069,89.0,0.045568000000000004,5.539413623573113,443.153089885849,295.4269662921348,152.3932584269663,23.06741573033708,23.634157303370785,12.191460674157304,1.8453932584269663,7,6,6,0.56,0.48,0.48,7.0,6.0,6.0,1.1666666666666667,1.1666666666666667,0.3531746031746032,146.59550561797752,123.0,168.0
resin,10072,132.0,0.067584,6.317206927705878,505.37655421647025,296.25,1.3106060606060606,144.93939393939394,23.7,0.10484848484848484,11.595151515151516,7,5,7,0.56,0.4,0.56,7.0,7.0,5.0,1.4,1.0,0.5387755102040817,138.59848484848484,97.0,168.0
resin,10077,4828.0,2.4719360000000004,20.96957103406115,1677.565682724892,311.9076222038111,20.19055509527755,11.377174813587407,24.95260977630489,1.615244407622204,0.9101739850869927,32,41,28,2.56,3.2800000000000002,2.24,41.0,32.0,28.0,1.4642857142857142,1.28125,0.13142421602787457,126.10874067937034,88.0,168.0
resin,10080,241.0,0.12339200000000002,7.7209867427694086,617.6789394215527,299.39834024896265,42.43568464730291,2.3651452282157677,23.951867219917013,3.3948547717842326,0.1892116182572614,15,9,7,1.2,0.72,0.56,15.0,9.0,7.0,2.142857142857143,1.6666666666666667,0.25502645502645505,127.19917012448133,88.0,168.0
resin,10085,395.0,0.20224000000000003,9.103313329773377,728.2650663818702,297.89113924050633,82.22025316455696,196.18481012658228,23.831291139240506,6.577620253164557,15.694784810126583,13,10,11,1.04,0.8,0.88,13.0,11.0,10.0,1.3,1.1818181818181819,0.2762237762237762,120.98481012658227,89.0,168.0
resin,10094,266.0,0.13619200000000004,7.979230386796232,638.3384309436985,296.1842105263158,172.02631578947367,126.85714285714286,23.694736842105264,13.762105263157894,10.14857142857143,8,9,9,0.64,0.72,0.72,9.0,9.0,8.0,1.125,1.0,0.4104938271604938,122.83458646616542,88.0,168.0
resin,10103,110.0,0.05632000000000001,5.944719320868062,475.57754566944493,297.8636363636364,12.4,101.57272727272728,23.82909090909091,0.9920000000000001,8.125818181818182,10,6,7,0.8,0.48,0.56,10.0,7.0,6.0,1.6666666666666667,1.4285714285714286,0.2619047619047619,144.11818181818182,90.0,167.0
resin,10106,121.0,0.06195200000000001,6.136615546901379,490.9292437521103,296.41322314049586,21.214876033057852,26.694214876033058,23.713057851239668,1.6971900826446282,2.1355371900826445,6,6,6,0.48,0.48,0.48,6.0,6.0,6.0,1.0,1.0,0.5601851851851852,128.31404958677686,95.0,168.0
resin,10112,374.0,0.19148800000000002,8.939042318744612,715.1233854995689,298.2967914438503,65.57486631016043,197.13903743315507,23.863743315508025,5.245989304812834,15.771122994652405,12,14,9,0.96,1.12,0.72,14.0,12.0,9.0,1.5555555555555556,1.1666666666666667,0.24735449735449735,126.95187165775401,88.0,168.0
resin,10116,261.0,0.13363200000000003,7.928918643143567,634.3134914514853,297.68199233716473,87.40996168582376,21.64367816091954,23.81455938697318,6.9927969348659005,1.731494252873563,8,8,8,0.64,0.64,0.64,8.0,8.0,8.0,1.0,1.0,0.509765625,124.02681992337165,90.0,168.0
resin,10118,236.0,0.12083200000000002,7.667217681165305,613.3774144932245,297.25847457627117,108.19915254237289,96.57627118644068,23.780677966101695,8.655932203389831,7.726101694915254,8,8,8,0.64,0.64,0.64,8.0,8.0,8.0,1.0,1.0,0.4609375,123.83050847457628,90.0,168.0
resin,10163,1089.0,0.5575680000000001,12.764674727398372,1021.1739781918698,306.6942148760331,140.65013774104682,172.32415059687787,24.535537190082646,11.252011019283746,13.78593204775023,23,17,29,1.84,1.36,2.32,29.0,23.0,17.0,1.7058823529411764,1.2608695652173914,0.09604021518652439,128.67768595041323,88.0,168.0
resin,10169,99.0,0.05068800000000001,5.7395633987581025,459.1650719006482,297.7171717171717,161.56565656565655,18.696969696969695,23.81737373737374,12.925252525252525,1.4957575757575756,6,7,7,0.48,0.56,0.56,7.0,7.0,6.0,1.1666666666666667,1.0,0.336734693877551,146.5252525252525,125.0,168.0
resin,10170,2071.0,1.0603520000000002,15.814683041589449,1265.174643327156,307.27233220666346,166.69724770642202,134.77112506035732,24.581786576533077,13.335779816513762,10.781690004828587,23,25,39,1.84,2.0,3.12,39.0,25.0,23.0,1.6956521739130435,1.56,0.09235228539576365,131.5292129406084,88.0,168.0
resin,10176,298.0,0.15257600000000002,8.287162991101544,662.9730392881236,300.23825503355704,2.046979865771812,8.315436241610739,24.019060402684563,0.16375838926174496,0.6652348993288592,9,6,9,0.72,0.48,0.72,9.0,9.0,6.0,1.5,1.0,0.6131687242798354,116.01006711409396,89.0,168.0
resin,10198,281.0,0.14387200000000003,8.126481777777476,650.1185422221981,299.20640569395016,141.16014234875445,99.33451957295374,23.936512455516013,11.292811387900356,7.946761565836299,8,9,8,0.64,0.72,0.64,9.0,8.0,8.0,1.125,1.125,0.4878472222222222,139.01423487544483,104.0,168.0
resin,10227,269.0,0.13772800000000002,8.00911542375221,640.7292339001767,301.2453531598513,83.31598513011153,116.04089219330855,24.099628252788104,6.665278810408922,9.283271375464684,9,9,13,0.72,0.72,1.04,13.0,9.0,9.0,1.4444444444444444,1.4444444444444444,0.25546058879392214,136.56877323420073,95.0,168.0
resin,10237,244.0,0.12492800000000003,7.7528920091153255,620.231360729226,300.6967213114754,143.86885245901638,82.37704918032787,24.055737704918034,11.509508196721312,6.59016393442623,8,8,8,0.64,0.64,0.64,8.0,8.0,8.0,1.0,1.0,0.4765625,139.74180327868854,105.0,168.0
resin,10238,163.0,0.08345600000000002,6.777398060419335,542.1918448335468,301.19018404907973,150.6564417177914,117.9877300613497,24.09521472392638,12.052515337423314,9.439018404907976,9,7,9,0.72,0.56,0.72,9.0,9.0,7.0,1.2857142857142858,1.0,0.2874779541446208,127.3680981595092,94.0,168.0
resin,10241,1020.0,0.52224,12.489177840522004,999.1342272417603,307.27941176470586,157.03529411764706,53.74411764705882,24.58235294117647,12.562823529411764,4.299529411764706,20,19,14,1.6,1.52,1.12,20.0,19.0,14.0,1.4285714285714286,1.0526315789473684,0.19172932330827067,128.50882352941176,90.0,168.0
resin,10256,501.0,0.256512,9.854010813451172,788.3208650760937,305.4011976047904,17.62075848303393,175.63872255489022,24.432095808383234,1.4096606786427146,14.051097804391219,13,10,11,1.04,0.8,0.88,13.0,11.0,10.0,1.3,1.1818181818181819,0.3503496503496504,133.29540918163673,91.0,168.0
resin,10262,282.0,0.144384,8.136110319695444,650.8888255756356,301.86524822695037,45.804964539007095,11.609929078014185,24.14921985815603,3.664397163120568,0.9287943262411348,9,8,8,0.72,0.64,0.64,9.0,8.0,8.0,1.125,1.125,0.4895833333333333,138.77304964539007,105.0,168.0
resin,10263,160.0,0.08192000000000002,6.7355612038425186,538.8448963074015,301.0,41.59375,127.25625,24.080000000000002,3.3275,10.1805,7,12,8,0.56,0.96,0.64,12.0,8.0,7.0,1.7142857142857142,1.5,0.23809523809523808,132.15625,92.0,168.0
resin,10264,85.0,0.04352000000000001,5.455150891048748,436.4120712838999,300.6588235294118,56.22352941176471,94.16470588235295,24.052705882352942,4.497882352941176,7.533176470588236,6,7,7,0.48,0.56,0.56,7.0,7.0,6.0,1.1666666666666667,1.0,0.2891156462585034,138.63529411764705,104.0,168.0
resin,10266,597.0,0.30566400000000005,10.447007414604677,835.7605931683742,304.0100502512563,57.11390284757119,38.517587939698494,24.320804020100503,4.569112227805696,3.0814070351758795,13,11,15,1.04,0.88,1.2,15.0,13.0,11.0,1.3636363636363635,1.1538461538461537,0.2783216783216783,135.74539363484087,89.0,168.0
resin,10271,200.0,0.10240000000000002,7.255663357195618,580.4530685756495,301.295,98.3,187.895,24.1036,7.864,15.031600000000001,8,7,8,0.64,0.56,0.64,8.0,8.0,7.0,1.1428571428571428,1.0,0.44642857142857145,124.015,92.0,168.0
resin,10281,254.0,0.13004800000000002,7.857390994518837,628.5912795615069,302.48818897637796,147.3779527559055,190.3740157480315,24.199055118110238,11.79023622047244,15.22992125984252,10,8,10,0.8,0.64,0.8,10.0,10.0,8.0,1.25,1.0,0.3175,125.14960629921259,89.0,168.0
resin,10282,145.0,0.07424000000000001,6.518131631368211,521.4505305094569,301.1448275862069,155.68965517241378,27.36551724137931,24.09158620689655,12.455172413793102,2.189241379310345,7,7,8,0.56,0.56,0.64,8.0,7.0,7.0,1.1428571428571428,1.1428571428571428,0.36989795918367346,126.67586206896551,91.0,168.0
resin,10283,2402.0,1.2298240000000003,16.615935343376943,1329.2748274701555,315.31473771856787,157.87635303913405,27.56494587843464,25.22517901748543,12.630108243130724,2.205195670274771,34,22,36,2.72,1.76,2.88,36.0,34.0,22.0,1.6363636363636365,1.0588235294117647,0.08920083184789067,128.2939217318901,88.0,168.0
resin,10297,384.0,0.19660800000000003,9.018013214294612,721.441057143569,306.5078125,44.752604166666664,72.109375,24.520625,3.580208333333333,5.76875,14,9,8,1.12,0.72,0.64,14.0,9.0,8.0,1.75,1.5555555555555556,0.38095238095238093,128.09375,88.0,168.0
resin,10302,119.0,0.06092800000000001,6.102616979201714,488.2093583361371,301.2689075630252,89.3109243697479,125.66386554621849,24.101512605042018,7.144873949579832,10.05310924369748,5,8,7,0.4,0.64,0.56,8.0,7.0,5.0,1.6,1.1428571428571428,0.425,131.64705882352942,102.0,168.0
resin,10307,132.0,0.067584,6.317206927705878,505.37655421647025,307.9621212121212,116.75,0.5454545454545454,24.636969696969697,9.34,0.04363636363636363,18,9,4,1.44,0.72,0.32,18.0,9.0,4.0,4.5,2.0,0.2037037037037037,128.86363636363637,89.0,167.0
resin,10311,378.0,0.19353600000000004,8.970797620310972,717.6638096248778,301.9153439153439,132.5185185185185,118.67195767195767,24.153227513227513,10.60148148148148,9.493756613756615,7,13,15,0.56,1.04,1.2,15.0,13.0,7.0,2.142857142857143,1.1538461538461537,0.27692307692307694,129.46560846560845,89.0,168.0
resin,10317,1000.0,0.5120000000000001,12.407009817988,992.5607854390399,314.816,133.096,2.14,25.18528,10.647680000000001,0.17120000000000002,31,23,9,2.48,1.84,0.72,31.0,23.0,9.0,3.4444444444444446,1.3478260869565217,0.15583606046439147,132.721,88.0,168.0
resin,10320,316.0,0.16179200000000002,8.450767500070894,676.0614000056715,301.5348101265823,144.13291139240508,110.61392405063292,24.122784810126582,11.530632911392406,8.849113924050634,7,16,8,0.56,1.28,0.64,16.0,8.0,7.0,2.2857142857142856,2.0,0.35267857142857145,132.51898734177215,88.0,168.0
resin,10339,149.0,0.07628800000000001,6.57752562495326,526.2020499962608,303.6442953020134,40.34228187919463,23.845637583892618,24.291543624161072,3.2273825503355704,1.9076510067114094,9,7,8,0.72,0.56,0.64,9.0,8.0,7.0,1.2857142857142858,1.125,0.29563492063492064,134.6241610738255,99.0,167.0
resin,10343,268.0,0.13721600000000003,7.999178545777086,639.9342836621669,307.55970149253733,89.27611940298507,117.67537313432835,24.604776119402988,7.142089552238806,9.41402985074627,12,15,8,0.96,1.2,0.64,15.0,12.0,8.0,1.875,1.25,0.18611111111111112,142.48507462686567,108.0,168.0
resin,10347,536.0,0.27443200000000006,10.07833343169201,806.2666745353608,307.8134328358209,124.57089552238806,69.81156716417911,24.625074626865672,9.965671641791046,5.584925373134329,18,16,16,1.44,1.28,1.28,18.0,16.0,16.0,1.125,1.125,0.11631944444444445,135.13992537313433,91.0,168.0
resin,10354,440.0,0.22528000000000004,9.43665370360164,754.9322962881313,304.55227272727274,152.6159090909091,93.13181818181818,24.36418181818182,12.209272727272728,7.450545454545455,12,21,13,0.96,1.68,1.04,21.0,13.0,12.0,1.75,1.6153846153846154,0.1343101343101343,141.09318181818182,103.0,168.0
resin,10357,193.0,0.09881600000000001,7.17000671219614,573.6005369756912,302.4041450777202,165.03626943005182,197.08290155440415,24.192331606217618,13.202901554404146,15.766632124352332,8,10,7,0.64,0.8,0.56,10.0,8.0,7.0,1.4285714285714286,1.25,0.34464285714285714,143.44041450777203,108.0,168.0
resin,10360,203.0,0.10393600000000001,7.291761779042593,583.3409423234075,303.9162561576355,171.0591133004926,98.77339901477832,24.31330049261084,13.68472906403941,7.9018719211822654,9,9,6,0.72,0.72,0.48,9.0,9.0,6.0,1.5,1.0,0.4176954732510288,129.17241379310346,93.0,168.0
resin,10372,80.0,0.04096000000000001,5.346018470287903,427.6814776230322,304.125,87.5875,165.975,24.330000000000002,7.007000000000001,13.278,7,6,7,0.56,0.48,0.56,7.0,7.0,6.0,1.1666666666666667,1.0,0.272108843537415,136.8875,88.0,168.0
resin,10377,187.0,0.09574400000000001,7.094922590181724,567.593807214538,304.85026737967917,129.1657754010695,6.336898395721925,24.388021390374334,10.33326203208556,0.506951871657754,8,9,8,0.64,0.72,0.64,9.0,8.0,8.0,1.125,1.125,0.3246527777777778,142.7326203208556,120.0,168.0
resin,10382,610.0,0.31232000000000004,10.522293324550258,841.7834659640207,305.2590163934426,147.8065573770492,18.075409836065575,24.420721311475408,11.824524590163936,1.446032786885246,9,12,22,0.72,0.96,1.76,22.0,12.0,9.0,2.4444444444444446,1.8333333333333333,0.25673400673400676,132.4655737704918,88.0,168.0
resin,10383,81.0,0.04147200000000001,5.368201373637897,429.4561098910317,303.6666666666667,149.40740740740742,126.5679012345679,24.293333333333337,11.952592592592595,10.125432098765431,6,6,6,0.48,0.48,0.48,6.0,6.0,6.0,1.0,1.0,0.375,132.0493827160494,98.0,168.0
resin,10385,264.0,0.135168,7.959181984758356,636.7345587806685,305.2386363636364,175.00378787878788,2.5113636363636362,24.41909090909091,14.00030303030303,0.2009090909090909,10,6,7,0.8,0.48,0.56,10.0,7.0,6.0,1.6666666666666667,1.4285714285714286,0.6285714285714286,118.52651515151516,88.0,168.0
resin,10400,270.0,0.13824000000000003,8.019027705431855,641.5222164345483,304.9851851851852,104.36296296296297,81.18148148148148,24.398814814814813,8.349037037037037,6.494518518518519,8,10,9,0.64,0.8,0.72,10.0,9.0,8.0,1.25,1.1111111111111112,0.375,128.01111111111112,93.0,168.0
resin,10402,112.0,0.057344000000000006,5.980531746873981,478.4425397499185,304.01785714285717,122.38392857142857,34.80357142857143,24.321428571428573,9.790714285714285,2.7842857142857147,5,6,7,0.4,0.48,0.56,7.0,6.0,5.0,1.4,1.1666666666666667,0.5333333333333333,143.5625,101.0,167.0
resin,10413,295.0,0.15104000000000004,8.259259874164178,660.7407899331342,306.3491525423729,168.5220338983051,60.23389830508474,24.50793220338983,13.481762711864407,4.8187118644067795,11,10,8,0.88,0.8,0.64,11.0,10.0,8.0,1.375,1.1,0.3352272727272727,128.23728813559322,93.0,168.0
resin,10415,124.0,0.06348800000000002,6.1869179183107725,494.9534334648618,305.44354838709677,176.13709677419354,120.7741935483871,24.435483870967744,14.090967741935483,9.661935483870968,8,4,9,0.64,0.32,0.72,9.0,8.0,4.0,2.25,1.125,0.4305555555555556,121.73387096774194,90.0,168.0
resin,10421,335.0,0.17152000000000003,8.616853875390476,689.348310031238,307.64179104477614,69.09850746268657,107.83283582089553,24.61134328358209,5.527880597014926,8.626626865671643,8,13,16,0.64,1.04,1.28,16.0,13.0,8.0,2.0,1.2307692307692308,0.2013221153846154,140.7462686567164,98.0,168.0
resin,10425,320.0,0.16384000000000004,8.486275343576441,678.9020274861152,307.1875,104.3875,146.53125,24.575,8.351,11.7225,11,8,8,0.88,0.64,0.64,11.0,8.0,8.0,1.375,1.375,0.45454545454545453,121.728125,89.0,168.0
resin,10432,230.0,0.11776000000000002,7.601682700664171,608.1346160531338,305.8695652173913,174.51304347826087,89.35217391304347,24.469565217391306,13.96104347826087,7.148173913043478,7,7,9,0.56,0.56,0.72,9.0,7.0,7.0,1.2857142857142858,1.2857142857142858,0.5215419501133787,141.40434782608696,104.0,168.0
resin,10435,511.0,0.26163200000000003,9.919141658518319,793.5313326814655,310.0724070450098,2.440313111545988,83.07827788649706,24.805792563600786,0.19522504892367906,6.646262230919765,13,8,16,1.04,0.64,1.28,16.0,13.0,8.0,2.0,1.2307692307692308,0.30709134615384615,136.43835616438355,93.0,168.0
resin,10446,285.0,0.14592000000000002,8.164860065020097,653.1888052016077,307.6456140350877,55.38947368421053,121.95438596491228,24.611649122807016,4.431157894736843,9.756350877192983,10,9,11,0.8,0.72,0.88,11.0,10.0,9.0,1.2222222222222223,1.1,0.2878787878787879,129.59649122807016,90.0,167.0
resin,10463,386.0,0.19763200000000003,9.033642384583448,722.6913907666758,309.63471502590676,156.35492227979276,8.89119170984456,24.77077720207254,12.508393782383422,0.7112953367875647,13,8,10,1.04,0.64,0.8,13.0,10.0,8.0,1.625,1.3,0.37115384615384617,126.18911917098445,91.0,168.0
resin,10466,5999.0,3.0714880000000004,22.543780464311332,1803.5024371449067,337.18719786631107,167.7646274379063,23.313885647607936,26.974975829304885,13.421170195032506,1.865110851808635,60,28,50,4.8,2.24,4.0,60.0,50.0,28.0,2.142857142857143,1.2,0.07141666666666667,129.4427404567428,88.0,168.0
resin,10467,444.0,0.22732800000000003,9.46516340462475,757.21307236998,309.81306306306305,173.9572072072072,51.8963963963964,24.785045045045045,13.916576576576576,4.1517117117117115,13,8,14,1.04,0.64,1.12,14.0,13.0,8.0,1.75,1.0769230769230769,0.30494505494505497,124.12387387387388,89.0,168.0
resin,10473,81.0,0.04147200000000001,5.368201373637897,429.4561098910317,307.1111111111111,19.54320987654321,59.123456790123456,24.56888888888889,1.5634567901234568,4.729876543209876,5,6,7,0.4,0.48,0.56,7.0,6.0,5.0,1.4,1.1666666666666667,0.38571428571428573,136.33333333333334,102.0,168.0
resin,10478,123.0,0.062976,6.17024150880815,493.619320704652,307.9756097560976,36.02439024390244,131.6747967479675,24.638048780487807,2.881951219512195,10.5339837398374,7,7,6,0.56,0.56,0.48,7.0,7.0,6.0,1.1666666666666667,1.0,0.41836734693877553,143.41463414634146,108.0,168.0
resin,10479,1631.0,0.8350720000000001,14.60444686304428,1168.3557490435423,316.4862047823421,41.261189454322505,124.71489883507051,25.31889638258737,3.3008951563458004,9.977191906805642,20,18,26,1.6,1.44,2.08,26.0,20.0,18.0,1.4444444444444444,1.3,0.17425213675213674,128.16431637032494,88.0,168.0
resin,10486,170.0,0.08704000000000002,6.873059437985092,549.8447550388074,307.82941176470587,77.89411764705882,104.82941176470588,24.62635294117647,6.231529411764706,8.38635294117647,8,10,7,0.64,0.8,0.56,10.0,8.0,7.0,1.4285714285714286,1.25,0.30357142857142855,145.83529411764707,115.0,168.0
resin,10499,1087.0,0.556544,12.756855629131007,1020.5484503304806,309.9567617295308,154.37994480220792,192.86108555657773,24.796540938362465,12.350395584176633,15.42888684452622,14,25,18,1.12,2.0,1.44,25.0,18.0,14.0,1.7857142857142858,1.3888888888888888,0.17253968253968255,126.05059797608095,88.0,168.0
resin,10501,156.0,0.07987200000000001,6.678957173048376,534.3165738438701,307.9935897435897,175.48076923076923,32.84615384615385,24.63948717948718,14.038461538461538,2.6276923076923078,7,5,7,0.56,0.4,0.56,7.0,7.0,5.0,1.4,1.0,0.636734693877551,123.7948717948718,92.0,168.0
resin,10510,131.0,0.067072,6.301213930352919,504.0971144282335,308.51145038167937,25.72519083969466,65.8854961832061,24.68091603053435,2.0580152671755725,5.270839694656488,6,7,7,0.48,0.56,0.56,7.0,7.0,6.0,1.1666666666666667,1.0,0.445578231292517,126.64885496183206,90.0,168.0
resin,10524,166.0,0.08499200000000001,6.818724679613211,545.4979743690568,309.4759036144578,130.74096385542168,181.43373493975903,24.758072289156626,10.459277108433735,14.514698795180722,8,10,9,0.64,0.8,0.72,10.0,9.0,8.0,1.25,1.1111111111111112,0.23055555555555557,146.09036144578315,117.0,168.0
resin,10552,1223.0,0.6261760000000001,13.26811656348061,1061.449325078449,314.1398201144726,70.34587080948488,5.584627964022895,25.13118560915781,5.62766966475879,0.44677023712183156,15,26,15,1.2,2.08,1.2,26.0,15.0,15.0,1.7333333333333334,1.7333333333333334,0.20905982905982906,130.1749795584628,88.0,168.0
resin,10567,272.0,0.13926400000000003,8.038779084983904,643.1023267987123,310.98161764705884,155.62132352941177,159.31617647058823,24.878529411764706,12.449705882352943,12.74529411764706,8,18,10,0.64,1.44,0.8,18.0,10.0,8.0,2.25,1.8,0.18888888888888888,146.43382352941177,117.0,168.0
resin,10569,4284.0,2.1934080000000002,20.15039729319315,1612.0317834554521,326.51003734827265,12.78734827264239,49.94117647058823,26.12080298786181,1.0229878618113912,3.9952941176470587,39,30,32,3.12,2.4,2.56,39.0,32.0,30.0,1.3,1.21875,0.11442307692307692,126.80835667600374,88.0,168.0
resin,10580,152.0,0.07782400000000002,6.621377090805707,529.7101672644566,310.4736842105263,89.07236842105263,91.4407894736842,24.837894736842106,7.12578947368421,7.315263157894736,6,7,6,0.48,0.56,0.48,7.0,6.0,6.0,1.1666666666666667,1.1666666666666667,0.6031746031746031,125.44736842105263,95.0,168.0
resin,10585,104.0,0.05324800000000001,5.834606511185437,466.768520894835,310.8269230769231,125.00961538461539,105.89423076923077,24.86615384615385,10.000769230769231,8.471538461538461,6,7,6,0.48,0.56,0.48,7.0,6.0,6.0,1.1666666666666667,1.1666666666666667,0.4126984126984127,147.33653846153845,116.0,167.0
resin,10590,509.0,0.26060800000000006,9.906183914624549,792.4947131699639,312.14145383104125,170.80550098231828,80.65618860510806,24.9713163064833,13.664440078585463,6.452495088408645,9,14,12,0.72,1.12,0.96,14.0,12.0,9.0,1.5555555555555556,1.1666666666666667,0.33664021164021163,122.38310412573674,88.0,168.0
resin,10592,237.0,0.12134400000000002,7.678031824807701,614.2425459846161,312.54430379746833,175.48101265822785,103.53586497890295,25.00354430379747,14.03848101265823,8.282869198312236,10,7,10,0.8,0.56,0.8,10.0,10.0,7.0,1.4285714285714286,1.0,0.3385714285714286,121.73417721518987,88.0,168.0
resin,10607,272.0,0.13926400000000003,8.038779084983904,643.1023267987123,312.4264705882353,90.23897058823529,20.834558823529413,24.994117647058825,7.219117647058823,1.6667647058823531,11,8,8,0.88,0.64,0.64,11.0,8.0,8.0,1.375,1.375,0.38636363636363635,124.01838235294117,89.0,168.0
resin,10610,270.0,0.13824000000000003,8.019027705431855,641.5222164345483,315.2148148148148,116.08518518518518,148.76296296296297,25.217185185185187,9.286814814814814,11.901037037037039,14,8,7,1.12,0.64,0.56,14.0,8.0,7.0,2.0,1.75,0.34438775510204084,130.46666666666667,96.0,168.0
resin,10624,117.0,0.05990400000000001,6.068235308895068,485.4588247116055,313.5213675213675,0.7948717948717948,183.28205128205127,25.0817094017094,0.06358974358974359,14.662564102564103,8,3,8,0.64,0.24,0.64,8.0,8.0,3.0,2.6666666666666665,1.0,0.609375,129.06837606837607,98.0,168.0
resin,10637,220.0,0.11264000000000002,7.489877008078426,599.1901606462741,314.1636363636364,48.25454545454546,199.3909090909091,25.13309090909091,3.860363636363637,15.951272727272729,10,10,6,0.8,0.8,0.48,10.0,10.0,6.0,1.6666666666666667,1.0,0.36666666666666664,123.8,89.0,168.0
resin,10640,935.0,0.4787200000000001,12.132146972743877,970.5717578195101,315.96363636363634,58.33903743315508,35.7572192513369,25.27709090909091,4.667122994652407,2.8605775401069518,17,18,17,1.36,1.44,1.36,18.0,17.0,17.0,1.0588235294117647,1.0588235294117647,0.17973856209150327,122.79893048128342,88.0,168.0
resin,10644,115.0,0.05888000000000001,6.033459557881385,482.67676463051083,312.32173913043476,79.05217391304348,169.3217391304348,24.98573913043478,6.324173913043478,13.545739130434784,6,8,5,0.48,0.64,0.4,8.0,6.0,5.0,1.6,1.3333333333333333,0.4791666666666667,131.71304347826086,99.0,168.0
resin,10658,135.0,0.06912000000000001,6.364706507682331,509.1765206145865,313.43703703703704,139.5185185185185,75.68888888888888,25.074962962962964,11.16148148148148,6.055111111111111,7,8,11,0.56,0.64,0.88,11.0,8.0,7.0,1.5714285714285714,1.375,0.21915584415584416,141.42222222222222,99.0,168.0
resin,10675,1935.0,0.9907200000000002,15.460639332478571,1236.8511465982856,320.6630490956072,52.69767441860465,15.140568475452197,25.65304392764858,4.215813953488372,1.2112454780361757,24,38,29,1.92,3.04,2.32,38.0,29.0,24.0,1.5833333333333333,1.3103448275862069,0.07316243194192378,125.09457364341085,88.0,168.0
resin,10678,80.0,0.04096000000000001,5.346018470287903,427.6814776230322,313.025,43.6875,190.2375,25.041999999999998,3.495,15.219000000000001,5,6,7,0.4,0.48,0.56,7.0,6.0,5.0,1.4,1.1666666666666667,0.38095238095238093,150.6125,126.0,168.0
resin,10680,195.0,0.09984000000000001,7.194688513426352,575.5750810741082,314.93333333333334,68.56410256410257,199.77435897435896,25.194666666666667,5.4851282051282055,15.981948717948717,9,9,6,0.72,0.72,0.48,9.0,9.0,6.0,1.5,1.0,0.4012345679012346,137.86666666666667,106.0,167.0
resin,10683,326.0,0.16691200000000003,8.538986479839005,683.1189183871204,314.5858895705521,96.7760736196319,165.61349693251535,25.16687116564417,7.742085889570553,13.249079754601228,8,8,9,0.64,0.64,0.72,9.0,8.0,8.0,1.125,1.125,0.5659722222222222,120.92944785276073,88.0,168.0
resin,10684,208.0,0.10649600000000002,7.351143561296219,588.0914849036975,318.2548076923077,101.10576923076923,199.95192307692307,25.460384615384616,8.088461538461539,15.996153846153845,14,12,5,1.12,0.96,0.4,14.0,12.0,5.0,2.8,1.1666666666666667,0.24761904761904763,133.72115384615384,98.0,168.0
resin,10685,104.0,0.05324800000000001,5.834606511185437,466.768520894835,312.8173076923077,104.97115384615384,70.75961538461539,25.025384615384613,8.397692307692306,5.660769230769231,5,9,9,0.4,0.72,0.72,9.0,9.0,5.0,1.8,1.0,0.25679012345679014,132.73076923076923,88.0,167.0
resin,10689,175.0,0.08960000000000001,6.939792343839249,555.18338750714,313.1714285714286,120.76,179.7657142857143,25.053714285714285,9.6608,14.381257142857145,6,8,8,0.48,0.64,0.64,8.0,8.0,6.0,1.3333333333333333,1.0,0.4557291666666667,128.98857142857142,92.0,168.0
resin,10698,85.0,0.04352000000000001,5.455150891048748,436.4120712838999,313.56470588235294,175.8470588235294,197.61176470588236,25.085176470588237,14.067764705882354,15.80894117647059,7,6,8,0.56,0.48,0.64,8.0,7.0,6.0,1.3333333333333333,1.1428571428571428,0.25297619047619047,130.1529411764706,88.0,168.0
resin,10699,108.0,0.05529600000000001,5.908470131056179,472.67761048449427,314.037037037037,174.72222222222223,6.805555555555555,25.122962962962962,13.977777777777778,0.5444444444444444,7,6,6,0.56,0.48,0.48,7.0,6.0,6.0,1.1666666666666667,1.1666666666666667,0.42857142857142855,129.66666666666666,90.0,168.0
resin,10708,114.0,0.05836800000000001,6.015920332305007,481.2736265844006,314.86842105263156,26.62280701754386,106.95614035087719,25.189473684210526,2.1298245614035087,8.556491228070175,6,8,6,0.48,0.64,0.48,8.0,6.0,6.0,1.3333333333333333,1.3333333333333333,0.3958333333333333,132.140350877193,88.0,167.0
resin,10715,480.0,0.24576000000000003,9.714360252021121,777.1488201616897,317.19166666666666,82.41041666666666,178.42708333333334,25.375333333333334,6.592833333333333,14.274166666666668,12,13,18,0.96,1.04,1.44,18.0,13.0,12.0,1.5,1.3846153846153846,0.17094017094017094,129.39166666666668,91.0,168.0
resin,10734,822.0,0.42086400000000007,11.622272800504025,929.7818240403219,320.93552311435525,8.330900243309003,90.58272506082724,25.67484184914842,0.6664720194647202,7.246618004866179,15,16,19,1.2,1.28,1.52,19.0,16.0,15.0,1.2666666666666666,1.1875,0.18026315789473685,131.65571776155718,89.0,168.0
resin,10738,294.0,0.15052800000000002,8.24991681203272,659.9933449626177,317.2517006802721,48.97959183673469,2.86734693877551,25.38013605442177,3.9183673469387754,0.22938775510204082,10,10,7,0.8,0.8,0.56,10.0,10.0,7.0,1.4285714285714286,1.0,0.42,140.10544217687075,91.0,168.0
resin,10742,660.0,0.33792000000000005,10.802271896556446,864.1817517245157,317.65909090909093,67.82272727272728,70.2030303030303,25.412727272727274,5.425818181818182,5.616242424242424,10,18,10,0.8,1.44,0.8,18.0,10.0,10.0,1.8,1.8,0.36666666666666664,121.52121212121212,88.0,168.0
resin,10750,132.0,0.067584,6.317206927705878,505.37655421647025,315.8181818181818,118.96212121212122,109.08333333333333,25.265454545454546,9.516969696969698,8.726666666666667,8,13,9,0.64,1.04,0.72,13.0,9.0,8.0,1.625,1.4444444444444444,0.14102564102564102,143.71212121212122,88.0,168.0
resin,10753,347.0,0.17766400000000002,8.718537050795467,697.4829640636374,317.8472622478386,132.15561959654178,199.671469740634,25.42778097982709,10.572449567723343,15.97371757925072,12,17,5,0.96,1.36,0.4,17.0,12.0,5.0,3.4,1.4166666666666667,0.34019607843137256,120.62247838616715,89.0,168.0
resin,10760,304.0,0.15564800000000004,8.342412375997787,667.392990079823,317.35855263157896,160.92105263157896,149.9703947368421,25.388684210526318,12.873684210526317,11.997631578947368,11,9,9,0.88,0.72,0.72,11.0,9.0,9.0,1.2222222222222223,1.2222222222222223,0.34118967452300786,121.88157894736842,89.0,168.0
resin,10779,194.0,0.09932800000000001,7.182368817212171,574.5895053769736,315.52061855670104,114.4278350515464,69.27835051546391,25.241649484536083,9.154226804123711,5.542268041237113,5,8,9,0.4,0.64,0.72,9.0,8.0,5.0,1.8,1.125,0.5388888888888889,142.45876288659792,109.0,168.0
resin,10782,391.0,0.20019200000000004,9.072480533607495,725.7984426885996,318.6675191815857,132.61381074168798,171.05626598465474,25.493401534526857,10.609104859335039,13.68450127877238,10,16,9,0.8,1.28,0.72,16.0,10.0,9.0,1.7777777777777777,1.6,0.27152777777777776,125.52173913043478,88.0,168.0
resin,10783,319.0,0.16332800000000003,8.477426249208973,678.1940999367179,320.80564263322884,129.40125391849529,65.87460815047022,25.66445141065831,10.352100313479623,5.269968652037618,12,15,9,0.96,1.2,0.72,15.0,12.0,9.0,1.6666666666666667,1.25,0.19691358024691358,129.30094043887146,88.0,168.0
resin,10786,263.0,0.13465600000000003,7.949119797058365,635.9295837646691,319.07984790874525,140.13307984790873,82.56273764258555,25.52638783269962,11.210646387832698,6.605019011406844,11,15,12,0.88,1.2,0.96,15.0,12.0,11.0,1.3636363636363635,1.25,0.13282828282828282,138.03041825095056,90.0,168.0
resin,10809,149.0,0.07628800000000001,6.57752562495326,526.2020499962608,318.2953020134228,149.44295302013424,2.0738255033557045,25.463624161073827,11.95543624161074,0.16590604026845637,8,7,6,0.64,0.56,0.48,8.0,7.0,6.0,1.3333333333333333,1.1428571428571428,0.44345238095238093,125.77852348993288,94.0,168.0
resin,10826,416.0,0.21299200000000004,9.261860513676268,740.9488410941015,320.4519230769231,117.69711538461539,157.8533653846154,25.63615384615385,9.41576923076923,12.62826923076923,11,12,9,0.88,0.96,0.72,12.0,11.0,9.0,1.3333333333333333,1.0909090909090908,0.3501683501683502,124.7451923076923,88.0,168.0
resin,10833,80.0,0.04096000000000001,5.346018470287903,427.6814776230322,319.175,141.125,70.5375,25.534000000000002,11.290000000000001,5.643,6,6,7,0.48,0.48,0.56,7.0,6.0,6.0,1.1666666666666667,1.1666666666666667,0.31746031746031744,134.95,96.0,166.0
resin,10846,94.0,0.04812800000000001,5.641263819521383,451.30110556171064,319.75531914893617,172.7127659574468,118.63829787234043,25.580425531914894,13.817021276595744,9.491063829787235,8,6,6,0.64,0.48,0.48,8.0,6.0,6.0,1.3333333333333333,1.3333333333333333,0.3263888888888889,147.4468085106383,119.0,168.0
resin,10847,526.0,0.26931200000000005,10.015263360449895,801.2210688359916,322.9600760456274,173.81178707224333,67.75475285171103,25.836806083650192,13.904942965779467,5.4203802281368825,14,9,17,1.12,0.72,1.36,17.0,14.0,9.0,1.8888888888888888,1.2142857142857142,0.24556489262371614,127.55703422053232,89.0,168.0
resin,10870,149.0,0.07628800000000001,6.57752562495326,526.2020499962608,320.5704697986577,147.15436241610738,72.64429530201342,25.64563758389262,11.77234899328859,5.811543624161073,8,7,8,0.64,0.56,0.64,8.0,8.0,7.0,1.1428571428571428,1.0,0.3325892857142857,133.8993288590604,90.0,168.0
resin,10875,269.0,0.13772800000000002,8.00911542375221,640.7292339001767,323.3717472118959,156.9814126394052,2.2304832713754648,25.869739776951675,12.558513011152415,0.1784386617100372,15,12,7,1.2,0.96,0.56,15.0,12.0,7.0,2.142857142857143,1.25,0.21349206349206348,139.9182156133829,88.0,167.0
resin,10893,99.0,0.05068800000000001,5.7395633987581025,459.1650719006482,320.26262626262627,25.67676767676768,115.81818181818181,25.621010101010103,2.0541414141414145,9.265454545454546,5,9,7,0.4,0.72,0.56,9.0,7.0,5.0,1.8,1.2857142857142858,0.3142857142857143,146.96969696969697,89.0,168.0
resin,10895,406.0,0.20787200000000003,9.187044156234652,734.9635324987721,322.68226600985224,27.766009852216747,52.12068965517241,25.81458128078818,2.22128078817734,4.169655172413793,10,12,10,0.8,0.96,0.8,12.0,10.0,10.0,1.2,1.2,0.3383333333333333,124.33251231527093,89.0,168.0
resin,10903,260.0,0.13312000000000002,7.918779349930548,633.5023479944439,321.7923076923077,78.6923076923077,20.29230769230769,25.743384615384617,6.295384615384616,1.6233846153846154,8,8,8,0.64,0.64,0.64,8.0,8.0,8.0,1.0,1.0,0.5078125,122.49615384615385,89.0,168.0
resin,10907,103.0,0.05273600000000001,5.815845589022965,465.2676471218372,320.7378640776699,128.1747572815534,12.514563106796116,25.659029126213593,10.253980582524273,1.0011650485436894,6,6,6,0.48,0.48,0.48,6.0,6.0,6.0,1.0,1.0,0.47685185185185186,131.2621359223301,101.0,168.0
resin,10914,162.0,0.08294400000000002,6.763509910720959,541.0807928576767,322.5740740740741,147.65432098765433,127.50617283950618,25.805925925925926,11.812345679012347,10.200493827160495,12,12,7,0.96,0.96,0.56,12.0,12.0,7.0,1.7142857142857142,1.0,0.16071428571428573,142.58024691358025,110.0,168.0
resin,10919,82.0,0.04198400000000001,5.390202444799826,431.21619558398606,319.4634146341463,160.40243902439025,62.048780487804876,25.557073170731705,12.83219512195122,4.96390243902439,4,6,7,0.32,0.48,0.56,7.0,6.0,4.0,1.75,1.1666666666666667,0.4880952380952381,146.90243902439025,127.0,167.0
resin,10927,898.0,0.4597760000000001,11.969956481034233,957.5965184827386,330.02115812917594,171.9532293986637,83.06458797327394,26.401692650334077,13.756258351893095,6.645167037861916,21,14,20,1.68,1.12,1.6,21.0,20.0,14.0,1.5,1.05,0.15272108843537416,128.92204899777283,88.0,168.0
resin,10930,1799.0,0.9210880000000001,15.089592570419665,1207.1674056335733,337.4030016675931,9.332962757087271,136.5508615897721,26.99224013340745,0.7466370205669817,10.924068927181768,32,21,26,2.56,1.68,2.08,32.0,26.0,21.0,1.5238095238095237,1.2307692307692308,0.10296474358974358,126.80989438576987,88.0,168.0
resin,10941,587.0,0.30054400000000003,10.388348079335856,831.0678463468685,323.65758091993183,66.27086882453152,134.45315161839864,25.892606473594547,5.301669505962521,10.756252129471891,10,13,11,0.8,1.04,0.88,13.0,11.0,10.0,1.3,1.1818181818181819,0.4104895104895105,118.25553662691652,88.0,168.0
resin,10948,258.0,0.13209600000000002,7.898422500875398,631.8738000700318,324.94573643410854,117.15503875968992,137.92248062015503,25.995658914728683,9.372403100775193,11.033798449612403,11,10,9,0.88,0.8,0.72,11.0,10.0,9.0,1.2222222222222223,1.1,0.2606060606060606,142.7093023255814,99.0,168.0
resin,10956,229.0,0.11724800000000002,7.590649763967882,607.2519811174305,323.16157205240177,142.1048034934498,28.471615720524017,25.852925764192143,11.368384279475984,2.2777292576419215,8,8,8,0.64,0.64,0.64,8.0,8.0,8.0,1.0,1.0,0.447265625,125.25764192139738,90.0,168.0
resin,10973,127.0,0.06502400000000001,6.236415365212329,498.91322921698634,322.9133858267717,69.61417322834646,99.0,25.833070866141735,5.569133858267717,7.92,7,6,7,0.56,0.48,0.56,7.0,7.0,6.0,1.1666666666666667,1.0,0.43197278911564624,127.14173228346456,94.0,168.0
resin,10975,1803.0,0.9231360000000002,15.100767980962955,1208.0614384770363,329.96117581808096,89.95618413754853,110.32723239046034,26.396894065446478,7.196494731003883,8.826178591236827,23,20,23,1.84,1.6,1.84,23.0,23.0,20.0,1.15,1.0,0.17041587901701324,124.16694398225181,88.0,168.0
resin,10979,799.0,0.40908800000000006,11.512846625105599,921.0277300084479,334.18397997496874,113.04130162703379,30.153942428035045,26.7347183979975,9.043304130162703,2.4123153942428037,27,13,23,2.16,1.04,1.84,27.0,23.0,13.0,2.076923076923077,1.173913043478261,0.09897188158057724,134.2015018773467,88.0,168.0
resin,10984,471.0,0.24115200000000003,9.653262030366104,772.2609624292884,326.7154989384289,147.28662420382165,91.68152866242038,26.13723991507431,11.782929936305733,7.33452229299363,14,13,10,1.12,1.04,0.8,14.0,13.0,10.0,1.4,1.0769230769230769,0.2587912087912088,127.4140127388535,89.0,168.0
resin,10988,190.0,0.09728000000000002,7.132662250107105,570.6129800085683,323.96315789473687,150.81578947368422,153.3,25.91705263157895,12.065263157894737,12.264000000000001,10,10,7,0.8,0.8,0.56,10.0,10.0,7.0,1.4285714285714286,1.0,0.2714285714285714,134.82631578947368,91.0,168.0
resin,10991,83.0,0.042496000000000006,5.412025364749767,432.96202917998136,322.144578313253,167.19277108433735,116.1566265060241,25.771566265060244,13.37542168674699,9.292530120481928,6,5,7,0.48,0.4,0.56,7.0,6.0,5.0,1.4,1.1666666666666667,0.3952380952380952,132.57831325301206,100.0,168.0
resin,10992,123.0,0.062976,6.17024150880815,493.619320704652,323.479674796748,172.6747967479675,47.3089430894309,25.878373983739838,13.813983739837399,3.784715447154472,8,6,8,0.64,0.48,0.64,8.0,8.0,6.0,1.3333333333333333,1.0,0.3203125,132.130081300813,97.0,168.0
resin,10996,162.0,0.08294400000000002,6.763509910720959,541.0807928576767,323.7654320987654,1.6296296296296295,121.66666666666667,25.901234567901234,0.13037037037037036,9.733333333333334,7,5,9,0.56,0.4,0.72,9.0,7.0,5.0,1.8,1.2857142857142858,0.5142857142857142,122.29629629629629,88.0,168.0
resin,11001,196.0,0.10035200000000001,7.20696616269135,576.557293015308,324.0204081632653,20.903061224489797,4.8979591836734695,25.921632653061224,1.6722448979591837,0.3918367346938776,7,7,8,0.56,0.56,0.64,8.0,7.0,7.0,1.1428571428571428,1.1428571428571428,0.5,125.45918367346938,92.0,168.0
resin,11009,1023.0,0.5237760000000001,12.501410147891011,1000.1128118312809,333.6520039100684,43.542521994134894,15.435972629521016,26.692160312805473,3.483401759530792,1.2348778103616813,23,12,18,1.84,0.96,1.44,23.0,18.0,12.0,1.9166666666666667,1.2777777777777777,0.20591787439613526,125.53372434017595,88.0,168.0
resin,11015,210.0,0.10752000000000002,7.374629802528655,589.9703842022924,323.7857142857143,59.74761904761905,58.7952380952381,25.902857142857144,4.779809523809524,4.703619047619048,7,8,9,0.56,0.64,0.72,9.0,8.0,7.0,1.2857142857142858,1.125,0.4166666666666667,127.9952380952381,92.0,168.0
resin,11025,170.0,0.08704000000000002,6.873059437985092,549.8447550388074,324.0882352941176,91.6,138.5,25.92705882352941,7.327999999999999,11.08,6,8,9,0.48,0.64,0.72,9.0,8.0,6.0,1.5,1.125,0.39351851851851855,144.24705882352941,112.0,168.0
resin,11030,164.0,0.08396800000000001,6.791229523398108,543.2983618718487,324.3292682926829,108.48780487804878,135.2560975609756,25.946341463414633,8.679024390243903,10.820487804878049,8,9,9,0.64,0.72,0.72,9.0,9.0,8.0,1.125,1.0,0.25308641975308643,144.70731707317074,108.0,168.0
resin,11031,373.0,0.19097600000000003,8.931068146520563,714.485451721645,324.4450402144772,119.64343163538874,170.0670241286863,25.955603217158178,9.571474530831098,13.605361930294904,8,12,14,0.64,0.96,1.12,14.0,12.0,8.0,1.75,1.1666666666666667,0.2775297619047619,129.6112600536193,89.0,168.0
resin,11033,272.0,0.13926400000000003,8.038779084983904,643.1023267987123,324.5772058823529,125.375,148.24632352941177,25.966176470588234,10.03,11.85970588235294,8,8,11,0.64,0.64,0.88,11.0,8.0,8.0,1.375,1.375,0.38636363636363635,126.5404411764706,89.0,168.0
resin,11037,144.0,0.07372800000000002,6.503112841671467,520.2490273337174,323.34722222222223,133.94444444444446,107.58333333333333,25.86777777777778,10.715555555555557,8.606666666666667,6,7,6,0.48,0.56,0.48,7.0,6.0,6.0,1.1666666666666667,1.1666666666666667,0.5714285714285714,125.25694444444444,89.0,168.0
resin,11038,552.0,0.28262400000000004,10.17763375178842,814.2107001430736,334.01630434782606,133.26268115942028,140.41123188405797,26.721304347826084,10.661014492753623,11.232898550724638,27,10,11,2.16,0.8,0.88,27.0,11.0,10.0,2.7,2.4545454545454546,0.18585858585858586,143.8894927536232,106.0,168.0
resin,11051,388.0,0.19865600000000003,9.049217660914156,723.9374128731324,326.3041237113402,67.96649484536083,110.27319587628865,26.104329896907217,5.437319587628866,8.821855670103092,11,9,9,0.88,0.72,0.72,11.0,9.0,9.0,1.2222222222222223,1.2222222222222223,0.43546576879910215,123.74484536082474,91.0,168.0
resin,11060,270.0,0.13824000000000003,8.019027705431855,641.5222164345483,327.8888888888889,137.83333333333334,197.74814814814815,26.231111111111115,11.026666666666667,15.819851851851853,11,11,8,0.88,0.88,0.64,11.0,11.0,8.0,1.375,1.0,0.27892561983471076,138.05185185185186,102.0,168.0
resin,11066,95.0,0.04864000000000001,5.661197779576941,452.8958223661553,324.0736842105263,166.01052631578946,56.17894736842105,25.925894736842107,13.280842105263158,4.494315789473684,5,7,6,0.4,0.56,0.48,7.0,6.0,5.0,1.4,1.1666666666666667,0.4523809523809524,132.70526315789473,96.0,168.0
resin,11092,86.0,0.04403200000000001,5.476460290566693,438.1168232453354,325.40697674418607,66.59302325581395,41.68604651162791,26.032558139534885,5.3274418604651155,3.3348837209302324,5,7,6,0.4,0.56,0.48,7.0,6.0,5.0,1.4,1.1666666666666667,0.4095238095238095,148.8372093023256,114.0,168.0
resin,11098,191.0,0.09779200000000002,7.145153803210064,571.6123042568051,326.10994764397907,123.40314136125654,30.7434554973822,26.088795811518327,9.872251308900523,2.459476439790576,7,13,10,0.56,1.04,0.8,13.0,10.0,7.0,1.8571428571428572,1.3,0.2098901098901099,134.26178010471205,99.0,168.0
resin,11107,840.0,0.4300800000000001,11.706495106410022,936.5196085128018,331.7345238095238,165.43690476190477,142.53095238095239,26.538761904761905,13.234952380952382,11.402476190476191,17,16,15,1.36,1.28,1.2,17.0,16.0,15.0,1.1333333333333333,1.0625,0.20588235294117646,127.23690476190477,88.0,168.0
resin,11114,201.0,0.10291200000000002,7.267736030636296,581.4188824509038,327.6318407960199,27.562189054726367,42.024875621890544,26.210547263681594,2.2049751243781093,3.3619900497512436,8,8,7,0.64,0.64,0.56,8.0,8.0,7.0,1.1428571428571428,1.0,0.4486607142857143,140.55223880597015,110.0,168.0
resin,11116,346.0,0.17715200000000003,8.710153836923123,696.8123069538499,327.4913294797688,45.372832369942195,6.5,26.199306358381506,3.6298265895953756,0.52,9,12,9,0.72,0.96,0.72,12.0,9.0,9.0,1.3333333333333333,1.3333333333333333,0.3559670781893004,122.60982658959537,88.0,168.0
resin,11119,483.0,0.24729600000000004,9.734556485316405,778.7645188253124,329.4968944099379,53.63975155279503,47.61076604554865,26.359751552795032,4.291180124223603,3.808861283643892,12,12,15,0.96,0.96,1.2,15.0,12.0,12.0,1.25,1.25,0.22361111111111112,133.29192546583852,88.0,168.0
resin,11121,198.0,0.10137600000000002,7.231396743301494,578.5117394641195,327.2979797979798,97.65151515151516,26.217171717171716,26.183838383838385,7.8121212121212125,2.0973737373737373,8,9,8,0.64,0.72,0.64,9.0,8.0,8.0,1.125,1.125,0.34375,126.28787878787878,89.0,168.0
resin,11125,273.0,0.139776,8.048618481690102,643.8894785352081,327.7728937728938,108.39194139194139,37.256410256410255,26.221831501831502,8.671355311355311,2.9805128205128204,8,8,8,0.64,0.64,0.64,8.0,8.0,8.0,1.0,1.0,0.533203125,122.51648351648352,88.0,167.0
resin,11131,2652.0,1.3578240000000001,17.173479623854057,1373.8783699083247,333.7718702865762,150.63499245852188,107.539592760181,26.701749622926094,12.05079939668175,8.60316742081448,21,32,27,1.68,2.56,2.16,32.0,27.0,21.0,1.5238095238095237,1.1851851851851851,0.14616402116402116,122.83974358974359,88.0,168.0
resin,11134,116.0,0.05939200000000001,6.050897399235387,484.071791938831,327.48275862068965,145.26724137931035,8.362068965517242,26.198620689655172,11.621379310344828,0.6689655172413794,8,6,8,0.64,0.48,0.64,8.0,8.0,6.0,1.3333333333333333,1.0,0.3020833333333333,146.2844827586207,118.0,168.0
resin,11144,171.0,0.08755200000000002,6.886509686455715,550.9207749164572,328.70175438596493,2.5555555555555554,97.03508771929825,26.296140350877195,0.20444444444444443,7.76280701754386,7,7,8,0.56,0.56,0.64,8.0,7.0,7.0,1.1428571428571428,1.1428571428571428,0.4362244897959184,127.21052631578948,95.0,167.0
resin,11171,118.0,0.06041600000000001,6.085474706375493,486.8379765100394,328.0508474576271,175.78813559322035,180.96610169491527,26.24406779661017,14.063050847457628,14.477288135593222,7,5,7,0.56,0.4,0.56,7.0,7.0,5.0,1.4,1.0,0.4816326530612245,125.59322033898304,94.0,167.0
resin,11173,344.0,0.17612800000000003,8.69333882630764,695.4671061046112,330.38662790697674,2.1482558139534884,10.997093023255815,26.43093023255814,0.1718604651162791,0.8797674418604652,10,7,10,0.8,0.56,0.8,10.0,10.0,7.0,1.4285714285714286,1.0,0.49142857142857144,119.06104651162791,88.0,168.0
resin,11188,109.0,0.05580800000000001,5.926650153721812,474.13201229774495,329.8532110091743,56.972477064220186,100.71559633027523,26.388256880733945,4.557798165137615,8.057247706422018,10,9,7,0.8,0.72,0.56,10.0,9.0,7.0,1.4285714285714286,1.1111111111111112,0.173015873015873,135.0091743119266,89.0,168.0
resin,11189,91.0,0.04659200000000001,5.580600367226721,446.4480293781377,328.6263736263736,68.64835164835165,122.46153846153847,26.29010989010989,5.491868131868132,9.796923076923077,6,6,7,0.48,0.48,0.56,7.0,6.0,6.0,1.1666666666666667,1.1666666666666667,0.3611111111111111,133.0879120879121,103.0,168.0
resin,11203,82.0,0.04198400000000001,5.390202444799826,431.21619558398606,328.6951219512195,132.32926829268294,12.731707317073171,26.295609756097562,10.586341463414636,1.0185365853658537,6,6,8,0.48,0.48,0.64,8.0,6.0,6.0,1.3333333333333333,1.3333333333333333,0.2847222222222222,135.67073170731706,97.0,168.0
resin,11204,432.0,0.22118400000000005,9.379111701561264,750.3289361249011,331.86805555555554,137.10185185185185,85.6550925925926,26.549444444444443,10.968148148148147,6.852407407407408,12,10,10,0.96,0.8,0.8,12.0,10.0,10.0,1.2,1.2,0.36,120.39120370370371,88.0,168.0
resin,11207,92.0,0.04710400000000001,5.600967702383306,448.0774161906645,328.05434782608694,154.8586956521739,143.5326086956522,26.244347826086955,12.388695652173913,11.482608695652175,6,7,6,0.48,0.56,0.48,7.0,6.0,6.0,1.1666666666666667,1.1666666666666667,0.36507936507936506,136.0,101.0,168.0
resin,11208,428.0,0.21913600000000003,9.350074018192482,748.0059214553985,330.39719626168227,154.14252336448598,160.78271028037383,26.431775700934583,12.33140186915888,12.862616822429906,10,9,10,0.8,0.72,0.8,10.0,10.0,9.0,1.1111111111111112,1.0,0.47555555555555556,120.33411214953271,88.0,168.0
resin,11227,83.0,0.042496000000000006,5.412025364749767,432.96202917998136,328.90361445783134,44.963855421686745,32.0722891566265,26.31228915662651,3.5971084337349395,2.5657831325301204,5,5,5,0.4,0.4,0.4,5.0,5.0,5.0,1.0,1.0,0.664,131.0722891566265,95.0,168.0
resin,11234,137.0,0.07014400000000001,6.395983209011851,511.6786567209481,329.6788321167883,99.01459854014598,33.78832116788321,26.374306569343066,7.9211678832116785,2.703065693430657,8,7,8,0.64,0.56,0.64,8.0,8.0,7.0,1.1428571428571428,1.0,0.30580357142857145,130.42335766423358,91.0,168.0
resin,11243,250.0,0.12800000000000003,7.815926417967719,625.2741134374176,331.336,158.012,75.724,26.506880000000002,12.64096,6.05792,9,6,10,0.72,0.48,0.8,10.0,9.0,6.0,1.6666666666666667,1.1111111111111112,0.46296296296296297,123.688,90.0,168.0
resin,11254,583.0,0.29849600000000004,10.364697802693197,829.1758242154558,335.80789022298455,63.696397941680964,35.680960548885075,26.864631217838763,5.095711835334477,2.854476843910806,14,16,15,1.12,1.28,1.2,16.0,15.0,14.0,1.1428571428571428,1.0666666666666667,0.17351190476190476,126.46483704974271,89.0,168.0
resin,11264,298.0,0.15257600000000002,8.287162991101544,662.9730392881236,332.6510067114094,117.65436241610739,48.738255033557046,26.612080536912753,9.41234899328859,3.899060402684564,11,11,9,0.88,0.88,0.72,11.0,11.0,9.0,1.2222222222222223,1.0,0.2736455463728191,123.6241610738255,90.0,168.0
resin,11265,429.0,0.21964800000000004,9.357350343322233,748.5880274657786,333.2540792540793,121.73892773892774,159.28904428904428,26.660326340326343,9.739114219114219,12.743123543123543,15,13,10,1.2,1.04,0.8,15.0,13.0,10.0,1.5,1.1538461538461537,0.22,124.85081585081585,88.0,168.0
resin,11267,191.0,0.09779200000000002,7.145153803210064,571.6123042568051,331.586387434555,125.93193717277487,3.7801047120418847,26.5269109947644,10.07455497382199,0.30240837696335077,8,7,8,0.64,0.56,0.64,8.0,8.0,7.0,1.1428571428571428,1.0,0.4263392857142857,139.7434554973822,109.0,168.0
resin,11272,614.0,0.31436800000000004,10.54524278290836,843.6194226326688,334.5912052117264,160.85667752442995,152.56188925081435,26.767296416938112,12.868534201954397,12.204951140065148,13,21,15,1.04,1.68,1.2,21.0,15.0,13.0,1.6153846153846154,1.4,0.14993894993894993,138.59446254071662,88.0,168.0
resin,11273,1127.0,0.5770240000000001,12.911452382857604,1032.9161906286083,336.08873114463177,167.30878438331854,57.797692990239575,26.88709849157054,13.384702750665483,4.623815439219166,19,14,26,1.52,1.12,2.08,26.0,19.0,14.0,1.8571428571428572,1.368421052631579,0.16295546558704455,124.37444543034606,88.0,168.0
resin,11277,261.0,0.13363200000000003,7.928918643143567,634.3134914514853,333.5785440613027,175.80842911877394,135.36398467432952,26.686283524904216,14.064674329501916,10.82911877394636,12,5,19,0.96,0.4,1.52,19.0,12.0,5.0,3.8,1.5833333333333333,0.22894736842105262,131.45210727969348,88.0,168.0
resin,11286,214.0,0.10956800000000001,7.421158666229637,593.692693298371,333.16355140186914,32.873831775700936,1.1962616822429906,26.653084112149532,2.6299065420560748,0.09570093457943925,11,10,5,0.88,0.8,0.4,11.0,10.0,5.0,2.2,1.1,0.3890909090909091,117.61682242990655,88.0,168.0
resin,11294,569.0,0.29132800000000003,10.281059708188627,822.4847766550902,333.68189806678384,127.40773286467487,39.05272407732865,26.69455184534271,10.19261862917399,3.124217926186292,11,21,10,0.88,1.68,0.8,21.0,11.0,10.0,2.1,1.9090909090909092,0.24632034632034633,132.94200351493848,90.0,167.0
resin,11298,102.0,0.052224000000000007,5.796962840557109,463.7570272445687,331.62745098039215,134.2549019607843,177.73529411764707,26.530196078431374,10.740392156862745,14.218823529411766,6,6,8,0.48,0.48,0.64,8.0,6.0,6.0,1.3333333333333333,1.3333333333333333,0.3541666666666667,136.69607843137254,89.0,168.0
resin,11309,125.0,0.06400000000000002,6.203504908994,496.28039271951997,332.872,31.552,23.312,26.62976,2.52416,1.8649600000000002,7,7,6,0.56,0.56,0.48,7.0,7.0,6.0,1.1666666666666667,1.0,0.42517006802721086,128.768,95.0,168.0
resin,11312,93.0,0.047616000000000006,5.62118797776233,449.69503822098636,331.83870967741933,44.365591397849464,78.04301075268818,26.547096774193548,3.549247311827957,6.243440860215054,5,6,5,0.4,0.48,0.4,6.0,5.0,5.0,1.2,1.2,0.62,130.20430107526883,90.0,168.0
resin,11313,319.0,0.16332800000000003,8.477426249208973,678.1940999367179,335.8119122257053,46.470219435736674,132.98119122257054,26.864952978056426,3.717617554858934,10.638495297805644,11,8,9,0.88,0.64,0.72,11.0,9.0,8.0,1.375,1.2222222222222223,0.4027777777777778,122.35423197492163,89.0,168.0
resin,11321,177.0,0.09062400000000001,6.966129569086082,557.2903655268865,333.8305084745763,96.49152542372882,196.99435028248587,26.706440677966103,7.7193220338983055,15.759548022598869,8,10,10,0.64,0.8,0.8,10.0,10.0,8.0,1.25,1.0,0.22125,129.26553672316385,91.0,168.0
resin,11329,115.0,0.05888000000000001,6.033459557881385,482.67676463051083,332.0,165.6086956521739,30.73913043478261,26.560000000000002,13.248695652173913,2.4591304347826086,7,6,6,0.56,0.48,0.48,7.0,6.0,6.0,1.1666666666666667,1.1666666666666667,0.45634920634920634,127.50434782608696,90.0,168.0
resin,11346,107.0,0.054784000000000006,5.890177536797923,471.2142029438338,335.4766355140187,128.82242990654206,123.10280373831776,26.838130841121497,10.305794392523365,9.848224299065421,8,6,8,0.64,0.48,0.64,8.0,8.0,6.0,1.3333333333333333,1.0,0.2786458333333333,131.42990654205607,92.0,168.0
resin,11347,114.0,0.05836800000000001,6.015920332305007,481.2736265844006,334.82456140350877,151.59649122807016,73.50877192982456,26.7859649122807,12.127719298245614,5.880701754385965,8,5,8,0.64,0.4,0.64,8.0,8.0,5.0,1.6,1.0,0.35625,149.82456140350877,118.0,168.0
resin,11351,304.0,0.15564800000000004,8.342412375997787,667.392990079823,335.48026315789474,175.00328947368422,35.07236842105263,26.83842105263158,14.000263157894738,2.8057894736842104,12,7,12,0.96,0.56,0.96,12.0,12.0,7.0,1.7142857142857142,1.0,0.30158730158730157,124.0625,89.0,168.0
resin,11354,299.0,0.15308800000000003,8.296422398793604,663.7137919034883,336.59197324414714,7.511705685618729,28.190635451505017,26.92735785953177,0.6009364548494983,2.2552508361204016,11,8,9,0.88,0.64,0.72,11.0,9.0,8.0,1.375,1.2222222222222223,0.37752525252525254,138.69899665551839,99.0,168.0
resin,11366,195.0,0.09984000000000001,7.194688513426352,575.5750810741082,335.0051282051282,100.83589743589744,91.8051282051282,26.800410256410256,8.066871794871796,7.3444102564102565,7,7,7,0.56,0.56,0.56,7.0,7.0,7.0,1.0,1.0,0.5685131195335277,141.3948717948718,107.0,168.0
resin,11368,108.0,0.05529600000000001,5.908470131056179,472.67761048449427,336.3703703703704,102.91666666666667,84.31481481481481,26.90962962962963,8.233333333333334,6.745185185185185,8,7,7,0.64,0.56,0.56,8.0,7.0,7.0,1.1428571428571428,1.1428571428571428,0.2755102040816326,148.61111111111111,114.0,168.0
resin,11370,202.0,0.10342400000000002,7.279768728154169,582.3814982523335,335.44554455445547,151.5148514851485,8.46039603960396,26.835643564356438,12.121188118811881,0.6768316831683169,8,8,8,0.64,0.64,0.64,8.0,8.0,8.0,1.0,1.0,0.39453125,140.52970297029702,105.0,168.0
resin,11384,174.0,0.08908800000000001,6.926548433133662,554.123874650693,336.2298850574713,22.086206896551722,28.95402298850575,26.898390804597703,1.7668965517241377,2.31632183908046,7,7,7,0.56,0.56,0.56,7.0,7.0,7.0,1.0,1.0,0.5072886297376094,141.61494252873564,111.0,168.0
resin,11387,678.0,0.34713600000000006,10.89959490399115,871.9675923192921,343.60176991150445,55.04572271386431,172.67256637168143,27.488141592920357,4.403657817109145,13.813805309734514,20,13,11,1.6,1.04,0.88,20.0,13.0,11.0,1.8181818181818181,1.5384615384615385,0.23706293706293707,123.59292035398231,88.0,168.0
resin,11390,310.0,0.15872000000000003,8.396939494944725,671.755159595578,342.1645161290323,84.64193548387097,200.04193548387096,27.37316129032258,6.771354838709677,16.003354838709676,18,12,4,1.44,0.96,0.32,18.0,12.0,4.0,4.5,1.5,0.3587962962962963,118.3741935483871,88.0,168.0
resin,11401,156.0,0.07987200000000001,6.678957173048376,534.3165738438701,339.1730769230769,1.4807692307692308,96.17307692307692,27.133846153846154,0.11846153846153847,7.693846153846153,9,5,8,0.72,0.4,0.64,9.0,8.0,5.0,1.8,1.125,0.43333333333333335,122.93589743589743,91.0,168.0
resin,11403,365.0,0.18688000000000002,8.866755793673157,709.3404634938526,338.92328767123286,10.01917808219178,16.07945205479452,27.11386301369863,0.8015342465753424,1.2863561643835615,14,13,12,1.12,1.04,0.96,14.0,13.0,12.0,1.1666666666666667,1.0769230769230769,0.1671245421245421,130.41095890410958,88.0,168.0
resin,11413,476.0,0.24371200000000004,9.687300612543796,774.9840490035036,338.0504201680672,53.075630252100844,6.130252100840337,27.04403361344538,4.246050420168068,0.49042016806722694,9,17,16,0.72,1.36,1.28,17.0,16.0,9.0,1.8888888888888888,1.0625,0.19444444444444445,129.25,88.0,168.0
resin,11424,407.0,0.20838400000000004,9.194580701170054,735.5664560936043,338.4029484029484,137.9189189189189,118.63882063882063,27.072235872235876,11.033513513513512,9.49110565110565,12,10,9,0.96,0.8,0.72,12.0,10.0,9.0,1.3333333333333333,1.2,0.3768518518518518,121.98280098280098,88.0,168.0
resin,11436,162.0,0.08294400000000002,6.763509910720959,541.0807928576767,337.45061728395063,16.84567901234568,123.77160493827161,26.996049382716052,1.3476543209876544,9.90172839506173,6,7,8,0.48,0.56,0.64,8.0,7.0,6.0,1.3333333333333333,1.1428571428571428,0.48214285714285715,127.37037037037037,89.0,168.0
resin,11457,295.0,0.15104000000000004,8.259259874164178,660.7407899331342,337.67118644067796,78.48135593220339,101.16949152542372,27.013694915254238,6.278508474576271,8.093559322033897,7,10,11,0.56,0.8,0.88,11.0,10.0,7.0,1.5714285714285714,1.1,0.38311688311688313,126.07457627118644,88.0,168.0
resin,11461,108.0,0.05529600000000001,5.908470131056179,472.67761048449427,337.02777777777777,98.89814814814815,63.5,26.962222222222223,7.911851851851853,5.08,6,5,7,0.48,0.4,0.56,7.0,6.0,5.0,1.4,1.1666666666666667,0.5142857142857142,126.07407407407408,89.0,164.0
resin,11462,87.0,0.04454400000000001,5.497605134632529,439.80841077060234,337.264367816092,105.0919540229885,44.67816091954023,26.98114942528736,8.40735632183908,3.5742528735632186,7,7,10,0.56,0.56,0.8,10.0,7.0,7.0,1.4285714285714286,1.4285714285714286,0.17755102040816326,143.2528735632184,93.0,165.0
resin,11466,238.0,0.12185600000000002,7.688815591542102,615.1052473233682,339.34033613445376,124.92436974789916,18.294117647058822,27.1472268907563,9.993949579831932,1.4635294117647057,10,10,9,0.8,0.8,0.72,10.0,10.0,9.0,1.1111111111111112,1.0,0.2644444444444444,125.11764705882354,88.0,168.0
resin,11476,192.0,0.09830400000000002,7.157601831517195,572.6081465213756,339.9010416666667,1.4010416666666667,84.640625,27.192083333333336,0.11208333333333334,6.77125,9,5,9,0.72,0.4,0.72,9.0,9.0,5.0,1.8,1.0,0.4740740740740741,134.15625,97.0,168.0
resin,11483,141.0,0.072192,6.457635040206935,516.6108032165548,338.78014184397165,56.60992907801418,82.2482269503546,27.102411347517734,4.528794326241135,6.579858156028369,7,6,7,0.56,0.48,0.56,7.0,7.0,6.0,1.1666666666666667,1.0,0.47959183673469385,125.29787234042553,89.0,168.0
resin,11485,180.0,0.09216000000000002,7.005265949644415,560.4212759715532,339.0722222222222,59.888888888888886,21.444444444444443,27.125777777777778,4.791111111111111,1.7155555555555555,7,7,7,0.56,0.56,0.56,7.0,7.0,7.0,1.0,1.0,0.5247813411078717,125.1,89.0,168.0
resin,11488,87.0,0.04454400000000001,5.497605134632529,439.80841077060234,338.1954022988506,68.96551724137932,181.68965517241378,27.055632183908045,5.517241379310345,14.535172413793102,5,5,6,0.4,0.4,0.48,6.0,5.0,5.0,1.2,1.2,0.58,142.24137931034483,115.0,168.0
resin,11494,147.0,0.07526400000000001,6.547963313035439,523.8370650428351,338.7074829931973,93.9795918367347,188.51700680272108,27.096598639455785,7.518367346938776,15.081360544217688,6,7,7,0.48,0.56,0.56,7.0,7.0,6.0,1.1666666666666667,1.0,0.5,141.35374149659864,104.0,168.0
resin,11498,153.0,0.07833600000000002,6.635865927138142,530.8692741710514,339.51633986928107,105.48366013071896,67.76470588235294,27.161307189542487,8.438692810457518,5.421176470588235,8,7,8,0.64,0.56,0.64,8.0,8.0,7.0,1.1428571428571428,1.0,0.34151785714285715,136.0718954248366,91.0,168.0
resin,11506,326.0,0.16691200000000003,8.538986479839005,683.1189183871204,339.5122699386503,144.2085889570552,4.242331288343558,27.160981595092025,11.536687116564417,0.33938650306748464,8,9,9,0.64,0.72,0.72,9.0,9.0,8.0,1.125,1.0,0.5030864197530864,120.9877300613497,88.0,168.0
resin,11518,1375.0,0.7040000000000001,13.796471409351668,1103.7177127481334,345.7549090909091,38.99345454545455,154.9810909090909,27.66039272727273,3.119476363636364,12.398487272727273,18,20,28,1.44,1.6,2.24,28.0,20.0,18.0,1.5555555555555556,1.4,0.13640873015873015,127.53090909090909,88.0,168.0
resin,11520,195.0,0.09984000000000001,7.194688513426352,575.5750810741082,340.85641025641024,45.03076923076923,194.77435897435896,27.26851282051282,3.6024615384615384,15.581948717948718,8,8,8,0.64,0.64,0.64,8.0,8.0,8.0,1.0,1.0,0.380859375,126.05641025641026,91.0,167.0
resin,11523,87.0,0.04454400000000001,5.497605134632529,439.80841077060234,339.5977011494253,60.88505747126437,191.17241379310346,27.167816091954023,4.87080459770115,15.293793103448277,6,5,6,0.48,0.4,0.48,6.0,6.0,5.0,1.2,1.0,0.48333333333333334,131.68965517241378,97.0,168.0
resin,11525,272.0,0.13926400000000003,8.038779084983904,643.1023267987123,339.27941176470586,76.08088235294117,119.20220588235294,27.14235294117647,6.086470588235294,9.536176470588236,6,9,10,0.48,0.72,0.8,10.0,9.0,6.0,1.6666666666666667,1.1111111111111112,0.5037037037037037,141.65073529411765,100.0,168.0
resin,11527,353.0,0.18073600000000004,8.768501104627408,701.4800883701926,343.671388101983,91.60339943342777,114.85835694050992,27.49371104815864,7.328271954674221,9.188668555240794,12,10,10,0.96,0.8,0.8,12.0,10.0,10.0,1.2,1.2,0.2941666666666667,122.97733711048159,88.0,168.0
resin,11536,115.0,0.05888000000000001,6.033459557881385,482.67676463051083,339.8521739130435,170.96521739130435,132.90434782608696,27.188173913043478,13.677217391304348,10.632347826086956,7,6,7,0.56,0.48,0.56,7.0,7.0,6.0,1.1666666666666667,1.0,0.391156462585034,132.54782608695652,100.0,167.0
resin,11539,385.0,0.19712000000000005,9.025834565322066,722.0667652257653,343.6987012987013,175.03636363636363,146.8961038961039,27.495896103896104,14.00290909090909,11.751688311688312,14,7,17,1.12,0.56,1.36,17.0,14.0,7.0,2.4285714285714284,1.2142857142857142,0.23109243697478993,130.53506493506492,88.0,168.0
resin,11551,107.0,0.054784000000000006,5.890177536797923,471.2142029438338,341.67289719626166,74.32710280373831,71.89719626168224,27.333831775700933,5.946168224299065,5.751775700934579,8,6,8,0.64,0.48,0.64,8.0,8.0,6.0,1.3333333333333333,1.0,0.2786458333333333,136.14953271028037,98.0,168.0
resin,11553,1763.0,0.9026560000000001,14.988260408681287,1199.060832694503,347.539421440726,78.17810550198526,56.34203062960862,27.80315371525808,6.254248440158821,4.5073624503686895,20,37,26,1.6,2.96,2.08,37.0,26.0,20.0,1.85,1.4230769230769231,0.09163201663201663,125.3539421440726,88.0,168.0
resin,11556,121.0,0.06195200000000001,6.136615546901379,490.9292437521103,340.89256198347107,93.9504132231405,51.570247933884296,27.271404958677685,7.51603305785124,4.125619834710744,6,7,6,0.48,0.56,0.48,7.0,6.0,6.0,1.1666666666666667,1.1666666666666667,0.4801587301587302,125.2892561983471,94.0,167.0
resin,11558,668.0,0.34201600000000004,10.845742271945577,867.6593817556461,344.687125748503,118.25299401197604,5.3053892215568865,27.57497005988024,9.460239520958083,0.42443113772455093,17,18,14,1.36,1.44,1.12,18.0,17.0,14.0,1.2857142857142858,1.0588235294117647,0.15592903828197946,125.77544910179641,88.0,168.0
resin,11565,545.0,0.27904000000000007,10.134429207232046,810.7543365785637,351.6807339449541,5.772477064220183,5.985321100917432,28.13445871559633,0.4617981651376147,0.47882568807339454,20,13,18,1.6,1.04,1.44,20.0,18.0,13.0,1.5384615384615385,1.1111111111111112,0.11645299145299146,132.0275229357798,88.0,168.0
resin,11571,250.0,0.12800000000000003,7.815926417967719,625.2741134374176,344.284,31.548,32.264,27.54272,2.52384,2.5811200000000003,10,11,13,0.8,0.88,1.04,13.0,11.0,10.0,1.3,1.1818181818181819,0.17482517482517482,136.668,104.0,168.0
resin,11575,544.0,0.27852800000000005,10.128226984625869,810.2581587700695,346.44117647058823,45.189338235294116,19.987132352941178,27.71529411764706,3.6151470588235295,1.5989705882352943,15,10,13,1.2,0.8,1.04,15.0,13.0,10.0,1.5,1.1538461538461537,0.27897435897435896,129.55330882352942,88.0,168.0
resin,11578,441.0,0.22579200000000005,9.443797274614035,755.5037819691228,345.6734693877551,89.76643990929705,149.70521541950114,27.65387755102041,7.181315192743764,11.976417233560092,16,12,12,1.28,0.96,0.96,16.0,12.0,12.0,1.3333333333333333,1.3333333333333333,0.19140625,125.31065759637188,89.0,168.0
resin,11581,184.0,0.09420800000000001,7.0567771080140504,564.542168641124,342.625,119.7445652173913,116.14673913043478,27.41,9.579565217391304,9.291739130434783,8,9,11,0.64,0.72,0.88,11.0,9.0,8.0,1.375,1.2222222222222223,0.23232323232323232,138.08152173913044,90.0,168.0
resin,11587,311.0,0.15923200000000004,8.405958770938245,672.4767016750595,342.6752411575563,160.0064308681672,6.704180064308682,27.414019292604504,12.800514469453375,0.5363344051446945,9,9,8,0.72,0.72,0.64,9.0,9.0,8.0,1.125,1.0,0.4799382716049383,119.78456591639872,88.0,168.0
resin,11591,3317.0,1.6983040000000003,18.503289753247387,1480.263180259791,355.37262586674706,10.032559541754598,40.88785046728972,28.429810069339766,0.8026047633403678,3.2710280373831773,29,27,34,2.32,2.16,2.72,34.0,29.0,27.0,1.2592592592592593,1.1724137931034482,0.12459619863270979,126.15616520952668,88.0,168.0
resin,11595,169.0,0.08652800000000001,6.859556339475854,548.7645071580683,342.49112426035504,18.745562130177515,165.04142011834318,27.399289940828403,1.4996449704142012,13.203313609467456,7,7,7,0.56,0.56,0.56,7.0,7.0,7.0,1.0,1.0,0.49271137026239065,126.07100591715977,89.0,168.0
resin,11618,84.0,0.043008000000000005,5.43367369666554,434.6938957332432,343.25,12.476190476190476,34.26190476190476,27.46,0.9980952380952381,2.740952380952381,6,9,5,0.48,0.72,0.4,9.0,6.0,5.0,1.8,1.5,0.3111111111111111,137.67857142857142,102.0,168.0
resin,11619,891.0,0.4561920000000001,11.938772977137534,955.1018381710027,355.35690235690237,7.270482603815937,156.13355780022448,28.42855218855219,0.581638608305275,12.490684624017959,27,14,22,2.16,1.12,1.76,27.0,22.0,14.0,1.9285714285714286,1.2272727272727273,0.10714285714285714,132.98204264870932,89.0,168.0
resin,11643,148.0,0.07577600000000001,6.562777760167609,525.0222208134087,346.8445945945946,0.6081081081081081,22.91216216216216,27.747567567567568,0.04864864864864865,1.832972972972973,11,4,15,0.88,0.32,1.2,15.0,11.0,4.0,3.75,1.3636363636363635,0.22424242424242424,130.0810810810811,92.0,168.0
resin,11657,270.0,0.13824000000000003,8.019027705431855,641.5222164345483,345.9148148148148,100.7074074074074,199.1888888888889,27.673185185185186,8.056592592592592,15.935111111111112,10,9,6,0.8,0.72,0.48,10.0,9.0,6.0,1.6666666666666667,1.1111111111111112,0.5,137.4185185185185,93.0,168.0
resin,11660,265.0,0.13568000000000002,7.969218794868429,637.5375035894743,345.1094339622642,108.70943396226416,114.70943396226416,27.608754716981135,8.696754716981133,9.176754716981133,8,8,8,0.64,0.64,0.64,8.0,8.0,8.0,1.0,1.0,0.517578125,122.24905660377358,88.0,168.0
resin,11663,273.0,0.139776,8.048618481690102,643.8894785352081,345.25274725274727,120.21611721611721,105.06227106227107,27.62021978021978,9.617289377289378,8.404981684981685,8,11,9,0.64,0.88,0.72,11.0,9.0,8.0,1.375,1.2222222222222223,0.3446969696969697,122.27106227106228,88.0,168.0
resin,11671,172.0,0.08806400000000002,6.89990759899837,551.9926079198696,346.41279069767444,7.226744186046512,175.3546511627907,27.713023255813955,0.5781395348837209,14.028372093023256,8,7,8,0.64,0.56,0.64,8.0,8.0,7.0,1.1428571428571428,1.0,0.38392857142857145,139.65697674418604,104.0,168.0
resin,11674,1082.0,0.5539840000000001,12.737265832294945,1018.9812665835956,353.05637707948244,22.986136783733826,155.44824399260628,28.244510166358594,1.8388909426987061,12.435859519408503,20,13,22,1.6,1.04,1.76,22.0,20.0,13.0,1.6923076923076923,1.1,0.18916083916083917,130.21164510166358,88.0,168.0
resin,11678,302.0,0.15462400000000004,8.324077344634837,665.926187570787,346.44701986754967,31.473509933774835,60.115894039735096,27.715761589403975,2.517880794701987,4.809271523178808,8,8,11,0.64,0.64,0.88,11.0,8.0,8.0,1.375,1.375,0.4289772727272727,123.00993377483444,88.0,168.0
resin,11696,695.0,0.35584000000000005,10.989941839963379,879.1953471970703,354.66762589928055,3.9697841726618703,115.60431654676259,28.373410071942445,0.31758273381294966,9.248345323741008,22,10,13,1.76,0.8,1.04,22.0,13.0,10.0,2.2,1.6923076923076923,0.243006993006993,124.69352517985611,88.0,168.0
resin,11703,3123.0,1.5989760000000002,18.135287880038305,1450.8230304030644,364.00832532821005,54.330131284021775,193.42267050912585,29.120666026256803,4.346410502721742,15.473813640730068,39,52,23,3.12,4.16,1.84,52.0,39.0,23.0,2.260869565217391,1.3333333333333333,0.06695394906097248,128.9673390970221,88.0,168.0
resin,11704,293.0,0.15001600000000004,8.240552539726075,659.244203178086,349.0,60.77815699658703,2.750853242320819,27.92,4.862252559726962,0.22006825938566554,12,8,8,0.96,0.64,0.64,12.0,8.0,8.0,1.5,1.5,0.3815104166666667,130.11945392491467,91.0,168.0
resin,11707,709.0,0.36300800000000005,11.063245191073221,885.0596152858577,354.4160789844852,105.46967559943583,70.60366713681242,28.353286318758816,8.437574047954866,5.648293370944994,18,14,15,1.44,1.12,1.2,18.0,15.0,14.0,1.2857142857142858,1.2,0.18756613756613758,128.8815232722144,88.0,168.0
resin,11722,199.0,0.10188800000000002,7.2435503741408285,579.4840299312663,349.0603015075377,1.8542713567839195,74.25125628140704,27.924824120603017,0.14834170854271356,5.940100502512563,12,8,12,0.96,0.64,0.96,12.0,12.0,8.0,1.5,1.0,0.17274305555555555,139.80402010050253,91.0,168.0
resin,11740,365.0,0.18688000000000002,8.866755793673157,709.3404634938526,351.7917808219178,172.8958904109589,130.58904109589042,28.143342465753427,13.831671232876714,10.447123287671234,12,10,11,0.96,0.8,0.88,12.0,11.0,10.0,1.2,1.0909090909090908,0.2765151515151515,127.67123287671232,89.0,168.0
resin,11765,116.0,0.05939200000000001,6.050897399235387,484.071791938831,350.33620689655174,175.8706896551724,11.370689655172415,28.02689655172414,14.069655172413793,0.9096551724137932,9,4,9,0.72,0.32,0.72,9.0,9.0,4.0,2.25,1.0,0.35802469135802467,124.45689655172414,88.0,168.0
resin,11767,96.0,0.04915200000000001,5.680992338459954,454.47938707679634,349.5208333333333,1.6770833333333333,84.48958333333333,27.961666666666666,0.13416666666666666,6.759166666666666,6,6,8,0.48,0.48,0.64,8.0,6.0,6.0,1.3333333333333333,1.3333333333333333,0.3333333333333333,132.51041666666666,93.0,168.0
resin,11792,92.0,0.04710400000000001,5.600967702383306,448.0774161906645,349.4782608695652,174.0108695652174,40.41304347826087,27.958260869565216,13.920869565217393,3.2330434782608695,6,6,7,0.48,0.48,0.56,7.0,6.0,6.0,1.1666666666666667,1.1666666666666667,0.36507936507936506,147.2608695652174,124.0,168.0
resin,11794,140.0,0.07168000000000001,6.442332530151142,515.3866024120914,349.90714285714284,174.69285714285715,57.16428571428571,27.992571428571427,13.975428571428573,4.573142857142857,7,8,8,0.56,0.64,0.64,8.0,8.0,7.0,1.1428571428571428,1.0,0.3125,131.75,99.0,168.0
resin,11796,344.0,0.17612800000000003,8.69333882630764,695.4671061046112,351.84302325581393,3.177325581395349,143.04941860465115,28.147441860465115,0.2541860465116279,11.443953488372092,9,8,15,0.72,0.64,1.2,15.0,9.0,8.0,1.875,1.6666666666666667,0.31851851851851853,121.06686046511628,88.0,168.0
resin,11797,98.0,0.050176000000000005,5.720172834077733,457.61382672621863,349.81632653061223,5.112244897959184,92.06122448979592,27.98530612244898,0.4089795918367347,7.364897959183674,5,6,7,0.4,0.48,0.56,7.0,6.0,5.0,1.4,1.1666666666666667,0.4666666666666667,143.62244897959184,113.0,168.0
resin,11802,354.0,0.18124800000000002,8.776773280386656,702.1418624309325,350.72033898305085,42.505649717514125,196.42372881355934,28.057627118644067,3.40045197740113,15.713898305084747,8,14,11,0.64,1.12,0.88,14.0,11.0,8.0,1.75,1.2727272727272727,0.28733766233766234,124.2090395480226,88.0,168.0
resin,11807,200.0,0.10240000000000002,7.255663357195618,580.4530685756495,351.235,69.395,33.045,28.0988,5.5516,2.6436,7,8,7,0.56,0.64,0.56,8.0,7.0,7.0,1.1428571428571428,1.1428571428571428,0.5102040816326531,123.98,89.0,168.0
resin,11819,302.0,0.15462400000000004,8.324077344634837,665.926187570787,352.89403973509934,138.62582781456953,45.75496688741722,28.231523178807947,11.090066225165563,3.6603973509933776,10,9,10,0.8,0.72,0.8,10.0,10.0,9.0,1.1111111111111112,1.0,0.33555555555555555,138.2980132450331,96.0,168.0
resin,11827,107.0,0.054784000000000006,5.890177536797923,471.2142029438338,351.67289719626166,166.22429906542055,0.6074766355140186,28.133831775700934,13.297943925233644,0.048598130841121495,11,15,4,0.88,1.2,0.32,15.0,11.0,4.0,3.75,1.3636363636363635,0.1621212121212121,137.78504672897196,99.0,168.0
resin,11835,275.0,0.14080000000000004,8.068225425138188,645.458034011055,352.41818181818184,2.8581818181818184,63.78545454545455,28.193454545454546,0.22865454545454547,5.102836363636364,9,7,10,0.72,0.56,0.8,10.0,9.0,7.0,1.4285714285714286,1.1111111111111112,0.4365079365079365,124.11636363636363,89.0,168.0
resin,11839,406.0,0.20787200000000003,9.187044156234652,734.9635324987721,355.57635467980293,18.38423645320197,76.24137931034483,28.446108374384234,1.4707389162561577,6.099310344827586,15,12,12,1.2,0.96,0.96,15.0,12.0,12.0,1.25,1.25,0.18796296296296297,124.94334975369458,88.0,168.0
resin,11843,201.0,0.10291200000000002,7.267736030636296,581.4188824509038,353.5323383084577,76.09452736318408,59.86069651741293,28.28258706467662,6.087562189054727,4.788855721393035,9,9,10,0.72,0.72,0.8,10.0,9.0,9.0,1.1111111111111112,1.1111111111111112,0.24814814814814815,129.00497512437812,92.0,168.0
resin,11844,93.0,0.047616000000000006,5.62118797776233,449.69503822098636,351.0752688172043,127.93548387096774,189.66666666666666,28.086021505376344,10.234838709677419,15.173333333333332,6,5,6,0.48,0.4,0.48,6.0,6.0,5.0,1.2,1.0,0.5166666666666667,143.65591397849462,116.0,168.0
resin,11862,153.0,0.07833600000000002,6.635865927138142,530.8692741710514,353.9281045751634,41.248366013071895,147.31372549019608,28.31424836601307,3.2998692810457517,11.785098039215686,7,7,9,0.56,0.56,0.72,9.0,7.0,7.0,1.2857142857142858,1.2857142857142858,0.3469387755102041,143.30718954248366,117.0,168.0
resin,11864,293.0,0.15001600000000004,8.240552539726075,659.244203178086,354.34129692832767,46.60409556313993,177.80887372013652,28.347303754266214,3.7283276450511944,14.224709897610921,9,8,8,0.72,0.64,0.64,9.0,8.0,8.0,1.125,1.125,0.5086805555555556,122.19453924914676,88.0,168.0
resin,11876,119.0,0.06092800000000001,6.102616979201714,488.2093583361371,351.7310924369748,112.94957983193277,101.84873949579831,28.138487394957984,9.035966386554621,8.147899159663865,6,7,8,0.48,0.56,0.64,8.0,7.0,6.0,1.3333333333333333,1.1428571428571428,0.3541666666666667,142.78151260504202,95.0,168.0
resin,11878,134.0,0.06860800000000002,6.3489522192239995,507.91617753791996,352.589552238806,126.55970149253731,95.51492537313433,28.20716417910448,10.124776119402986,7.641194029850746,6,7,6,0.48,0.56,0.48,7.0,6.0,6.0,1.1666666666666667,1.1666666666666667,0.5317460317460317,125.6268656716418,88.0,168.0
resin,11881,456.0,0.23347200000000004,9.549678264057848,763.9742611246278,353.83991228070175,131.8048245614035,106.91008771929825,28.30719298245614,10.54438596491228,8.55280701754386,9,10,9,0.72,0.8,0.72,10.0,9.0,9.0,1.1111111111111112,1.1111111111111112,0.562962962962963,118.2280701754386,88.0,168.0
resin,11896,679.0,0.34764800000000007,10.90495097114506,872.3960776916049,360.68188512518407,17.245949926362297,123.87481590574374,28.854550810014725,1.3796759941089838,9.9099852724595,20,17,13,1.6,1.36,1.04,20.0,17.0,13.0,1.5384615384615385,1.1764705882352942,0.15361990950226245,130.63475699558174,88.0,168.0
resin,11924,222.0,0.11366400000000002,7.512505172776117,601.0004138220894,362.1756756756757,173.93243243243242,200.23873873873873,28.974054054054054,13.914594594594593,16.019099099099098,25,9,4,2.0,0.72,0.32,25.0,9.0,4.0,6.25,2.7777777777777777,0.24666666666666667,129.0045045045045,93.0,168.0
resin,11931,401.0,0.20531200000000002,9.14917462433869,731.9339699470952,356.7431421446384,106.88778054862843,195.32668329177056,28.539451371571072,8.551022443890274,15.626134663341645,11,12,12,0.88,0.96,0.96,12.0,12.0,11.0,1.0909090909090908,1.0,0.25315656565656564,129.45885286783042,88.0,168.0
resin,11934,482.0,0.24678400000000003,9.72783372317443,778.2266978539543,357.6597510373444,120.71369294605809,12.83402489626556,28.612780082987552,9.657095435684647,1.026721991701245,14,13,17,1.12,1.04,1.36,17.0,14.0,13.0,1.3076923076923077,1.2142857142857142,0.15578539107950873,129.5207468879668,88.0,168.0
resin,11938,5439.0,2.7847680000000006,21.819266435472716,1745.5413148378173,369.3370104798676,146.4015444015444,47.856407427836,29.54696083838941,11.712123552123554,3.8285125942268796,38,50,50,3.04,4.0,4.0,50.0,50.0,38.0,1.3157894736842106,1.0,0.05725263157894737,127.94594594594595,88.0,168.0
resin,11943,84.0,0.043008000000000005,5.43367369666554,434.6938957332432,355.4166666666667,1.369047619047619,87.26190476190476,28.433333333333337,0.10952380952380952,6.980952380952381,6,4,6,0.48,0.32,0.48,6.0,6.0,4.0,1.5,1.0,0.5833333333333334,145.3452380952381,123.0,168.0
resin,11957,122.0,0.06246400000000001,6.153474465532757,492.2779572426206,355.94262295081967,87.50819672131148,179.29508196721312,28.475409836065573,7.000655737704919,14.34360655737705,6,7,9,0.48,0.56,0.72,9.0,7.0,6.0,1.5,1.2857142857142858,0.32275132275132273,136.827868852459,99.0,168.0
resin,11960,622.0,0.3184640000000001,10.590844400053532,847.2675520042826,361.112540192926,92.41639871382637,197.65434083601286,28.889003215434084,7.393311897106109,15.81234726688103,24,18,11,1.92,1.44,0.88,24.0,18.0,11.0,2.1818181818181817,1.3333333333333333,0.1308922558922559,128.90996784565917,90.0,168.0
resin,11974,124.0,0.06348800000000002,6.1869179183107725,494.9534334648618,355.73387096774195,168.76612903225808,30.177419354838708,28.458709677419357,13.501290322580646,2.4141935483870967,6,6,7,0.48,0.48,0.56,7.0,6.0,6.0,1.1666666666666667,1.1666666666666667,0.49206349206349204,125.75,96.0,168.0
resin,11976,132.0,0.067584,6.317206927705878,505.37655421647025,357.719696969697,176.28787878787878,39.14393939393939,28.61757575757576,14.103030303030303,3.1315151515151514,11,3,9,0.88,0.24,0.72,11.0,9.0,3.0,3.6666666666666665,1.2222222222222223,0.4444444444444444,122.5909090909091,90.0,168.0
resin,11991,580.0,0.29696000000000006,10.346889008501094,827.7511206800875,360.04137931034484,110.97241379310344,92.91206896551724,28.803310344827587,8.877793103448276,7.432965517241379,13,13,13,1.04,1.04,1.04,13.0,13.0,13.0,1.0,1.0,0.26399635867091487,130.08620689655172,88.0,168.0
resin,12001,163.0,0.08345600000000002,6.777398060419335,542.1918448335468,356.53374233128835,144.1840490797546,107.50920245398773,28.522699386503067,11.534723926380368,8.600736196319017,8,7,6,0.64,0.56,0.48,8.0,7.0,6.0,1.3333333333333333,1.1428571428571428,0.4851190476190476,128.38650306748465,93.0,168.0
resin,12007,180.0,0.09216000000000002,7.005265949644415,560.4212759715532,357.3611111111111,174.2277777777778,48.42777777777778,28.58888888888889,13.938222222222223,3.8742222222222225,7,7,8,0.56,0.56,0.64,8.0,7.0,7.0,1.1428571428571428,1.1428571428571428,0.45918367346938777,124.69444444444444,89.0,168.0
resin,12021,1011.0,0.5176320000000001,12.452336393916895,996.1869115133516,362.0573689416419,127.5410484668645,46.31552917903066,28.964589515331355,10.20328387734916,3.705242334322453,14,12,12,1.12,0.96,0.96,14.0,12.0,12.0,1.1666666666666667,1.1666666666666667,0.5014880952380952,134.0375865479723,88.0,168.0
resin,12024,192.0,0.09830400000000002,7.157601831517195,572.6081465213756,358.4791666666667,138.625,35.572916666666664,28.678333333333335,11.09,2.845833333333333,8,8,8,0.64,0.64,0.64,8.0,8.0,8.0,1.0,1.0,0.375,125.90625,94.0,168.0
resin,12028,1137.0,0.5821440000000001,12.949528251715577,1035.9622601372462,364.5620052770449,6.352682497801231,71.62445030782762,29.164960422163592,0.5082145998240984,5.729956024626209,19,17,20,1.52,1.36,1.6,20.0,19.0,17.0,1.1764705882352942,1.0526315789473684,0.1760061919504644,128.10642040457344,88.0,168.0
resin,12030,1248.0,0.6389760000000001,13.35791434609675,1068.6331476877401,366.1746794871795,10.45272435897436,95.79727564102564,29.29397435897436,0.8362179487179487,7.663782051282051,23,20,18,1.84,1.6,1.44,23.0,20.0,18.0,1.2777777777777777,1.15,0.15072463768115943,130.00480769230768,88.0,168.0
resin,12044,626.0,0.3205120000000001,10.613498681703149,849.0798945362519,364.1964856230032,73.19009584664536,67.6182108626198,29.135718849840256,5.855207667731629,5.409456869009585,16,11,13,1.28,0.88,1.04,16.0,13.0,11.0,1.4545454545454546,1.2307692307692308,0.2736013986013986,124.97923322683707,89.0,168.0
resin,12055,87.0,0.04454400000000001,5.497605134632529,439.80841077060234,359.4367816091954,163.0344827586207,35.666666666666664,28.754942528735633,13.042758620689655,2.853333333333333,7,7,6,0.56,0.56,0.48,7.0,7.0,6.0,1.1666666666666667,1.0,0.29591836734693877,149.55172413793105,122.0,168.0
resin,12071,641.0,0.32819200000000004,10.697602811930132,855.8082249544105,363.2433697347894,43.96411856474259,113.98283931357254,29.05946957878315,3.5171294851794075,9.118627145085803,14,13,19,1.12,1.04,1.52,19.0,14.0,13.0,1.4615384615384615,1.3571428571428572,0.18536726431463274,124.66770670826833,88.0,168.0
resin,12095,360.0,0.18432000000000004,8.826082030068797,706.0865624055037,363.4638888888889,174.7888888888889,160.10833333333332,29.077111111111112,13.983111111111112,12.808666666666666,15,7,13,1.2,0.56,1.04,15.0,13.0,7.0,2.142857142857143,1.1538461538461537,0.26373626373626374,137.07222222222222,88.0,168.0
resin,12105,84.0,0.043008000000000005,5.43367369666554,434.6938957332432,360.70238095238096,28.976190476190474,39.476190476190474,28.856190476190477,2.318095238095238,3.158095238095238,7,7,7,0.56,0.56,0.56,7.0,7.0,7.0,1.0,1.0,0.24489795918367346,134.71428571428572,89.0,168.0
resin,12109,87.0,0.04454400000000001,5.497605134632529,439.80841077060234,360.7011494252874,39.735632183908045,197.54022988505747,28.85609195402299,3.178850574712644,15.803218390804599,6,6,9,0.48,0.48,0.72,9.0,6.0,6.0,1.5,1.5,0.26851851851851855,147.367816091954,121.0,168.0
resin,12110,234.0,0.11980800000000003,7.6454974013922135,611.6397921113771,363.7991452991453,57.51709401709402,116.3076923076923,29.103931623931626,4.601367521367521,9.304615384615385,12,9,9,0.96,0.72,0.72,12.0,9.0,9.0,1.3333333333333333,1.3333333333333333,0.24074074074074073,137.55982905982907,93.0,168.0
resin,12112,143.0,0.07321600000000002,6.488024358591253,519.0419486873002,363.27972027972027,85.64335664335664,71.36363636363636,29.06237762237762,6.851468531468531,5.709090909090909,11,9,6,0.88,0.72,0.48,11.0,9.0,6.0,1.8333333333333333,1.2222222222222223,0.24074074074074073,145.14685314685315,115.0,168.0
resin,12138,287.0,0.14694400000000002,8.183914650028193,654.7131720022554,363.6376306620209,98.49477351916376,9.348432055749129,29.091010452961672,7.879581881533101,0.7478745644599303,10,8,8,0.8,0.64,0.64,10.0,8.0,8.0,1.25,1.25,0.4484375,122.18815331010452,88.0,168.0
resin,12152,227.0,0.11622400000000002,7.568487156767453,605.4789725413963,363.0044052863436,16.370044052863435,111.6079295154185,29.04035242290749,1.309603524229075,8.928634361233481,7,8,8,0.56,0.64,0.64,8.0,8.0,7.0,1.1428571428571428,1.0,0.5066964285714286,124.81938325991189,91.0,168.0
resin,12161,260.0,0.13312000000000002,7.918779349930548,633.5023479944439,364.7346153846154,51.08846153846154,174.78076923076924,29.17876923076923,4.087076923076923,13.98246153846154,11,12,7,0.88,0.96,0.56,12.0,11.0,7.0,1.7142857142857142,1.0909090909090908,0.2813852813852814,135.64615384615385,97.0,168.0
resin,12168,356.0,0.18227200000000002,8.793271013346935,703.4616810677549,365.2668539325843,149.26123595505618,92.6067415730337,29.221348314606743,11.940898876404495,7.408539325842696,11,14,11,0.88,1.12,0.88,14.0,11.0,11.0,1.2727272727272727,1.2727272727272727,0.2101534828807556,131.96629213483146,88.0,168.0
resin,12171,241.0,0.12339200000000002,7.7209867427694086,617.6789394215527,365.0331950207469,14.053941908713693,27.925311203319502,29.202655601659753,1.1243153526970955,2.2340248962655602,9,10,7,0.72,0.8,0.56,10.0,9.0,7.0,1.4285714285714286,1.1111111111111112,0.3825396825396825,136.31120331950208,91.0,168.0
resin,12178,715.0,0.36608000000000007,11.094365594643547,887.5492475714838,366.03076923076924,55.45454545454545,93.83636363636364,29.28246153846154,4.4363636363636365,7.506909090909091,11,12,15,0.88,0.96,1.2,15.0,12.0,11.0,1.3636363636363635,1.25,0.3611111111111111,119.47272727272727,88.0,168.0
resin,12183,398.0,0.20377600000000004,9.126301592353913,730.104127388313,369.5603015075377,95.41959798994975,66.70100502512562,29.564824120603017,7.6335678391959805,5.33608040201005,17,10,9,1.36,0.8,0.72,17.0,10.0,9.0,1.8888888888888888,1.7,0.2601307189542484,136.0502512562814,90.0,168.0
resin,12186,253.0,0.129536,7.84706589590428,627.7652716723425,365.0355731225296,128.41501976284584,85.02766798418972,29.202845849802372,10.273201581027667,6.802213438735178,10,11,7,0.8,0.88,0.56,11.0,10.0,7.0,1.5714285714285714,1.1,0.32857142857142857,141.49407114624506,102.0,168.0
resin,12193,182.0,0.09318400000000002,7.031115873720005,562.4892698976004,367.74725274725273,4.769230769230769,2.2032967032967035,29.41978021978022,0.38153846153846155,0.1762637362637363,13,10,8,1.04,0.8,0.64,13.0,10.0,8.0,1.625,1.3,0.175,141.44505494505495,103.0,168.0
resin,12202,966.0,0.4945920000000001,12.264772627240792,981.1818101792633,376.08178053830227,86.82815734989649,194.34368530020703,30.086542443064182,6.946252587991719,15.547494824016562,30,13,16,2.4,1.04,1.28,30.0,16.0,13.0,2.3076923076923075,1.875,0.1548076923076923,129.66252587991718,89.0,168.0
resin,12220,395.0,0.20224000000000003,9.103313329773377,728.2650663818702,366.873417721519,44.118987341772154,186.29113924050634,29.34987341772152,3.5295189873417723,14.903291139240508,9,9,10,0.72,0.72,0.8,10.0,9.0,9.0,1.1111111111111112,1.1111111111111112,0.4876543209876543,134.2101265822785,88.0,168.0
resin,12264,412.0,0.21094400000000005,9.232079406099666,738.5663524879733,368.4490291262136,173.86650485436894,33.9126213592233,29.475922330097088,13.909320388349515,2.713009708737864,10,8,9,0.8,0.64,0.72,10.0,9.0,8.0,1.25,1.1111111111111112,0.5722222222222222,118.77912621359224,88.0,168.0
resin,12266,1283.0,0.6568960000000001,13.481638510634616,1078.5310808507693,380.43180046765394,172.55416991426344,40.802026500389715,30.434544037412316,13.804333593141076,3.2641621200311772,30,14,20,2.4,1.12,1.6,30.0,20.0,14.0,2.142857142857143,1.5,0.15273809523809523,126.30085736554949,88.0,168.0
resin,12267,693.0,0.3548160000000001,10.97938980098345,878.3511840786759,373.2178932178932,171.7979797979798,141.48340548340548,29.85743145743146,13.743838383838384,11.318672438672438,16,14,15,1.28,1.12,1.2,16.0,15.0,14.0,1.1428571428571428,1.0666666666666667,0.20625,130.7792207792208,88.0,168.0
resin,12271,207.0,0.10598400000000002,7.339343952631513,587.147516210521,368.33816425120773,23.115942028985508,115.94685990338164,29.46705314009662,1.8492753623188407,9.275748792270532,9,10,9,0.72,0.8,0.72,10.0,9.0,9.0,1.1111111111111112,1.1111111111111112,0.25555555555555554,142.52173913043478,106.0,168.0
resin,12276,97.0,0.04966400000000001,5.700649908033096,456.0519926426477,367.8453608247423,46.8041237113402,81.5979381443299,29.427628865979383,3.7443298969072165,6.5278350515463925,6,9,7,0.48,0.72,0.56,9.0,7.0,6.0,1.5,1.2857142857142858,0.2566137566137566,134.15463917525773,99.0,168.0
resin,12295,493.0,0.25241600000000003,9.801279311441096,784.1023449152876,372.96754563894524,158.68762677484787,108.73225152129818,29.83740365111562,12.69501014198783,8.698580121703854,19,14,9,1.52,1.12,0.72,19.0,14.0,9.0,2.111111111111111,1.3571428571428572,0.2059314954051796,127.15821501014199,88.0,168.0
resin,12313,188.0,0.09625600000000002,7.107547034225343,568.6037627380274,370.4095744680851,57.191489361702125,182.1755319148936,29.63276595744681,4.57531914893617,14.57404255319149,9,11,8,0.72,0.88,0.64,11.0,9.0,8.0,1.375,1.2222222222222223,0.23737373737373738,139.1755319148936,105.0,168.0
resin,12338,143.0,0.07321600000000002,6.488024358591253,519.0419486873002,370.16783216783216,32.93006993006993,107.17482517482517,29.613426573426572,2.6344055944055946,8.573986013986014,7,7,7,0.56,0.56,0.56,7.0,7.0,7.0,1.0,1.0,0.41690962099125367,126.13986013986013,88.0,168.0
resin,12340,276.0,0.14131200000000002,8.077993262067995,646.2394609654395,369.9673913043478,52.52173913043478,152.72101449275362,29.597391304347827,4.201739130434783,12.217681159420291,7,13,8,0.56,1.04,0.64,13.0,8.0,7.0,1.8571428571428572,1.625,0.3791208791208791,137.94565217391303,95.0,168.0
resin,12350,83.0,0.042496000000000006,5.412025364749767,432.96202917998136,370.3614457831325,164.32530120481928,199.6987951807229,29.628915662650602,13.146024096385544,15.975903614457833,7,7,5,0.56,0.56,0.4,7.0,7.0,5.0,1.4,1.0,0.33877551020408164,148.0843373493976,113.0,168.0
resin,12353,80.0,0.04096000000000001,5.346018470287903,427.6814776230322,371.325,25.35,104.4125,29.706,2.028,8.353,7,7,7,0.56,0.56,0.56,7.0,7.0,7.0,1.0,1.0,0.23323615160349853,129.4375,88.0,167.0
resin,12354,128.0,0.06553600000000001,6.252741134374175,500.21929074993403,371.53125,41.734375,173.3359375,29.7225,3.33875,13.866875,8,6,7,0.64,0.48,0.56,8.0,7.0,6.0,1.3333333333333333,1.1428571428571428,0.38095238095238093,130.2578125,92.0,167.0
resin,12358,127.0,0.06502400000000001,6.236415365212329,498.91322921698634,370.6456692913386,82.81102362204724,121.31496062992126,29.651653543307088,6.624881889763779,9.705196850393701,7,6,6,0.56,0.48,0.48,7.0,6.0,6.0,1.1666666666666667,1.1666666666666667,0.503968253968254,129.55905511811022,91.0,168.0
resin,12359,132.0,0.067584,6.317206927705878,505.37655421647025,370.15909090909093,83.85606060606061,114.07575757575758,29.612727272727277,6.708484848484849,9.126060606060607,6,6,7,0.48,0.48,0.56,7.0,6.0,6.0,1.1666666666666667,1.1666666666666667,0.5238095238095238,124.8030303030303,88.0,168.0
resin,12395,153.0,0.07833600000000002,6.635865927138142,530.8692741710514,370.6732026143791,101.98692810457516,170.9738562091503,29.653856209150327,8.158954248366012,13.677908496732025,5,9,8,0.4,0.72,0.64,9.0,8.0,5.0,1.8,1.125,0.425,127.41830065359477,91.0,168.0
resin,12401,99.0,0.05068800000000001,5.7395633987581025,459.1650719006482,372.04040404040404,106.44444444444444,74.37373737373737,29.763232323232323,8.515555555555556,5.94989898989899,6,7,8,0.48,0.56,0.64,8.0,7.0,6.0,1.3333333333333333,1.1428571428571428,0.29464285714285715,141.14141414141415,104.0,167.0
resin,12402,341.0,0.17459200000000002,8.66799367132167,693.4394937057335,373.1876832844575,114.75366568914956,51.03225806451613,29.8550146627566,9.180293255131964,4.082580645161291,10,9,11,0.8,0.72,0.88,11.0,10.0,9.0,1.2222222222222223,1.1,0.34444444444444444,122.11436950146627,88.0,168.0
resin,12403,158.0,0.08089600000000001,6.7073786097756045,536.5902887820483,371.73417721518985,131.41772151898735,199.16455696202533,29.73873417721519,10.513417721518989,15.933164556962026,7,7,6,0.56,0.56,0.48,7.0,7.0,6.0,1.1666666666666667,1.0,0.5374149659863946,139.40506329113924,110.0,168.0
resin,12405,150.0,0.07680000000000001,6.592207650508867,527.3766120407093,371.38666666666666,143.46,81.36,29.710933333333333,11.4768,6.5088,6,7,6,0.48,0.56,0.48,7.0,6.0,6.0,1.1666666666666667,1.1666666666666667,0.5952380952380952,125.4,90.0,168.0
resin,12411,1053.0,0.5391360000000001,12.622438100505004,1009.7950480404004,379.42830009496674,174.79867046533712,181.8784425451092,30.35426400759734,13.98389363722697,14.550275403608737,27,11,30,2.16,0.88,2.4,30.0,27.0,11.0,2.727272727272727,1.1111111111111112,0.11818181818181818,125.10731244064577,88.0,168.0
resin,12441,96.0,0.04915200000000001,5.680992338459954,454.47938707679634,372.6458333333333,128.90625,47.46875,29.811666666666667,10.3125,3.7975,6,9,7,0.48,0.72,0.56,9.0,7.0,6.0,1.5,1.2857142857142858,0.25396825396825395,145.86458333333334,101.0,168.0
resin,12462,106.0,0.05427200000000001,5.871770611970455,469.7416489576364,373.95283018867923,64.50943396226415,65.10377358490567,29.91622641509434,5.160754716981132,5.208301886792453,7,9,5,0.56,0.72,0.4,9.0,7.0,5.0,1.8,1.2857142857142858,0.33650793650793653,146.28301886792454,119.0,168.0
resin,12469,184.0,0.09420800000000001,7.0567771080140504,564.542168641124,374.0108695652174,113.67934782608695,67.81521739130434,29.92086956521739,9.094347826086956,5.425217391304348,7,7,7,0.56,0.56,0.56,7.0,7.0,7.0,1.0,1.0,0.5364431486880467,126.2445652173913,91.0,168.0
resin,12496,1739.0,0.8903680000000002,14.919936905473046,1193.5949524378436,379.57274295572165,35.174238067855086,188.44163312248418,30.365819436457734,2.813939045428407,15.075330649798735,21,25,34,1.68,2.0,2.72,34.0,25.0,21.0,1.619047619047619,1.36,0.09742296918767507,131.7423806785509,88.0,168.0
resin,12532,227.0,0.11622400000000002,7.568487156767453,605.4789725413963,376.66079295154185,30.303964757709252,92.33920704845815,30.132863436123348,2.42431718061674,7.387136563876652,8,7,15,0.64,0.56,1.2,15.0,8.0,7.0,2.142857142857143,1.875,0.2702380952380952,135.40088105726872,91.0,168.0
resin,12542,118.0,0.06041600000000001,6.085474706375493,486.8379765100394,376.00847457627117,99.71186440677967,90.07627118644068,30.080677966101693,7.976949152542374,7.2061016949152545,7,6,7,0.56,0.48,0.56,7.0,7.0,6.0,1.1666666666666667,1.0,0.4013605442176871,131.74576271186442,88.0,168.0
resin,12543,88.0,0.045056000000000006,5.518588563740668,441.4870850992534,374.90909090909093,100.02272727272727,115.98863636363636,29.992727272727276,8.001818181818182,9.27909090909091,5,6,7,0.4,0.48,0.56,7.0,6.0,5.0,1.4,1.1666666666666667,0.41904761904761906,147.98863636363637,112.0,168.0
resin,12553,39306.0,20.124672000000004,42.18454888285346,3374.763910628277,411.03477840533253,154.1941688291864,42.22421513254974,32.8827822724266,12.335533506334912,3.377937210603979,62,67,123,4.96,5.36,9.84,123.0,67.0,62.0,1.9838709677419355,1.835820895522388,0.07692849677654215,127.86482979697756,88.0,168.0
resin,12561,185.0,0.09472000000000001,7.0695380347374215,565.5630427789937,378.23243243243246,173.04324324324324,25.89189189189189,30.258594594594598,13.84345945945946,2.0713513513513515,10,10,11,0.8,0.8,0.88,11.0,10.0,10.0,1.1,1.1,0.16818181818181818,146.5243243243243,105.0,168.0
resin,12562,469.0,0.24012800000000004,9.639579145930556,771.1663316744445,381.3923240938166,175.12366737739873,10.626865671641792,30.51138592750533,14.009893390191898,0.8501492537313433,17,6,12,1.36,0.48,0.96,17.0,12.0,6.0,2.8333333333333335,1.4166666666666667,0.3831699346405229,129.66737739872067,89.0,168.0
resin,12638,182.0,0.09318400000000002,7.031115873720005,562.4892698976004,378.6758241758242,139.2032967032967,198.87912087912088,30.294065934065934,11.136263736263736,15.91032967032967,8,7,6,0.64,0.56,0.48,8.0,7.0,6.0,1.3333333333333333,1.1428571428571428,0.5416666666666666,125.8021978021978,92.0,167.0
resin,12644,214.0,0.10956800000000001,7.421158666229637,593.692693298371,377.58878504672896,151.37383177570092,70.33644859813084,30.207102803738316,12.109906542056073,5.626915887850467,6,8,9,0.48,0.64,0.72,9.0,8.0,6.0,1.5,1.125,0.49537037037037035,126.40186915887851,88.0,168.0
resin,12656,232.0,0.11878400000000001,7.623653004050806,609.8922403240645,379.53879310344826,52.80603448275862,119.47413793103448,30.36310344827586,4.22448275862069,9.557931034482758,7,10,9,0.56,0.8,0.72,10.0,9.0,7.0,1.4285714285714286,1.1111111111111112,0.3682539682539683,138.29310344827587,96.0,168.0
resin,12669,535.0,0.27392000000000005,10.072061909579844,805.7649527663875,381.5214953271028,92.81308411214954,9.757009345794392,30.521719626168224,7.425046728971964,0.7805607476635514,14,12,17,1.12,0.96,1.36,17.0,14.0,12.0,1.4166666666666667,1.2142857142857142,0.1873249299719888,126.60747663551402,89.0,168.0
resin,12686,162.0,0.08294400000000002,6.763509910720959,541.0807928576767,378.88271604938274,136.2469135802469,78.41358024691358,30.31061728395062,10.899753086419754,6.273086419753087,7,8,7,0.56,0.64,0.56,8.0,7.0,7.0,1.1428571428571428,1.1428571428571428,0.413265306122449,127.9074074074074,89.0,168.0
resin,12758,245.0,0.12544000000000002,7.7634689553941065,621.0775164315285,381.50204081632654,88.26122448979592,74.04489795918367,30.520163265306124,7.060897959183674,5.923591836734694,8,9,11,0.64,0.72,0.88,11.0,9.0,8.0,1.375,1.2222222222222223,0.30934343434343436,125.61632653061224,88.0,168.0
resin,12759,1585.0,0.8115200000000001,14.4658363635046,1157.266909080368,384.98359621451107,91.01009463722397,186.3211356466877,30.798687697160887,7.280807570977918,14.905690851735017,16,32,18,1.28,2.56,1.44,32.0,18.0,16.0,2.0,1.7777777777777777,0.17198350694444445,121.94700315457413,88.0,168.0
resin,12782,86.0,0.04403200000000001,5.476460290566693,438.1168232453354,381.8488372093023,151.22093023255815,0.7441860465116279,30.547906976744184,12.097674418604653,0.059534883720930236,8,8,3,0.64,0.64,0.24,8.0,8.0,3.0,2.6666666666666665,1.0,0.4479166666666667,127.54651162790698,92.0,167.0
resin,12785,261.0,0.13363200000000003,7.928918643143567,634.3134914514853,381.14942528735634,154.55938697318007,194.45210727969348,30.49195402298851,12.364750957854406,15.556168582375479,8,10,11,0.64,0.8,0.88,11.0,10.0,8.0,1.375,1.1,0.29659090909090907,128.63601532567048,88.0,168.0
resin,12786,1079.0,0.552448,12.725482970960712,1018.038637676857,391.11492122335494,153.26598702502318,58.10194624652456,31.289193697868395,12.261278962001855,4.648155699721965,22,15,20,1.76,1.2,1.6,22.0,20.0,15.0,1.4666666666666666,1.1,0.16348484848484848,125.84800741427247,88.0,168.0
resin,12793,731.0,0.37427200000000005,11.176511042719651,894.1208834175721,388.18331053351574,24.813953488372093,196.18741450068399,31.05466484268126,1.9851162790697674,15.69499316005472,17,15,15,1.36,1.2,1.2,17.0,15.0,15.0,1.1333333333333333,1.1333333333333333,0.19111111111111112,129.72913816689467,88.0,168.0
resin,12795,94.0,0.04812800000000001,5.641263819521383,451.30110556171064,381.3936170212766,21.51063829787234,165.68085106382978,30.51148936170213,1.7208510638297874,13.254468085106382,6,4,7,0.48,0.32,0.56,7.0,6.0,4.0,1.75,1.1666666666666667,0.5595238095238095,130.5212765957447,95.0,167.0
resin,12799,331.0,0.16947200000000004,8.582420525578566,686.5936420462854,384.214501510574,27.809667673716014,81.33836858006042,30.73716012084592,2.2247734138972812,6.507069486404833,11,12,11,0.88,0.96,0.88,12.0,11.0,11.0,1.0909090909090908,1.0909090909090908,0.22796143250688705,126.33836858006042,88.0,168.0
resin,12805,329.0,0.16844800000000001,8.565099750899904,685.2079800719923,385.42857142857144,51.44984802431611,195.00911854103344,30.834285714285716,4.115987841945289,15.600729483282676,11,9,14,0.88,0.72,1.12,14.0,11.0,9.0,1.5555555555555556,1.2727272727272727,0.23737373737373738,146.25531914893617,113.0,168.0
resin,12809,241.0,0.12339200000000002,7.7209867427694086,617.6789394215527,382.72614107883817,82.63485477178423,2.7468879668049793,30.618091286307052,6.610788381742739,0.21975103734439835,8,10,7,0.64,0.8,0.56,10.0,8.0,7.0,1.4285714285714286,1.25,0.4303571428571429,125.6804979253112,91.0,168.0
resin,12814,355.0,0.18176000000000003,8.785029892292712,702.802391383417,384.2788732394366,90.25070422535211,24.780281690140846,30.74230985915493,7.220056338028169,1.9824225352112677,11,11,14,0.88,0.88,1.12,14.0,11.0,11.0,1.2727272727272727,1.2727272727272727,0.20956316410861867,127.94084507042254,90.0,168.0
resin,12827,531.0,0.27187200000000006,10.046897377720134,803.7517902176107,384.8926553672316,145.78154425612053,74.57815442561206,30.79141242937853,11.662523540489643,5.966252354048964,13,14,23,1.04,1.12,1.84,23.0,14.0,13.0,1.7692307692307692,1.6428571428571428,0.12685140946010512,132.66290018832393,88.0,168.0
resin,12871,398.0,0.20377600000000004,9.126301592353913,730.104127388313,387.27638190954775,160.12060301507537,125.8391959798995,30.98211055276382,12.80964824120603,10.06713567839196,16,13,12,1.28,1.04,0.96,16.0,13.0,12.0,1.3333333333333333,1.2307692307692308,0.1594551282051282,135.01507537688443,88.0,168.0
resin,12872,178.0,0.09113600000000001,6.9792238284142,558.337906273136,384.0280898876405,160.19662921348313,34.04494382022472,30.72224719101124,12.815730337078652,2.7235955056179773,8,9,8,0.64,0.72,0.64,9.0,8.0,8.0,1.125,1.125,0.3090277777777778,134.6573033707865,94.0,168.0
resin,12884,216.0,0.11059200000000002,7.4442058907928,595.536471263424,386.6203703703704,32.19444444444444,150.64814814814815,30.92962962962963,2.5755555555555554,12.051851851851852,12,11,13,0.96,0.88,1.04,13.0,12.0,11.0,1.1818181818181819,1.0833333333333333,0.1258741258741259,142.27777777777777,96.0,168.0
resin,12890,222.0,0.11366400000000002,7.512505172776117,601.0004138220894,385.2072072072072,56.873873873873876,183.0,30.816576576576576,4.5499099099099105,14.64,10,14,8,0.8,1.12,0.64,14.0,10.0,8.0,1.75,1.4,0.1982142857142857,131.96846846846847,90.0,168.0
resin,12946,487.0,0.24934400000000004,9.76135512427311,780.9084099418487,384.95277207392195,130.5687885010267,65.49486652977413,30.796221765913756,10.445503080082135,5.2395893223819305,8,12,15,0.64,0.96,1.2,15.0,12.0,8.0,1.875,1.25,0.33819444444444446,134.60574948665297,89.0,168.0
resin,12947,239.0,0.12236800000000002,7.699569193795551,615.9655355036441,388.01673640167365,143.61087866108787,86.33891213389121,31.04133891213389,11.488870292887029,6.907112970711297,11,10,9,0.88,0.8,0.72,11.0,10.0,9.0,1.2222222222222223,1.1,0.24141414141414141,146.23012552301256,113.0,168.0
resin,12952,129.0,0.06604800000000001,6.268982093389452,501.5185674711562,385.06976744186045,171.6124031007752,1.8527131782945736,30.805581395348838,13.728992248062015,0.14821705426356588,7,7,5,0.56,0.56,0.4,7.0,7.0,5.0,1.4,1.0,0.5265306122448979,128.52713178294573,91.0,168.0
resin,12953,106.0,0.05427200000000001,5.871770611970455,469.7416489576364,384.9339622641509,176.08490566037736,46.27358490566038,30.794716981132073,14.086792452830188,3.7018867924528305,7,4,9,0.56,0.32,0.72,9.0,7.0,4.0,2.25,1.2857142857142858,0.42063492063492064,123.68867924528301,90.0,168.0
resin,12964,1102.0,0.5642240000000001,12.815266954793923,1025.221356383514,389.92377495462796,28.023593466424682,161.6497277676951,31.193901996370236,2.2418874773139748,12.931978221415608,17,14,18,1.36,1.12,1.44,18.0,17.0,14.0,1.2857142857142858,1.0588235294117647,0.2572362278244631,135.513611615245,88.0,168.0
resin,12985,208.0,0.10649600000000002,7.351143561296219,588.0914849036975,385.9423076923077,124.72596153846153,16.052884615384617,30.875384615384615,9.978076923076923,1.2842307692307693,7,8,13,0.56,0.64,1.04,13.0,8.0,7.0,1.8571428571428572,1.625,0.2857142857142857,131.1875,90.0,168.0
resin,12987,115.0,0.05888000000000001,6.033459557881385,482.67676463051083,385.39130434782606,131.9391304347826,89.11304347826086,30.831304347826087,10.55513043478261,7.129043478260869,6,7,6,0.48,0.56,0.48,7.0,6.0,6.0,1.1666666666666667,1.1666666666666667,0.45634920634920634,129.70434782608694,97.0,168.0
resin,12992,164.0,0.08396800000000001,6.791229523398108,543.2983618718487,385.859756097561,158.64634146341464,114.21341463414635,30.86878048780488,12.691707317073172,9.137073170731709,7,8,8,0.56,0.64,0.64,8.0,8.0,7.0,1.1428571428571428,1.0,0.36607142857142855,144.0609756097561,104.0,168.0
resin,13009,213.0,0.10905600000000001,7.409581176811981,592.7664941449585,387.4600938967136,68.83098591549296,7.28169014084507,30.99680751173709,5.506478873239437,0.5825352112676057,8,7,8,0.64,0.56,0.64,8.0,8.0,7.0,1.1428571428571428,1.0,0.47544642857142855,124.88262910798122,88.0,168.0
resin,13010,723.0,0.37017600000000006,11.135589812108375,890.84718496867,398.97786998616874,69.81742738589212,153.06777316735824,31.9182295988935,5.585394190871369,12.24542185338866,29,12,13,2.32,0.96,1.04,29.0,13.0,12.0,2.4166666666666665,2.230769230769231,0.15981432360742706,133.30567081604426,88.0,168.0
resin,13012,840.0,0.4300800000000001,11.706495106410022,936.5196085128018,390.41190476190474,78.83809523809524,139.71547619047618,31.23295238095238,6.307047619047619,11.177238095238094,13,18,17,1.04,1.44,1.36,18.0,17.0,13.0,1.3846153846153846,1.0588235294117647,0.21116138763197587,120.38095238095238,88.0,168.0
resin,13031,263.0,0.13465600000000003,7.949119797058365,635.9295837646691,387.9657794676806,7.475285171102661,126.12167300380229,31.03726235741445,0.598022813688213,10.089733840304183,8,8,9,0.64,0.64,0.72,9.0,8.0,8.0,1.125,1.125,0.4565972222222222,124.22053231939164,88.0,168.0
resin,13035,152.0,0.07782400000000002,6.621377090805707,529.7101672644566,390.1644736842105,33.53947368421053,1.3355263157894737,31.21315789473684,2.6831578947368424,0.10684210526315789,10,8,5,0.8,0.64,0.4,10.0,8.0,5.0,2.0,1.25,0.38,125.72368421052632,90.0,167.0
resin,13047,529.0,0.27084800000000003,10.03426770082679,802.7414160661432,389.9640831758034,93.67485822306239,68.52741020793951,31.197126654064274,7.493988657844991,5.482192816635161,13,16,11,1.04,1.28,0.88,16.0,13.0,11.0,1.4545454545454546,1.2307692307692308,0.2312062937062937,123.84310018903592,89.0,168.0
resin,13052,483.0,0.24729600000000004,9.734556485316405,778.7645188253124,391.5031055900621,97.43478260869566,59.24016563146998,31.320248447204968,7.794782608695653,4.739213250517598,14,9,13,1.12,0.72,1.04,14.0,13.0,9.0,1.5555555555555556,1.0769230769230769,0.2948717948717949,122.7888198757764,89.0,168.0
resin,13053,523.0,0.26777600000000007,9.996186622148898,799.6949297719118,389.8776290630975,100.03824091778203,23.625239005736137,31.1902103250478,8.003059273422563,1.890019120458891,12,12,14,0.96,0.96,1.12,14.0,12.0,12.0,1.1666666666666667,1.1666666666666667,0.2594246031746032,138.5774378585086,90.0,168.0
resin,13054,162.0,0.08294400000000002,6.763509910720959,541.0807928576767,388.4259259259259,116.27160493827161,104.69135802469135,31.074074074074076,9.301728395061728,8.375308641975309,7,9,9,0.56,0.72,0.72,9.0,9.0,7.0,1.2857142857142858,1.0,0.2857142857142857,133.58641975308643,88.0,168.0
resin,13061,132.0,0.067584,6.317206927705878,505.37655421647025,387.0378787878788,170.6590909090909,131.62878787878788,30.963030303030305,13.652727272727272,10.53030303030303,5,9,8,0.4,0.72,0.64,9.0,8.0,5.0,1.8,1.125,0.36666666666666664,131.0681818181818,99.0,168.0
resin,13064,622.0,0.3184640000000001,10.590844400053532,847.2675520042826,391.363344051447,172.975884244373,147.55144694533763,31.309067524115758,13.83807073954984,11.804115755627011,16,12,14,1.28,0.96,1.12,16.0,14.0,12.0,1.3333333333333333,1.1428571428571428,0.23139880952380953,129.2861736334405,88.0,168.0
resin,13089,414.0,0.21196800000000005,9.246993938339084,739.7595150671268,391.219806763285,116.7415458937198,197.8913043478261,31.297584541062804,9.339323671497585,15.831304347826087,12,19,10,0.96,1.52,0.8,19.0,12.0,10.0,1.9,1.5833333333333333,0.18157894736842106,135.67149758454107,95.0,168.0
resin,13091,823.0,0.4213760000000001,11.626983896601853,930.1587117281483,393.76913730255166,128.0546780072904,101.8104495747266,31.501530984204134,10.244374240583232,8.144835965978128,15,17,17,1.2,1.36,1.36,17.0,17.0,15.0,1.1333333333333333,1.0,0.1898500576701269,132.46051032806804,88.0,168.0
resin,13093,238.0,0.12185600000000002,7.688815591542102,615.1052473233682,389.5882352941176,134.9453781512605,21.92016806722689,31.16705882352941,10.79563025210084,1.7536134453781511,8,9,9,0.64,0.72,0.72,9.0,9.0,8.0,1.125,1.0,0.36728395061728397,122.47058823529412,88.0,168.0
resin,13099,102.0,0.052224000000000007,5.796962840557109,463.7570272445687,388.38235294117646,174.31372549019608,199.77450980392157,31.070588235294117,13.945098039215686,15.981960784313726,6,7,4,0.48,0.56,0.32,7.0,6.0,4.0,1.75,1.1666666666666667,0.6071428571428571,124.87254901960785,93.0,165.0
resin,13110,192.0,0.09830400000000002,7.157601831517195,572.6081465213756,391.5364583333333,51.869791666666664,121.35416666666667,31.322916666666664,4.149583333333333,9.708333333333334,12,8,7,0.96,0.64,0.56,12.0,8.0,7.0,1.7142857142857142,1.5,0.2857142857142857,131.89583333333334,91.0,168.0
resin,13124,441.0,0.22579200000000005,9.443797274614035,755.5037819691228,392.1791383219955,162.3310657596372,142.70975056689343,31.374331065759637,12.986485260770976,11.416780045351475,13,14,13,1.04,1.12,1.04,14.0,13.0,13.0,1.0769230769230769,1.0769230769230769,0.1863905325443787,125.14965986394557,89.0,168.0
resin,13129,105.0,0.05376000000000001,5.853247553205011,468.2598042564009,390.06666666666666,31.123809523809523,138.07619047619048,31.205333333333332,2.489904761904762,11.046095238095239,6,7,11,0.48,0.56,0.88,11.0,7.0,6.0,1.8333333333333333,1.5714285714285714,0.22727272727272727,137.84761904761905,90.0,168.0
resin,13150,558.0,0.28569600000000006,10.21437643057238,817.1501144457903,394.61290322580646,173.69713261648747,120.29928315412187,31.569032258064517,13.895770609318998,9.623942652329749,15,14,14,1.2,1.12,1.12,15.0,14.0,14.0,1.0714285714285714,1.0714285714285714,0.18979591836734694,138.61469534050178,91.0,168.0
resin,13158,101.0,0.05171200000000001,5.777956268578565,462.2365014862852,392.0495049504951,64.85148514851485,183.62376237623764,31.363960396039605,5.188118811881188,14.68990099009901,8,6,9,0.64,0.48,0.72,9.0,8.0,6.0,1.5,1.125,0.2337962962962963,144.34653465346534,117.0,168.0
resin,13165,371.0,0.18995200000000004,8.915076942846547,713.2061554277237,394.9433962264151,156.78706199460916,116.18598382749326,31.595471698113208,12.542964959568733,9.29487870619946,14,14,13,1.12,1.12,1.04,14.0,14.0,13.0,1.0769230769230769,1.0,0.14560439560439561,129.49865229110512,88.0,168.0
resin,13170,192.0,0.09830400000000002,7.157601831517195,572.6081465213756,392.5885416666667,171.53645833333334,160.13020833333334,31.407083333333336,13.722916666666668,12.810416666666669,10,11,7,0.8,0.88,0.56,11.0,10.0,7.0,1.5714285714285714,1.1,0.24935064935064935,128.28125,88.0,168.0
resin,13191,160.0,0.08192000000000002,6.7355612038425186,538.8448963074015,393.425,166.04375,113.33125,31.474,13.2835,9.0665,8,5,8,0.64,0.4,0.64,8.0,8.0,5.0,1.6,1.0,0.5,127.96875,88.0,168.0
resin,13203,1388.0,0.7106560000000001,13.839814886056446,1107.1851908845158,400.03890489913545,42.528097982708935,197.09438040345822,32.003112391930834,3.4022478386167148,15.767550432276657,22,23,11,1.76,1.84,0.88,23.0,22.0,11.0,2.090909090909091,1.0454545454545454,0.24937118217750628,123.18155619596541,88.0,168.0
resin,13220,292.0,0.14950400000000003,8.231166936456948,658.4933549165557,394.9349315068493,145.42465753424656,116.24657534246575,31.594794520547943,11.633972602739725,9.29972602739726,9,9,9,0.72,0.72,0.72,9.0,9.0,9.0,1.0,1.0,0.40054869684499317,125.70547945205479,90.0,168.0
resin,13223,106.0,0.05427200000000001,5.871770611970455,469.7416489576364,392.77358490566036,174.4056603773585,78.49056603773585,31.421886792452828,13.95245283018868,6.279245283018867,5,7,9,0.4,0.56,0.72,9.0,7.0,5.0,1.8,1.2857142857142858,0.33650793650793653,132.18867924528303,100.0,167.0
resin,13234,308.0,0.15769600000000003,8.378842586487032,670.3074069189626,395.3279220779221,79.70454545454545,127.68831168831169,31.626233766233767,6.376363636363636,10.215064935064936,8,7,16,0.64,0.56,1.28,16.0,8.0,7.0,2.2857142857142856,2.0,0.34375,131.7792207792208,88.0,168.0
resin,13241,154.0,0.07884800000000002,6.650291768032731,532.0233414426185,394.72727272727275,126.28571428571429,67.27272727272727,31.57818181818182,10.102857142857143,5.381818181818182,6,9,9,0.48,0.72,0.72,9.0,9.0,6.0,1.5,1.0,0.3168724279835391,131.71428571428572,98.0,168.0
resin,13246,186.0,0.09523200000000001,7.082253058598753,566.5802446879003,398.7795698924731,1.39247311827957,2.3010752688172045,31.90236559139785,0.1113978494623656,0.18408602150537637,12,5,9,0.96,0.4,0.72,12.0,9.0,5.0,2.4,1.3333333333333333,0.34444444444444444,120.95698924731182,88.0,168.0
resin,13248,94.0,0.04812800000000001,5.641263819521383,451.30110556171064,395.21276595744683,5.74468085106383,64.74468085106383,31.617021276595747,0.4595744680851064,5.179574468085106,5,7,6,0.4,0.56,0.48,7.0,6.0,5.0,1.4,1.1666666666666667,0.44761904761904764,128.10638297872342,96.0,168.0
resin,13259,106.0,0.05427200000000001,5.871770611970455,469.7416489576364,395.2358490566038,60.29245283018868,103.80188679245283,31.618867924528306,4.8233962264150945,8.304150943396227,6,7,6,0.48,0.56,0.48,7.0,6.0,6.0,1.1666666666666667,1.1666666666666667,0.42063492063492064,132.71698113207546,92.0,168.0
resin,13260,622.0,0.3184640000000001,10.590844400053532,847.2675520042826,401.7636655948553,66.88102893890675,145.33440514469453,32.14109324758842,5.35048231511254,11.626752411575563,18,18,13,1.44,1.44,1.04,18.0,18.0,13.0,1.3846153846153846,1.0,0.14767331433998102,126.59485530546624,88.0,168.0
resin,13261,137.0,0.07014400000000001,6.395983209011851,511.6786567209481,396.8029197080292,71.37956204379562,1.1532846715328466,31.744233576642337,5.7103649635036495,0.09226277372262773,8,8,4,0.64,0.64,0.32,8.0,8.0,4.0,2.0,1.0,0.53515625,128.5036496350365,96.0,168.0
resin,13282,168.0,0.08601600000000001,6.845999868689003,547.6799894951203,397.35714285714283,27.773809523809526,171.19642857142858,31.788571428571426,2.2219047619047623,13.695714285714287,7,7,7,0.56,0.56,0.56,7.0,7.0,7.0,1.0,1.0,0.4897959183673469,125.9702380952381,92.0,168.0
resin,13283,429.0,0.21964800000000004,9.357350343322233,748.5880274657786,400.4452214452214,28.27972027972028,148.34498834498834,32.03561771561771,2.2623776223776226,11.867599067599068,14,10,10,1.12,0.8,0.8,14.0,10.0,10.0,1.4,1.4,0.30642857142857144,140.3006993006993,97.0,168.0
resin,13287,137.0,0.07014400000000001,6.395983209011851,511.6786567209481,398.4379562043796,43.35766423357664,118.62773722627738,31.87503649635037,3.4686131386861314,9.49021897810219,8,8,6,0.64,0.64,0.48,8.0,8.0,6.0,1.3333333333333333,1.0,0.3567708333333333,143.54744525547446,106.0,168.0
resin,13292,309.0,0.15820800000000002,8.387900801742607,671.0320641394085,398.22330097087377,72.59870550161813,188.9935275080906,31.857864077669902,5.807896440129451,15.11948220064725,9,8,9,0.72,0.64,0.72,9.0,9.0,8.0,1.125,1.0,0.47685185185185186,121.19741100323624,88.0,168.0
resin,13293,156.0,0.07987200000000001,6.678957173048376,534.3165738438701,396.2371794871795,79.53846153846153,179.87820512820514,31.69897435897436,6.363076923076923,14.390256410256411,6,6,7,0.48,0.48,0.56,7.0,6.0,6.0,1.1666666666666667,1.1666666666666667,0.6190476190476191,140.94230769230768,102.0,166.0
resin,13296,133.0,0.06809600000000002,6.333119354948481,506.64954839587847,397.09774436090225,88.45112781954887,187.29323308270676,31.767819548872183,7.0760902255639095,14.98345864661654,7,6,7,0.56,0.48,0.56,7.0,7.0,6.0,1.1666666666666667,1.0,0.4523809523809524,127.40601503759399,91.0,168.0
resin,13303,196.0,0.10035200000000001,7.20696616269135,576.557293015308,397.4795918367347,131.81632653061226,137.94897959183675,31.798367346938775,10.54530612244898,11.03591836734694,8,7,9,0.64,0.56,0.72,9.0,8.0,7.0,1.2857142857142858,1.125,0.3888888888888889,139.80612244897958,104.0,168.0
resin,13320,106.0,0.05427200000000001,5.871770611970455,469.7416489576364,397.9622641509434,55.424528301886795,35.839622641509436,31.836981132075472,4.433962264150944,2.867169811320755,8,11,9,0.64,0.88,0.72,11.0,9.0,8.0,1.375,1.2222222222222223,0.13383838383838384,145.89622641509433,101.0,168.0
resin,13322,177.0,0.09062400000000001,6.966129569086082,557.2903655268865,397.20338983050846,58.175141242937855,144.72881355932202,31.776271186440677,4.6540112994350284,11.578305084745763,6,12,8,0.48,0.96,0.64,12.0,8.0,6.0,2.0,1.5,0.3072916666666667,141.3050847457627,94.0,168.0
resin,13325,130.0,0.06656000000000001,6.285139335191904,502.8111468153523,397.37692307692305,66.41538461538461,177.73846153846154,31.790153846153846,5.313230769230769,14.219076923076923,6,6,6,0.48,0.48,0.48,6.0,6.0,6.0,1.0,1.0,0.6018518518518519,141.22307692307692,103.0,168.0
resin,13333,3638.0,1.8626560000000003,19.08188865983009,1526.551092786407,415.62561847168774,131.23117097306212,90.46564046179219,33.25004947773502,10.49849367784497,7.237251236943376,40,30,42,3.2,2.4,3.36,42.0,40.0,30.0,1.4,1.05,0.07218253968253968,129.80263881253435,88.0,168.0
resin,13335,104.0,0.05324800000000001,5.834606511185437,466.768520894835,396.9519230769231,151.76923076923077,108.1923076923077,31.756153846153847,12.141538461538461,8.655384615384616,6,6,7,0.48,0.48,0.56,7.0,6.0,6.0,1.1666666666666667,1.1666666666666667,0.4126984126984127,146.66346153846155,119.0,168.0
resin,13343,281.0,0.14387200000000003,8.126481777777476,650.1185422221981,399.270462633452,26.31316725978648,126.41281138790036,31.94163701067616,2.1050533807829184,10.11302491103203,8,8,8,0.64,0.64,0.64,8.0,8.0,8.0,1.0,1.0,0.548828125,121.6049822064057,88.0,168.0
resin,13348,672.0,0.34406400000000004,10.86734739333108,869.3877914664864,402.2916666666667,60.629464285714285,190.58333333333334,32.18333333333334,4.850357142857143,15.246666666666668,13,13,13,1.04,1.04,1.04,13.0,13.0,13.0,1.0,1.0,0.3058716431497497,136.18303571428572,88.0,168.0
resin,13352,128.0,0.06553600000000001,6.252741134374175,500.21929074993403,398.421875,90.4375,72.9140625,31.87375,7.235,5.833125,6,6,7,0.48,0.48,0.56,7.0,6.0,6.0,1.1666666666666667,1.1666666666666667,0.5079365079365079,141.109375,107.0,168.0
resin,13353,141.0,0.072192,6.457635040206935,516.6108032165548,399.20567375886526,97.56737588652483,73.46099290780141,31.93645390070922,7.805390070921987,5.876879432624113,7,7,6,0.56,0.56,0.48,7.0,7.0,6.0,1.1666666666666667,1.0,0.47959183673469385,138.75886524822695,97.0,168.0
resin,13361,152.0,0.07782400000000002,6.621377090805707,529.7101672644566,398.5,141.73684210526315,39.723684210526315,31.88,11.338947368421053,3.1778947368421053,6,8,8,0.48,0.64,0.64,8.0,8.0,6.0,1.3333333333333333,1.0,0.3958333333333333,128.03947368421052,89.0,168.0
resin,13363,585.0,0.29952000000000006,10.376536416984802,830.1229133587842,402.24444444444447,147.74529914529916,96.7094017094017,32.17955555555556,11.819623931623934,7.736752136752137,16,14,15,1.28,1.12,1.2,16.0,15.0,14.0,1.1428571428571428,1.0666666666666667,0.17410714285714285,131.83589743589744,89.0,168.0
resin,13383,374.0,0.19148800000000002,8.939042318744612,715.1233854995689,401.2647058823529,68.12566844919786,101.95989304812834,32.101176470588236,5.450053475935829,8.156791443850267,10,10,11,0.8,0.8,0.88,11.0,10.0,10.0,1.1,1.1,0.34,122.3663101604278,88.0,168.0
resin,13384,420.0,0.21504000000000004,9.291451323387925,743.316105871034,400.8904761904762,73.87142857142857,174.53333333333333,32.071238095238094,5.909714285714285,13.962666666666667,10,8,16,0.8,0.64,1.28,16.0,10.0,8.0,2.0,1.6,0.328125,125.20476190476191,88.0,168.0
resin,13389,167.0,0.08550400000000001,6.832389495079439,546.5911596063551,400.3532934131737,122.16766467065868,90.81437125748504,32.0282634730539,9.773413173652695,7.265149700598803,8,8,8,0.64,0.64,0.64,8.0,8.0,8.0,1.0,1.0,0.326171875,142.98203592814372,108.0,168.0
resin,13400,842.0,0.4311040000000001,11.715778611574557,937.2622889259645,403.249406175772,170.10451306413302,140.70902612826603,32.25995249406176,13.608361045130641,11.256722090261283,14,16,16,1.12,1.28,1.28,16.0,16.0,14.0,1.1428571428571428,1.0,0.23493303571428573,127.05106888361045,88.0,168.0
resin,13403,701.0,0.35891200000000006,11.021476996575512,881.718159726041,407.8459343794579,171.15834522111268,196.4079885877318,32.62767475035663,13.692667617689015,15.712639087018545,24,14,12,1.92,1.12,0.96,24.0,14.0,12.0,2.0,1.7142857142857142,0.17385912698412698,134.08131241084166,88.0,168.0
resin,13411,288.0,0.14745600000000003,8.193408759063548,655.4727007250838,401.7916666666667,29.350694444444443,14.065972222222221,32.14333333333334,2.3480555555555553,1.1252777777777778,9,9,9,0.72,0.72,0.72,9.0,9.0,9.0,1.0,1.0,0.3950617283950617,124.49652777777777,91.0,168.0
resin,13436,663.0,0.33945600000000004,10.818614239017208,865.4891391213766,403.33785822021116,2.9879336349924586,143.98793363499246,32.26702865761689,0.23903469079939668,11.519034690799398,10,10,25,0.8,0.8,2.0,25.0,10.0,10.0,2.5,2.5,0.2652,126.60482654600301,88.0,168.0
resin,13445,115.0,0.05888000000000001,6.033459557881385,482.67676463051083,401.8434782608696,68.58260869565217,61.45217391304348,32.14747826086957,5.486608695652174,4.916173913043479,7,6,7,0.56,0.48,0.56,7.0,7.0,6.0,1.1666666666666667,1.0,0.391156462585034,139.34782608695653,106.0,168.0
resin,13457,122.0,0.06246400000000001,6.153474465532757,492.2779572426206,402.827868852459,35.63934426229508,8.254098360655737,32.226229508196724,2.851147540983607,0.660327868852459,7,6,6,0.56,0.48,0.48,7.0,6.0,6.0,1.1666666666666667,1.1666666666666667,0.48412698412698413,141.327868852459,97.0,167.0
resin,13459,3979.0,2.0372480000000004,19.66037386891815,1572.829909513452,420.40135712490576,61.64790148278462,191.96481528022116,33.63210856999246,4.931832118622769,15.357185222417693,35,43,26,2.8000000000000003,3.44,2.08,43.0,35.0,26.0,1.6538461538461537,1.2285714285714286,0.10168668540761563,125.19778838904247,88.0,168.0
resin,13467,117.0,0.05990400000000001,6.068235308895068,485.4588247116055,402.37606837606836,96.58119658119658,80.65811965811966,32.19008547008547,7.726495726495727,6.452649572649573,6,6,6,0.48,0.48,0.48,6.0,6.0,6.0,1.0,1.0,0.5416666666666666,143.68376068376068,108.0,168.0
resin,13471,389.0,0.19916800000000004,9.056985233535592,724.5588186828473,408.45501285347046,118.02827763496144,67.65038560411311,32.67640102827764,9.442262210796915,5.412030848329049,14,9,9,1.12,0.72,0.72,14.0,9.0,9.0,1.5555555555555556,1.5555555555555556,0.3430335097001764,124.01542416452442,88.0,168.0
resin,13485,1985.0,1.0163200000000001,15.592675095639217,1247.4140076511374,412.60352644836274,39.04433249370277,175.51284634760705,33.00828211586902,3.1235465994962217,14.041027707808565,21,20,32,1.68,1.6,2.56,32.0,21.0,20.0,1.6,1.5238095238095237,0.14769345238095238,132.5198992443325,88.0,168.0
resin,13496,103.0,0.05273600000000001,5.815845589022965,465.2676471218372,403.50485436893206,127.16504854368932,106.8252427184466,32.28038834951457,10.173203883495146,8.546019417475728,7,7,8,0.56,0.56,0.64,8.0,7.0,7.0,1.1428571428571428,1.1428571428571428,0.2627551020408163,134.94174757281553,94.0,168.0
resin,13498,246.0,0.125952,7.774017159882491,621.9213727905993,404.6056910569106,138.369918699187,107.59349593495935,32.368455284552844,11.06959349593496,8.607479674796748,9,9,12,0.72,0.72,0.96,12.0,9.0,9.0,1.3333333333333333,1.3333333333333333,0.25308641975308643,143.3861788617886,103.0,168.0
resin,13499,239.0,0.12236800000000002,7.699569193795551,615.9655355036441,408.1673640167364,151.53138075313808,113.51046025104603,32.65338912133892,12.122510460251046,9.080836820083682,15,11,8,1.2,0.88,0.64,15.0,11.0,8.0,1.875,1.3636363636363635,0.18106060606060606,141.7489539748954,99.0,168.0
resin,13500,353.0,0.18073600000000004,8.768501104627408,701.4800883701926,404.94617563739376,151.1558073654391,188.8470254957507,32.3956940509915,12.092464589235128,15.107762039660056,9,10,9,0.72,0.8,0.72,10.0,9.0,9.0,1.1111111111111112,1.1111111111111112,0.43580246913580245,120.09065155807366,88.0,168.0
resin,13510,413.0,0.21145600000000003,9.239542691004052,739.1634152803242,405.8450363196126,19.922518159806295,169.68280871670703,32.46760290556901,1.5938014527845037,13.574624697336562,9,11,11,0.72,0.88,0.88,11.0,11.0,9.0,1.2222222222222223,1.0,0.379247015610652,120.20096852300242,88.0,168.0
resin,13523,257.0,0.13158400000000003,7.888204607836698,631.0563686269359,406.58365758754866,81.57587548638132,190.60311284046693,32.526692607003895,6.526070038910506,15.248249027237355,9,8,9,0.72,0.64,0.72,9.0,9.0,8.0,1.125,1.0,0.3966049382716049,123.40077821011673,88.0,168.0
resin,13526,204.0,0.10444800000000001,7.303715508276279,584.2972406621024,404.80882352941177,85.30392156862744,142.79901960784315,32.38470588235294,6.824313725490196,11.423921568627453,7,7,7,0.56,0.56,0.56,7.0,7.0,7.0,1.0,1.0,0.5947521865889213,137.4313725490196,100.0,168.0
resin,13532,83.0,0.042496000000000006,5.412025364749767,432.96202917998136,406.69879518072287,130.9156626506024,120.98795180722891,32.53590361445783,10.473253012048191,9.679036144578314,10,8,7,0.8,0.64,0.56,10.0,8.0,7.0,1.4285714285714286,1.25,0.14821428571428572,147.36144578313252,111.0,168.0
resin,13536,106.0,0.05427200000000001,5.871770611970455,469.7416489576364,404.45283018867923,156.1509433962264,93.14150943396227,32.35622641509434,12.492075471698113,7.451320754716981,6,7,7,0.48,0.56,0.56,7.0,7.0,6.0,1.1666666666666667,1.0,0.36054421768707484,147.26415094339623,116.0,168.0
resin,13550,863.0,0.4418560000000001,11.812379497374485,944.9903597899588,408.73001158748554,78.17960602549246,53.585168018539974,32.69840092699884,6.254368482039397,4.286813441483198,16,20,20,1.28,1.6,1.6,20.0,20.0,16.0,1.25,1.0,0.13484375,136.14484356894553,88.0,168.0
resin,13557,114.0,0.05836800000000001,6.015920332305007,481.2736265844006,407.4736842105263,90.08771929824562,200.05263157894737,32.59789473684211,7.207017543859649,16.00421052631579,10,9,5,0.8,0.72,0.4,10.0,9.0,5.0,2.0,1.1111111111111112,0.25333333333333335,144.0438596491228,99.0,168.0
resin,13559,673.0,0.34457600000000005,10.872735270958106,869.8188216766484,408.4546805349183,104.98068350668647,26.053491827637444,32.67637444279346,8.398454680534918,2.0842793462109954,11,11,18,0.88,0.88,1.44,18.0,11.0,11.0,1.6363636363636365,1.6363636363636365,0.30899908172635443,121.30163447251114,88.0,168.0
resin,13562,109.0,0.05580800000000001,5.926650153721812,474.13201229774495,405.6788990825688,119.29357798165138,193.37614678899084,32.454311926605506,9.543486238532111,15.470091743119267,6,10,6,0.48,0.8,0.48,10.0,6.0,6.0,1.6666666666666667,1.6666666666666667,0.30277777777777776,145.55045871559633,111.0,168.0
resin,13570,1125.0,0.5760000000000001,12.903810207421492,1032.3048165937194,415.4053333333333,5.341333333333333,126.61955555555555,33.23242666666667,0.42730666666666667,10.129564444444444,23,13,17,1.84,1.04,1.36,23.0,17.0,13.0,1.7692307692307692,1.3529411764705883,0.2213259885894157,121.67466666666667,88.0,168.0
resin,13587,85.0,0.04352000000000001,5.455150891048748,436.4120712838999,405.83529411764704,116.37647058823529,40.082352941176474,32.46682352941176,9.310117647058824,3.206588235294118,5,6,8,0.4,0.48,0.64,8.0,6.0,5.0,1.6,1.3333333333333333,0.3541666666666667,144.7058823529412,116.0,167.0
resin,13590,352.0,0.18022400000000002,8.76021329146161,700.8170633169289,410.03409090909093,129.2443181818182,196.4403409090909,32.802727272727275,10.339545454545455,15.715227272727272,12,14,12,0.96,1.12,0.96,14.0,12.0,12.0,1.1666666666666667,1.1666666666666667,0.1746031746031746,134.82954545454547,89.0,168.0
resin,13593,103.0,0.05273600000000001,5.815845589022965,465.2676471218372,406.126213592233,140.67961165048544,120.45631067961165,32.49009708737864,11.254368932038835,9.636504854368932,5,7,7,0.4,0.56,0.56,7.0,7.0,5.0,1.4,1.0,0.4204081632653061,148.0097087378641,121.0,168.0
resin,13597,175.0,0.08960000000000001,6.939792343839249,555.18338750714,406.5942857142857,162.1942857142857,123.22857142857143,32.527542857142855,12.975542857142857,9.858285714285714,7,7,7,0.56,0.56,0.56,7.0,7.0,7.0,1.0,1.0,0.5102040816326531,127.30285714285715,88.0,168.0
resin,13645,362.0,0.18534400000000004,8.842396451724207,707.3917161379366,411.68232044198896,63.828729281767956,181.47237569060775,32.93458563535912,5.106298342541437,14.51779005524862,12,10,10,0.96,0.8,0.8,12.0,10.0,10.0,1.2,1.2,0.3016666666666667,132.32596685082873,90.0,168.0
resin,13646,3158.0,1.6168960000000003,18.20278478843469,1456.2227830747752,423.8204559848005,55.7359088030399,176.05193160227992,33.90563647878404,4.458872704243192,14.084154528182394,29,52,39,2.32,4.16,3.12,52.0,39.0,29.0,1.793103448275862,1.3333333333333333,0.05369652451880569,123.97910069664344,88.0,168.0
resin,13685,841.0,0.4305920000000001,11.711138698767874,936.8910959014299,418.96195005945305,165.59453032104636,111.6718192627824,33.516956004756246,13.247562425683709,8.933745541022592,23,16,12,1.84,1.28,0.96,23.0,16.0,12.0,1.9166666666666667,1.4375,0.19044384057971014,124.53032104637336,88.0,168.0
resin,13689,478.0,0.24473600000000004,9.700849302385112,776.0679441908089,412.56066945606693,9.700836820083682,175.6171548117155,33.00485355648536,0.7760669456066945,14.04937238493724,10,11,10,0.8,0.88,0.8,11.0,10.0,10.0,1.1,1.1,0.43454545454545457,119.92259414225941,88.0,168.0
resin,13693,1380.0,0.7065600000000001,13.8131741755527,1105.053934044216,419.7869565217391,45.31086956521739,117.10144927536231,33.58295652173913,3.624869565217391,9.368115942028986,27,18,20,2.16,1.44,1.6,27.0,20.0,18.0,1.5,1.35,0.1419753086419753,122.5195652173913,88.0,168.0
resin,13695,112.0,0.057344000000000006,5.980531746873981,478.4425397499185,411.38392857142856,66.00892857142857,1.2946428571428572,32.910714285714285,5.280714285714286,0.10357142857142858,9,7,4,0.72,0.56,0.32,9.0,7.0,4.0,2.25,1.2857142857142858,0.4444444444444444,130.22321428571428,92.0,168.0
resin,13696,520.0,0.26624000000000003,9.977036792450336,798.1629433960269,412.12115384615385,75.50576923076923,177.80576923076924,32.969692307692306,6.040461538461539,14.22446153846154,10,10,11,0.8,0.8,0.88,11.0,10.0,10.0,1.1,1.1,0.4727272727272727,118.44423076923077,88.0,168.0
resin,13698,117.0,0.05990400000000001,6.068235308895068,485.4588247116055,412.1709401709402,78.83760683760684,135.57264957264957,32.973675213675214,6.3070085470085475,10.845811965811965,9,5,8,0.72,0.4,0.64,9.0,8.0,5.0,1.8,1.125,0.325,136.10256410256412,100.0,168.0
resin,13710,149.0,0.07628800000000001,6.57752562495326,526.2020499962608,412.5436241610738,153.70469798657717,199.48322147651007,33.003489932885905,12.296375838926174,15.958657718120806,10,9,6,0.8,0.72,0.48,10.0,9.0,6.0,1.6666666666666667,1.1111111111111112,0.2759259259259259,129.70469798657717,89.0,168.0
resin,13718,99.0,0.05068800000000001,5.7395633987581025,459.1650719006482,412.4949494949495,5.909090909090909,54.888888888888886,32.99959595959596,0.4727272727272727,4.391111111111111,7,8,5,0.56,0.64,0.4,8.0,7.0,5.0,1.6,1.1428571428571428,0.3535714285714286,133.67676767676767,96.0,168.0
resin,13722,613.0,0.3138560000000001,10.5395147846152,843.161182769216,415.57911908646,19.399673735725937,2.135399673735726,33.2463295269168,1.551973898858075,0.17083197389885807,17,17,8,1.36,1.36,0.64,17.0,17.0,8.0,2.125,1.0,0.26513840830449825,134.3605220228385,88.0,168.0
resin,13758,180.0,0.09216000000000002,7.005265949644415,560.4212759715532,413.71666666666664,142.80555555555554,131.44444444444446,33.09733333333333,11.424444444444443,10.515555555555556,9,7,8,0.72,0.56,0.64,9.0,8.0,7.0,1.2857142857142858,1.125,0.35714285714285715,125.2388888888889,91.0,168.0
resin,13761,93.0,0.047616000000000006,5.62118797776233,449.69503822098636,412.35483870967744,1.2043010752688172,39.344086021505376,32.9883870967742,0.09634408602150538,3.14752688172043,7,4,8,0.56,0.32,0.64,8.0,7.0,4.0,2.0,1.1428571428571428,0.41517857142857145,143.11827956989248,110.0,168.0
resin,13764,157.0,0.08038400000000001,6.693198063015236,535.4558450412189,412.8407643312102,13.853503184713375,28.866242038216562,33.02726114649682,1.10828025477707,2.309299363057325,7,7,7,0.56,0.56,0.56,7.0,7.0,7.0,1.0,1.0,0.4577259475218659,141.70063694267515,108.0,168.0
resin,13789,442.0,0.22630400000000003,9.450930054723393,756.0744043778715,414.28506787330315,136.51809954751133,79.36199095022624,33.142805429864254,10.921447963800906,6.3489592760181,10,11,10,0.8,0.88,0.8,11.0,10.0,10.0,1.1,1.1,0.4018181818181818,121.82805429864253,88.0,168.0
resin,13791,139.0,0.07116800000000001,6.426956976396133,514.1565581116906,412.3093525179856,157.0431654676259,191.33812949640287,32.98474820143885,12.563453237410073,15.30705035971223,6,7,6,0.48,0.56,0.48,7.0,6.0,6.0,1.1666666666666667,1.1666666666666667,0.5515873015873016,125.58273381294964,88.0,168.0
resin,13807,120.0,0.06144000000000001,6.119663483891738,489.57307871133906,413.94166666666666,103.475,11.825,33.11533333333333,8.278,0.946,7,6,6,0.56,0.48,0.48,7.0,6.0,6.0,1.1666666666666667,1.1666666666666667,0.47619047619047616,143.10833333333332,110.0,168.0
resin,13814,246.0,0.125952,7.774017159882491,621.9213727905993,414.3048780487805,145.46747967479675,122.34552845528455,33.14439024390244,11.637398373983741,9.787642276422764,8,8,8,0.64,0.64,0.64,8.0,8.0,8.0,1.0,1.0,0.48046875,139.33333333333334,93.0,168.0
resin,13822,126.0,0.06451200000000001,6.220003669960456,497.6002935968365,416.08730158730157,1.0873015873015872,104.26190476190476,33.28698412698412,0.08698412698412698,8.34095238095238,10,4,9,0.8,0.32,0.72,10.0,9.0,4.0,2.5,1.1111111111111112,0.35,137.37301587301587,93.0,167.0
resin,13827,849.0,0.4346880000000001,11.748155582460534,939.8524465968427,416.8610129564193,9.78680800942285,40.3922261484099,33.348881036513546,0.7829446407538281,3.231378091872792,11,17,16,0.88,1.36,1.28,17.0,16.0,11.0,1.5454545454545454,1.0625,0.2837566844919786,133.96466431095408,88.0,168.0
resin,13829,186.0,0.09523200000000001,7.082253058598753,566.5802446879003,415.9516129032258,25.36021505376344,166.7311827956989,33.27612903225806,2.0288172043010753,13.338494623655913,10,7,9,0.8,0.56,0.72,10.0,9.0,7.0,1.4285714285714286,1.1111111111111112,0.29523809523809524,128.74193548387098,89.0,168.0
resin,13832,220.0,0.11264000000000002,7.489877008078426,599.1901606462741,418.29545454545456,34.05909090909091,100.15454545454546,33.46363636363637,2.724727272727273,8.012363636363636,12,11,11,0.96,0.88,0.88,12.0,11.0,11.0,1.0909090909090908,1.0909090909090908,0.15151515151515152,135.22272727272727,88.0,168.0
resin,13841,159.0,0.08140800000000001,6.721499448528673,537.7199558822939,414.8867924528302,61.893081761006286,150.43396226415095,33.190943396226416,4.951446540880503,12.034716981132076,7,7,6,0.56,0.56,0.48,7.0,7.0,6.0,1.1666666666666667,1.0,0.5408163265306123,126.89308176100629,88.0,167.0
resin,13855,1192.0,0.6103040000000001,13.15505124990652,1052.4040999925217,425.27852348993287,173.6971476510067,73.24244966442953,34.02228187919463,13.895771812080536,5.859395973154363,23,11,24,1.84,0.88,1.92,24.0,23.0,11.0,2.1818181818181817,1.0434782608695652,0.1963109354413702,126.31124161073825,88.0,168.0
resin,13858,567.0,0.29030400000000006,10.268999803033505,821.5199842426805,418.81657848324517,29.368606701940035,180.30864197530863,33.505326278659616,2.349488536155203,14.42469135802469,13,14,14,1.04,1.12,1.12,14.0,14.0,13.0,1.0769230769230769,1.0,0.22252747252747251,121.0352733686067,88.0,168.0
resin,13868,809.0,0.4142080000000001,11.560677862454838,924.8542289963871,421.9653893695921,85.61804697156984,7.773794808405439,33.75723114956737,6.849443757725587,0.6219035846724351,17,15,16,1.36,1.2,1.28,17.0,16.0,15.0,1.1333333333333333,1.0625,0.19828431372549019,123.33498145859085,88.0,168.0
resin,13878,110.0,0.05632000000000001,5.944719320868062,475.57754566944493,417.6727272727273,165.93636363636364,199.3,33.413818181818186,13.274909090909091,15.944,9,9,7,0.72,0.72,0.56,9.0,9.0,7.0,1.2857142857142858,1.0,0.19400352733686066,130.33636363636364,88.0,168.0
resin,13892,141.0,0.072192,6.457635040206935,516.6108032165548,416.83687943262413,80.65248226950355,157.4255319148936,33.34695035460993,6.4521985815602845,12.594042553191489,7,7,7,0.56,0.56,0.56,7.0,7.0,7.0,1.0,1.0,0.4110787172011662,132.98581560283688,93.0,168.0
resin,13905,1977.0,1.0122240000000002,15.57169955312109,1245.7359642496872,423.96914516944867,125.50025290844714,189.89276681841173,33.917531613555894,10.04002023267577,15.19142134547294,19,32,25,1.52,2.56,2.0,32.0,25.0,19.0,1.6842105263157894,1.28,0.13006578947368422,127.27516439049064,88.0,168.0
resin,13909,2274.0,1.1642880000000002,16.31538323054481,1305.2306584435848,426.2585751978892,161.73131046613895,128.68865435356201,34.10068601583114,12.938504837291116,10.295092348284962,21,28,35,1.68,2.24,2.8000000000000003,35.0,28.0,21.0,1.6666666666666667,1.25,0.11049562682215744,133.12005277044855,88.0,168.0
resin,13914,195.0,0.09984000000000001,7.194688513426352,575.5750810741082,420.0,175.3897435897436,59.04102564102564,33.6,14.031179487179488,4.723282051282052,15,6,12,1.2,0.48,0.96,15.0,12.0,6.0,2.5,1.25,0.18055555555555555,140.07692307692307,91.0,168.0
resin,13919,527.0,0.26982400000000006,10.021606150847349,801.7284920677879,421.10056925996207,37.52561669829222,157.36812144212524,33.68804554079696,3.0020493358633775,12.58944971537002,15,12,14,1.2,0.96,1.12,15.0,14.0,12.0,1.25,1.0714285714285714,0.20912698412698413,123.2011385199241,88.0,168.0
resin,13929,100.0,0.05120000000000001,5.758823822969721,460.7059058375777,418.46,82.45,131.31,33.4768,6.596,10.504800000000001,7,6,7,0.56,0.48,0.56,7.0,7.0,6.0,1.1666666666666667,1.0,0.3401360544217687,133.29,94.0,168.0
resin,13933,166.0,0.08499200000000001,6.818724679613211,545.4979743690568,417.62048192771084,108.31927710843374,190.19277108433735,33.40963855421687,8.6655421686747,15.21542168674699,7,9,10,0.56,0.72,0.8,10.0,9.0,7.0,1.4285714285714286,1.1111111111111112,0.2634920634920635,144.81927710843374,90.0,168.0
resin,13939,309.0,0.15820800000000002,8.387900801742607,671.0320641394085,420.6990291262136,127.0032362459547,32.90291262135922,33.655922330097084,10.160258899676377,2.6322330097087376,13,8,7,1.04,0.64,0.56,13.0,8.0,7.0,1.8571428571428572,1.625,0.42445054945054944,127.59223300970874,91.0,168.0
resin,13982,284.0,0.14540800000000004,8.155299330204066,652.4239464163253,420.0633802816901,153.78521126760563,158.47535211267606,33.605070422535206,12.30281690140845,12.678028169014086,9,10,9,0.72,0.8,0.72,10.0,9.0,9.0,1.1111111111111112,1.1111111111111112,0.3506172839506173,124.42605633802818,88.0,168.0
resin,13988,155.0,0.07936000000000001,6.664655293794288,533.1724235035431,420.2451612903226,1.6709677419354838,61.05161290322581,33.61961290322581,0.1336774193548387,4.884129032258065,11,6,9,0.88,0.48,0.72,11.0,9.0,6.0,1.8333333333333333,1.2222222222222223,0.2609427609427609,142.00645161290322,99.0,168.0
resin,14004,468.0,0.23961600000000005,9.632723112930602,770.6178490344482,423.8311965811966,71.84188034188034,158.8653846153846,33.90649572649573,5.747350427350427,12.70923076923077,14,12,11,1.12,0.96,0.88,14.0,12.0,11.0,1.2727272727272727,1.1666666666666667,0.2532467532467532,129.6196581196581,89.0,168.0
resin,14007,1148.0,0.5877760000000001,12.991154724672711,1039.2923779738169,425.9459930313589,89.36411149825784,62.73693379790941,34.075679442508715,7.149128919860628,5.018954703832753,18,20,19,1.44,1.6,1.52,20.0,19.0,18.0,1.1111111111111112,1.0526315789473684,0.16783625730994153,127.12543554006969,88.0,168.0
resin,14016,711.0,0.3640320000000001,11.073638100135513,885.891048010841,424.40506329113924,96.50914205344586,194.38115330520395,33.95240506329114,7.720731364275669,15.550492264416317,16,14,13,1.28,1.12,1.04,16.0,14.0,13.0,1.2307692307692308,1.1428571428571428,0.2441620879120879,122.43881856540085,88.0,168.0
resin,14018,245.0,0.12544000000000002,7.7634689553941065,621.0775164315285,421.14285714285717,114.4938775510204,88.78775510204082,33.691428571428574,9.159510204081633,7.103020408163266,9,8,9,0.72,0.64,0.72,9.0,9.0,8.0,1.125,1.0,0.37808641975308643,122.40816326530613,89.0,168.0
resin,14019,851.0,0.4357120000000001,11.757373440759677,940.5898752607742,425.00705052878965,114.30317273795535,35.729729729729726,34.000564042303175,9.144253819036429,2.858378378378378,18,20,12,1.44,1.6,0.96,20.0,18.0,12.0,1.6666666666666667,1.1111111111111112,0.19699074074074074,134.65569917743832,88.0,168.0
resin,14035,84.0,0.043008000000000005,5.43367369666554,434.6938957332432,420.35714285714283,1.880952380952381,53.273809523809526,33.628571428571426,0.15047619047619049,4.261904761904762,5,5,6,0.4,0.4,0.48,6.0,5.0,5.0,1.2,1.2,0.56,133.66666666666666,97.0,168.0
resin,14046,146.0,0.07475200000000001,6.53308152692881,522.6465221543048,421.06164383561645,40.636986301369866,25.856164383561644,33.68493150684932,3.250958904109589,2.068493150684932,6,7,9,0.48,0.56,0.72,9.0,7.0,6.0,1.5,1.2857142857142858,0.3862433862433862,146.52739726027397,110.0,168.0
resin,14067,600.0,0.30720000000000003,10.464477359210589,837.1581887368471,425.39666666666665,102.50833333333334,3.37,34.031733333333335,8.200666666666667,0.2696,17,20,10,1.36,1.6,0.8,20.0,17.0,10.0,2.0,1.1764705882352942,0.17647058823529413,126.785,88.0,168.0
resin,14075,1243.0,0.6364160000000001,13.340051374337351,1067.2041099469882,430.47304907481896,139.6275140788415,18.134352373290426,34.43784392598552,11.17020112630732,1.4507481898632342,17,31,22,1.36,2.48,1.76,31.0,22.0,17.0,1.8235294117647058,1.4090909090909092,0.10721062618595825,131.09251810136766,88.0,168.0
resin,14085,985.0,0.5043200000000001,12.344661982723276,987.572958617862,429.24873096446703,4.310659898477158,155.73299492385786,34.33989847715736,0.34485279187817264,12.458639593908629,16,13,26,1.28,1.04,2.08,26.0,16.0,13.0,2.0,1.625,0.18213757396449703,131.26802030456852,88.0,168.0
resin,14092,1311.0,0.6712320000000002,13.579007341680166,1086.3205873344132,428.4851258581236,16.769641495041952,175.5026697177727,34.27881006864989,1.3415713196033563,14.040213577421817,16,22,24,1.28,1.76,1.92,24.0,22.0,16.0,1.5,1.0909090909090908,0.1551846590909091,128.5064836003051,88.0,168.0
resin,14094,93.0,0.047616000000000006,5.62118797776233,449.69503822098636,422.505376344086,20.698924731182796,200.3548387096774,33.80043010752688,1.6559139784946237,16.028387096774193,8,8,3,0.64,0.64,0.24,8.0,8.0,3.0,2.6666666666666665,1.0,0.484375,120.12903225806451,90.0,168.0
resin,14116,301.0,0.15411200000000003,8.314879461624903,665.1903569299923,424.1295681063123,107.84385382059801,25.46843853820598,33.930365448504986,8.627508305647842,2.0374750830564783,11,9,8,0.88,0.72,0.64,11.0,9.0,8.0,1.375,1.2222222222222223,0.380050505050505,141.69767441860466,93.0,168.0
resin,14118,156.0,0.07987200000000001,6.678957173048376,534.3165738438701,422.62820512820514,118.48717948717949,135.14102564102564,33.810256410256414,9.478974358974359,10.81128205128205,8,8,11,0.64,0.64,0.88,11.0,8.0,8.0,1.375,1.375,0.2215909090909091,131.67307692307693,89.0,168.0
resin,14125,1105.0,0.56576,12.82688551687372,1026.1508413498975,426.8135746606335,141.73846153846154,74.01900452488688,34.14508597285068,11.339076923076924,5.92152036199095,15,34,15,1.2,2.72,1.2,34.0,15.0,15.0,2.2666666666666666,2.2666666666666666,0.14444444444444443,129.71131221719457,88.0,168.0
resin,14137,915.0,0.46848000000000006,12.04501903293653,963.6015226349224,427.8874316939891,39.85355191256831,61.664480874316936,34.23099453551912,3.1882841530054646,4.933158469945355,15,22,19,1.2,1.76,1.52,22.0,19.0,15.0,1.4666666666666666,1.1578947368421053,0.145933014354067,129.07978142076502,88.0,168.0
resin,14158,307.0,0.15718400000000002,8.369764743424398,669.5811794739518,425.5732899022801,102.06188925081433,16.078175895765472,34.04586319218241,8.164951140065147,1.2862540716612378,11,10,15,0.88,0.8,1.2,15.0,11.0,10.0,1.5,1.3636363636363635,0.18606060606060607,129.7654723127036,88.0,168.0
resin,14169,655.0,0.33536000000000005,10.774924255767623,861.9939404614098,426.12671755725194,126.13587786259542,95.06106870229007,34.090137404580155,10.090870229007633,7.604885496183206,15,15,18,1.2,1.2,1.44,18.0,15.0,15.0,1.2,1.2,0.1617283950617284,123.50229007633588,88.0,168.0
resin,14176,375.0,0.19200000000000003,8.947002289396494,715.7601831517195,425.78933333333333,3.968,100.54133333333333,34.06314666666667,0.31744,8.043306666666666,10,10,11,0.8,0.8,0.88,11.0,10.0,10.0,1.1,1.1,0.3409090909090909,120.80266666666667,88.0,168.0
resin,14179,273.0,0.139776,8.048618481690102,643.8894785352081,426.24542124542126,20.542124542124544,189.1098901098901,34.0996336996337,1.6433699633699634,15.128791208791208,10,9,18,0.8,0.72,1.44,18.0,10.0,9.0,2.0,1.8,0.1685185185185185,129.35164835164835,89.0,168.0
resin,14204,117.0,0.05990400000000001,6.068235308895068,485.4588247116055,424.1709401709402,116.15384615384616,19.623931623931625,33.933675213675215,9.292307692307693,1.56991452991453,8,7,7,0.64,0.56,0.56,8.0,7.0,7.0,1.1428571428571428,1.1428571428571428,0.29846938775510207,138.03418803418805,91.0,168.0
resin,14206,407.0,0.20838400000000004,9.194580701170054,735.5664560936043,425.2751842751843,128.8058968058968,9.771498771498772,34.02201474201475,10.304471744471744,0.7817199017199018,10,12,11,0.8,0.96,0.88,12.0,11.0,10.0,1.2,1.0909090909090908,0.30833333333333335,127.21621621621621,88.0,168.0
resin,14212,158.0,0.08089600000000001,6.7073786097756045,536.5902887820483,424.5,171.50632911392404,86.0506329113924,33.96,13.720506329113924,6.884050632911392,8,8,7,0.64,0.64,0.56,8.0,8.0,7.0,1.1428571428571428,1.0,0.35267857142857145,144.9620253164557,105.0,168.0
resin,14215,209.0,0.10700800000000002,7.362905411051833,589.0324328841466,425.42583732057415,2.138755980861244,140.2153110047847,34.034066985645936,0.17110047846889953,11.217224880382776,8,6,9,0.64,0.48,0.72,9.0,8.0,6.0,1.5,1.125,0.4837962962962963,121.75598086124401,88.0,168.0
resin,14219,82.0,0.04198400000000001,5.390202444799826,431.21619558398606,425.0609756097561,7.817073170731708,109.23170731707317,34.00487804878049,0.6253658536585366,8.738536585365853,8,5,6,0.64,0.4,0.48,8.0,6.0,5.0,1.6,1.3333333333333333,0.3416666666666667,134.73170731707316,104.0,167.0
resin,14235,343.0,0.17561600000000002,8.684906872591599,694.7925498073279,427.4927113702624,59.98542274052478,165.40524781341108,34.19941690962099,4.798833819241983,13.232419825072887,13,10,14,1.04,0.8,1.12,14.0,13.0,10.0,1.4,1.0769230769230769,0.18846153846153846,140.71137026239066,96.0,168.0
resin,14245,145.0,0.07424000000000001,6.518131631368211,521.4505305094569,425.04137931034484,100.36551724137931,160.64137931034483,34.00331034482759,8.029241379310346,12.851310344827587,7,8,9,0.56,0.64,0.72,9.0,8.0,7.0,1.2857142857142858,1.125,0.2876984126984127,130.40689655172415,92.0,167.0
resin,14252,639.0,0.32716800000000007,10.686465268414942,854.9172214731954,428.5492957746479,121.37089201877934,3.7621283255086073,34.28394366197183,9.709671361502348,0.3009702660406886,13,23,10,1.04,1.84,0.8,23.0,13.0,10.0,2.3,1.7692307692307692,0.2137123745819398,123.58528951486699,88.0,168.0
resin,14259,121.0,0.06195200000000001,6.136615546901379,490.9292437521103,425.90909090909093,4.933884297520661,45.603305785123965,34.07272727272728,0.39471074380165294,3.6482644628099172,7,7,6,0.56,0.56,0.48,7.0,7.0,6.0,1.1666666666666667,1.0,0.41156462585034015,129.32231404958677,89.0,168.0
resin,14266,540.0,0.27648000000000006,10.103341805763778,808.2673444611022,427.2944444444444,43.903703703703705,137.9962962962963,34.18355555555556,3.5122962962962965,11.039703703703704,10,16,17,0.8,1.28,1.36,17.0,16.0,10.0,1.7,1.0625,0.19852941176470587,127.08703703703704,88.0,168.0
resin,14286,108.0,0.05529600000000001,5.908470131056179,472.67761048449427,427.037037037037,139.12037037037038,4.444444444444445,34.162962962962965,11.129629629629632,0.35555555555555557,10,9,6,0.8,0.72,0.48,10.0,9.0,6.0,1.6666666666666667,1.1111111111111112,0.2,143.5462962962963,90.0,167.0
resin,14295,247.0,0.12646400000000002,7.784536817045507,622.7629453636406,428.8906882591093,9.105263157894736,192.48582995951418,34.31125506072875,0.728421052631579,15.398866396761134,11,11,8,0.88,0.88,0.64,11.0,11.0,8.0,1.375,1.0,0.25516528925619836,126.72874493927125,88.0,168.0
resin,14330,351.0,0.17971200000000004,8.751909766778155,700.1527813422524,430.5327635327635,91.08547008547009,149.54131054131054,34.44262108262108,7.286837606837608,11.963304843304844,11,9,12,0.88,0.72,0.96,12.0,11.0,9.0,1.3333333333333333,1.0909090909090908,0.29545454545454547,123.72364672364672,88.0,168.0
resin,14333,326.0,0.16691200000000003,8.538986479839005,683.1189183871204,427.66564417177915,98.38650306748467,86.23006134969326,34.21325153374233,7.870920245398773,6.898404907975461,9,8,8,0.72,0.64,0.64,9.0,8.0,8.0,1.125,1.125,0.5659722222222222,125.88343558282209,88.0,168.0
resin,14342,263.0,0.13465600000000003,7.949119797058365,635.9295837646691,430.1368821292776,133.7148288973384,43.551330798479086,34.41095057034221,10.697186311787073,3.484106463878327,11,10,9,0.88,0.8,0.72,11.0,10.0,9.0,1.2222222222222223,1.1,0.26565656565656565,131.88212927756655,89.0,168.0
resin,14349,157.0,0.08038400000000001,6.693198063015236,535.4558450412189,429.95541401273886,5.13375796178344,118.10828025477707,34.39643312101911,0.41070063694267517,9.448662420382165,10,10,8,0.8,0.8,0.64,10.0,10.0,8.0,1.25,1.0,0.19625,143.06369426751593,101.0,168.0
resin,14352,236.0,0.12083200000000002,7.667217681165305,613.3774144932245,428.8262711864407,24.915254237288135,164.20338983050848,34.306101694915256,1.9932203389830507,13.136271186440679,8,10,9,0.64,0.8,0.72,10.0,9.0,8.0,1.25,1.1111111111111112,0.3277777777777778,128.1822033898305,90.0,168.0
resin,14353,270.0,0.13824000000000003,8.019027705431855,641.5222164345483,429.10370370370373,27.751851851851853,123.17407407407407,34.3282962962963,2.2201481481481484,9.853925925925926,10,8,9,0.8,0.64,0.72,10.0,9.0,8.0,1.25,1.1111111111111112,0.375,130.22222222222223,90.0,168.0
resin,14390,380.0,0.19456000000000004,8.986591310700472,718.9273048560378,430.8236842105263,23.86315789473684,4.589473684210526,34.46589473684211,1.9090526315789473,0.3671578947368421,9,13,13,0.72,1.04,1.04,13.0,13.0,9.0,1.4444444444444444,1.0,0.24983563445101906,133.83947368421053,88.0,168.0
resin,14400,238.0,0.12185600000000002,7.688815591542102,615.1052473233682,429.3487394957983,49.088235294117645,129.21848739495798,34.34789915966387,3.9270588235294115,10.337478991596639,8,7,8,0.64,0.56,0.64,8.0,8.0,7.0,1.1428571428571428,1.0,0.53125,124.94117647058823,89.0,168.0
resin,14401,285.0,0.14592000000000002,8.164860065020097,653.1888052016077,430.7157894736842,49.04912280701755,162.5438596491228,34.45726315789474,3.923929824561404,13.003508771929823,9,6,11,0.72,0.48,0.88,11.0,9.0,6.0,1.8333333333333333,1.2222222222222223,0.4797979797979798,125.87719298245614,90.0,168.0
resin,14412,576.0,0.29491200000000006,10.323048165937195,825.8438532749756,430.75868055555554,81.56770833333333,138.10590277777777,34.46069444444444,6.525416666666667,11.048472222222221,9,10,19,0.72,0.8,1.52,19.0,10.0,9.0,2.111111111111111,1.9,0.3368421052631579,131.35069444444446,88.0,168.0
resin,14419,318.0,0.16281600000000002,8.468558642058058,677.4846913646446,429.9937106918239,103.35849056603773,184.88679245283018,34.39949685534591,8.26867924528302,14.790943396226414,9,8,9,0.72,0.64,0.72,9.0,9.0,8.0,1.125,1.0,0.49074074074074076,136.99685534591194,93.0,168.0
resin,14420,163.0,0.08345600000000002,6.777398060419335,542.1918448335468,430.29447852760734,114.54601226993866,200.0245398773006,34.42355828220859,9.163680981595093,16.00196319018405,9,11,4,0.72,0.88,0.32,11.0,9.0,4.0,2.75,1.2222222222222223,0.4116161616161616,122.31901840490798,88.0,168.0
resin,14429,97.0,0.04966400000000001,5.700649908033096,456.0519926426477,428.55670103092785,157.17525773195877,26.24742268041237,34.284536082474226,12.574020618556702,2.0997938144329895,7,7,5,0.56,0.56,0.4,7.0,7.0,5.0,1.4,1.0,0.39591836734693875,145.42268041237114,112.0,168.0
resin,14432,252.0,0.12902400000000003,7.8367135542065425,626.9370843365234,430.2579365079365,175.515873015873,36.86904761904762,34.420634920634924,14.041269841269841,2.94952380952381,9,6,10,0.72,0.48,0.8,10.0,9.0,6.0,1.6666666666666667,1.1111111111111112,0.4666666666666667,120.0952380952381,88.0,168.0
resin,14434,226.0,0.11571200000000002,7.557357012536988,604.5885610029591,430.53097345132744,1.6415929203539823,109.71238938053098,34.442477876106196,0.13132743362831859,8.776991150442479,8,6,8,0.64,0.48,0.64,8.0,8.0,6.0,1.3333333333333333,1.0,0.5885416666666666,118.93805309734513,88.0,168.0
resin,14455,205.0,0.10496000000000001,7.315630236588791,585.2504189271033,430.7512195121951,75.64878048780488,53.53170731707317,34.46009756097561,6.051902439024391,4.282536585365854,8,8,9,0.64,0.64,0.72,9.0,8.0,8.0,1.125,1.125,0.3559027777777778,139.74146341463415,96.0,168.0
resin,14458,238.0,0.12185600000000002,7.688815591542102,615.1052473233682,430.2226890756302,81.28571428571429,173.69747899159663,34.41781512605042,6.502857142857144,13.89579831932773,8,8,11,0.64,0.64,0.88,11.0,8.0,8.0,1.375,1.375,0.3380681818181818,139.95378151260505,97.0,168.0
resin,14466,88.0,0.045056000000000006,5.518588563740668,441.4870850992534,430.4318181818182,147.11363636363637,121.89772727272727,34.43454545454546,11.76909090909091,9.751818181818182,8,7,8,0.64,0.56,0.64,8.0,8.0,7.0,1.1428571428571428,1.0,0.19642857142857142,146.89772727272728,94.0,167.0
resin,14468,106.0,0.05427200000000001,5.871770611970455,469.7416489576364,429.5660377358491,148.54716981132074,91.16037735849056,34.36528301886793,11.88377358490566,7.292830188679245,6,6,8,0.48,0.48,0.64,8.0,6.0,6.0,1.3333333333333333,1.3333333333333333,0.3680555555555556,146.27358490566039,118.0,168.0
resin,14474,103.0,0.05273600000000001,5.815845589022965,465.2676471218372,431.02912621359224,7.349514563106796,127.03883495145631,34.48233009708738,0.5879611650485437,10.163106796116505,7,5,7,0.56,0.4,0.56,7.0,7.0,5.0,1.4,1.0,0.4204081632653061,135.96116504854368,106.0,168.0
resin,14495,264.0,0.135168,7.959181984758356,636.7345587806685,431.6818181818182,106.25,161.2159090909091,34.53454545454546,8.5,12.897272727272728,7,8,9,0.56,0.64,0.72,9.0,8.0,7.0,1.2857142857142858,1.125,0.5238095238095238,122.10984848484848,88.0,168.0
resin,14497,155.0,0.07936000000000001,6.664655293794288,533.1724235035431,432.3741935483871,109.23225806451613,16.93548387096774,34.58993548387097,8.73858064516129,1.3548387096774193,7,12,7,0.56,0.96,0.56,12.0,7.0,7.0,1.7142857142857142,1.7142857142857142,0.26360544217687076,127.58064516129032,88.0,168.0
resin,14502,127.0,0.06502400000000001,6.236415365212329,498.91322921698634,432.5748031496063,149.88976377952756,66.69291338582677,34.6059842519685,11.991181102362205,5.3354330708661415,7,8,7,0.56,0.64,0.56,8.0,7.0,7.0,1.1428571428571428,1.1428571428571428,0.3239795918367347,130.7244094488189,88.0,168.0
resin,14526,203.0,0.10393600000000001,7.291761779042593,583.3409423234075,432.5024630541872,96.5960591133005,15.354679802955665,34.600197044334976,7.72768472906404,1.2283743842364532,6,10,9,0.48,0.8,0.72,10.0,9.0,6.0,1.6666666666666667,1.1111111111111112,0.37592592592592594,128.76847290640393,88.0,168.0
resin,14529,110.0,0.05632000000000001,5.944719320868062,475.57754566944493,431.8818181818182,107.48181818181818,135.07272727272726,34.55054545454546,8.598545454545455,10.80581818181818,6,7,5,0.48,0.56,0.4,7.0,6.0,5.0,1.4,1.1666666666666667,0.5238095238095238,145.53636363636363,121.0,168.0
resin,14531,198.0,0.10137600000000002,7.231396743301494,578.5117394641195,432.2828282828283,114.45959595959596,74.5959595959596,34.58262626262626,9.156767676767677,5.967676767676768,6,12,7,0.48,0.96,0.56,12.0,7.0,6.0,2.0,1.7142857142857142,0.39285714285714285,127.53535353535354,90.0,168.0
resin,14536,102.0,0.052224000000000007,5.796962840557109,463.7570272445687,432.1470588235294,158.77450980392157,199.2549019607843,34.57176470588235,12.701960784313727,15.940392156862744,6,9,6,0.48,0.72,0.48,9.0,6.0,6.0,1.5,1.5,0.3148148148148148,119.99019607843137,88.0,168.0
resin,14540,268.0,0.13721600000000003,7.999178545777086,639.9342836621669,432.0485074626866,173.32089552238807,20.492537313432837,34.56388059701493,13.865671641791046,1.639402985074627,6,11,14,0.48,0.88,1.12,14.0,11.0,6.0,2.3333333333333335,1.2727272727272727,0.29004329004329005,120.57835820895522,88.0,168.0
resin,14546,253.0,0.129536,7.84706589590428,627.7652716723425,432.8616600790514,10.304347826086957,99.67588932806323,34.62893280632411,0.8243478260869566,7.974071146245059,5,12,11,0.4,0.96,0.88,12.0,11.0,5.0,2.4,1.0909090909090908,0.38333333333333336,142.07905138339922,102.0,168.0
resin,14547,161.0,0.08243200000000002,6.749564489897218,539.9651591917775,432.62111801242236,26.043478260869566,156.36024844720498,34.60968944099379,2.0834782608695654,12.508819875776398,5,7,8,0.4,0.56,0.64,8.0,7.0,5.0,1.6,1.1428571428571428,0.575,124.82608695652173,90.0,168.0
resin,14550,176.0,0.09011200000000001,6.952985897165982,556.2388717732786,432.375,34.6875,163.19886363636363,34.59,2.775,13.05590909090909,5,9,8,0.4,0.72,0.64,9.0,8.0,5.0,1.8,1.125,0.4888888888888889,139.14772727272728,92.0,167.0
resin,14553,281.0,0.14387200000000003,8.126481777777476,650.1185422221981,432.9217081850534,45.370106761565836,195.0035587188612,34.633736654804274,3.629608540925267,15.600284697508897,5,18,12,0.4,1.44,0.96,18.0,12.0,5.0,3.6,1.5,0.2601851851851852,131.93594306049823,89.0,168.0
resin,14569,274.0,0.14028800000000002,8.058433879808192,644.6747103846553,432.87226277372264,138.97445255474452,149.21167883211677,34.62978102189781,11.117956204379562,11.936934306569341,5,11,15,0.4,0.88,1.2,15.0,11.0,5.0,3.0,1.3636363636363635,0.3321212121212121,137.72627737226279,92.0,168.0
resin,14579,105.0,0.05376000000000001,5.853247553205011,468.2598042564009,432.9142857142857,8.161904761904761,90.48571428571428,34.63314285714286,0.652952380952381,7.238857142857142,4,8,8,0.32,0.64,0.64,8.0,8.0,4.0,2.0,1.0,0.41015625,128.96190476190475,96.0,165.0
resin,14586,119.0,0.06092800000000001,6.102616979201714,488.2093583361371,432.8067226890756,38.76470588235294,147.3109243697479,34.624537815126054,3.1011764705882356,11.784873949579833,4,7,8,0.32,0.56,0.64,8.0,7.0,4.0,2.0,1.1428571428571428,0.53125,127.39495798319328,89.0,168.0
resin,14591,110.0,0.05632000000000001,5.944719320868062,475.57754566944493,432.9909090909091,49.9,153.25454545454545,34.639272727272726,3.992,12.260363636363635,4,7,8,0.32,0.56,0.64,8.0,7.0,4.0,2.0,1.1428571428571428,0.49107142857142855,125.8,92.0,168.0
resin,14599,109.0,0.05580800000000001,5.926650153721812,474.13201229774495,433.4036697247706,78.62385321100918,160.36697247706422,34.67229357798165,6.289908256880734,12.829357798165137,4,6,15,0.32,0.48,1.2,15.0,6.0,4.0,3.75,2.5,0.30277777777777776,142.4862385321101,114.0,168.0
resin,14604,81.0,0.04147200000000001,5.368201373637897,429.4561098910317,433.0246913580247,116.07407407407408,169.8641975308642,34.641975308641975,9.285925925925927,13.589135802469137,4,8,6,0.32,0.64,0.48,8.0,6.0,4.0,2.0,1.3333333333333333,0.421875,146.71604938271605,124.0,168.0
resin,14612,104.0,0.05324800000000001,5.834606511185437,466.768520894835,433.03846153846155,132.3846153846154,181.66346153846155,34.643076923076926,10.590769230769231,14.533076923076925,4,8,7,0.32,0.64,0.56,8.0,7.0,4.0,2.0,1.1428571428571428,0.4642857142857143,137.03846153846155,96.0,168.0
resin,14632,128.0,0.06553600000000001,6.252741134374175,500.21929074993403,433.375,50.65625,101.859375,34.67,4.0525,8.14875,3,10,13,0.24,0.8,1.04,13.0,10.0,3.0,4.333333333333333,1.3,0.3282051282051282,128.2109375,92.0,168.0
resin,14635,90.0,0.04608000000000001,5.560083268891276,444.8066615113021,433.4888888888889,53.8,123.68888888888888,34.67911111111111,4.304,9.895111111111111,3,8,9,0.24,0.64,0.72,9.0,8.0,3.0,3.0,1.125,0.4166666666666667,123.15555555555555,90.0,168.0
resin,14653,102.0,0.052224000000000007,5.796962840557109,463.7570272445687,433.3627450980392,98.7156862745098,33.73529411764706,34.66901960784314,7.8972549019607845,2.6988235294117646,3,8,8,0.24,0.64,0.64,8.0,8.0,3.0,2.6666666666666665,1.0,0.53125,132.68627450980392,96.0,168.0
resin,14679,99.0,0.05068800000000001,5.7395633987581025,459.1650719006482,433.2020202020202,148.23232323232324,97.93939393939394,34.65616161616162,11.85858585858586,7.835151515151515,3,9,8,0.24,0.72,0.64,9.0,8.0,3.0,3.0,1.125,0.4583333333333333,132.86868686868686,90.0,168.0
