sample_id,time_index,batch_id,protocol,is_outlier,voltage_kV,current_uA,exposure_ms,n_projections,voxel_size_um,filter_thickness_mm,true_porosity,true_mean_pore_diameter_um,true_heterogeneity,sample_thickness_mm,mu_matrix_effective,intensity_matrix,intensity_pore,attenuation_contrast,photon_signal,photon_signal_norm,relative_noise,detector_drift,relative_noise_drifted,snr,cnr,snr_drifted,cnr_drifted,pore_detectability,detectability_score,segmentation_bias,segmentation_abs_error,estimated_porosity,porosity_error,abs_porosity_error,estimated_mean_pore_diameter_um,quality_score
1,0,2,B_optimized,False,139.77926418311998,79.74020540866036,556.875110838373,1661,67.21042559989152,1.0174220396977531,0.0445425941585326,302.33365999143007,0.14434024600659826,7.831549295117089,0.20910918167531364,0.19443665224899473,0.8550195148649992,0.6605828626160044,73757262.63959435,1.9225817875931797,0.055184039915356246,1.0,0.055184039915356246,3.523421854348293,11.970541910835742,3.523421854348293,11.970541910835742,4.498314916070373,0.8173230173980297,0.0026592676799335226,0.027658277082865876,0.03020422800378757,-0.014338366154745031,0.014338366154745031,286.13946975499704,62.765686507987674
2,1,16,B_optimized,False,133.5849945371149,88.22442852319347,509.26653933111663,1568,58.50014170693692,0.8418404984973282,0.0554708172536064,158.70370665763946,0.15306341138569787,6.2577020090716315,0.21585029846697512,0.2590519012645164,0.8823609730711798,0.6233090718066634,70449847.0568044,1.8363695728782004,0.054437185864837916,1.00025,0.05445079516130413,4.758730583680728,11.450060503757072,4.757541198381132,11.44719870408105,2.7128773029761812,0.428708423942285,-0.013056724848000415,0.036648429399187166,0.029835869592660245,-0.025634947660946154,0.025634947660946154,159.5265292430061,60.2924326918874
3,2,14,B_optimized,False,133.15981627304438,79.57357704807076,669.7462402778515,1346,56.41034096877168,1.085015866525089,0.04872669432156236,89.63746010604554,0.21753094753773333,7.784073210460602,0.21633251355340602,0.18563959926056917,0.8558317600035762,0.670192160743007,71733864.05588357,1.8698391948387156,0.05072106216624108,1.0005,0.0507464226973242,3.660010089144528,13.213291128376122,3.658180998645206,13.206687784483881,1.5890253199438757,0.1960803692491461,-0.01763372860517476,0.05055614837199984,0.03643805606643857,-0.012288638255123788,0.012288638255123788,78.19610524664722,53.6930516024177
4,3,9,B_optimized,False,135.62814017932877,79.75404934191576,671.1136022804093,1778,53.40096330321354,0.5662730228021257,0.023056949670717537,170.3094160804013,0.29131850327755576,7.624673374642248,0.21356897480057752,0.19624455345277855,0.8585645025168314,0.6623199490640528,95165720.628838,2.4806219040179767,0.047281449120044686,1.00075,0.04731691020688472,4.150561311150294,14.008029816989392,4.147450723107962,13.997531668238212,3.189257375627763,0.547173621103861,-0.01935088388578169,0.03413297637187836,0.007530714597113285,-0.015526235073604252,0.015526235073604252,140.5572864605151,64.81259173633809
5,4,9,B_optimized,False,145.1795200978251,75.32776533422394,803.0713482585485,1107,54.59554371316289,0.7422770242461013,0.046988080154019604,560.4467962080041,0.25855416192472164,6.960954795570949,0.2036335243994218,0.2423229936533384,0.8700373859404749,0.6277143922871364,66966382.06556246,1.7455683946592437,0.06507129669679919,1.001,0.06513636799349598,3.723961346312899,9.64656344888872,3.7202411052076916,9.636926522366355,10.265431170582543,0.9993011889911364,0.004141925965900631,0.023104791146895336,0.04871792990873953,0.001729849754719924,0.001729849754719924,543.6560690767519,64.66718330042698
6,5,18,B_optimized,True,126.95786275187278,80.95299143493023,589.8495468480768,1520,65.4367366854266,1.0888500792804758,0.07340616354818089,149.1798708595747,0.12825353180521828,7.4326058242471955,0.22367698776456382,0.18966367972752213,0.8618688927319729,0.6722052130044507,72580129.67711255,1.8918982411294012,0.05604015208961748,1.00125,0.10789180884779581,3.384424785718256,11.995064037825651,1.7579062002295542,6.230363733661544,2.2797571886374115,0.3273395164558857,-0.012749415475008543,0.034887788356956696,0.16314723596593583,0.08974107241775495,0.08974107241775495,128.7986667110689,15.015657766189609
7,6,2,A_standard,False,137.70368458599557,59.92469546635093,357.1274429172309,946,85.58117011949653,0.6933248588466483,0.03285062436435479,153.8859496387918,0.19402641829960462,8.135091414290978,0.21131052778563925,0.17923984383290656,0.8498445502463812,0.6706047064134746,20245112.583479136,0.527715961083891,0.10839590835752733,1.0015,0.10855850222006362,1.653566509555982,6.18662379950346,1.651089874743866,6.177357762859171,1.7981286002974914,0.23114247220451986,-0.014647374038841534,0.05937805661803178,0.04500339540061339,0.0121527710362586,0.0121527710362586,117.06865261901225,29.073093544573226
8,7,14,B_optimized,True,139.61914135833212,82.54398955531238,676.6490530660943,1488,55.0296428063798,0.42658796382100705,0.058770457382057724,140.43088720202687,0.32413886788553886,6.866753214314924,0.209277025258537,0.23762685165184103,0.8716781089923604,0.6340512573405194,83109728.80492276,2.1663663380909814,0.05252563879673183,1.00175,0.1349970863340056,4.524016405996118,12.071271703981072,1.7602368918089986,4.696777349488636,2.551913478634213,0.38981580893704243,-0.009082283536946774,0.041122992731408445,0.0682307274522583,0.009460270070200581,0.009460270070200581,114.18339156157055,19.796668247382623
9,8,5,A_standard,False,124.2031115878582,59.494658254400505,251.1151284179145,894,78.3887648254363,0.6454846540483119,0.023845995511801093,380.0415393403527,0.28913893643462085,7.289214528584191,0.2271382598072283,0.1909660713961427,0.8643441302550873,0.6733780588589446,13356367.820473947,0.3481516070561706,0.14180670869834788,1.002,0.14209032211574457,1.3466645770784154,4.748562779856619,1.3439766238307538,4.739084610635349,4.848163383957714,0.8639113189856038,0.01214909629399909,0.04519581137810043,0.039767930519290735,0.015921935007489642,0.015921935007489642,390.9605041734953,36.75640089141229
10,9,2,A_standard,False,123.1699262193007,68.76311393104072,257.9479626123573,1030,69.36851289844577,0.4585627422179008,0.026925633389784025,197.21913602384566,0.1038855219119583,9.547902015552719,0.22847029925665668,0.1128820251611103,0.8261672531448816,0.7132852279837713,18269424.295635156,0.47621700105970316,0.11128587244400726,1.00225,0.11153626565700628,1.0143428153282092,6.409485879195097,1.0120656675761628,6.39509691114502,2.843064205694749,0.4608463774940572,-0.011105993380540068,0.04521331355361176,0.008999295421513655,-0.01792633796827037,0.01792633796827037,180.82797083173352,29.528926099022495
11,10,11,A_standard,False,133.6776476401199,60.48895877121916,253.31852479564583,826,78.59924558775039,0.6133732256282558,0.03895692602872739,165.99700455183182,0.3634710621034384,6.397293674119694,0.21574556221442878,0.25153133107214887,0.8799010038329286,0.6283696727607797,12656776.360741,0.3299158191336907,0.14066515728934043,1.0025,0.14101682018256376,1.7881566119089667,4.467130914788359,1.7836973684877475,4.4559909374447475,2.1119414481721472,0.2915106366056784,-0.006705497713347695,0.06267866957006002,0.0453489244321757,0.0063919984034483054,0.0063919984034483054,110.3991193667022,28.527165165832535
12,11,20,B_optimized,False,123.64097303257137,73.72593192867856,678.1441321347321,1627,51.8400218296146,0.912091554991761,0.036441869718213935,415.5865326441831,0.31968304806553005,7.816817840392895,0.22786065291526156,0.168445130567978,0.8552714656046164,0.6868263350366384,81344806.81709404,2.12036128382395,0.05459721379767639,1.00275,0.05474735613562,3.0852330888567594,12.579878848430708,3.0767719659503956,12.545379056026635,8.016712145880529,0.9934173413544417,0.0001996467155344012,0.027944681425489136,0.025518969861396536,-0.010922899856817398,0.010922899856817398,440.93668369259865,65.01230640055847
13,12,15,A_standard,False,137.90842593972252,64.37796032143036,384.4016812957713,1018,70.24763688247366,0.511694209619006,0.03962202588323022,285.5450716815337,0.2873527571848855,6.833690634235915,0.2110908780376115,0.2363291467017498,0.872254698152237,0.6359255514504872,25192442.117297392,0.6566747282417544,0.09906183652003435,1.003,0.09935902202959444,2.385672979664115,6.419480738395932,2.3785373675614307,6.400279898699833,4.064835264982065,0.7436134858787214,0.00044941326258341743,0.03884454182246815,0.06332423259887275,0.023702206715642528,0.023702206715642528,288.6420766208666,42.89028812588857
14,13,16,A_standard,False,130.3220520160037,63.8073129201436,494.4726174959668,965,84.86155310076384,0.3146381032151072,0.053019288470339904,145.4666626360674,0.21263906053551387,7.24836320217389,0.21961929379049597,0.20354250877213625,0.8650506109064218,0.6615081021342855,30446685.11878236,0.7936336057912736,0.09102250171750392,1.00325,0.0913183248480858,2.236177922288356,7.267522751542604,2.2289338871551023,7.243979817136909,1.7141645105568786,0.21655853152390145,-0.013596930919652157,0.05199398206386295,0.05917981531847423,0.006160526848134326,0.006160526848134326,99.49187696339567,34.96169750751727
15,14,15,A_standard,False,119.70885331933042,66.47593711321605,445.3720770800149,899,88.06779830548102,0.6009094067746619,0.06289407057518905,126.85120512249246,0.2013017083629593,7.802262770381886,0.2330744338174792,0.16226767740209416,0.8555204725672017,0.6932527951651075,26616267.04297018,0.6937886309660973,0.09633118666039625,1.0035,0.09666834581370765,1.684477094361444,7.196556164195142,1.6786019874055245,7.171456067957291,1.440381246758132,0.17370136025331984,-0.020423595984611034,0.05533908729125915,0.020354644538398754,-0.04253942603679029,0.04253942603679029,107.23503214535079,26.556514472677428
16,15,16,A_standard,False,119.11793306968538,80.58003465218498,217.2810360597755,862,94.76808631198207,0.5219197461435422,0.05151497863435426,370.4816924957521,0.3010907255516838,7.012423877371231,0.2338831978096675,0.19396294936044314,0.869142246231981,0.6751792968715379,15092338.563694969,0.393402008376239,0.1315125360127323,1.00375,0.13200570802278003,1.4748628171968696,5.133953897795498,1.4693527444053498,5.11477349718107,3.9093507837238026,0.7128672946527234,0.005054726462857815,0.050042552702072654,0.043408205549494774,-0.008106773084859485,0.008106773084859485,340.0414807045131,36.071088803153245
17,16,11,A_standard,False,118.58290878251007,75.29558071544413,449.4753156648849,1191,83.71767640552864,0.8890322003103961,0.08474233301118492,221.668322090241,0.12472025017358236,8.573930615366429,0.23462136547352017,0.13377081107968608,0.8424182852107354,0.7086474741310493,40307614.348101884,1.050671926718028,0.07790075086146989,1.004,0.07821235386491576,1.7171954005625614,9.096799020477093,1.7103539846240652,9.060556793303878,2.6478078657663535,0.41285093537141054,-0.013403834854547707,0.03947910913161709,0.07688200679906537,-0.007860326212119545,0.007860326212119545,225.5757300199244,38.91493065855939
18,17,3,B_optimized,False,136.30363894937173,78.99964467312093,627.154619498702,1701,50.4839426750905,0.9064352319690309,0.11328191693545984,109.56836993921435,0.15570121387147715,9.351150619772413,0.21282753356845596,0.13667050507477585,0.8294246491177628,0.692754144042987,84276031.55445199,2.1967675805560325,0.06269753825853569,1.00425,0.06296400279613447,2.1798384573124676,11.049144245287412,2.170613350572534,11.002384112807977,2.1703607946072117,0.3037213637027303,-0.01819534613788463,0.04651555299127284,0.08984192508499121,-0.023439991850468633,0.023439991850468633,92.6480527677639,41.42028647236924
19,18,17,A_standard,False,115.85902309648495,70.12903532220803,415.5480291910253,802,89.24575356595186,0.718590629491784,0.08612440820581123,98.61520782095698,0.2459130592128932,8.84167813610273,0.23846910614597813,0.12142395681844274,0.8379192339143142,0.7164952770958715,23371869.8986035,0.6092190762097333,0.10271753193681467,1.0045,0.10317976083053033,1.1821152098274235,6.975394205700095,1.1768195219785202,6.944145550721847,1.1049848746930147,0.13067370481014662,-0.015035782366591564,0.05196656020156201,0.0805222809173487,-0.00560212728846253,0.00560212728846253,88.22299514737095,26.326617515246642
20,19,10,B_optimized,False,144.45049696565238,75.1192090715431,716.9900229874709,1803,50.569878769310705,1.1938451633644327,0.058749147298033697,133.14118739307074,0.12822550677481853,9.024613117720868,0.20435237957706934,0.15815160742291012,0.8348591405160923,0.6767075330931822,97109081.3605284,2.5312782030149785,0.04176553434800733,1.00475,0.04196392063616037,3.7866535144774383,16.202535024563105,3.7687519427493785,16.125936824646036,2.6328160286963156,0.40922164822645335,-0.01772599958009949,0.03352201218830892,0.03700725147623167,-0.021741895821802026,0.021741895821802026,120.54563377288919,63.01194559406471
21,20,11,B_optimized,False,137.93201114680383,98.3973125569187,719.7706268165643,1472,43.78323203165788,0.48340891605555275,0.04298326132324686,125.94678565940137,0.16945794738837508,6.620264320971186,0.21106561106140762,0.24726116956965044,0.8759858979381684,0.628724728368518,104252185.1348257,2.7174727651756934,0.051721227236872946,1.005,0.0519798333730573,4.780651635299437,12.156028809778308,4.756867298805411,12.09555105450578,2.876598638682826,0.46918874896146395,-0.015333981229658625,0.03746217339318203,0.04669020091847369,0.0037069395952268255,0.0037069395952268255,82.25802533025163,64.7486650824785
22,21,8,A_standard,False,130.8758828755767,66.31178975535329,241.82900381298697,936,77.02855262769857,0.6066725235401786,0.10001297715463393,87.60980399636252,0.3882533923662935,7.756928978180866,0.21896832203065295,0.18295378071064033,0.8562965040650878,0.6733427233544476,15009802.757907348,0.3912506021098895,0.12985810832940387,1.00525,0.13053986339813323,1.4088745251590422,5.185218944098711,1.4015165632022306,5.158138715840549,1.1373679110888428,0.13439655543641818,-0.011414830510434817,0.06831536781658215,0.08878731173147886,-0.011225665423155076,0.011225665423155076,115.16117338361224,23.820801229615885
23,22,4,A_standard,False,139.00035137366422,66.53413874701583,328.77588683026516,810,75.21722861991805,0.537375575193227,0.05151147504459414,134.1353550387795,0.24037509053740677,8.467421067353433,0.20992873982718832,0.16905096622030083,0.8442147097109596,0.6751637434906588,17718604.58154081,0.4618591478440853,0.11787864810302749,1.0055,0.11852698066759415,1.4341101543050279,5.727616954858158,1.426265692993563,5.696287374299511,1.7833062650657074,0.22851881512583513,-0.01327991509028301,0.05899356120758271,0.08583061571347542,0.034319140668881275,0.034319140668881275,140.34531620448405,24.282563948884945
24,23,19,B_optimized,False,136.02375047123877,79.28215384070705,679.4669985677785,1706,48.99699753338817,1.1219262114063266,0.0639019474279547,145.48038894040363,0.29370033172607973,8.871190914114537,0.2131339853728796,0.15095820409887964,0.8374247933649646,0.686466589266085,91901549.72988878,2.395536919877818,0.050390003539714914,1.00575,0.050679746060068274,2.9957966559756604,13.623070868114661,2.9786693074577784,13.545186048336726,2.969169464746661,0.4922929766515366,-0.01701648839848989,0.03139876659851816,0.05319321269237759,-0.01070873473557711,0.01070873473557711,119.40965739170605,56.276253721404224
25,24,16,A_standard,False,129.89267370460152,72.62197175961559,426.68656880470667,1114,84.73671890816802,0.5245583382587027,0.08651168875555043,178.64863906911492,0.8009372048627297,9.753352992609825,0.22012722966766343,0.11683663823775131,0.8227794807355792,0.7059428424978278,34519317.42423615,0.8997922187578263,0.07376404487623835,1.006,0.07420662914549578,1.583923962328535,9.57028378368163,1.574477099730154,9.513204556343567,2.108278929972759,0.29075478672699623,-0.011953667294538204,0.05346931242776119,0.05050744740995697,-0.03600424134559346,0.03600424134559346,170.77461788224787,33.349959797330555
26,25,13,A_standard,False,111.91668194129718,74.67335258681832,388.53034576543496,1006,76.1352712728309,0.3494465894550338,0.03501957554032813,471.27277507208083,0.332262178085896,9.069039591628945,0.24431866649256076,0.10907324396962007,0.8341176730162779,0.7250444290466579,29186940.681020886,0.7607966806345384,0.08198401336753,1.00625,0.08249641345107707,1.330420889261062,8.84372939631928,1.3221574054768317,8.78879940006885,6.189940184008458,0.9604539485709852,0.0037459345975581777,0.03318127272371221,0.061843047528992834,0.026823471988664707,0.026823471988664707,493.76202520325603,44.87846590192881
27,26,9,B_optimized,False,131.63730318718154,92.36185721357248,626.9924265456984,1635,66.98736220520259,0.6881058513702195,0.014740114393827976,195.10698983225635,0.23739961978784999,8.896488623673884,0.21808095680794726,0.14368171312789185,0.83700120194892,0.6933194888210281,94683152.43347938,2.4680431180047044,0.05916055324642472,1.0065,0.05954509684252648,2.4286742642416894,11.719286767537588,2.4129898303444506,11.643603345789954,2.9125940089204367,0.4781624033793013,-0.016534336997152843,0.042544076758378915,0.01378653799295072,-0.0009535764008772561,0.0009535764008772561,186.31909888539977,50.088104275371435
28,27,17,B_optimized,False,135.18628320293132,78.43502135353849,617.8222902300919,1292,53.34720591546003,0.7105981080176291,0.05424352795757965,204.02017160396522,0.4392037063601281,10.63359558053936,0.21405737138319586,0.1026736755849573,0.8084213273623052,0.7057476517773479,62608904.648740984,1.631984912550293,0.05969520555971552,1.00675,0.0600981481972436,1.7199651902069202,11.82251815970983,1.7084332656636902,11.743251214015226,3.8243834536953725,0.6951660326081996,-0.014398662621623329,0.044442026845855326,0.045476375655702006,-0.008767152301877641,0.008767152301877641,236.71979843686822,49.44277255488415
29,28,11,B_optimized,False,133.48762310757985,82.07430113227926,526.9021491082647,1942,60.63529334844878,0.5555991226080415,0.06257054677263557,276.6608699906138,0.3480485529254327,8.096309081607297,0.21596050154711444,0.17403776380665384,0.8505039850390564,0.6764662212324026,83982034.01843055,2.189104141212926,0.05889815270301983,1.007,0.05931043977194096,2.9548934188852845,11.485355485482295,2.934352948247552,11.405516867410423,4.562703579262745,0.8267409567746796,0.0031277381076116107,0.02622119919122121,0.07135011976647611,0.008779572993840537,0.008779572993840537,344.8137412753131,58.926344120692775
30,29,9,A_standard,False,128.4739163173236,62.739059951195195,258.363346332841,819,82.69185788827657,0.2391519159200134,0.04661224881709315,197.71654505778758,0.3863866469254742,7.710941561758431,0.22182605376851225,0.18077759909979274,0.8570844436408663,0.6763068445410736,13275558.775834598,0.3460452111307202,0.12798002899700942,1.00725,0.12890788420723773,1.412545383186443,5.284471724544439,1.4023781416594123,5.246435070284874,2.3910037832856377,0.35228820844597986,-0.012632623691306135,0.07075571664370875,0.005935673141329555,-0.0406765756757636,0.0406765756757636,181.75716789807794,25.066187376140853
31,30,10,B_optimized,False,130.28414035241187,69.42908742683784,577.4673999244078,1341,35.16994785679333,0.582429592506615,0.11116488309540484,263.4059504818783,0.2137605973487357,8.177357903660448,0.21966402708318455,0.16591637742229975,0.8491264548898664,0.6832100774675667,53764759.392566085,1.4014504270253028,0.06234305224709753,1.0075,0.06281062513895076,2.661345112919527,10.958880786902352,2.6415336108382403,10.877301029183476,7.489517799526664,0.9888985695625447,-0.0003209778185498599,0.02102719213836273,0.09819691755621757,-0.012967965539187276,0.012967965539187276,248.55028862224802,58.932184166438326
32,31,5,B_optimized,False,133.26074630715078,76.42341926505708,594.0193228488481,1676,59.54649047172703,0.8807044694907845,0.04584004037991371,249.611133527849,0.19247090850402812,7.084947244313199,0.2162178072278504,0.21612642156433,0.8678824976239824,0.6517560760596524,76085351.48847984,1.9832665399902032,0.060199889490533176,1.00775,0.0606664386340848,3.5901464835465737,10.826532765681327,3.5625368231670294,10.743272404546095,4.191869773523691,0.7670753049377521,0.00038586162891918446,0.028355849588832183,0.045831285866737494,-8.754513176216505e-06,8.754513176216505e-06,219.06184251121928,61.31160856623193
33,32,2,A_standard,False,128.69760802693915,70.29184604491385,392.75195090573357,962,69.38807810664579,0.36911613363776524,0.0872109369078321,232.47725699629774,0.08884740336536397,8.067633785767807,0.2215560913527852,0.16738923868308964,0.8509918940026953,0.6836026553196056,26558183.799562983,0.6922746134721907,0.09563782591869784,1.008,0.09640292852604741,1.750240943634457,7.147827219543232,1.7363501424945011,7.0910984320865404,3.3503919310027945,0.5867126179369242,-0.0015244290031610312,0.04322964047479304,0.10555442325758008,0.018343486349747973,0.018343486349747973,167.52989972559504,37.716053918735156
34,33,12,B_optimized,True,136.19028696375864,81.68427736631398,548.8425413813509,1670,53.70917836504709,0.577533617043729,0.05140469873319343,763.9766946686852,0.16393505706884323,6.273147806222518,0.21295151442875093,0.262927664233986,0.8820884397962055,0.6191607755622195,74869116.65564695,1.9515637509310861,0.05995456881407382,1.00825,0.17097971197719583,4.385448339214242,10.327165849233442,1.5377711261383666,3.6212528866863405,14.22432287971597,0.999986654565615,0.0016475531477158382,0.022237967623109506,0.05261281560193741,0.0012081168687439817,0.0012081168687439817,795.1793013948414,26.14261111446346
35,34,18,A_standard,False,146.76799000180353,53.747043450695784,200.37495827435885,931,71.18372317523699,0.49284244727443544,0.017412798375033883,331.5021105168509,0.3036749655879709,7.470480963432195,0.2020882601115578,0.2209770342916457,0.8612162718588148,0.640239237567169,10026461.83917589,0.26135314999677706,0.15641806346756323,1.0085,0.15774761700703752,1.4127334745930429,4.093128526040964,1.4008264497699978,4.058630169599369,4.656993140142072,0.8398339548419074,0.011359026361086193,0.04994843152648853,0.05722863657124225,0.03981583819620836,0.03981583819620836,317.35522706496437,32.69224052559581
36,35,2,A_standard,False,118.34289669664355,71.69371027336477,334.4024476969952,838,86.35409301018291,0.1841691082686524,0.01552365917111071,135.2131812398701,0.42999583170562916,7.884666117934408,0.23495435033568177,0.15683882310920236,0.8541116787625433,0.697272855653341,20090674.74350982,0.5236903320432487,0.1095101031850538,1.00875,0.11046831658792303,1.4321858764407418,6.367201156545951,1.4197629506227925,6.311971406737002,1.5657993330313331,0.192445015330529,-0.007246269600827311,0.05969656158656342,0.034568168854710105,0.019044509683599394,0.019044509683599394,146.17786707629438,26.369850977833536
37,36,18,B_optimized,False,130.39669758881615,92.68803064767893,689.5931570018898,1650,51.14847981687593,0.9480568667305831,0.08966759087891087,259.8819605746407,0.5282454105886678,8.949635290853044,0.2195312815062805,0.14019444818527843,0.8361119981286648,0.6959175499433863,105463102.25652437,2.749036940975418,0.04485004543188526,1.009,0.045253695840772226,3.125848521116769,15.516540579658752,3.0979668197391166,15.378137343566653,5.080932248721402,0.8890360338839239,0.005645737734952927,0.031548577429560735,0.09553005374111179,0.005862462862200921,0.005862462862200921,283.9095115401228,68.89168072882546
38,37,17,A_standard,False,126.87457917920644,76.0971939356695,429.6569738580034,991,88.86690075406096,0.41835173115908764,0.05148116286984927,154.0605925822484,0.020441640372939895,9.11109054438636,0.22377975657408422,0.13017473389470854,0.833416459067513,0.7032417251728045,32401428.854895994,0.8445866180366938,0.08107980903713256,1.00925,0.08182979727072603,1.6055135728685759,8.673450684260208,1.5907986850320297,8.593956585841179,1.7336105037421177,0.21987593723073764,-0.012153108779319442,0.04543534113896032,0.0572561872725658,0.00577502440271653,0.00577502440271653,115.01769929418249,33.689473988458516
39,38,6,A_standard,True,143.6468214443565,67.75945098495299,351.2875950899924,947,70.1434383103332,0.4628580450313361,0.04049542904215787,268.92711372148733,0.054349355135145994,7.036382935248918,0.20515202732604507,0.23609329737715418,0.8687258694122831,0.6326325720351289,22541492.68832287,0.587574182619811,0.11137940929320406,1.0095,0.28584018078577306,2.1197212202449673,5.679977798856307,0.8259625946503918,2.213238776633941,3.8339596717754607,0.697191530048295,0.0010826151334352963,0.038242585427697116,0.07177678117950763,0.03128135213734976,0.03128135213734976,237.5134180694044,15.500143146328778
40,39,13,B_optimized,False,130.1623090758919,81.77586222141016,757.6965082088309,1511,56.44767965936905,0.6674067906060493,0.0528335706105354,118.48581024693897,0.05883332376658243,10.076033433963591,0.21980792999353027,0.10917621490019576,0.8174866810154657,0.7083104661152699,93623502.02926362,2.440421911692916,0.059046870188061235,1.00975,0.05962257717239483,1.8489754757953325,11.995732608000012,1.83112203594487,11.879903548403082,2.0990377454296825,0.28885279391156654,-0.01838553938972379,0.03719835487164361,0.03345381874926204,-0.019379751861273366,0.019379751861273366,153.67689719137633,41.13702742125188
41,40,4,B_optimized,False,126.83853937444695,91.069762889544,568.2743810903764,1749,51.03339796950378,0.5573932388302705,0.03686991608100884,133.63694999928964,0.45120223306113016,8.148373478439503,0.22382426390251245,0.16141062488105443,0.8496188264318374,0.688208201550783,90515320.38553804,2.359402996308842,0.04688863758552528,1.01,0.04735752396138053,3.442425141627117,14.67750476425094,3.4083417243832845,14.532182934901922,2.6186175194359502,0.4057935028842616,-0.014298648118217152,0.036411262448299835,0.019976655282781714,-0.016893260798227127,0.016893260798227127,123.94452686001871,58.31695739896294
42,41,16,B_optimized,False,137.34435015653338,85.12583288162337,675.5097292170174,1319,38.00900064089315,0.6944381707280212,0.07264976943934426,256.8226963852586,0.3654732483650027,8.24004496603077,0.21169737273359934,0.17475052903069954,0.8480625371072723,0.6733120080765728,75846890.05307555,1.9770507234543886,0.05137551883097861,1.01025,0.051902117898996146,3.4014358006897205,13.105697487780436,3.3669248212716854,12.972727035664867,6.756891579752509,0.977176834444221,0.005188312954455967,0.02156360651050688,0.07884762207482122,0.006197852635476966,0.006197852635476966,239.7293572654828,67.78055639052313
43,42,15,B_optimized,False,138.27193957180236,93.01921071571749,556.9299974423261,1588,62.3779835293755,0.8673414383512612,0.06417539124682609,344.666970342677,0.2564763319297739,6.382306515011673,0.2107022576527774,0.2606005791962363,0.8801647876915352,0.6195642084952988,82266639.79215488,2.1443900943522762,0.05289200102379697,1.0105,0.05344736703454684,4.927031954774936,11.71376004883133,4.875835680133534,11.592043591124524,5.525458676944309,0.9259074075165726,-0.0030214655272186638,0.025106305760478162,0.04096922725661993,-0.023206163990206155,0.023206163990206155,315.9839110324619,71.49872931154889
44,43,8,B_optimized,False,136.3899626654191,79.52766226155956,622.5570046154754,1499,56.94414049078554,0.7445293476137962,0.03521875611616885,275.83903892432926,0.1892227330072353,7.379942609879943,0.21273323289172147,0.20805370199101178,0.8627771466888239,0.6547234446978121,74216244.29923993,1.9345457589784218,0.059219738966402556,1.01075,0.059856351160291386,3.5132492243683813,11.055831317818873,3.4758834769907305,10.938245182111178,4.844028490849983,0.8634244536813092,-0.00243721490267436,0.02423432552733322,0.035046900543840506,-0.00017185557232834298,0.00017185557232834298,268.5353576705902,63.0545170151823
45,44,2,A_standard,False,133.59982673077238,84.53221596912084,315.0743715026638,926,86.7061431050642,0.4676860169771813,0.06256357587730817,323.10596902481296,0.310240733822952,9.049823811532479,0.21583352366436795,0.14181167105976403,0.834438299058712,0.692626627998948,24663023.641651522,0.6428747269555667,0.09886707469269417,1.011,0.09995461251431378,1.4343670175389873,7.005634890602564,1.4187606503847554,6.929411365581172,3.7264484090048455,0.674025417041875,-0.0075808720852585535,0.04015330029399979,0.0646253580180523,0.0020617821407441367,0.0020617821407441367,350.2708961988555,39.03741677689811
46,45,20,A_standard,False,134.5065045881314,62.950092420511595,412.25423776406444,895,74.67264326964725,0.40074146027177826,0.08679683355438546,260.30288564858245,0.17910183152232279,8.169778462713099,0.21481407150427337,0.17291011692214722,0.8492551827229033,0.6763450658007562,23226540.9193559,0.6054308818175929,0.10531288969410317,1.01125,0.10649765970316183,1.6418704056492057,6.422243922517938,1.6236048510746162,6.350797451192029,3.485920335089969,0.619144897733926,-0.0020598754032883134,0.04294774575968197,0.08680576668895286,8.933134567401524e-06,8.933134567401524e-06,267.5250669792761,38.341621366792836
47,46,9,A_standard,False,130.91667549619103,71.7395233224261,418.2326270560607,952,80.1650517620031,0.44877292784278994,0.06293386904317214,237.75739164148365,0.08197263772814178,8.107814726252874,0.21892055961661197,0.16948898540421692,0.8503082956228187,0.6808193102186018,28563626.456349187,0.7445491609542424,0.09246732387634342,1.0115,0.09353069810092138,1.8329608590259905,7.362809711342589,1.8121214622105688,7.279100060645169,2.9658484141861017,0.4914629332840605,-0.007526510401788562,0.0429247362214306,0.06033904483347906,-0.002594824209693078,0.002594824209693078,230.21060564571422,38.37858920428728
48,47,18,A_standard,False,132.63954830925812,69.71340202667236,441.7027785006865,928,94.16944415790647,0.7585840742185792,0.016139521536593846,175.38184581140513,0.6193640138343575,8.22717217057548,0.21692614749222636,0.1678492936614771,0.8482809039274498,0.6804316102659727,28575535.930994574,0.7448595973537724,0.09212109069797428,1.01175,0.09320351351367546,1.8220506551728015,7.386273926096005,1.8008901953771206,7.300493131797387,1.8624071468163175,0.24276259013825413,-0.017958269701888883,0.055209721245010716,0.0,-0.016139521536593846,0.016139521536593846,201.8142999352813,31.86640525987628
49,48,14,B_optimized,False,140.791022956372,99.12178168521443,587.8703378740001,1478,52.488460362017186,0.8068420236665598,0.05195188402717538,317.1828305918028,0.2671545485467677,6.556795694913951,0.20805614739552894,0.25558975190693106,0.8770985564055606,0.6215088044986294,86124176.31856072,2.244941947894927,0.06545877556327032,1.012,0.06624428087002956,3.9045910912263606,9.494659793901878,3.858291592120909,9.382074895159958,6.042905972173065,0.9544752670880288,0.007152956879221453,0.0284554404792908,0.04016279506458497,-0.011789088962590406,0.011789088962590406,350.63324335137,63.017754692167784
50,49,16,A_standard,False,136.2208762422283,69.19761866045273,411.2039699912471,907,88.07487234022949,0.5993217922235905,0.03436746771247721,348.91320713780584,0.12995558677604477,7.903391446598512,0.21291803955357627,0.18585757718547655,0.853791868213844,0.6679342910283674,25808082.304956537,0.6727222138742883,0.09491159215477714,1.01225,0.09607425915867317,1.9582178843063678,7.037436374885938,1.9345200141332355,6.952271054468696,3.9615522324002805,0.7234324802506013,-0.0048824996838130255,0.037942588524823684,0.050512684327492174,0.016145216615014966,0.016145216615014966,347.61645637527783,41.64647879792264
51,50,16,A_standard,False,123.52410944885787,69.08542265596202,425.69623557560027,823,87.95871988022193,0.41595488346527754,0.08919120501052033,213.83944688715366,0.20973164134772673,9.408330355297622,0.22801153345725897,0.11704370913670606,0.8284766656340339,0.7114329564973279,24203939.786463078,0.6309080917066935,0.10891769852592094,1.0125,0.11027916975749495,1.0746068886945057,6.531839784771218,1.061340136982228,6.451199787428363,2.4311341408600557,0.36149856309930845,-0.01320096618565603,0.05047146392202408,0.06980195202449246,-0.019389252986027866,0.019389252986027866,269.58875891520734,27.78412356874595
52,51,4,A_standard,False,137.0244686312656,70.85684024007577,401.3035990206274,1103,99.08790358456966,0.4897478317457055,0.09176492028927946,208.72358724375374,0.41247971088191066,9.086707622065493,0.212043194710261,0.14561712788274908,0.8338229807569721,0.6882058528742231,31363920.818939943,0.8175425821949964,0.09571221321373231,1.01275,0.0969325439322074,1.5214059208679616,7.190366096094857,1.502252205251011,7.099843096613041,2.1064487156660054,0.290377511035062,-0.01050959167219953,0.05427443456668298,0.07007895382911733,-0.02168596646016213,0.02168596646016213,187.72651320535573,30.00435647654517
53,52,8,A_standard,False,119.01597586491569,76.7836699477096,368.587005438153,774,72.96120658950203,0.49575299965215996,0.09059262161042655,450.2307196142988,0.3768288017628762,7.874800557884401,0.2340234320066308,0.1583594463459614,0.8542802211907758,0.6959207748448144,21905332.340775207,0.5709918115499888,0.10839098770575208,1.013,0.10980007054592685,1.4610019679482782,6.420467140072785,1.4422526830683893,6.338072201453885,6.170823382176357,0.959721425463227,0.011178184900861528,0.036561882591298306,0.11832094214687501,0.027728320536448456,0.027728320536448456,475.8679668834057,40.93348695195297
54,53,10,B_optimized,False,135.52720582248438,76.11683037668702,704.1706083745797,1677,47.2705170234205,0.9392414923672169,0.04537095682780429,217.98750517491055,0.1435440803124807,9.563668674361555,0.21368030173111177,0.12956564591832936,0.8259067762715525,0.6963411303532232,89885916.68228424,2.3429967462174797,0.042633521219570626,1.01325,0.04319841537572994,3.039055705744829,16.333183617814157,2.9993147848456245,16.119598931965612,4.611489759397113,0.833618117200645,-0.004763679597250371,0.022254558735565297,0.04786745958385237,0.002496502756048083,0.002496502756048083,204.5356728950838,68.93669132154623
55,54,10,A_standard,False,132.62694378265232,81.02188989019795,356.26562998346697,951,70.14125025007453,0.38480668493897735,0.03854889585648502,227.62196121954034,0.1755354697350575,6.740901493231606,0.21694057856211243,0.2316853518264686,0.8738749163573692,0.6421895645309006,27450914.226617526,0.7155448271279232,0.0947292451836576,1.0135,0.096008089993637,2.4457637277409474,6.779211248710436,2.413185720514008,6.688910950873641,3.245193953743339,0.5609932177840791,-0.004663693432812057,0.04786581807499296,0.03824204261854923,-0.0003068532379357919,0.0003068532379357919,240.20041365435912,42.59393091385075
56,55,1,A_standard,False,131.4299277062906,69.98199804396674,333.3918196631819,862,72.7787772977141,0.3846304673384218,0.0969225997804717,273.5622510281602,0.5282484405664621,7.02830233514374,0.21832176773632572,0.21557823626848938,0.8688662772848111,0.6532880410163218,20111688.92887033,0.5242380949158032,0.10791721950390189,1.01375,0.10940108127208054,1.9976259327242476,6.053603345411446,1.9705311296909964,5.971495285239404,3.758819001714013,0.6810972713799965,-0.004048933261404078,0.049044905377968274,0.10545155494243205,0.008528955161960353,0.008528955161960353,258.6285966090097,40.04244680908344
57,56,11,A_standard,False,125.06965529446313,76.52252857737307,265.1342194858192,1111,77.45498946593385,0.6515786030490069,0.013024939048276377,210.527172683303,0.31821368951274626,9.863622377157307,0.22603550406171882,0.10757910345803287,0.8209669324169208,0.7133878289588879,22540791.125949286,0.5875558954573806,0.10446798043774697,1.014,0.10593053216387542,1.0297806371603004,6.8287701740726146,1.0155627585407303,6.734487351156425,2.7180582443419836,0.42997779321883234,-0.009532585902724489,0.04658602496954356,0.0,-0.013024939048276377,0.013024939048276377,210.0608642251949,30.11095965696386
58,57,4,A_standard,False,129.81851779739483,64.38586442986573,283.1281943826134,792,56.45449385708106,0.4370323433724776,0.031812224722773494,152.09029661133135,0.3610914777687359,8.577973118308524,0.2202152420363804,0.1512228917203238,0.8423501783960636,0.6911272866757399,14437727.203514962,0.3763386869622733,0.12509206100305192,1.01425,0.12687462287234544,1.2088927986935505,5.524949234459236,1.191908108152379,5.447324855271615,2.6940334811318962,0.42409956993489367,-0.006694298445102778,0.05557538243486013,0.02361934768668238,-0.008192877036091114,0.008192877036091114,203.08480763567562,29.21190289931086
59,58,15,B_optimized,False,137.35206562419455,73.86830532641865,588.9090643542039,1794,43.24113987114292,1.0164842903233897,0.05547798111871672,260.78910538200637,0.16406617764524173,7.711112657897686,0.21168904850059958,0.19546809663693596,0.857081510769098,0.661613414132162,78042075.94793008,2.034271182440934,0.059871305699135804,1.0145,0.06073943963177327,3.2648043057420306,11.050592707245933,3.2181412575081625,10.892649292504617,6.031041414707123,0.9539569367556335,0.005649877353863608,0.02033368838996196,0.0699037706772397,0.01442578955852298,0.01442578955852298,283.3846474892837,61.61869692059058
60,59,14,A_standard,False,125.01967877867557,76.12764362180987,330.25898626453534,812,77.9257176330319,0.3357955419453693,0.07166072896143624,216.19651631903156,0.06619100439670796,7.944681433964753,0.22609875052708606,0.16591452289628197,0.8530870981443289,0.687172575248047,20415172.788308356,0.5321488079778524,0.1145912880074635,1.01475,0.11628150950557359,1.447880775067959,5.996726166506571,1.4268349594165648,5.909560154231654,2.7743923686034573,0.44383611319359584,-0.0062473775096226055,0.0489795513524447,0.054357983950822315,-0.017302745010613928,0.017302745010613928,216.09347465327815,30.885781108051646
61,60,19,A_standard,False,121.42638938510605,63.904067809384074,366.90165117217003,784,74.55429268105088,0.4935289483895836,0.0444146480778573,504.03209004359115,0.21918078501356802,7.193368886872816,0.2307617747667702,0.19014761814297199,0.8660025916667027,0.6758549735237307,18382062.268770967,0.4791530606149566,0.12142218133241409,1.015,0.12324351405240029,1.5660039710735405,5.566157403098051,1.5428610552448676,5.483898919308426,6.760604546271803,0.9772594954721491,0.010124208732918569,0.040893276713785794,0.04093048344620994,-0.0034841646316473573,0.0034841646316473573,483.51832583654954,43.00992863474846
62,61,15,A_standard,False,127.17108206709085,78.72527948870506,450.8568818602984,939,87.837597673978,0.5177014629693686,0.0497820449885364,313.69757786492664,0.28742732992578957,8.276592601807446,0.2234144046400671,0.15737716833342105,0.8474428699941013,0.6900657016606803,33328710.157792725,0.8687574465235945,0.08391942349568672,1.01525,0.08519919470399594,1.8753366238450138,8.222955698642856,1.8471673221817422,8.099439250079149,3.5713360357288093,0.6390714012321206,-0.008428297431809464,0.037828238033601906,0.04234489723615638,-0.0074371477523800245,0.0074371477523800245,307.08105275594073,42.53222462275028
63,62,8,B_optimized,False,136.82302455382538,70.31957720248772,741.0494372335982,1538,56.79114165654446,0.7379809382821139,0.019627705368605607,168.2852603014154,0.3759752259959936,8.197388446311471,0.2122616798152716,0.17552190277749782,0.8487863537451041,0.6732644509676063,80145615.42688364,2.089102754912393,0.05005191365278947,1.0155,0.05082771831440771,3.5067970426684316,13.45132287324811,3.453271336945772,13.246009722548605,2.9632308031268932,0.4908087362873975,-0.009718478261924925,0.04263459172614096,0.011359613440328912,-0.008268091928276695,0.008268091928276695,134.51625932634428,58.85824947424456
64,63,20,B_optimized,False,134.45075988349075,98.64819737246457,627.8851303704021,1741,67.90752768180288,0.5911555968847684,0.041027258590419134,305.4251208560573,0.24156895506789197,8.01988470986269,0.21487641255514603,0.17847904929252653,0.8518049637049995,0.6733259144124729,107837080.84261423,2.810917870804048,0.049474613504247464,1.01575,0.05025383866693936,3.6074874900680904,13.609523485305589,3.5515505686124444,13.398497155112567,4.497662207453649,0.8172255438331016,0.0006789968001180433,0.03336273757366061,0.048907848066199466,0.007880589475780332,0.007880589475780332,322.01713852556554,66.31348495461316
65,64,9,B_optimized,False,131.81506903122212,86.55558058094319,591.5356661364652,1609,56.625331813928305,0.8152188957845032,0.10868468974550977,252.6909427845912,0.030134956106279382,6.840243784788904,0.21787504230414248,0.22530090741163786,0.872140385316342,0.6468394779047041,82381947.24399374,2.147395737443485,0.06337299239568998,1.016,0.06438696027402102,3.5551565247999974,10.20686342008202,3.499169807874013,10.046125413466555,4.462507056293064,0.8119158230581959,0.0021830522037496057,0.02396005907082105,0.09986087068097341,-0.008823819064536359,0.008823819064536359,269.48516697740837,59.54142927302769
66,65,7,B_optimized,False,148.28491569475148,77.32703413295754,537.2025263889353,1439,43.93790715125739,0.8941299172208144,0.08707062314509396,396.5766671783624,0.3345906001652627,8.26475611106891,0.20063890326648182,0.19047551899427173,0.8476435087353928,0.6571679897411211,59776460.17782465,1.5581534556975352,0.06443615155227621,1.01625,0.06548323901500071,2.9560349959718097,10.198746726951397,2.9087675237114974,10.035667135991533,9.025843352373085,0.9975903070669957,0.0022045206183084185,0.02933965953595152,0.06434252827259633,-0.022728094872497634,0.022728094872497634,391.9902182312932,58.08249183876144
67,66,19,B_optimized,False,132.28829412087896,89.99218157498797,672.7884059265815,1554,56.80093381630722,0.50785493880561,0.07192543723617441,173.75098449363983,0.3197165302109759,7.470488567577968,0.21732917735916954,0.19719639165771097,0.8612161408825433,0.6640197492248323,94088012.1864728,2.4525299907680065,0.05334524163391538,1.0165,0.054225438120874984,3.6966069628286986,12.447590991933337,3.6366030131123446,12.245539588719467,3.058945915494032,0.5147322133824089,-0.00662807180148007,0.03307066958521068,0.07545261766258687,0.0035271804264124657,0.0035271804264124657,206.90770859894695,59.121438422593755
68,67,8,A_standard,False,121.1680909170267,87.68512701914591,347.0741940487141,735,83.5241937901004,0.2040943663709247,0.022949738261417576,239.4948259609206,0.10942503293750519,7.014022739510812,0.23110601110335946,0.1977042964015921,0.8691144539037162,0.6714101575021241,22368434.920818456,0.5830632002419629,0.10359423134976137,1.01675,0.10532943472486987,1.9084488955190024,6.481153909383881,1.877008994855178,6.37438299423052,2.867370699354256,0.4668911940731934,-0.012974665116930587,0.043855249834985496,0.0,-0.022949738261417576,0.022949738261417576,264.7995476258029,34.33048675994472
69,68,2,A_standard,False,132.582379712746,69.02332889622886,420.2433403614365,843,73.99303372230663,0.49388804632742106,0.03195599580846684,210.40524394811604,0.30831630818570815,9.26674249153736,0.21699161918633755,0.1338807958945304,0.8308260353116826,0.6969452394171523,24452558.993397165,0.6373886841553718,0.09768728444657701,1.017,0.09934796828216881,1.3705038138074848,7.134451974640528,1.347594703842168,7.015193682045751,2.8435817990347556,0.46097498495872596,-0.010079040311688256,0.04737682205456935,0.012243820564550702,-0.019712175243916143,0.019712175243916143,202.80503993087527,32.53475198088514
70,69,10,B_optimized,False,131.0047337332774,85.50153748094226,730.5696562003562,1546,54.573256302026174,0.621878340598483,0.031133865645742494,225.86631252130582,0.6643783736795574,10.16972135783526,0.21881754202643788,0.10803355230496442,0.8159563426067553,0.7079227903017908,96570625.38981527,2.517242627321608,0.05371423654294865,1.01725,0.05464080712331451,2.0112647830074493,13.17942571399581,1.9771587938141553,12.955935821082143,4.13877286836776,0.7574542649224539,-0.004081309458067147,0.03418576905714608,0.002174028193193695,-0.0289598374525488,0.0289598374525488,234.52579948269414,52.335969296379794
71,70,16,A_standard,False,120.79931604678109,52.45965207354073,425.55209595024843,642,85.89960845362904,0.6301969901522391,0.05715546431136164,147.71548416761874,0.5108383495061202,9.942620128819636,0.2315996478381607,0.09998777800402778,0.8196708657130853,0.7196830877090575,14332210.161123708,0.37358824399947793,0.1303557236636485,1.0175,0.13263694882776236,0.7670378806075452,5.520916669267443,0.7538455829066782,5.425962328518371,1.71962930712728,0.21748713005556397,-0.018096564455254396,0.06949750723164787,0.06275552702824574,0.0056000627168841036,0.0056000627168841036,121.44512697396766,22.65518698111757
72,71,4,B_optimized,False,137.60405894070064,95.72901977100472,674.5989130883187,1475,61.91234900859384,0.6561626208074118,0.035178254696170544,285.08511845198353,0.5513620117911844,8.650122763762285,0.21141760866408937,0.1606080636239383,0.8411355496227946,0.6805274859988563,95253571.71558167,2.4829118601978712,0.052787868480265385,1.01775,0.05372485314579009,3.0425184469037854,12.891740196959644,2.989455609829315,12.666902674487492,4.604656793306483,0.8326682302980761,-0.001959767658655701,0.03191063191342276,0.036944991742041765,0.0017667370458712209,0.0017667370458712209,273.5102255309435,62.51102685948613
73,72,10,A_standard,False,135.6958161839284,65.61541653404142,333.7987241617846,929,87.23263059823769,0.567684407828275,0.01959928746768471,265.52565645217044,0.15152171328840192,7.73441492092081,0.21349440946924492,0.1918091625817015,0.8566821650569904,0.6648730024752889,20347276.019374188,0.5303789878039787,0.11238671746327251,1.018,0.11440967837761142,1.706688894480648,5.9159393341349835,1.676511684165666,5.811335298757351,3.0438799636237808,0.5109682310629405,-0.004794092013670778,0.04318943807682614,0.019270904804699847,-0.0003283826629848635,0.0003283826629848635,225.59041545578324,35.46108986923569
74,73,3,B_optimized,False,136.51112649177003,67.61733733808072,851.4948499772981,1677,59.85386541929381,0.7584355622559247,0.050038580671250055,392.28090359568034,0.37313633759408993,7.929644417395379,0.21260104363877216,0.18528674538475554,0.8533436944234183,0.6680569490386628,96554640.93755205,2.5168259711754044,0.05216461458086464,1.01825,0.05311661879696542,3.551962319160384,12.806707274776333,3.4883008290305755,12.577173851977738,6.553977773158643,0.9721851920229923,-0.003964363800174404,0.025657557665983915,0.04866952231161866,-0.0013690583596313935,0.0013690583596313935,379.2313570519993,68.22326252040374
75,74,14,B_optimized,False,126.57125071433803,77.87711913348596,778.6808707223377,1642,35.0,0.6477932192746428,0.086284647749896,219.00967632182002,0.0402490778893544,8.405602263462274,0.22415502406915858,0.1519569567245987,0.8452591220927919,0.6933021653681932,99573216.46125694,2.595509183087802,0.05244607350183261,1.0185,0.053416325861616515,2.897394343911921,13.219334052604859,2.844766169771155,12.979218510166774,6.257419323480572,0.9629388023325899,0.0015050964150409238,0.029369608144642845,0.0676210257721609,-0.018663621977735093,0.018663621977735093,215.58827862490097,62.93174896937499
76,75,10,B_optimized,False,141.73606952738243,76.2998289284574,622.3225011754686,1314,59.36193763542765,0.94140814501938,0.021727477828556673,182.78302024450383,0.22411093737302126,7.579752247538811,0.2070841013946059,0.20811880530819996,0.8593362028242812,0.6512173975160813,62392793.896715626,1.6263516964970175,0.058466049733283114,1.01875,0.05956228816578218,3.5596522470325827,11.138385447398564,3.4941371750013075,10.933384488243988,3.079128268471775,0.5197717518167636,-0.016723167195887737,0.03540519961764257,0.0,-0.021727477828556673,0.021727477828556673,132.49608211716173,53.8816086213727
77,76,7,B_optimized,False,134.434832547895,64.21053858873118,621.3775309573638,1303,46.97216472396733,0.47897335970831656,0.06661955541630167,313.8170009295618,0.26245831866065533,9.318810060122395,0.2148942326654259,0.13498946545909093,0.8299613038029814,0.6949718383438904,51988378.666409925,1.355146685404257,0.06415201829701168,1.019,0.0653709066446549,2.1042122920297737,10.833203019838013,2.0649777154364806,10.631210029281661,6.680914170630891,0.9754194995547311,0.012560901587670644,0.02785735287087022,0.0749858164982929,0.008366261081991233,0.008366261081991233,327.4659724113567,55.19836590674399
78,77,5,B_optimized,False,128.3344134287057,88.48261763823756,692.2727047536818,1676,43.62617006841041,0.4840562605611151,0.052009376505294615,153.88961730016712,0.3250126726801347,5.964272505671461,0.22199481779476243,0.26605889413761835,0.8875544120911522,0.6214955179535337,102661873.33651792,2.6760191592445564,0.04869100400607432,1.01925,0.04962830583319125,5.464231012866912,12.764072761284625,5.361031162979556,12.523004916639318,3.527461087206419,0.62889075645029,-0.006388032118269417,0.028717963752033438,0.038453888466661756,-0.013555488038632858,0.013555488038632858,173.73183811668204,71.32836111571264
79,78,12,B_optimized,False,142.13270468612325,77.83682755357313,574.5782737616884,1453,53.49221271701149,0.7332222376977076,0.09986466100377611,358.4791814700201,0.3976636719299837,7.704274446012567,0.20667941000977616,0.20345409090776503,0.8571987368845546,0.6537446459767896,64983027.56571895,1.6938696045567334,0.06137532317537115,1.0195,0.0625721419772909,3.3149168164283918,10.65158783944499,3.2515123260700256,10.447854673315339,6.7015208992470265,0.9759087621101676,0.004690605852658752,0.02505504268980532,0.1022876890340479,0.0024230280302717927,0.0024230280302717927,357.41761737335236,62.77096136917808
80,79,14,A_standard,False,120.54816745656944,79.85500107431443,391.62831479591284,840,72.3145421020859,0.8344692672792456,0.020292122468417658,358.133723214543,0.3366376146182695,8.80107149206732,0.2319373007095138,0.1298602034492565,0.8386000120793021,0.7087398086300456,26269722.778958037,0.6847554908150018,0.09406517661901606,1.01975,0.09592296385724162,1.380534307347531,7.534560972554087,1.353796820149577,7.388635422950808,4.952444042430198,0.8757128953084252,0.004724894635410605,0.036125491225017195,0.02798171217006981,0.007689589701652153,0.007689589701652153,286.25153139850545,42.902421130824784
81,80,19,A_standard,False,125.46964067535195,74.42461429620195,332.9530370792597,721,75.06975744617581,0.6876664223468268,0.044576314595492474,387.3788101443051,0.15877728459266946,7.154840352720179,0.2255308566201436,0.19916188873859422,0.8666701650484945,0.6675082763099003,17866308.88299188,0.4657092581892401,0.11843332417980178,1.02,0.12080199066339782,1.6816372428779662,5.636152501271602,1.648663963605849,5.525639707129021,5.160251255934208,0.8966228398563703,0.00879143365247858,0.03797208632594317,0.06610660245683073,0.021530287861338253,0.021530287861338253,377.049378904674,40.10954890428904
82,81,9,B_optimized,False,138.7540534295769,85.9170496398925,754.9659475879238,1654,58.28776887224009,0.7648694391720288,0.10200161987891464,260.6315930892755,0.2113701876563663,7.759851108822167,0.21018951694708876,0.1957260393110228,0.856246461322365,0.6605204220113422,107285794.99949257,2.7965478673113386,0.05237973086312507,1.02025,0.05344042041310336,3.736675162048464,12.61022939841685,3.6625093477563966,12.359940601241705,4.471462849445295,0.8132796301226459,0.002501386772067498,0.03566929276195148,0.08690372972167071,-0.015097890157243929,0.015097890157243929,220.93041503375315,64.17401066110027
83,82,4,A_standard,False,125.00317273427856,71.99130878940024,442.5495125854934,1030,57.74636812902017,0.717340103712628,0.0573325396708779,176.7443210088668,0.23855531449644435,8.593643416243202,0.22611964876040871,0.14324603096050706,0.8420862221957313,0.6988401912352242,32815510.173595045,0.8553802019282684,0.09243642059455054,1.0205,0.09433136721673882,1.5496708985392271,7.560225577107898,1.518540811895372,7.408354313677509,3.0607002091278663,0.515170394605283,-0.01340419022953612,0.043040338504207944,0.04380159009513442,-0.013530949575743474,0.013530949575743474,152.93475725439941,36.08279470105879
84,83,17,A_standard,False,140.6011738309987,78.06934684763871,394.50903367861525,743,69.09340025630715,0.920012890387149,0.05034946360536421,231.07954992054064,0.28187868913642317,9.518269107037796,0.2082527595340986,0.137765018794836,0.8266570330391829,0.6888920142443469,22883703.50049347,0.5964943655475797,0.11064391084385225,1.02075,0.1129397719938622,1.2451206554806145,6.226208103006728,1.2198096061529409,6.099640561358538,3.344451844363336,0.5852715222095987,0.00165036892350317,0.04619641861736499,0.0629567557475683,0.012607292142204095,0.012607292142204095,257.7944304375501,33.32808455103915
85,84,13,B_optimized,False,127.41274804831252,98.87817547463689,682.5440469659226,1741,41.87412311770541,0.5090712254283793,0.03272963310301588,261.0360575042635,0.7878038255176737,6.706061717833755,0.2231176923795187,0.22397048136357361,0.8744840406664992,0.6505135593029256,117497844.18845868,3.062738600021263,0.03913849669822678,1.021,0.039960405128889535,5.722511089030175,16.620811073011858,5.604810077404677,16.27895305877753,6.233827434917462,0.9620876059623996,0.006977009090799149,0.027234112764415213,0.031317780442244765,-0.0014118526607711165,0.0014118526607711165,199.1845802455128,87.82586095949392
86,85,15,B_optimized,False,145.66309704154634,77.17405046537914,673.0813019772679,1371,60.63661133646041,0.6786502314704871,0.10256812390329134,170.98294351780228,0.4663427144448328,6.6319255122451395,0.20316006811023413,0.25993012378265373,0.8757816209780386,0.6158514971953848,71215786.61191867,1.8563348127252308,0.052901733226096266,1.02125,0.05402589505715081,4.91345194063379,11.641423818068537,4.811213650559402,11.399191009124639,2.819797144814907,0.4550708028619567,-0.012381123699483762,0.045207461706719534,0.08728117345850361,-0.015286950444787728,0.015286950444787728,141.25652058207277,62.21109413837353
87,86,2,A_standard,False,132.64231956493273,73.87562751398738,266.66613717181514,996,72.57530439576422,0.6137234392661897,0.06616327280722262,400.82698540890766,0.1661637043995734,7.053969812160159,0.2169229749618287,0.21649926706103192,0.8684203596463601,0.6519210925853282,19621327.707417686,0.5114561732450725,0.11041459589061388,1.0215,0.11278850970226209,1.960784851991077,5.904301757633355,1.9195152736084942,5.780031089215227,5.522911529562961,0.9257324761903766,0.00613022719422761,0.040297061065758484,0.0785603930308344,0.01239712022361178,0.01239712022361178,418.5893829370404,43.83625998057518
88,87,7,A_standard,False,128.30612957964485,79.7418014996091,361.3067256507693,816,80.74166176606022,0.5244605311899052,0.07208792183934089,285.6209041982105,0.376046836695144,6.46246414949184,0.22202907229405464,0.23814991233462146,0.8787548795957981,0.6406049672611767,23509979.345010974,0.6128190838137987,0.10259506752217384,1.02175,0.10482651024078112,2.321260837253703,6.24401331109532,2.2718481402042605,6.1110969523810335,3.5374662590641814,0.6312228084167506,-0.015266753532219866,0.044085483795365706,0.05698588430477059,-0.015102037534570296,0.015102037534570296,257.5397037187255,40.411371884656646
89,88,16,A_standard,False,133.9897555285578,77.35538941317589,465.3678513276716,1092,70.54617320640185,0.6460610440146998,0.08588328845839195,147.24932175713076,0.04015243175224377,6.53362154458853,0.21539365762416107,0.24480320355283708,0.8775051709036636,0.6327019673508265,39310592.80492888,1.0246832255089153,0.07783849078905329,1.022,0.07955093758641246,3.145014774454808,8.128394589066284,3.077313869329558,7.953419363078555,2.0872758232585227,0.2864427100434603,-0.02015560408437828,0.04302958304049058,0.0753978338820104,-0.010485454576381545,0.010485454576381545,117.28148462973695,42.3761061529356
90,89,17,A_standard,True,113.1424612213625,82.17360362189567,337.3138275817309,990,74.86548012950891,0.41611453499075096,0.07273373402470207,513.3309176038476,0.23140743743584472,7.0273388023053,0.24246278659425433,0.18197824202795615,0.86888302106995,0.6869047790419938,27441109.836246755,0.7152892625680316,0.09182765466136122,1.02225,0.1872794290524057,1.9817367948582492,7.4803694113188115,0.9716937036209881,3.667806883636856,6.8567104186848535,0.9793001234172436,0.008800613180478836,0.028918957231230457,0.0714340622645559,-0.0012996717601461705,0.0012996717601461705,563.0784831549845,23.67766100894001
91,90,9,B_optimized,False,138.95278421019717,76.63077613874276,711.8258300993734,1346,61.1067107802528,0.7197912365161822,0.095605038428779,229.85592972994013,0.1312157383269356,9.233493548245992,0.20997904210391274,0.1438707243009287,0.8313787008014139,0.6875079765004851,73421292.81541729,1.9138242843721078,0.056306013210082884,1.0225,0.05757289850730975,2.5551573641723464,12.210205221515684,2.4989314075035174,11.941520999037344,3.761549702070042,0.6816900962811671,-0.00024234618951879047,0.03428211158704683,0.09179892344439705,-0.0038061149843819503,0.0038061149843819503,231.99907267904922,54.91992271226634
92,91,17,A_standard,False,129.65493128287275,72.87036867125003,381.34005210665475,779,67.746693184174,0.5161529479242454,0.04686922977581008,134.461938931076,0.2675137005353276,7.687923181931242,0.22040969820258102,0.18369236897153715,0.8574791083846798,0.6737867394131426,21647155.954991866,0.5642620984406628,0.10891655425176627,1.02275,0.11139440586099396,1.6865422362419096,6.186265660366463,1.649026874839315,6.048658675498864,1.9847749404614043,0.26595854400648494,-0.01039257165119696,0.058821612058405096,0.013483098705376395,-0.033386131070433686,0.033386131070433686,147.94943546400756,27.15092692393613
93,92,17,A_standard,False,145.9801134224381,77.24207521195164,388.21151864174016,790,81.7111389853127,0.40284085353825294,0.10196519211248693,151.41330109131152,0.29967217199907387,8.031375106156606,0.2028511339188205,0.19609156760060276,0.8516092346639415,0.6555176670633387,23689148.023646295,0.6174893552707885,0.09515832733742874,1.023,0.09734696886618958,2.0606874152512957,6.888705228486116,2.0143571996591363,6.733827202821229,1.8530313366275257,0.24104320454947872,-0.015458897939634498,0.050004112944703485,0.09062610897661515,-0.011339083135871786,0.011339083135871786,152.28842865968235,32.6149022304366
94,93,8,B_optimized,False,134.93882330624973,80.94931335779197,805.0546895032153,1901,55.37580957039598,0.721340410595571,0.014640973772936102,429.71842347985705,0.3400562482135264,7.044535743245821,0.21433208282561045,0.2209386940603671,0.8685842298558928,0.6476455357955258,123885554.85276656,3.2292428295453726,0.05623519485510781,1.02325,0.05754266313548907,3.9288330845056074,11.51672964705128,3.8395632391943386,11.25504974058273,7.760038666948635,0.9915074627462619,0.011947530273070262,0.024338328561107708,0.027399560814598305,0.012758587041662203,0.012758587041662203,433.39591829782444,67.0229317205524
95,94,18,A_standard,False,131.05877205122138,67.54298341531371,277.43639705847795,973,84.25714594584908,0.5596976836344323,0.07798207627660662,500.13134736297894,0.35901208976903765,8.633537075064583,0.21875438193249316,0.15127981663134143,0.8414146121522504,0.690134795520909,18232932.152261388,0.475265784491601,0.11614870635261379,1.0235,0.11887820095190023,1.3024666514328083,5.941820767471495,1.2725614571888697,5.805394008276985,5.935773657517507,0.9495867885326442,0.011800202389656986,0.03896645712424607,0.07688656311857521,-0.0010955131580314137,0.0010955131580314137,529.2106473746758,41.67146157369402
96,95,6,A_standard,False,130.5433053533547,65.18831350752795,385.749556444946,869,84.02365348419822,0.402213636797027,0.022289134909008662,346.50450514911256,0.025645209681262084,9.875764027832773,0.21935866989377775,0.11459690737407909,0.8207675987461079,0.7061706913720288,21852189.465182077,0.5696065713566952,0.11125341352831968,1.02375,0.11389568209961726,1.0300529551383906,6.347406960167315,1.0061567327359127,6.200153318844753,4.123892389590955,0.754710000761739,-3.373256986187608e-05,0.03630013918626899,0.02929830482450068,0.007009169915492018,0.007009169915492018,385.63876128038675,36.22384872341461
97,96,5,B_optimized,False,144.54131283373067,87.89797882386728,665.3859816968754,1663,48.05901095818361,0.8303762966578583,0.05063125043844676,398.3441930514612,0.06656572488141904,7.112370115960578,0.20426249432879,0.23391664138790244,0.8674066315253134,0.6334899901374109,97262355.91074422,2.5352735093509313,0.047343208587511586,1.024,0.048479445593611864,4.940870050147089,13.380799676186626,4.825068408346766,13.067187183776001,8.288647333963292,0.9949767754822971,0.012365202559283495,0.02058808342664942,0.07169782464010965,0.021066574201662892,0.021066574201662892,356.05617270449306,75.554954976441
98,97,14,B_optimized,True,135.95578670297783,75.4662957975188,639.8263666215754,1525,47.16497596648566,0.6676842231152876,0.12063015897674147,380.35480056777607,0.2044756285352785,9.724748371074734,0.21320856117607956,0.1257575278725717,0.8232503213179696,0.6974927934453979,73635121.90983616,1.9193980259654755,0.06061582778828526,1.02425,0.1744957222513819,2.0746648600066773,11.506776676902808,0.7206911794170116,3.997191360602963,8.064348444448425,0.9937216407307704,0.0002762465061595309,0.020274361113889965,0.07600381732074338,-0.04462634165599809,0.04462634165599809,379.2330662543258,20.129472735908696
99,98,13,B_optimized,False,134.83150154937582,74.95230722294295,785.784766099032,1432,63.20745705264182,1.0955672600016548,0.028876114520038413,282.65860172858646,0.2881740672159747,8.364424383167846,0.21445148982606124,0.16633303416496378,0.8459555283977314,0.6796224942327675,84339617.87806064,2.1984250432022177,0.0544557608360112,1.0245,0.055789926976493466,3.0544616696452245,12.480268089163088,2.9814169542657147,12.181813654624781,4.471918582220078,0.8133488259407661,-0.007130435237045948,0.02760071130526893,0.015051291032775888,-0.013824823487262525,0.013824823487262525,276.3027770315676,59.828710843808864
100,99,3,B_optimized,False,131.03819930386805,88.45751416193093,737.0795374392022,1508,42.91021850803276,0.8976409279467145,0.09726375495674848,255.11038934260296,0.21007457908156038,8.01686349928871,0.218778422180881,0.1730946460281534,0.8518564349033034,0.67876178887515,98321937.22121857,2.5628929146418553,0.054255814771139096,1.02475,0.05559864618672479,3.190342763412514,12.510397120350893,3.113288864027825,12.20824310353832,5.945213010156229,0.9500367536683647,0.001157146243246378,0.023017221490326402,0.09255804233793777,-0.004705712618810712,0.004705712618810712,243.10384413734837,64.43278952827738
101,100,17,A_standard,False,134.38502703713758,83.65414112335179,252.43153935757618,880,80.1236113190526,0.39696072502074237,0.03820309652860159,280.497828631,0.25824912584746174,8.40012383232524,0.21494998013700747,0.16437474113314932,0.8453517410446313,0.680976999911482,18582910.383315176,0.4843884355905978,0.11395256453615783,1.025,0.11680137864956176,1.4424839125142481,5.9759690594361645,1.4073013780626813,5.8302137165230885,3.500813605543269,0.6226505124661686,-0.0052388401752046536,0.045899402118575974,0.007281069151784964,-0.030922027376816628,0.030922027376816628,294.43977317900993,32.67736332189028
102,101,4,B_optimized,False,138.49110263584248,83.02911459070428,621.111814365465,1386,63.51576368655343,0.6385772958717356,0.028487997969252013,306.3825534374119,0.21044618308727134,8.390526498967015,0.21046879583154138,0.17102526093387088,0.8455140190677712,0.6744887581339003,71476524.51590633,1.863131295235589,0.0663673502487316,1.02525,0.06804312584251207,2.5769487600891448,10.162960485932478,2.5134833065975566,9.912665677573742,4.823724626053335,0.8610124527013971,-0.000319964857007153,0.03399348934569874,0.05088114206772379,0.022393144098471776,0.022393144098471776,308.5464095366534,52.7467170084754
103,102,17,B_optimized,False,137.85961780394388,63.642173895961434,650.4667803793118,1759,53.67840672695651,0.8189022986735146,0.04834855890333967,157.57608853442974,0.2594466347497889,9.857104419063244,0.21114318982936722,0.12477284067554849,0.8210739599540212,0.6963011192784727,72817533.99283507,1.8980865024255724,0.050607068065465596,1.0255,0.05189754830113497,2.4655220198518837,13.758969762439776,2.404214548856054,13.416840333924695,2.9355582280220203,0.4838951299006428,-0.008242217872139005,0.0319373622094668,0.03532760270184518,-0.013020956201494488,0.013020956201494488,197.58033147511657,52.10558241088792
104,103,1,B_optimized,False,135.08808083933826,70.19686560424714,667.5842824344919,1460,54.233324002857145,0.824803063721121,0.06015751583631275,305.8237557871078,0.23176141445821305,8.520220731821725,0.21416628590592368,0.16125891641583714,0.8433236951782037,0.6820647787623666,68418993.26420021,1.783432650123839,0.06465167023127844,1.02575,0.06631645073973386,2.4942730147413914,10.549840032321146,2.4316578257288732,10.285001250130291,5.639037647240583,0.9333321086417969,0.0030361785913374695,0.027219224794629522,0.05540487535067458,-0.004752640485638171,0.004752640485638171,331.2915535269531,56.35277414847838
105,104,16,B_optimized,False,130.26008187679437,92.00988691061768,682.5631650144485,1797,41.3352983566934,1.0429442948995562,0.05712919996885091,424.115204747589,0.014439087411094466,8.541107171140972,0.21969242599568806,0.15313788487249688,0.8429714881631133,0.6898336032906164,112856199.64133182,2.9417479212538984,0.047236682938848765,1.026,0.048464836695258834,3.2419271495152344,14.603768943379341,3.1597730502097803,14.233692927270313,10.260363940953926,0.9992976414618824,0.003724676808485232,0.020889433708934844,0.05300797922768087,-0.004121220741170037,0.004121220741170037,458.20297759878963,69.53759546873684
106,105,16,B_optimized,False,135.77957912499645,83.2154262646305,527.9060134154797,1528,53.82626695897131,0.6799235142167298,0.1255470739656626,200.48911452046977,0.5480493313173603,7.578500180037455,0.21340220707399588,0.1984399656338901,0.859357722032361,0.660917756398471,67124923.7711992,1.7497009964522436,0.05538784914743391,1.02625,0.05684178018755406,3.5827346374413915,11.932540558475377,3.4910934347784566,11.627323321291474,3.7247449219038575,0.6736510242125263,-0.005124182076993879,0.046172534074274574,0.11445174486807336,-0.01109532909758923,0.01109532909758923,163.96706730278464,59.41738392250859
107,106,16,B_optimized,False,134.58120728542718,73.902432551702,511.1763852978596,1412,59.90868412809101,0.9534677395441147,0.014379108002041707,191.07500417090088,0.15813342334279018,8.839077136464404,0.21473059797093708,0.14986501065612212,0.8379628236005591,0.688097812944437,53341375.811135046,1.3904143672029263,0.07760533198033794,1.0265,0.07966187327781689,1.9311174481425049,8.866630621704875,1.8812639533779882,8.637730756653555,3.1894375072963146,0.5472182527855183,-0.01662432782990656,0.037712595706164934,0.0,-0.014379108002041707,0.014379108002041707,162.27132864672308,41.13176246349458
108,107,14,A_standard,False,137.16484194651477,71.7296374105815,306.2063125519023,1053,64.58927003498606,0.5620209939658256,0.040819505959342514,272.6185009668106,0.15950965453590782,7.043153026377015,0.21189126915901502,0.22483631427487438,0.8686082503093582,0.6437719360344838,23128163.36410464,0.6028665391445436,0.11227721263211564,1.02675,0.11528062807002473,2.0025106520195397,5.733771982244063,1.9503390815870851,5.584389561474617,4.220801703117892,0.772204603510503,-0.003912726915787927,0.04110961821229827,0.05661299226657775,0.015793486307235233,0.015793486307235233,248.3160906432556,40.21110894996003
109,108,10,B_optimized,False,126.99915408759479,78.63672274212014,570.1348980197791,1523,44.308719297184155,0.8083708951564955,0.023731412591069343,164.23226052970455,0.5421000290435996,8.109003989579595,0.22362607828796063,0.16310114306492124,0.8502880710538953,0.687186927988974,68281481.2695098,1.7798482158985718,0.04959573812072635,1.027,0.05093482304998596,3.2886120712206983,13.855765717534396,3.2021539155021412,13.49149534326621,3.7065449675531834,0.669637274966901,-0.007484467763052549,0.04161719166939738,0.0,-0.023731412591069343,0.023731412591069343,191.88460887327187,59.635907740964
110,109,15,A_standard,False,114.02026645688112,76.43904452689904,425.3006077245934,810,73.8004633610715,0.4793432838829149,0.09411838070319545,121.63918575196345,0.10809454864444185,10.883283555780828,0.24115462269303833,0.07247206225778509,0.8043943289742685,0.7319222667164834,26332753.39385371,0.6863984681696705,0.09744493960085289,1.02725,0.10010031420497613,0.7437231995282675,7.511136747731919,0.7239943533981674,7.311887805044457,1.648217100708965,0.20557904243762443,-0.019408748764193986,0.054017295193151224,0.04700714602691142,-0.04711123467628403,0.04711123467628403,87.79650675645,21.119713260170215
111,110,6,B_optimized,False,126.1691258920549,80.10589338241336,563.1735401289792,1128,58.989086938014765,1.0983133032897534,0.028091597842210197,368.7434387958359,0.10332522028626992,5.495810080353708,0.22465488237740525,0.29093349799029006,0.8959092079028321,0.6049757099125421,50888050.06522344,1.326465147433603,0.07298947813277293,1.0275,0.0749966887814242,3.9859649011472835,8.288533161068083,3.8792845753258227,8.066698940212245,6.251045031148022,0.9627106462263528,0.0037933276888279487,0.02968676096534687,0.03734515291615471,0.00925355507394451,0.00925355507394451,343.92005961147,61.144345409482504
112,111,16,B_optimized,False,138.3909202728586,85.88586688224132,592.0558387424747,1578,55.712098029432184,1.0581782905278816,0.03623982309270677,179.59413139176314,0.3428501551726141,8.233146996335451,0.21057543635886075,0.1766299308413855,0.8481795433717575,0.6715496125303719,80240083.28797588,2.0915651861733835,0.05752497197966636,1.02775,0.0591212899521021,3.0704913842256154,11.674053709539361,2.987585876162117,11.358845740247494,3.2236109883509543,0.5556709691085939,-0.003111359649936511,0.03686603930276092,0.031811037140620176,-0.004428785952086595,0.004428785952086595,143.58035732124065,54.22781942363104
113,112,12,B_optimized,False,119.38867010968987,69.13389284112968,707.1239577881004,1569,49.84995508934155,0.8393958609185201,0.06296151610013502,221.83401161405538,0.15779264584059854,8.271622920878897,0.23351180843689848,0.14492750502039206,0.8475271045936037,0.7025995995732116,76702497.8873722,1.9993532870348558,0.06415533865741664,1.028,0.06595168813982431,2.2590092742599497,10.951537538053163,2.19747983877427,10.653246632347434,4.45003433235762,0.8100037177116238,-0.0008652593656307426,0.02458713491909152,0.060269065144801154,-0.0026924509553338666,0.0026924509553338666,286.4449283368455,53.37208556770329
114,113,10,B_optimized,False,136.23246316176755,73.27240689063633,634.7963759307736,1748,61.83738469193044,0.7475434757967879,0.0338683414654498,167.18003370812602,0.2631882805314802,7.771910957512797,0.21290536293503887,0.19115292380146523,0.8560399621715425,0.6648870383700773,81304825.99562693,2.119319130191144,0.061491214324085205,1.02825,0.06322834112874062,3.1086217096641957,10.812716022582284,3.02321586157471,10.515648940026532,2.7035430838643215,0.4264238470904179,-0.01757666031225259,0.04141578644596389,0.024017606241319385,-0.009850735224130415,0.009850735224130415,154.0351879087128,49.6863394902326
115,114,11,A_standard,False,116.54138814567179,70.98992011529113,374.97294032158504,911,75.92693327681515,0.21087182964248796,0.0962905931263168,390.78878142423065,0.24176046355045533,7.795480738932569,0.2374908581167466,0.15702418983474722,0.8556365237726626,0.6986123339379154,24250181.46080971,0.6321134428510421,0.10194782754889214,1.0285,0.10485334063403556,1.540240666329467,6.852645620161694,1.4975602006120243,6.662757044396397,5.146905907545207,0.8953792914724099,0.0018448057990249752,0.033179960610465534,0.09964742783881674,0.003356834712499937,0.003356834712499937,399.94752191848363,43.30468579503056
116,115,12,B_optimized,False,132.13150165347705,82.18364603890711,667.6755144509169,1260,37.381945848171554,0.9013211819358912,0.02063095018681435,322.96915315052394,0.43936922609449786,8.091409773161484,0.21750966922320522,0.17205176927303645,0.8505873267492993,0.6785355574762628,69138730.267084,1.80219355859685,0.07097769770170537,1.02875,0.0730183065106294,2.4240257833680423,9.559841745331221,2.3562826569798707,9.292677273712,8.639709512775969,0.9964586848630403,0.012414279997996654,0.03082240859906267,0.032564219920867735,0.011933269734053384,0.011933269734053384,294.3393466455616,54.507646333701686
117,116,1,B_optimized,False,142.84947964127946,79.2013233560364,539.8126930961964,1809,57.77344598994967,0.7639099945745669,0.018255935702555418,197.41236272670423,0.09390170321472913,7.747996724535469,0.20595292463542753,0.2027619627048465,0.8564494908812509,0.6536875281764044,77341768.30060688,2.0160167261301725,0.06102761586408782,1.029,0.06279741672414636,3.3224624595594494,10.711339758580868,3.228826491311419,10.40946526587062,3.4170086160525424,0.6027672168395309,-0.0009047983398509842,0.03537578117115459,0.0007758610607920442,-0.017480074641763373,0.017480074641763373,213.55195649708244,53.42020619454826
118,117,3,A_standard,True,131.68233032868918,65.30787479264029,328.6865534577431,1015,75.96704687079375,0.28166646180318655,0.01636703773467406,129.36963987055597,0.3993437616121464,8.221979728821005,0.21802875507319017,0.16652197363063367,0.8483690014854866,0.6818470278548528,21787807.5834314,0.5679283714225455,0.10439859969012291,1.02925,0.24161885970713337,1.5950594560167095,6.531189401761315,0.6891927800357772,2.8219942295949942,1.702970501019875,0.21466537188479015,-0.01282464112565093,0.05523578483969938,0.0,-0.01636703773467406,0.01636703773467406,74.86812843777963,10.501722150459702
119,118,5,A_standard,False,124.28098750481992,70.08786314065921,381.2522714871631,997,80.74981217989837,0.3279100262807805,0.02665645290780407,188.20073530163918,0.30059418646739244,7.512389294183101,0.22703862120156384,0.1816628999756912,0.8604947315591692,0.678831831583478,26640993.554979566,0.6944331606023482,0.09323904197452883,1.0295,0.09598959371277743,1.948356569615099,7.280553480685937,1.892527022452743,7.071931501394791,2.3306646817005148,0.33864569012285645,-0.01863143822113332,0.05270293235429955,0.0,-0.02665645290780407,0.02665645290780407,151.27892993024943,32.74581570586169
120,119,3,A_standard,False,140.49620209775932,81.48795214214171,345.7935426571408,881,94.25541372371019,0.36755421408290384,0.06160776986871202,284.3472667206352,0.16038092280716015,10.022392818747079,0.2083616645616091,0.12389975712434392,0.8183641613871955,0.6944644042628516,24824824.744149026,0.6470922892910106,0.10566718544933029,1.02975,0.10881078421644787,1.172547149784325,6.572186069968357,1.1386716676711095,6.382312279648805,3.016773843401071,0.5041933625297185,-0.005193604547745424,0.04408650772979698,0.040478877538012756,-0.021128892330699263,0.021128892330699263,251.9647930151729,30.787884125137317
121,120,9,B_optimized,False,132.03919074507675,84.57487346109367,608.4522017371149,1748,67.95548126458634,1.136061421195667,0.07525021836261474,239.49046721250124,0.013389279458759343,7.7479862567026485,0.21761610343461624,0.18524304142884565,0.8564496701846714,0.6712066287558258,89951674.40988252,2.3447108094154556,0.048280302331525284,1.03,0.049728711401471046,3.8368243876527814,13.902287192546272,3.7250722210221174,13.497366206355602,3.5242259013667967,0.6281353912558291,-0.005758725679200297,0.02210432896764597,0.07147503052693255,-0.0037751878356821894,0.0037751878356821894,236.05645278641458,64.23232359967584
122,121,14,A_standard,False,127.47860488091821,74.4419205942354,350.8804951646283,865,88.120962126846,0.5621634994217958,0.03552305820589078,231.0702244696733,0.09621750921397604,8.569611407624716,0.22303700060849668,0.1478820289536539,0.842491059945567,0.6946090309919131,22593988.534631237,0.5889425571286364,0.10219589682199207,1.03025,0.10528732270085733,1.4470446813656261,6.796838743944919,1.4045568370450143,6.597271287498101,2.622193617644103,0.40665607972641105,-0.009522485028887343,0.046002335821680736,0.0,-0.03552305820589078,0.03552305820589078,197.53275533296005,29.255989757542178
123,122,14,B_optimized,False,138.95690528551137,70.16394082112322,702.8531895570356,1825,66.51954511280529,0.8156940156354024,0.09137108828452513,241.98893164674033,0.030185441709644153,7.3309639001567835,0.2099746829084751,0.2145276122739698,0.8636227149981257,0.6490951027241559,89999783.01638202,2.3459648246455815,0.051033248564040616,1.0305,0.05258976264524386,4.203683251807169,12.719062983216114,4.079265649497495,12.342613278230097,3.6378620935601744,0.6542700241742513,-0.00856928361208665,0.027086350622390946,0.07876449298524359,-0.012606595299281542,0.012606595299281542,271.7226014252994,63.78280444644312
124,123,10,A_standard,False,114.52375411429506,56.30821472215633,395.97729687040965,691,70.12482220151306,0.5328408270607454,0.011726003058604795,309.53954375135214,0.3905337523234242,8.933143030401148,0.24041199056550416,0.1167600040925692,0.8363878311540668,0.7196278270614975,15407071.288179144,0.4016059381642736,0.128016214295481,1.03075,0.13195271288506705,0.9120719959978606,5.621380315156692,0.884862474894844,5.453679665444279,4.41412233262922,0.8044153296107216,0.0029232328564811503,0.051082720014183874,0.011702191071867063,-2.3811986737731772e-05,2.3811986737731772e-05,316.06600489830714,35.86642483620376
125,124,18,B_optimized,False,132.61851695257326,82.85702941017057,703.5457212359122,1591,58.11845376430818,0.7188714734974326,0.06264639344254357,215.89472498024563,0.3152905984217941,8.733467787351335,0.21695022783890772,0.15035925331357172,0.8397346283008811,0.6893753749873094,92745290.24870723,2.417530145993885,0.0504849186948656,1.031,0.05204995117440643,2.9783003954577727,13.65507547222058,2.888749171152059,13.24449609332743,3.71473621538141,0.6714468443932071,-0.008376660801362826,0.028545986794883026,0.05389239961256174,-0.008753993829981828,0.008753993829981828,191.5613500110265,58.968569956196845
126,125,12,A_standard,False,119.85588866524802,68.27804434739076,299.0842581538608,773,86.78402875296634,0.6597919057548799,0.02861772493905415,269.3828492172838,0.6312900098312939,8.41926023653217,0.232874247218562,0.14076986435728345,0.845028263098354,0.7042583987410705,15785346.610939054,0.4114661908391569,0.1181313567604469,1.03125,0.12182296165921087,1.1916384287598094,5.9616550427775366,1.1555281733428455,5.780998829360035,3.1040601950399327,0.5259915987704632,-0.009350039329486446,0.05367194491689096,0.026405414920219198,-0.002212310018834953,0.002212310018834953,281.55430277638214,32.315388494760946
127,126,2,B_optimized,False,135.68248892091685,88.73266895501978,584.7883554630882,1783,52.58655379095323,0.7080769827852149,0.0455767929911696,141.10635585271652,0.26518900197425427,6.97266464378148,0.2135090884302121,0.2256596762342051,0.8698336496840755,0.6441739734498704,92519569.660883,2.4116464367060795,0.05732533510881426,1.0315,0.059131083164741916,3.93647373898226,11.237160188023447,3.81626150167936,10.893999212819628,2.6833162791700538,0.42148416241945746,-0.00730549697683816,0.0409673911229344,0.033812129406297194,-0.011764663584872409,0.011764663584872409,123.11101540648284,54.918851567341044
128,127,16,A_standard,False,108.0025918429554,84.2583503416377,352.8235483888283,938,86.40302367665737,0.6129202734412657,0.051551668200803806,694.2696265890884,0.09917360528949506,7.247596959436479,0.2504834884306013,0.16277223784897227,0.8650638677829634,0.7022916299339912,27885173.679692265,0.7268643811039337,0.09181266860577365,1.03175,0.09472772083400696,1.7728733988539824,7.649180016207779,1.7183168392090937,7.413792116508631,8.035246881952029,0.9935374442367102,0.010680391995681979,0.02829897293248537,0.05593561414557683,0.004383945944773024,0.004383945944773024,679.0600350404266,47.89892677894984
129,128,12,B_optimized,False,139.4210191855203,83.89454837719427,664.5496147741599,1335,49.91357954761895,0.5573928829602586,0.05083768081971283,193.61871773026175,0.30577228451814675,9.68617298574618,0.20948515392304737,0.13145253555850173,0.8238857103575573,0.6924331747990555,74429039.89063162,1.9400925609318629,0.06753495887881275,1.032,0.06969607756293476,1.9464368934374427,10.252959153222903,1.8860822610827932,9.93503793916948,3.8790789898276894,0.7066313288089995,-0.004537981195758236,0.03319798708925854,0.060071111613111496,0.009233430793398667,0.009233430793398667,210.33394232382088,47.338051667978284
130,129,13,B_optimized,False,132.2246657020525,81.11289391809274,847.8963068134099,1728,52.576593648754866,0.9113118256186646,0.05791285172868556,241.1078635355435,0.28857049284138314,7.23652629228932,0.2174023794332921,0.207372614308733,0.8652554256717423,0.6578828113630093,118843758.46903461,3.097821657484241,0.046972869264169485,1.03225,0.048487744297938944,4.414731685699155,14.005591348128203,4.276804733058034,13.568022618675906,4.585840329373515,0.8300300614470513,6.744461801617518e-05,0.02927928407622392,0.054856853679498004,-0.003055998049187554,0.003055998049187554,175.68914026336165,71.8493190334054
131,130,12,B_optimized,False,140.97932930699042,79.23293117947223,648.4161863669925,1461,59.35045798334325,0.6359977594720996,0.02564327627090782,283.87586073313827,0.3504846718780336,8.640902170212504,0.20786157771137717,0.16594289464874895,0.8412906793066994,0.6753477846579505,75060211.91737483,1.9565449047421843,0.06352932707171359,1.0325,0.06559403020154428,2.612067564660778,10.630488559962236,2.5298475202525696,10.295872697299988,4.78304414791219,0.8560723496394842,0.002323320216483753,0.029081971815603548,0.04172363293801866,0.01608035666711084,0.01608035666711084,298.160528838417,54.164713945868684
132,131,12,B_optimized,True,129.0378127373611,73.32119077782798,587.61317484718,1303,48.54204955632467,1.0196296504375495,0.04952546547414882,182.86932299558867,0.25092514836808805,7.055328669818698,0.22114704080579498,0.210080380494081,0.8683967587739331,0.658316378279852,56139100.498585455,1.4633408064211912,0.06928715851897303,1.03275,0.1907204041936502,3.032024764539223,9.501275450624577,1.101509727720446,3.4517354399659452,3.767235307676912,0.6829225320525867,0.00540218287539969,0.032845320077246436,0.04051537611182521,-0.009010089362323614,0.009010089362323614,159.24357895017732,19.519763944693892
133,132,2,A_standard,False,128.1269957017367,68.28962510520036,328.1412263775343,883,71.93932527048435,0.6607854434273986,0.028665423191097262,220.77602007332013,0.42474592432267405,9.00838323560177,0.22224631936850242,0.13505407602853112,0.8351301778114787,0.7000761017829475,19786830.295169245,0.5157702197487436,0.11796929586277692,1.033,0.12186228262624856,1.1448239564439495,5.934392476134494,1.1082516519302512,5.744813626461273,3.0689198048942683,0.5172231343593502,-0.0015554875765345206,0.05477016214384582,0.026812904916125216,-0.001852518274972046,0.001852518274972046,192.25228198404938,31.824205082193018
134,133,12,A_standard,False,128.49292698188492,55.59617046612655,239.00776377798212,909,88.48865922635439,0.5912594287188684,0.01971420664867557,219.57226853576847,0.17938409228763855,7.313602642502615,0.2218030796790086,0.19746783085477346,0.8639226385950424,0.6664548077402689,12078715.987355117,0.3148479016672905,0.14542544915781982,1.03325,0.15026084534231735,1.357862960013799,4.582793531667303,1.314166910248051,4.435319169288461,2.481360554623182,0.3731704318586515,-0.003831772636702449,0.05983038560785028,0.013115331577608188,-0.006598875071067382,0.006598875071067382,254.76225288262734,27.23311551095595
135,134,16,A_standard,False,126.60429832174482,85.14439108338036,285.568097062549,1025,78.39623364054736,0.5314518963637235,0.05457485223705641,145.81087491601298,0.3073200653475032,7.03681211246,0.2241140645267925,0.20658391856412267,0.8687184126973692,0.6621344941332465,24922384.78066115,0.6496353222437337,0.10043147907253992,1.0335,0.10379593362147002,2.0569638172401175,6.592897966333825,1.9902891313402198,6.379194935978543,1.8599219394207995,0.24230602926828143,-0.014544376743871023,0.053332192760110614,0.04414094062828663,-0.010433911608769782,0.010433911608769782,121.48255354266976,31.93392540946107
136,135,7,A_standard,False,138.63103231223792,75.45914007850234,459.77445129446824,758,65.90046509985555,0.6649027613431483,0.04582484819687123,268.0015563701229,0.18529558320212808,7.287657523303099,0.21032006503388642,0.21594304119455626,0.8643710464416813,0.648428005247125,26298192.021357343,0.6854975797291597,0.10209061806460515,1.03375,0.10553617642428556,2.1152094608527383,6.351494559831009,2.0461518363750795,6.144130166704725,4.066762745362025,0.7439807921869236,-0.0012510226228645825,0.04225065295656926,0.038660872115009674,-0.007163976081861555,0.007163976081861555,285.0380675737277,42.235164389075464
137,136,13,B_optimized,False,136.76755705535027,79.42401126048169,634.3613849574056,1398,61.059390544403044,0.5414129891996854,0.013096014621203392,104.73964705660275,0.23251806566150193,7.446197403338977,0.2123219355950812,0.20577106862869166,0.8616346413874258,0.6558635727587342,70436169.04333629,1.83601303714676,0.0714706433230235,1.034,0.0739006451960063,2.8790991526223566,9.176684891367906,2.7844285808726856,8.8749370322707,1.7153732803873132,0.21676368280529001,-0.012248597039352958,0.04822733487040123,0.0023928621057149246,-0.010703152515488468,0.010703152515488468,103.5171757432396,40.886256910547836
138,137,1,B_optimized,False,140.53583833672712,90.07764682304325,658.2959396774149,1601,72.06528414402659,0.8254482897946501,0.021078215742051636,484.12655288422343,0.19028710488116116,8.40467335492422,0.20832052690178443,0.17362352352921553,0.8452748256069702,0.6716513020777547,94935696.40404822,2.4746260146714993,0.04950619578591276,1.0342500000000001,0.05120178299158028,3.5071069544515674,13.567015025397618,3.390966356733447,13.117732681070938,6.717888628825341,0.9762905984909624,0.005858302087866632,0.02216597488725525,0.03824717958677719,0.017168963844725552,0.017168963844725552,492.5534934356109,66.95687093144201
139,138,7,B_optimized,False,138.960224950742,79.047771947199,636.3948457378506,1452,54.50493411898084,1.0300447516994908,0.014500803083692924,314.33661833101036,0.29905306894469075,8.069383706137783,0.20997117158927162,0.1837208209993747,0.8509621111628743,0.6672412901634996,73043723.40894334,1.9039824323502095,0.06195200597458933,1.0345,0.06408935018071266,2.9655346604068145,10.770293546865618,2.866635727797791,10.411110243466041,5.767122250709143,0.9408730976832866,-0.00013581440775185197,0.023951867760398975,0.02273897513185457,0.008238172048161647,0.008238172048161647,306.21448683267096,59.004752355774926
140,139,9,B_optimized,False,146.49866926041247,72.88156808521272,647.1780769391148,1668,44.24484157373356,0.3695505870752728,0.09596029144239049,293.31074416088114,0.329538808361913,6.904843920087169,0.20234824946577507,0.24729258714293004,0.8710143051844649,0.6237217180415349,78675144.93359548,2.0507729730249706,0.055837668021610734,1.03475,0.05777802698536171,4.428777130291704,11.170268031253332,4.280045547515539,10.795137019814767,6.629264197320763,0.974150239285824,0.005506986837662931,0.027136298525918576,0.11101688856595957,0.015056597123569077,0.015056597123569077,284.9846553471631,68.25189580031665
141,140,20,B_optimized,False,130.41936409613604,76.0620232898769,520.0897882756844,1275,44.2420420294687,1.2036531087584372,0.0181050462571697,100.6992745631247,0.35139426038818383,7.97205298620118,0.21950457307984347,0.1737909589584021,0.8526202195865152,0.6788292606281131,50437829.025531635,1.314729533335066,0.07230078583297114,1.035,0.07483131333712513,2.40372157724389,9.388961030054922,2.322436306515836,9.071459932420215,2.276099156907157,0.3265345697577421,-0.011070355686946795,0.04402011304515614,0.0,-0.0181050462571697,0.0181050462571697,132.11723629029822,39.80295327599678
142,141,5,B_optimized,False,126.72510449190847,81.60680237820745,563.3632572422644,1217,61.212524413692606,0.7149429605603781,0.0525535067103934,154.00570441300636,0.161252093384042,6.8564985927089035,0.22396449065588422,0.21532382633295735,0.8718569019096701,0.6565330755767128,55950691.459110774,1.4584296725890973,0.06645489843819732,1.03525,0.06879743360814378,3.2401498067626613,9.879378209979281,3.129823527421069,9.542987886963807,2.515918202820547,0.381288732632187,-0.02162826997115005,0.0353626296108551,0.017014521940989888,-0.03553898476940351,0.03553898476940351,167.73869970178777,44.760751263895926
143,142,6,A_standard,False,139.58815869213356,69.4398971294976,376.9306320209664,872,84.55202724637142,0.6379119187610149,0.04701544746215175,411.0985022876496,0.26173863743905396,8.64355736500098,0.20930953962864096,0.16378854991880137,0.8412460046803626,0.6774574547615613,22823749.20049339,0.5949315764588458,0.09292984520128456,1.0355,0.09622885470593016,1.762496747563046,7.289987982807884,1.7020731507127436,7.040065652156334,4.862077417609074,0.8655389042785779,-0.00028899242587856555,0.03261301141094404,0.04909362614581229,0.002078178683660538,0.002078178683660538,393.0788028159201,44.80101623273745
144,143,9,A_standard,False,128.6368926131511,67.02865811134345,257.34881890190275,923,82.16961823614524,0.5564143051330986,0.07896672296422534,900.0,0.20308468122144582,8.826902898872406,0.2216292868577307,0.14138053492635194,0.8381668796119701,0.6967863446856182,15921515.555723585,0.41501561667072223,0.1231808140336978,1.03575,0.1275845281354025,1.1477480160804536,5.656614223177668,1.1081322868264094,5.461370237197844,10.952953406860333,0.9996485014483487,0.01129497947030591,0.0427153043464987,0.1012358041202777,0.02226908115605236,0.02226908115605236,873.8214616131157,38.669028455203126
145,144,20,B_optimized,False,129.0339893490293,77.01188802255322,636.5598286635652,1847,54.52203056831645,0.8282190764324279,0.01111924243243603,376.6209167207588,0.1210813043503741,7.976052661450638,0.22115162772962157,0.17137227724350693,0.8525520182345948,0.6811797409910879,90544879.3299501,2.3601734897647173,0.05707142575651461,1.036,0.05912599708374914,3.002768460256051,11.935565512192104,2.898425154687308,11.52081613145956,6.9076832391422105,0.9803085577499445,-0.003722874422295519,0.024977942362908928,0.00307405537433403,-0.008045187058102,0.008045187058102,361.26745248306526,62.07490874352235
146,145,18,B_optimized,False,138.9626553992906,83.88242626450513,635.1258826979807,1763,62.014647168512425,0.9142898451032688,0.08535477997808527,350.81256604497486,0.15268541857435186,8.271653402992762,0.20996860091424652,0.17608516793403245,0.8475265879054071,0.6714414199713747,93925411.74247438,2.448291592526284,0.047301921188059065,1.03625,0.0490166158311262,3.7225796228015264,14.19480230627237,3.592356692691461,13.698241067572855,5.656930774623481,0.9344368822598967,-0.0052472645006995475,0.023454387328597396,0.07465370694768411,-0.01070107303040116,0.01070107303040116,373.04991123901306,69.15047126006392
147,146,1,A_standard,False,112.92245066018515,78.65881543833389,242.17519369061125,816,77.72322370814172,0.6906607806290214,0.07241814884760486,278.62476520217433,0.32735014341100516,9.75212411066441,0.2427933688449995,0.0936911948171024,0.8227997029610641,0.7291085081439617,15544158.513230084,0.4051793002002602,0.1302847871849634,1.0365,0.13504018191721456,0.7191261300837096,5.596267406944888,0.6938023445091265,5.399196726430186,3.5848328454367446,0.6421786842219573,-0.001393703460121254,0.051063624391461594,0.09474933723720336,0.022331188389598494,0.022331188389598494,298.12227155953553,28.86816481575417
148,147,5,B_optimized,False,137.98753760561627,84.18275008599224,599.0429652626,1411,50.730926006725205,0.9452258112231108,0.06338215458704932,150.2429737031312,0.5259937226409407,7.842397007607881,0.2110061542178074,0.1911314185264536,0.854834034868638,0.6637026163421844,71155437.85625267,1.8547617416215172,0.05965966622159592,1.03675,0.06185215895523958,3.2036957400419857,11.12481276507601,3.0901333398041815,10.730468063733793,2.96156576529303,0.49039262395444494,-0.008549270947259206,0.04412377069540459,0.06492070522951213,0.0015385506424628048,0.0015385506424628048,156.4600709937161,52.70039142133973
149,148,17,B_optimized,False,135.61353995788448,87.11186544323718,634.0687772531206,1599,61.64498838031865,0.8547767876519364,0.06118171185588805,344.2802079490516,0.12246395652453146,7.05574204994911,0.21358506960041543,0.22157344666204287,0.868389579244304,0.6468161325822612,88320627.495325,2.3021953881482493,0.05176782764201347,1.037,0.053683237264767966,4.28013800761111,12.494558146328734,4.127423343887281,12.048754239468403,5.584885600513305,0.9298824851788611,0.004189035594331383,0.021813966483179358,0.07306370944791397,0.011881997592025927,0.011881997592025927,301.446927410492,69.12265587691147
150,149,2,A_standard,False,134.93825264393806,65.66413279819047,342.1485269922591,1072,79.625469150167,0.1481317636244905,0.06386339377063412,134.0327595946412,0.21288253465278492,8.57919523593779,0.21433271732185824,0.15900776724568141,0.8423295896276229,0.6833218223819415,24084502.127669953,0.6277947892422232,0.10549646779195268,1.03725,0.10942621121720292,1.5072330910572023,6.4772009592729285,1.4531049323279848,6.244589982427504,1.6832900455740682,0.21136619211274182,-0.008889698602495683,0.05834968590527535,0.04638753775065706,-0.01747585601997706,0.01747585601997706,142.3069600497831,27.001144198375883
151,150,18,A_standard,False,134.4428818280686,79.18605139612791,459.2830573223538,1009,72.80914521111538,0.4564305238789325,0.021354192712860896,127.59538748739604,0.500110462214668,6.867346234234655,0.21488522637533206,0.22862063836353316,0.8716677706040247,0.6430471322404915,36696131.08854116,0.9565337809606804,0.08520262014098783,1.0375,0.08839771839627487,2.6832583080805077,7.54726945223537,2.5862730680294046,7.274476580467826,1.7524637477534448,0.22312691671282583,-0.016160927335778202,0.05779077411075109,0.0,-0.021354192712860896,0.021354192712860896,150.2723003684131,35.63758367155841
152,151,6,B_optimized,False,128.26225770535723,91.38847577812027,655.4913369872785,1784,53.7336066124022,0.9994769167412736,0.04210603358593602,124.03196937362489,0.10366274822114274,7.789431036727057,0.22208223081796324,0.17730316385150952,0.8557400569592856,0.678436893107776,106869367.84468475,2.78569313606128,0.05003449247089667,1.03775,0.051923294561673015,3.5436187137231507,13.559383929044534,3.414713287133848,13.066137247934988,2.3082755317041608,0.3336495665457165,-0.01747836501979886,0.031306650356171604,0.03452986402828574,-0.007576169557650281,0.007576169557650281,120.10600736014548,55.22197739305378
153,152,19,B_optimized,False,139.60120375997437,87.96686979497889,730.0472110872073,1675,49.139967557408404,0.9038141425843625,0.07668489050373879,341.2798234064292,0.16454178125168,7.401009953916483,0.20929584815076616,0.2124601886970822,0.8624136948043367,0.6499535061072546,107568446.33617552,2.8039155527798307,0.05285525197290679,1.038,0.054863751547877246,4.0196608807387335,12.296857584567299,3.8725056654515737,11.846683607482948,6.945055936549503,0.9810171860335046,-0.0015705026057833116,0.021438354095225074,0.07323691789057596,-0.0034479726131628335,0.0034479726131628335,390.12705465664664,69.15321762431405
154,153,6,A_standard,False,132.47513256125555,74.33756228579405,336.9269305636953,935,86.10130503797109,0.45413143015224033,0.0649254519389518,214.38880699096237,0.31578743713759744,7.29818016679113,0.2171145723423055,0.20504183124837877,0.8641891562147511,0.6591473249663724,23418315.451915,0.6104297417322285,0.10340893407856597,1.03825,0.1073643258070711,1.9828251115381983,6.374181600842909,1.909776172923861,6.13935140943213,2.4899600174052634,0.3751841527247859,-0.012010271157679287,0.052181772843108654,0.04228997986548869,-0.022635472073463107,0.022635472073463107,167.96918818460205,32.29380407710377
155,154,9,B_optimized,False,127.65177133409676,72.52608748681632,641.0709438296554,1627,51.79201216958092,1.1521762280064607,0.054697024764751107,230.2150083831917,0.3097567930482001,7.74991240435549,0.22282516435507305,0.17783920044885435,0.8564166778497165,0.6785774774008622,75646335.69056383,1.9718230055187123,0.04874795577653844,1.0385,0.05062475207393517,3.6481365754919577,13.920121707492193,3.512890298981182,13.404065197392578,4.444990621901425,0.8092262883818347,0.0010067423455650273,0.024034890535304526,0.04838757498173319,-0.006309449783017916,0.006309449783017916,242.94329923241924,66.10300063878123
156,155,14,A_standard,False,137.85183799446492,71.9574554038988,441.4899687382811,1115,79.56549365491074,0.6729024316222355,0.03353696192408455,218.4802834810654,0.6760026391949023,8.899891326214082,0.21115153101607692,0.1527083051743047,0.8369442425647801,0.6842359373904754,35421871.631480195,0.9233185023950324,0.08136514185639032,1.03875,0.08451804110332545,1.8768271238786167,8.409448097542231,1.8068131156472844,8.095738240714542,2.7459175258643156,0.436818919479182,-0.007375332253164837,0.0489552638449353,0.01781810018302346,-0.015718861741061088,0.015718861741061088,180.6703533071543,37.31105375702624
157,156,3,B_optimized,False,141.9536974942614,72.77172442738983,685.9192884768428,1797,45.42356515661411,0.9044655085709195,0.038926259765577814,132.56261539415013,0.24506790969087278,9.105668788324186,0.20686181508265528,0.15203946204798596,0.833506835582204,0.681467373534218,89698206.4045212,2.3381038265448137,0.04329682599506629,1.039,0.04498540220887387,3.5115613801647028,15.739430267056338,3.3797510877427364,15.148633558283292,2.9183665997394246,0.47960297584485856,-0.011089688618134969,0.029315069041898074,0.036387616056923006,-0.0025386437086548086,0.0025386437086548086,152.12764404921003,62.36599827661987
158,157,12,A_standard,False,120.68137522831168,71.16411844268477,374.63515395730604,720,81.66448843948228,0.7357092495426154,0.014719002316325662,162.6822055662148,0.26967699610944806,8.92620586309067,0.23175806279338748,0.12634738031444204,0.8365038824509765,0.7101565021365345,19195617.93768804,0.5003594782106864,0.1163832607210247,1.03925,0.12095130370432491,1.085614714106539,6.101878377843424,1.0446136291619332,5.871424948610463,1.9920801400326036,0.2673871347842788,-0.010479265357610791,0.05701561437214575,0.0,-0.014719002316325662,0.014719002316325662,166.08541928579277,25.240916160260724
159,158,11,B_optimized,False,152.14463053883918,79.39382818832141,601.2559728709471,1468,70.91487646865289,1.1929271039766176,0.05821568187703072,166.40686000656115,0.26789646766888037,8.336354089128415,0.1970622270223397,0.19344142953949853,0.8464305861438884,0.6529891566043899,70076467.68194284,1.826636939639363,0.06367311568234907,1.0395,0.06618820375180186,3.03803932737538,10.255335389303184,2.9225967555318713,9.865642510152172,2.3465719506698908,0.34221745056816333,-0.009534092992068808,0.04190762969584349,0.05746895485249977,-0.0007467270245309493,0.0007467270245309493,200.4948025638231,47.192567728853206
160,159,16,A_standard,False,146.07004308948112,68.60025570628657,382.9875320492126,899,83.57141924428872,0.2824730944684606,0.021714101758289698,116.89258019770259,0.2912858401463532,7.742283438612344,0.20276370453382936,0.2080755442803889,0.8565473592890488,0.6484718150086599,23619465.32517515,0.615672982452757,0.10666501605041795,1.03975,0.11090495043842205,1.9507384143835564,6.07951734336348,1.8761610140741107,5.847095304990123,1.3987147909503888,0.16780206581650908,-0.016131649368991453,0.05749214967204587,0.0,-0.021714101758289698,0.021714101758289698,119.65751858921757,27.499589598741547
161,160,20,A_standard,False,122.32457797486505,78.36512096167412,256.4995643486801,944,68.45414385573675,0.7116750761223913,0.03097965424932088,175.3410620913848,0.04341420074478903,5.642175004600043,0.22957437949989243,0.27381602883531847,0.8932904490503454,0.6194744202150269,18974984.701140173,0.4946083775442015,0.1161975289604363,1.04,0.12084543011885375,2.3564703250148216,5.331218535860169,2.26583685097579,5.126171669096317,2.561438244862228,0.39208372752315024,-0.0034724105064696496,0.05490329328874061,0.023658515658276057,-0.007321138591044822,0.007321138591044822,154.58164315200187,34.62540776693581
162,161,14,B_optimized,False,137.1987068794293,76.39059714208469,701.4886151238634,1606,54.2289454915321,0.9802157680475312,0.01,135.23846681098289,0.29677732584769567,8.367660993277275,0.21185465682760862,0.16986896246615332,0.8459007696057722,0.6760318071396189,86060937.52148362,2.243293543993011,0.05825262103097144,1.04025,0.06059728902746803,2.916074151853842,11.605174070711598,2.803243597071706,11.156139457545397,2.493842828496462,0.3760948053914616,-0.016963533512975817,0.036932185778630625,0.0,-0.01,0.01,114.52411330503054,48.512946710722666
163,162,9,A_standard,False,135.99378341760683,63.07725734318532,415.62660452248303,790,71.05716978117948,0.32428322209605964,0.022521180162106042,285.31150384833,0.2505334908072838,5.720668275241113,0.21316686004128466,0.2953905518748298,0.8918892034420633,0.5964986515672335,20711103.17078979,0.5398626295513888,0.10099704396395082,1.0405,0.10508742424449083,2.9247445299514356,5.906100101109331,2.8109029600686553,5.676213456135829,4.015238782053192,0.7340441349572915,-0.00019207661232715172,0.03756595794679279,0.019564939361479752,-0.00295624080062629,0.00295624080062629,271.4690460417491,46.30178039569265
164,163,9,A_standard,False,116.5012184446932,57.024598985358324,326.5547573908475,936,57.900555403837906,0.3288177131658766,0.030754007309271112,296.20877455253117,0.5233982121149523,6.076632723526987,0.23754817606144427,0.23610160898484983,0.8855621353140597,0.6494605263292099,17429868.225407716,0.4543328481977708,0.11814910138661396,1.04075,0.12296367726811848,1.9983360534606627,5.496956969685361,1.9200922925396708,5.281726610315023,5.115819226371309,0.8924312427553422,0.004301532474147703,0.04719508160109839,0.03053853580882197,-0.00021547150044914226,0.00021547150044914226,280.254392545527,43.6036271974494
165,164,9,A_standard,False,122.5578825018396,74.9155209831398,410.4164717527636,767,85.64742258490406,0.4648571446508953,0.017743691905394987,122.91461670153409,0.16986513707320217,7.838332344213053,0.22926837524090088,0.16578198102693997,0.8549035299455443,0.6891215489186043,23582614.435689416,0.6147124146870026,0.09496155392231809,1.041,0.09885497763313313,1.7457799938968512,7.256847855315533,1.6770220882774747,6.971035403761319,1.435123357970128,0.1729479939364403,-0.014043815341165309,0.055142359504879605,0.0,-0.017743691905394987,0.017743691905394987,146.4266629409625,28.921985395977202
166,165,17,B_optimized,False,138.49864881394646,70.89338618431246,683.8157267851121,1597,60.15611270945757,0.43884997484634747,0.08844432084930237,192.50906671575132,0.1903061825136388,8.264577244630498,0.21046076850702178,0.17563114006332758,0.8476465410403257,0.6720154009769981,77419385.79941957,2.0180399301412133,0.05452348432213404,1.04125,0.056772578050422066,3.221201694038277,12.32524680569966,3.0935910627018264,11.836971722160538,3.200158022934976,0.5498731102996602,-0.013199865731605262,0.03663875126356926,0.06826568684643682,-0.020178634002865556,0.020178634002865556,215.73467289080673,53.89376312266533
167,166,7,B_optimized,False,132.04284138662663,76.46646564661604,727.9235302861838,1551,50.70504693703361,1.3222205356775683,0.010507774942705802,507.1741790149298,0.38765384718216456,7.54891509617074,0.217611891853187,0.19345048407418086,0.859866355902835,0.6664158718286541,86331358.15370952,2.2503424197769104,0.061410534167686326,1.0415,0.06395907133564531,3.1501188956596438,10.851816888759718,3.024598075525342,10.419411319020371,10.002439789568626,0.9990911668517868,0.0035985158369545456,0.03165190424174131,0.028030739422771817,0.017522964480066017,0.017522964480066017,469.7138992207904,60.11394530800446
168,167,4,B_optimized,False,124.1387200734791,76.20389653104769,714.2114416200039,1530,46.58457742416142,0.6851311783045563,0.03188284046009754,141.49781034885024,0.41304146497297994,9.535531148593968,0.22722072599632903,0.11455842657797002,0.8263716865375084,0.7118132599595384,83271313.04170682,2.1705782475312922,0.05976649026132051,1.04175,0.06226174122973064,1.91676683835841,11.909905648587289,1.8399489689065613,11.432594815058593,3.0374389588315,0.5093586465845009,-0.017376627344849946,0.039842974998056974,0.014838892873211777,-0.017043947586885762,0.017043947586885762,135.51434620842747,45.028580058281534
169,168,7,A_standard,False,142.1309491738027,75.04990662453719,293.00810126097207,983,67.87789976253234,0.4522690291801123,0.020650272076904303,266.5640531773512,0.5236949078773261,8.462101657518506,0.20668119694855622,0.17395523216555558,0.8443045289693218,0.6703492968037663,21616396.71899112,0.5634603177777295,0.10988715776675197,1.042,0.11450241839295555,1.5830351398731726,6.100342482482431,1.519227581452181,5.854455357468744,3.927111093742044,0.7164888216739448,0.002663141613837947,0.05343361997322237,0.02107012261192297,0.00041985053501866765,0.00041985053501866765,260.56895221578685,38.68162490261291
170,169,1,A_standard,False,127.9128014159932,73.84192922009413,362.3934543256939,1027,81.32569709895652,0.26623740804246854,0.047586542104881155,230.69867381885243,0.7242763489663678,7.750592093204743,0.22250676523350596,0.17825161216880206,0.8564050359915202,0.6781534238227181,27482347.262855172,0.7163641712960298,0.09361175645828984,1.04225,0.09756685316865257,1.9041583975429925,7.244318977444674,1.8269689590242195,6.950653852189662,2.8367254391701056,0.45927179929094886,-0.003745744401706415,0.05682998669924753,0.03162892915754048,-0.015957612947340674,0.015957612947340674,198.691763893833,35.724740286462584
171,170,3,A_standard,False,136.7193808410624,73.2618269569443,374.6402067756342,933,83.70988224939553,0.597481696023885,0.06360169491290427,359.7563322361107,0.3698651900068509,9.386309945181795,0.21237430438508959,0.1362299454880308,0.8288416139102154,0.6926116684221846,25607888.657916352,0.6675038984702579,0.09295014995538202,1.0425,0.09690053132848575,1.4656237300684718,7.4514314259272565,1.4058740816004527,7.147656044054923,4.2976566513890715,0.7854403371510744,0.00464205391616318,0.04404584916891485,0.06225433815742984,-0.001347356755474427,0.001347356755474427,362.9936623027222,41.672983418670384
172,171,2,B_optimized,False,131.38368382181866,74.62521808191035,702.9862060593032,1613,53.128955912656515,1.099108803040347,0.0465283046303696,251.28496778756474,0.11796468294879497,9.565113347564091,0.2183755556904345,0.12383726646333744,0.8258829133085466,0.7020456468452091,84618784.78336518,2.205701902302316,0.05480136804623828,1.04275,0.05714412653021497,2.2597477194155187,12.81073213816237,2.1671040224555442,12.285525905693952,4.7297177870514675,0.849376318565122,0.003115909454531833,0.02905057115295256,0.04343541748165928,-0.0030928871487103243,0.0030928871487103243,284.02129203952404,56.96830150543194
173,172,16,B_optimized,False,128.4426285534075,77.47368411075996,641.1424332207998,1606,63.80954026703359,0.8053586886238877,0.06792838633332429,181.18970589963516,0.2685862913040981,8.51255869347467,0.22186387712510539,0.15127902858017497,0.8434529366503106,0.6921739080701357,79772696.14421174,2.0793821145923923,0.06103163958780858,1.043,0.06365600009008435,2.47869841940792,11.34123075743817,2.376508551685446,10.873663238195753,2.8395394347206193,0.4599707100014597,-0.007960745949011725,0.036944537082789476,0.06939273576444327,0.0014643494311189775,0.0014643494311189775,193.70015567526437,48.011307683770156
174,173,15,B_optimized,False,126.3179725415099,89.42760680254665,672.0445304340021,1411,50.83414566881373,1.012218051520516,0.09929768088809324,226.7099395397207,0.07675713797630314,7.2247423402425035,0.22446954431725732,0.19755571741697328,0.8654593722726552,0.6679036548556819,84800160.30427164,2.2104296980573443,0.05585795012347741,1.04325,0.05827380646631781,3.5367520107749084,11.957181625520452,3.3901289343636796,11.461472921658713,4.4597963938795,0.8115015317856532,0.0016124572771938099,0.03220904245877966,0.09281923650760716,-0.006478444380486073,0.006478444380486073,256.11320163005036,61.76392979861394
175,174,14,B_optimized,False,145.3341596519739,81.59390432999392,745.7158035606374,1744,48.03574421816468,0.6623042178268412,0.010317509561775568,228.2049254543087,0.07395817879118001,7.449729568978268,0.20348183000078016,0.21961382725067727,0.8615737748118808,0.6419599475612036,106115186.69931102,2.7660343949048083,0.040173331729241715,1.0435,0.04192087165946373,5.4666570532616,15.979753730356602,5.238770534989555,15.313611624682895,4.750731547280019,0.8520450477052923,0.0012328004595224245,0.017530178654783013,0.0,-0.010317509561775568,0.010317509561775568,206.86682438001623,80.60131683594516
176,175,10,A_standard,False,131.89564310975396,67.43567697329962,339.21766783968934,678,86.0235283889252,0.6019103637089903,0.04469894677908192,211.106915637565,0.5287320580570352,6.553261287006663,0.21778186498156474,0.23998437431133612,0.8771605590784267,0.6371761847670906,15509502.942865722,0.4042759563662198,0.12634344546882173,1.04375,0.13187097120808267,1.8994604225080913,5.043207286319646,1.8198423209658363,4.831815364138583,2.4540601808742273,0.36680691399225857,-0.006172663112212001,0.061319836743369216,0.039718096779594286,-0.004980849999487634,0.004980849999487634,198.65246601771915,31.11062311015329
177,176,15,B_optimized,False,136.63717510815465,99.77447260844376,591.3132887537485,1424,56.24371395495315,0.9251489086179177,0.11555999630320223,121.5137459116418,0.14986777148932837,7.957583120199486,0.21246373661421675,0.1843908030440335,0.8528670013003312,0.6684761982562977,84013111.46124001,2.1899142163623035,0.044493408104567055,1.044,0.04645111806116801,4.144227446247404,15.024162605958736,3.9695665193940655,14.390960350535186,2.1604858101825366,0.3016371111009163,-0.02001414253823738,0.039122109348985766,0.0919024009291964,-0.02365759537400583,0.02365759537400583,93.88648486640783,58.64243194832448
178,177,4,A_standard,False,129.16033475199862,76.2998616350842,378.31816351603095,784,67.9598308616394,0.6581062394245506,0.02109575904560802,384.9130327351508,0.3068328453671632,6.949958558555467,0.2210001732197163,0.21525281771922647,0.8702287497286819,0.6549759320094555,22630648.84776486,0.5898981572666536,0.10818103812733541,1.04425,0.11296804906447,1.9897462757369855,6.054443027608133,1.905430955936783,5.797886547865103,5.663831528933642,0.9348583888551004,0.00589946094176046,0.04331906624625513,0.018536620463984757,-0.0025591385816232624,0.0025591385816232624,388.3913989893613,45.06242789830684
179,178,19,A_standard,False,140.9108025994615,69.63553498596367,331.3522047365244,968,79.34838381859309,0.43498170053332025,0.034135615422178814,355.49907984205936,0.28213741284415844,7.670925230803482,0.2079323325527835,0.20290175632448865,0.8577706657001898,0.6548689093757012,22335523.628147036,0.5822053233410074,0.10138096963703315,1.0445,0.10589242278588112,2.001379125203901,6.45948555947216,1.9161121351880335,6.184284882213653,4.480230884787826,0.8146074519571738,0.002829674172511917,0.041040663658638156,0.04943557896960628,0.015299963547427464,0.015299963547427464,357.14466454586056,42.02208034093011
180,179,11,A_standard,False,128.1067294027848,66.10309151347857,304.56581728711046,903,96.70280420787749,0.4940625927541327,0.03188631326067628,137.5163039502537,0.35000927686874217,8.260600303055162,0.2222709301164876,0.15943940854199273,0.8477139645370882,0.6882745559950956,18179866.109082554,0.4738825470380395,0.11009737091604467,1.04475,0.11502422826453768,1.448167265170883,6.2515076451729525,1.3861376072465978,5.983735482338313,1.4220508399595253,0.17108612709700532,-0.01740244706860432,0.05845020724052685,0.0,-0.03188631326067628,0.03188631326067628,150.11333687580537,23.695251906983845
181,180,19,A_standard,False,115.75409513949224,67.5048695019568,462.3838367955775,577,97.14314679984317,0.4954359252646036,0.048341879962892104,192.1547451757127,0.22386928631413194,6.016291357996061,0.23862040163665466,0.23797019120128482,0.8866315010242902,0.6486613098230054,18009993.644677643,0.4694545938495608,0.12084941244399355,1.045,0.12628763600397325,1.9691464475391613,5.36751728208543,1.88435066750159,5.136380174244431,1.9780576551800864,0.264649228024637,-0.018657808707880766,0.05917078561338706,0.060773271135913715,0.012431391173021611,0.012431391173021611,210.86192750151764,29.197881232871826
182,181,4,A_standard,False,123.57407926438636,86.16511759020665,423.42670064530097,1049,89.87323094026951,0.7531993162202697,0.02873937862171137,198.80789269966627,0.23312733514402306,6.736258731478763,0.22794698861191046,0.215345859964202,0.8739560639855706,0.6586102040213686,38272357.41308043,0.9976202301621907,0.08289225021620386,1.04525,0.08664312453848709,2.5979010028383325,7.945377309743038,2.485435066097424,7.6014133554107035,2.212092417505226,0.3126181285132571,-0.018930112074881725,0.045773589464098596,0.025901395488042444,-0.0028379831336689254,0.0028379831336689254,202.3666276632871,39.48410478421191
183,182,10,A_standard,False,134.40953382961357,56.120191343636534,296.73946784662763,916,83.3749313881884,0.1,0.0576428198666092,130.73783861672956,0.5103502696833694,7.493151945164675,0.21492254521523824,0.19979822678853867,0.8608258680065489,0.6610276412180103,15254217.354721647,0.3976215957671954,0.12803084533750217,1.0455,0.13385624880035854,1.560547587277507,5.163034263153344,1.492632795100437,4.938339802155278,1.5680713187999216,0.192798351228173,-0.01305367737606074,0.06692813866491334,0.030577663861197098,-0.0270651560054121,0.0270651560054121,98.68041215687863,23.3705619343579
184,183,14,A_standard,False,133.16407285090006,73.9983048343664,389.7911013916229,802,69.94893611154623,0.35645834765163453,0.04907258528314153,94.97077625038987,0.5383586775892997,7.947472631276828,0.21632767299538225,0.17919901761444118,0.8530394767852413,0.6738404591708,23132792.355485585,0.6029872000015959,0.11398195442876664,1.04575,0.11919662884388271,1.5721700729954768,5.9118170288255465,1.5033899813487708,5.653183866914221,1.357715807127385,0.16215449166092388,-0.012393705260983278,0.06881919583813925,0.026338009664256434,-0.0227345756188851,0.0227345756188851,53.20937456179797,24.63676232811494
185,184,10,B_optimized,False,137.2781254836839,81.3640654881572,593.443299917282,1561,58.99218080574195,0.7493618909211189,0.06652161767320564,162.6923270482958,0.2903425917987334,7.506109200261892,0.21176885537114248,0.2040153274033405,0.8606028181016214,0.6565874906982809,75372821.80756342,1.9646935000125225,0.060249560590079014,1.046,0.06302104037722266,3.3861712086400617,10.897797166779633,3.23725736963677,10.418544136500604,2.7578625646004307,0.43975968080041195,-0.011949877092142491,0.04516089436436701,0.06216459585898701,-0.004357021814218626,0.004357021814218626,166.57814769224296,51.690880712938224
186,185,9,A_standard,False,117.46353399811649,56.56711657901026,298.0124801709193,1019,87.18621625391053,0.5008311264187697,0.05100430852547008,187.4002105318379,0.16349648518790544,7.729482068613623,0.23618422292988597,0.1611238885147289,0.8567666869581508,0.6956427984434219,17178003.13527711,0.4477676474583975,0.1163290832568027,1.04625,0.12170930335742981,1.3850697005755581,5.979955991811206,1.3238420077185742,5.715609072220985,2.1494247437700054,0.29931219832834,-0.0006550199421888041,0.052855532321303605,0.059708523223492654,0.008704214698022572,0.008704214698022572,211.78233409833223,27.963868497431342
187,186,4,A_standard,False,124.20525984473439,69.13413329341621,267.0720749436373,819,78.41978771253159,0.3371644647626746,0.10825575147080023,115.01614920095241,0.31346545988084684,7.2938128038744425,0.2271355097882957,0.19077054856493925,0.8642646440650086,0.6734940955000693,15121849.274616083,0.3941712445616042,0.13001892895619863,1.0465,0.13606480915266186,1.4672521154916367,5.179969569869008,1.4020564887641056,4.949803697915918,1.466672539621944,0.1775073601530947,-0.017952314599532348,0.060914625676902284,0.07743254484548417,-0.030823206625316055,0.030823206625316055,104.93635865611468,22.114458956890466
188,187,8,B_optimized,False,133.1458658088225,77.67947380850198,666.3288258155326,1547,68.14278535082546,1.1158006223179777,0.02538206846351019,238.23737252631065,0.09806649600430303,6.550600158191374,0.21634837979213747,0.2423889210936166,0.8772072450655779,0.6348183239719614,80072832.27010232,2.0872055644980056,0.05394380181732898,1.04675,0.05646567455228912,4.493359995545424,11.768142077224365,4.292677330351491,11.242552736779903,3.4961496114338786,0.6215540498591885,-0.0052581057905752345,0.02630475676848737,0.005947656253153641,-0.01943441221035655,0.01943441221035655,191.03653659250818,61.62213861665445
189,188,5,B_optimized,False,133.96277350533938,80.03306306123893,687.3751721238908,1664,57.83000382697996,0.887733633483402,0.0865376432045782,371.26380805697573,0.32536947335752436,7.465249222608302,0.21542402506628017,0.20024893014249587,0.8613063897800224,0.6610574596375265,91541200.18754268,2.386143926666187,0.05812328826092722,1.047,0.060855082809190796,3.445244344117935,11.373366501046974,3.2905867661107306,10.862814232136557,6.419916712572767,0.9683212168589549,0.008864310009240591,0.027422488254056514,0.11472285782043437,0.02818521461585617,0.02818521461585617,422.2065884083206,60.7592134239909
190,189,7,B_optimized,False,140.787304093436,82.05193582754832,575.8304150662395,1219,60.15194142824988,0.9871885282603133,0.017554287628071246,321.3657273532853,0.5531202617668072,7.786831475069695,0.2080599944076167,0.19787334728068046,0.8557845490966909,0.6579112018160105,57595312.32250547,1.50129891700383,0.06669634922840605,1.04725,0.06984775172944824,2.9667792850707633,9.864276072487119,2.832923642941765,9.4192180209951,5.3425661703141385,0.912341530538399,0.006968662339086767,0.042340779165936406,0.03801729571834532,0.020463008090274074,0.020463008090274074,330.78379832760106,55.019410281376416
191,190,14,A_standard,False,125.34622920638202,66.5309801187665,422.36666089792834,817,85.60528275272844,0.46125194640933237,0.024757656944812804,207.80891974996894,0.21698680184121738,7.689609896393752,0.22568626847420728,0.17632271349366624,0.8574501824243126,0.6811274689306464,22958082.289847396,0.5984331482610034,0.10531429015399223,1.0475,0.11031671893630687,1.6742524992177639,6.467569291258489,1.5983317414966718,6.174290492848199,2.42752448292504,0.3606658086470156,-0.008134615081171678,0.049597793580889456,0.01921622990360132,-0.005541427041211484,0.005541427041211484,198.80152288476876,32.07263405437844
192,191,13,B_optimized,False,134.8059772878287,83.48203165736851,643.2713692928022,1760,60.75420189536257,0.36718462570538596,0.06486752943095092,96.10509025789202,0.6626311631228375,8.111795918796453,0.21447991209935455,0.17555247540171512,0.8502405934972809,0.6746881180955657,94514817.43542169,2.4636552409347314,0.043756442919283996,1.04775,0.045845813068679804,4.012037169601531,15.419171968346232,3.8291931945612325,14.716460957619883,1.5818673813444961,0.19495449700245532,-0.016369833761015185,0.047411955324990145,0.051275645091338404,-0.013591884339612517,0.013591884339612517,59.16891441000368,57.37975987018482
193,192,13,A_standard,False,127.0762432470862,53.31977362656097,230.7130262046816,943,73.67156545147883,0.48108866954451357,0.027117087805983427,303.59470347929766,0.2877519377213056,8.418894570475198,0.22353110773680696,0.15230277033528605,0.8450344430840121,0.692731672748726,11600377.049126303,0.30237935690270085,0.14579031733309,1.048,0.15278825256507833,1.0446699967551132,4.751561594903648,0.9968225159877033,4.533932819564549,4.1209210313204165,0.7541595183336328,0.004509588327286984,0.05439421849445993,0.04289202753405987,0.015774939728076445,0.015774939728076445,296.53652223821314,32.07701783124365
194,193,8,A_standard,False,118.99269129118758,73.1123007234701,414.8799139503579,1114,78.2706688716007,0.4013470836811297,0.05602177493059156,234.98085022778918,0.38734048871242943,8.68172622689667,0.23405548677492988,0.131072370981763,0.840604061682414,0.709531690700651,33790767.08661269,0.8808015789166481,0.08496014351250697,1.04825,0.08905947043698542,1.5427512897558588,8.351347600963045,1.4717398423618975,7.966942619568848,3.002157176058685,0.5005392938055417,-0.0015354827255509894,0.045876690110000846,0.06581880244696918,0.009797027516377621,0.009797027516377621,240.41658414298342,36.960561431983926
195,194,20,B_optimized,False,138.18416362814838,96.61369060687218,641.5401103194093,1478,45.77587694453896,0.782885464042275,0.032554244122919525,266.2898948205731,0.4224415081869711,7.36644916448861,0.21079593683505188,0.2116507956444389,0.8630100148356216,0.6513592191911827,91608742.32538053,2.3879045029058004,0.04664933143724683,1.0485,0.0489118240119533,4.537059570278167,13.96288433559649,4.327190815715944,13.317009380635662,5.817253815655003,0.9436010977191632,0.00717261587197169,0.024325280237571183,0.022809708625482844,-0.00974453549743668,0.00974453549743668,277.36356705877586,73.21556899041568
196,195,2,B_optimized,False,133.8239742129299,73.23743628017945,450.6247895956876,1820,47.293343436243646,0.8821103270116593,0.018375971534250548,525.7752323498829,0.2588816742899355,6.4242031960802155,0.2155804038979635,0.25034074234649384,0.8794275769335568,0.6290868345870629,60064739.85199587,1.5656678513171653,0.0628277134575386,1.04875,0.06589056448859361,3.984559178899353,10.012887625016374,3.799341290964818,9.547449463662812,11.117319989412097,0.9997017618626713,0.0016083595296410417,0.028833317990682866,0.01661206327887133,-0.0017639082553792193,0.0017639082553792193,508.7623735234772,64.98759716827838
197,196,7,B_optimized,False,132.94708265560772,86.87236846542189,630.2365409667116,1514,46.328829683154794,0.8447229812879415,0.048465890221305895,151.78458520460353,0.09102700194312113,9.271596365728607,0.21657476867635775,0.1342577474453374,0.8307453847254197,0.6964876372800823,82891713.48495094,2.160683476924587,0.0566032576722086,1.049,0.05937681729814682,2.371908490193773,12.304727076195261,2.2611139086689924,11.729959081215693,3.276244753918154,0.5686253359122498,-0.0071267075583182704,0.029540412900368695,0.03686056109441017,-0.011605329126895728,0.011605329126895728,143.8103506850326,49.9441199196175
198,197,3,B_optimized,False,126.55851500638883,81.662004780913,635.841395043638,1591,44.34283395446683,0.9922314427435701,0.01776990359950873,60.33789674817235,0.22389133264646213,8.385445915611088,0.2241708136893377,0.1526248645454943,0.8455999375219055,0.6929750729764113,82611216.11975193,2.153371937606288,0.05449506537636273,1.04925,0.05717894734614859,2.8007098164101922,12.716290331802954,2.669249288930372,12.11940941796803,1.3607135892606672,0.1625621841785798,-0.026952715762640998,0.052387234144358974,0.0,-0.01776990359950873,0.01776990359950873,39.88480555084842,44.35188434279786
199,198,7,B_optimized,False,123.13350562579723,67.43121805943505,635.5736351459283,1944,61.36367899896323,0.7268191509725092,0.03518682656622574,136.94412368770097,0.3176633428173961,7.045337648826061,0.22851760123433473,0.1998908803862414,0.8685702995167847,0.6686794191305433,83314988.52318205,2.1717167074231534,0.04722557134109801,1.0495,0.04956323712248237,4.232683156810991,14.159265841398632,4.033047314731768,13.491439582085404,2.2316804650844793,0.3168427366660294,-0.01062951629978844,0.04783665818299637,0.03684804572897024,0.0016612191627445039,0.0016612191627445039,169.19272598329493,60.11070141983731
200,199,20,A_standard,False,124.97303113504417,66.95969550246244,332.3094381198859,1095,81.64147360076424,0.5096703389154009,0.036152577321707395,273.78628685645384,0.5378690276018012,8.27770505649242,0.2261578230197337,0.15380530107517107,0.8474240153680318,0.6936187142928607,24365215.97406663,0.6351119714327369,0.09901799453513041,1.04975,0.10394413976325315,1.5533065661171594,7.004976393929822,1.479691894372145,6.672994897765966,3.353519660795184,0.5874708264857978,-0.0035575098784886945,0.04638418625465497,0.004917929680008874,-0.03123464764169852,0.03123464764169852,284.86365325871515,33.949744592370166
201,200,8,A_standard,False,124.17111611792379,53.20634925951005,335.191737784363,943,82.46278091493858,0.594222391663672,0.07711715618888605,222.68187916518457,0.19765671934395637,9.067994733268124,0.22717922730684545,0.1274463182053955,0.8341351038948965,0.706688785689501,16817771.935297884,0.4383777389989814,0.11848736243860875,1.05,0.12441173056053918,1.0756110658757267,5.9642545090465156,1.024391491310216,5.68024238956811,2.7003925491535847,0.42565344789476367,-0.0023563161918003376,0.06419066580155988,0.04589339066694639,-0.03122376552193966,0.03122376552193966,196.78385049870968,26.087565550779406
202,201,19,A_standard,False,136.17226607809536,76.71654472619402,378.6825853736303,955,84.93722714460247,0.4645600332453497,0.045360369921699256,127.30570093602937,0.31080987002957816,9.729176525239392,0.21297124127314018,0.12592927978555235,0.8231774149596451,0.6972481351740928,27743914.62044378,0.7231822746248642,0.09504080731142586,1.05025,0.099816607878825,1.325002210607412,7.336302740878224,1.2616064847487856,6.985291826591979,1.4988210142449805,0.1822497480975143,-0.017366672991231822,0.05444100403020428,0.015622068836598163,-0.029738301085101095,0.029738301085101095,87.6835325637474,25.262426522781812
203,202,10,A_standard,False,136.47297048792194,81.48004942391148,390.68391683959766,995,74.208050154751,0.4320207899046897,0.09377922010093655,116.13516449319484,0.4839243141789551,8.250610276157731,0.21264265016521602,0.173005544718407,0.847883355164835,0.674877810446428,31673780.128951654,0.8256194799108955,0.088471714754916,1.0505,0.09293953635003925,1.9554899008984543,7.628175991795478,1.8614849128019557,7.261471672342198,1.564994151591511,0.1923199131249621,-0.0245777354209191,0.05712481393114962,0.07214046355687811,-0.021638756544058432,0.021638756544058432,113.70053557426533,30.541887802257893
204,203,14,B_optimized,False,133.4306285936016,86.16559025675811,777.4322847119541,1550,57.320400733310045,0.8097574210069262,0.03309686263690694,187.5515027891506,0.25052088323952726,9.05967063734986,0.2160250702509064,0.14126524495654777,0.8342739838673501,0.6930087389108023,103831263.13014162,2.706500869646474,0.04656987797434762,1.05075,0.048933299281545765,3.0334038030840835,14.881051208520166,2.8868939358401935,14.162313783983025,3.2719851988082946,0.5675802033140289,0.0013024665016486414,0.03134532414267855,0.043093744831081984,0.009996882194175043,0.009996882194175043,167.12096977579534,58.45008726878096
205,204,10,A_standard,False,128.83351633528946,81.92099473837257,292.15597762197643,749,66.56715547889797,0.4751352625019192,0.09996089845241429,125.57270893886,0.6027055473606693,6.790397927685276,0.2213924595825663,0.22238550396253243,0.8730102705464623,0.6506247665839299,17926347.520859964,0.46727424565740455,0.1147785312190161,1.051,0.12063223631118591,1.9375182937145687,5.668523195704884,1.8434998037246135,5.393456894105503,1.8864064122233224,0.247201539899275,-0.012877317116751498,0.06169159454637348,0.12062989566018627,0.020668997207771975,0.020668997207771975,105.66194815430984,28.160175470896597
206,205,6,B_optimized,False,135.3389801519594,90.14098848643124,540.5781531342012,1823,55.63596850473159,1.0362453528829985,0.06171650278847859,278.08104071353074,0.1994123421772935,7.9640972484033234,0.21388828477316307,0.1820585208918249,0.8527558948383599,0.670697373946535,88831598.06862213,2.3155145201639993,0.05290953330562771,1.05125,0.055621146887541134,3.4409398366864874,12.676304855540964,3.2731889052903567,12.058316152714353,4.998224137859327,0.8806104977199708,-0.003349756897557858,0.02418687739216637,0.05605807458314251,-0.005658428205336075,0.005658428205336075,246.3806916700896,63.63490029327087
207,206,16,B_optimized,False,127.28321977974726,73.14258876978056,575.7839685915849,1607,35.0,0.34426219931092866,0.031192068256473096,182.81696233288346,0.07598994398127672,7.66498735074368,0.22327660529226367,0.1806105261654451,0.8578725385357917,0.6772620123703466,67677728.36612695,1.7641105882438917,0.06504685597438768,1.0515,0.06839676905706865,2.776621920613055,10.411910033545967,2.6406295012962957,9.901959137941956,5.223341780939528,0.9023261154515669,0.006856581095061578,0.02507699410148477,0.044990637642221824,0.013798569385748728,0.013798569385748728,155.74609993260017,55.28687669464168
208,207,20,B_optimized,False,134.7931508097922,79.92852905686424,414.90237815125994,1675,71.44381486894895,0.9178701003276684,0.02828252317376869,165.90652019831535,0.2868153649148439,8.34256985170421,0.21449419834327801,0.16705489091393408,0.8463253684528985,0.6792704775389644,55547249.119606964,1.4479134079323661,0.06787744009170002,1.05175,0.07139009761644549,2.4611253855220356,10.007308416777269,2.340028890441679,9.514911734516064,2.322195707251097,0.3367515377577975,-0.006323829534952894,0.04617611939948903,0.0328895427686279,0.004607019594859207,0.004607019594859207,158.96954957257972,42.44448689803036
209,208,6,A_standard,False,126.86368163303415,72.87165152521177,400.24079261250444,977,96.24785039899794,0.49888454800316157,0.046657296724596856,156.39786310979312,0.14938553914911817,9.611193935436221,0.22379321222304785,0.11637704580610497,0.8251221205370015,0.7087450747308965,28495384.79142802,0.7427703506047644,0.09993986557325743,1.052,0.10513673858306682,1.1644707058445944,7.091715309656642,1.1069113173427705,6.741174248723044,1.6249491543077768,0.20180503192424734,-0.016760412494240037,0.05247158343457759,0.03937096358179454,-0.007286333142802318,0.007286333142802318,137.24230317853883,26.757010069661234
210,209,16,A_standard,False,131.1193944963129,70.36846510861693,357.93593766176565,812,104.89254169023357,0.23895206519983675,0.0654699047182345,247.65404026424608,0.1275190322041304,8.249889394279258,0.2186835789684282,0.1646200251215033,0.8478955797278754,0.6832755546063721,20452170.8628633,0.5331132123194685,0.11523307937859989,1.05225,0.12125400777613173,1.4285830597361884,5.929508768584243,1.3576460534437524,5.635076045221424,2.361026210954185,0.34547855260770693,-0.010813966714388687,0.05461049711021825,0.054213939938889996,-0.011255964779344499,0.011255964779344499,293.85741182613305,28.659212935233718
211,210,6,B_optimized,False,135.322515377943,66.19716590393837,606.7175000443274,1613,47.845823966771555,0.7332230348012894,0.025794185963649033,224.25901415781794,0.29017399655932447,7.062309260733123,0.2139065011845029,0.22076116476914795,0.8682755287862113,0.6475143640170633,64782885.13870566,1.688652624271271,0.06904641988978016,1.0525,0.07267135693399362,3.1972861898061087,9.377957105534222,3.037801605516493,8.910173021885246,4.687117820639134,0.843844749096385,0.0017912410029202793,0.02858733088137591,0.02377824305927725,-0.002015942904371782,0.002015942904371782,235.61342771219213,56.00802439369652
212,211,15,B_optimized,False,122.06395196364372,69.9295483225253,614.3920801286599,1753,71.41450204751166,0.6175363750892757,0.08784137309103134,240.93045365283623,0.24243347825161396,6.736561420116119,0.22991739425576774,0.21249163672996366,0.8739507732701827,0.661459136540219,75316173.63055344,1.9632168894453446,0.06393915961447968,1.05275,0.0673119502841435,3.3233410950531592,10.345133413208401,3.1568188981744565,9.826771230784518,3.373690871534,0.5923505211538173,-0.011558234122435507,0.031160812341912852,0.06521690276522663,-0.02262447032580471,0.02262447032580471,202.3165567305606,51.114289880985645
213,212,16,B_optimized,False,129.50925204312298,88.38423662093803,604.102054129917,1477,43.40606815478947,0.8673088448551961,0.019093515180330464,238.57549379389906,0.6014712524474963,9.64578006275394,0.2205832193308147,0.11911126541826876,0.8245515623194719,0.7054402969012031,78861607.06852543,2.0556333581838366,0.06361255821919155,1.053,0.0669840238048087,1.8724489118617706,11.089638848833086,1.77820409483549,10.531470891579382,5.496362696181556,0.923886437757945,4.292799194819622e-05,0.03643269970675267,0.005394115478373226,-0.013699399701957238,0.013699399701957238,198.36870464884012,51.63740513583441
214,213,9,B_optimized,False,137.44358336241282,76.26866795194053,749.6909605535384,1423,48.5007907315477,1.0454902593617312,0.014447122763534465,212.96749637441695,0.11003897435344119,8.513793412385233,0.2115903704350988,0.1650615735051851,0.8434321083616615,0.6783705348564764,81364195.7233925,2.1208666816220343,0.04916728403771951,1.05325,0.05178544191272807,3.3571423912403895,13.797193563428337,3.1874126667366625,13.099637848021208,4.391010809559661,0.8007535641095708,0.005083693103764772,0.01988955426643857,0.02183191678841858,0.007384794024884116,0.007384794024884116,218.6784796295584,63.26045802127677
215,214,15,B_optimized,False,137.32235237637445,71.12957620049569,727.4555770103267,1485,37.37720493992296,1.0078287662968362,0.028231197775237343,138.2023317940099,0.12780660626110243,8.448081346975057,0.211721110546171,0.16718786398862598,0.8445413103990499,0.6773534464104239,76839256.24268591,2.0029180766408925,0.05976445115253871,1.0535,0.06296184928919954,2.7974466554023407,11.333718177744045,2.6553836311365355,10.758156789505499,3.6975031176393456,0.6676339489180911,-0.0057186511918522285,0.02715560649568497,0.02201992115881077,-0.006211276616426571,0.006211276616426571,123.68727809896579,53.12259738506976
216,215,6,A_standard,False,123.4673991403554,80.62525296716638,262.07616449923734,938,84.47420711202379,0.5692330876941918,0.10325690898806338,158.37355098338912,0.4573434855779476,7.6562686114418295,0.22808483863460458,0.17442179730260335,0.8580221429193831,0.6836003456167797,19819899.721731946,0.516632218621265,0.11739264823131927,1.05375,0.12370250307375268,1.485798301090453,5.823195540062802,1.4100102501451512,5.526164213582731,1.8748154779761967,0.245050874777964,-0.016607289810256377,0.058350695115554865,0.07856790440360155,-0.024689004584461827,0.024689004584461827,179.7040273436838,25.27048457392923
217,216,2,B_optimized,False,128.07795050160144,81.83568291566743,657.0071051840574,1618,57.89699980754158,0.7729773938186744,0.034998874595644505,184.20031594354327,0.09173105949618608,8.267861784667843,0.22230588967253187,0.15913627478350295,0.847590860289171,0.6884545855056681,86994399.46549024,2.267625479164302,0.060120794706537604,1.054,0.06336731762069064,2.6469423027470107,11.451189041431695,2.5113304580142417,10.864505731908627,3.181517463009363,0.54525517608304,-0.01064084872643889,0.030532429491031982,0.03112410003835133,-0.0038747745572931744,0.0038747745572931744,182.87049788112228,50.254189310010744
218,217,2,A_standard,False,120.82534334266047,83.45906868272078,338.1087861494183,873,66.7600790526989,0.43234981558298086,0.04370016544958507,557.2229357080055,0.3304622431747795,7.01304009387319,0.23156472407937692,0.19711406763309164,0.8691315347020938,0.6720174670690022,24634527.365980245,0.642131933382986,0.09598026360760148,1.05425,0.10118719290831385,2.053693751446214,7.0016213939193594,1.9480139923606492,6.641329280454693,8.346648829881497,0.995258499380919,0.011827470819356228,0.03244174581019383,0.053359563403477465,0.009659397953892396,0.009659397953892396,507.3957206761846,47.309279421158855
219,218,9,B_optimized,False,135.9506883029984,75.82070054855181,616.6448251814124,1560,46.18994543351014,0.9751481927521898,0.08710429333137994,119.89917750456738,0.10024286350232157,8.387198355703651,0.21321415814286174,0.16724935498242702,0.8455703007766191,0.6783209457941921,72936930.51043457,1.9011987324897561,0.061306702830036974,1.0545,0.064647918134274,2.728076168866871,11.064384716214937,2.5870802929036234,10.492541219739152,2.59578521644198,0.40030011537709925,-0.02099004785278382,0.03861006498068839,0.05436160998971022,-0.032742683341669715,0.032742683341669715,87.22321775254211,43.90782223454161
220,219,19,B_optimized,False,141.13444335216283,76.23342673779571,742.3570701296178,1728,46.41599876721317,0.973613579689169,0.04582273262021628,182.19692722908832,0.4423558569430657,6.825129863425972,0.20770163590614033,0.24229709562890708,0.8724040543890929,0.6301069587601857,97791707.49525082,2.5490717670300285,0.050483079251209054,1.05475,0.053247027840212756,4.799570454551941,12.481547641432647,4.550434183030993,11.833655028615924,3.925304465446225,0.7161216930993105,-0.003459103277508563,0.03589511036266561,0.03917497014294914,-0.006647762477267137,0.006647762477267137,160.14270030647992,67.61209164098969
221,220,3,B_optimized,False,139.6624377539454,85.91460820539922,648.2217926147733,1835,44.01988626260482,0.7825257459013667,0.09330090105615237,229.94674149733098,0.20074287124554305,7.640711554972241,0.20923160894118495,0.20216352646933572,0.85828915043433,0.6561256239649942,102194308.66385414,2.6638314601351434,0.0582511598408232,1.055,0.06145497363206847,3.470549376557766,11.263734932624851,3.2896202621400628,10.676526002488012,5.223701399989127,0.9023578054224793,0.011579701930110084,0.02232726736566881,0.11098807698854939,0.01768717593239702,0.01768717593239702,238.752414508962,60.2571653883121
222,221,10,A_standard,False,122.47823032859426,79.068549623005,446.6895310891248,960,72.26804883157124,0.6892302612216576,0.025518278072036854,191.92944055594913,0.19490918505240296,7.357106851340594,0.22937273632081215,0.18497775027941715,0.8631712800972275,0.6781935298178103,33906329.6207974,0.8838138710706736,0.07815962693366735,1.05525,0.08247794632175247,2.3666662385224075,8.677031306628175,2.2427540758326536,8.22272571109043,2.655799397646146,0.41478946275991535,-0.0031792954533530326,0.04802767165198165,0.005953329816364851,-0.019564948255672003,0.019564948255672003,154.3787167077369,39.33895519939314
223,222,15,A_standard,False,124.92149468822835,62.46769918216159,467.36163587719875,914,85.09117569050969,0.5886580213463712,0.07805827738111892,356.7066873439112,0.2083285222732318,5.0,0.22622313007243883,0.32267306521381084,0.9048374180359595,0.5821643528221487,26684235.55644345,0.6955603212574253,0.09207651551554744,1.0555,0.09718676212666033,3.5044013493248056,6.322614942176524,3.320133916934917,5.99016100632546,4.192052635884488,0.7671079755030044,0.002672171629608617,0.03605669554975055,0.08324572584258484,0.005187448461465918,0.005187448461465918,352.21971293616156,50.40688824485346
224,223,5,B_optimized,False,134.4282852779164,70.70613312852522,576.3556964973388,1424,61.2188405019029,0.6613838896023585,0.053697796435123075,191.48385129545633,0.2513636761060478,7.6532313734665935,0.21490155904166863,0.1930721445697246,0.8580742648511555,0.6650021202814309,58030680.8308368,1.5126473799897666,0.05599291211906005,1.05575,0.05911451696969765,3.4481532976743074,11.876541067687448,3.2660699007097396,11.24938770323225,3.1278581842709734,0.5319210715291041,-0.00429716444442615,0.04258135860397122,0.048613930824720916,-0.005083865610402159,0.005083865610402159,149.11715017176024,55.17572586532591
225,224,15,A_standard,False,120.69220960166183,71.61075882571937,400.2143920326074,531,93.41115611681286,0.6755099606329482,0.01,197.96374675526937,0.08210479097259525,7.101133575537071,0.23174349937591696,0.19288877638981092,0.867601586424254,0.6747128100344431,15218277.498713775,0.3966847753086178,0.12774165190590916,1.056,0.1348951844126401,1.5099912480534325,5.281854430154208,1.4299159545960534,5.001756089161181,2.119273061000455,0.2930271619371258,-0.005762547850228389,0.057969783336426495,0.0,-0.01,0.01,184.12288304201743,27.012201353341286
226,225,7,A_standard,False,131.296476472503,73.51612915433142,266.6759558282141,921,67.87109365458144,0.3483494309427637,0.053287211099111755,317.41509888267905,0.1670389716606415,7.789610116109216,0.218477077375931,0.18234564364888864,0.8557369920567603,0.6733913484078717,18056190.27415105,0.4706587708389883,0.12792950032654465,1.05625,0.1351255347199128,1.4253603991530086,5.26376908132226,1.3494536323342095,4.983450017819892,4.676734700903893,0.8424716674070312,0.005005102034378112,0.04030044095938227,0.05435157230212631,0.0010643612030145563,0.0010643612030145563,321.6655613672023,38.47173260872254
227,226,17,A_standard,False,135.83772539026967,55.523064248662166,384.3424831719122,977,78.75667179151098,0.44429200382188605,0.03417469199660413,496.9293160056564,0.061915704100637646,8.001722800481854,0.21333825917784188,0.18139585117959467,0.8521144279974403,0.6707185768178456,20849055.321751617,0.5434585370390961,0.10829754083725152,1.0565,0.11441635189455622,1.6749766409949658,6.193294618072583,1.5854014585849179,5.862086718478546,6.309678973245025,0.9647593679204324,0.01130575951805032,0.03334659316250095,0.02801036022326871,-0.006164331773335422,0.006164331773335422,531.7158636201148,43.42494525685703
228,227,12,A_standard,False,117.30321359361406,73.75488527696619,409.5602632701435,954,81.95932064443969,0.31363122688138867,0.04390160449346801,414.4705052517182,0.10649354702796268,9.767931942981583,0.23641013468167021,0.09933690690863482,0.8225396104835127,0.7232027035748778,28817545.000844803,0.7511678877305447,0.09280937034083668,1.05675,0.09807630210767918,1.0703327319625828,7.79234576119804,1.0128533068015921,7.373878174779313,5.057027095793001,0.886655744233858,0.011178754029432102,0.03195551609532487,0.056248228185929845,0.012346623692461832,0.012346623692461832,415.9121057463701,40.49391704493829
229,228,11,A_standard,False,130.20102968972827,88.18393460783511,400.79955883231054,888,88.64578451285874,0.39422131866060106,0.02489671074432189,206.87883805754345,0.20909689550329968,8.304708997157508,0.21976216972266854,0.16120783141178652,0.8469664631796917,0.6857586317679052,31385544.893182855,0.8181062426377128,0.09119860663886316,1.057,0.09639692721727836,1.7676567367981013,7.519398125055099,1.672333715040777,7.1139055109319775,2.333769611205078,0.33934143300090625,-0.017578917451360282,0.046500746433612405,0.0,-0.02489671074432189,0.02489671074432189,172.79283728192044,31.690067217776647
230,229,4,B_optimized,False,132.19214212005426,72.75707829854534,495.53761902639036,1468,60.691709212540374,0.6729531937755341,0.08216867182755463,215.15230035052267,0.21326781941017114,8.334112632983539,0.21743981970893525,0.1632997273963225,0.8464685317351863,0.6831688043388638,52927080.201950625,1.3796151975429856,0.06752856667696437,1.05725,0.07139457711922058,2.4182318007354953,10.116737818632085,2.2872847488630836,9.568917303033421,3.545003150217213,0.6329755085313991,-0.0033018458999744915,0.031102119715692912,0.08998518283345606,0.00781651100590143,0.00781651100590143,244.5808111620316,47.78991779730359
231,230,10,A_standard,False,128.24051363786933,75.11948932640632,404.9468002081543,1097,76.5639890559962,0.6878158136762887,0.10832922885234056,224.67416712251526,0.5638655359195174,8.495613835219245,0.22210858905412662,0.15153346276445484,0.8437388289007441,0.6922053661362892,33370078.329090726,0.8698357632869511,0.08760722967229329,1.0575,0.09264464537845016,1.7296912975251733,7.901235648308675,1.6356418889126934,7.471617634334444,2.9344626617899503,0.48362152735097447,-0.007036874013333092,0.04940842972104779,0.09977761717242106,-0.008551611679919496,0.008551611679919496,208.49302589107867,36.83921198840806
232,231,18,A_standard,False,132.7320694842944,81.78730465153404,375.4284155473272,937,64.36185308678076,0.7231235866883743,0.02573264027657794,235.0450693350915,0.09159116969506483,8.871808512241126,0.216820290234866,0.1460818648112186,0.8374144495891768,0.6913325847779581,28770845.670787614,0.7499506071774489,0.0943401433762332,1.05775,0.09978828665621066,1.5484592198321856,7.328084949170464,1.4639179577709154,6.92799333412476,3.6519313547137022,0.6574455569698333,-0.0023167638809094993,0.038733153590066495,0.016033161000736693,-0.009699479275841246,0.009699479275841246,246.33266525632078,38.127625699015304
233,232,1,A_standard,False,129.8964898551713,71.46331784102964,344.93113628186194,953,86.21197559452902,0.32778000577933103,0.07277278390706089,150.25305333347342,0.5756369476846198,8.454279453854518,0.2201227027582063,0.15552032581697756,0.8444366257415314,0.6889162999245539,23491377.024385434,0.6123341894242605,0.09800630602980868,1.058,0.1036906717795376,1.5868399913947981,7.029305846044433,1.4998487631330792,6.643956376223471,1.7428327363722822,0.22146191742406188,-0.015457104772231927,0.05545858309817682,0.07877000444662333,0.005997220539562434,0.005997220539562434,123.23288664987754,29.511053971560592
234,233,16,A_standard,False,118.37120576054696,69.41425340812943,307.4142752867187,1025,91.24795965171238,0.43125834975240745,0.0399206805109582,335.3231708235971,0.2854023625482064,8.28171302442412,0.23491501557167743,0.14291592708588366,0.8473560891249673,0.7044401620390837,21872405.71617947,0.5701335350019016,0.10547994515763928,1.05825,0.11162415196307177,1.3549108967803924,6.678427458284142,1.2803315821217978,6.310822072557659,3.6748566445047555,0.6625897887088225,-0.000757230836002469,0.045149070132423294,0.023634444396967744,-0.016286236113990455,0.016286236113990455,326.27848112906565,35.22699807497454
235,234,10,A_standard,False,119.90088560914268,73.0501711206478,217.14451370489525,944,79.1740853825484,0.48857064919640764,0.03271686393692702,241.4353303077811,0.46317459326358745,8.711246918563143,0.23281306790746203,0.13158633269175238,0.8401079038996659,0.7085215712079136,14974147.026545512,0.3903211877405609,0.13175947028753318,1.0585,0.13946739929935387,0.9986859571049962,5.377386305984205,0.9434916930609317,5.080194904094666,3.0494236736834908,0.5123534038854296,-0.0028263514690365166,0.059614399222627346,0.015032956721089858,-0.017683907215837163,0.017683907215837163,209.63012024269383,27.719624739554916
236,235,15,B_optimized,False,131.22393309399297,81.23263993719095,610.2816955493886,1341,69.49627112863028,0.9675706697736275,0.05372595658162104,215.6037562915171,0.25869624899603366,5.573365579168896,0.21856161550631728,0.2957846022108295,0.8945206313884367,0.5987360291776073,66479797.72789613,1.7328849225204177,0.06541510395920809,1.05875,0.06925824131681158,4.521656074952911,9.15287132389135,4.270749539506881,8.644978818315323,3.102378772128036,0.5255723607268094,-0.004525159690006359,0.039740330903575004,0.02496917434048214,-0.028756782241138902,0.028756782241138902,213.43141706366566,53.693908543882806
237,236,14,A_standard,False,130.23538860467977,63.47338681612454,373.77492366993454,792,84.05240091306432,0.5878408462714672,0.04884130883611904,124.16509941375948,0.5124265643807335,10.089051583278826,0.21972158350385063,0.10895913340652606,0.8172738654477829,0.7083147320412568,18790010.16731719,0.4897867686996008,0.12080309730941362,1.059,0.127930480050669,0.9019564550356557,5.863382213016,0.8517058121205436,5.53671597074221,1.4772344164467575,0.17905463412649864,-0.013058054538543229,0.06343897797994213,0.06347450149929662,0.014633192663177579,0.014633192663177579,134.06752549615507,21.683324589145837
238,237,9,A_standard,False,138.23024735796406,62.28979850212489,363.0236990556532,607,75.2550877057293,0.23602846046952614,0.03932336972257553,226.25356518352856,0.4238805354720642,9.589729844713398,0.21074674120436054,0.13252230424425124,0.8254764064968729,0.6929541022526217,13725892.550863305,0.3577837638267295,0.13542283249453757,1.05925,0.14344663531983892,0.9785816896836556,5.1169665372386355,0.9238439364490494,4.830744901806595,3.0064886253039806,0.5016221506346488,-0.004829015260103018,0.061438162759239065,0.07284949696030199,0.03352612723772646,0.03352612723772646,202.6076067726737,25.15518855990132
239,238,7,A_standard,False,112.28650103165597,80.13043645735493,389.03030899773717,843,71.54227205274105,0.25954998777073424,0.08338316875545258,93.84852158043965,0.20703468391441118,8.21713575185929,0.24375511802336458,0.13493408284535405,0.8484511950648249,0.7135171122194709,26278981.007673185,0.6849968189402074,0.09843868792761334,1.0595,0.10429578985930635,1.3707423949471726,7.248340334891034,1.2937634685674115,6.841283940435142,1.3117911814605832,0.15601154317391772,-0.020804244500537514,0.05530982205872731,0.031723529210794965,-0.05165963954465762,0.05165963954465762,72.15261670536434,22.222860553751786
240,239,13,A_standard,False,132.76581263841263,80.97873874293215,256.3719414694974,991,90.26425680547219,0.5734439215808603,0.05336476076999625,169.33607361376002,0.07533473007870739,6.5869935495912335,0.2167817145240655,0.239802465432294,0.876568986445545,0.636766521013251,20573830.381053235,0.536284430523461,0.11299361607835803,1.05975,0.11974498463903992,2.1222656089349106,5.635420328274746,2.002609680523624,5.3176884437600815,1.8760036320765916,0.2452707509863992,-0.01549215825544753,0.049187950083094546,0.024497211151809792,-0.02886754961818646,0.02886754961818646,165.4762403084166,28.037937749117674
241,240,3,A_standard,False,139.51697604230114,62.0711494753012,395.1511682520542,858,83.8749584781446,0.20764421466231137,0.07262071176442485,170.755648501005,0.045001011000035576,9.210350432492945,0.2093842878611555,0.14536569657160336,0.8317636037432207,0.6863979071716173,21044584.04326548,0.5485552549144709,0.10504008621715936,1.06,0.11134249139018894,1.383906866480241,6.534628177594615,1.305572515547397,6.1647435637685035,2.035835863280922,0.27604524043927703,-0.012270771477932816,0.04597454103966375,0.06141982274254797,-0.011200889021876874,0.011200889021876874,137.7683128060922,27.94493376622087
242,241,12,A_standard,False,128.77579299035028,77.74399043643092,493.8181566234544,996,84.90368599401883,0.43298038907916947,0.05411542712320499,250.328832416953,0.28563442794737154,7.306123500935289,0.22146192184521304,0.1982893102724001,0.8640518762550142,0.6657625659826141,38237828.46968631,0.9967201870296416,0.07695262085863884,1.06025,0.08158901626537182,2.5767713699661443,8.651590531342825,2.430343192611313,8.159953342459632,2.9483859208961527,0.4870993440566548,-0.012055092961138558,0.04844838689439104,0.033732151139078334,-0.020383275984126654,0.020383275984126654,199.54085799874719,41.722015270364984
243,242,2,B_optimized,False,137.80691869745795,87.75527832598564,717.9179255455348,1965,49.514347031416214,0.7915706372574619,0.03219134185418856,512.6329323516851,0.1844177212083073,8.533841016574936,0.2111997072638363,0.1649117618921381,0.8430940002873731,0.6781822383952351,123797136.6849241,3.2269380916375017,0.04391031479518326,1.0605,0.046566888840291844,3.755649729712894,15.444713652329094,3.5413953132606264,14.563614947976514,10.353220088440752,0.9993598835274923,0.007277130044297917,0.016424916000454027,0.03929702311666954,0.007105681262480984,0.007105681262480984,521.4300283332811,72.14962638230583
244,243,13,A_standard,False,134.40161996821152,69.30432019515183,355.4915091544538,918,95.02115147994613,0.5243137712838261,0.058529427618913936,284.5718886704658,0.360446553215484,6.717094398214534,0.21493140371373864,0.23604931642471563,0.874291103895004,0.6382417874702884,22616855.39217598,0.5895386123817961,0.09781678795111172,1.06075,0.10375915781914176,2.4131779561468707,6.524869614296454,2.2749733265584453,6.151185118356309,2.9948267752840656,0.4987066967053244,-0.005493235500059909,0.04877752230829531,0.05112414671045931,-0.007405280908454624,0.007405280908454624,267.61406104532523,38.712501455562034
245,244,13,B_optimized,False,136.17062383885732,89.90528241191879,854.888482058878,1655,56.7505549683744,0.5907635560538824,0.046650383241295244,422.1701699319782,0.6065463528288327,10.226406898973122,0.21297303919666072,0.1132736215754387,0.815031808246575,0.7017581866711362,127201629.128881,3.3156807446930183,0.045968795984531394,1.061,0.0487728925395878,2.464141580161367,15.265968395327985,2.3224708578335225,14.388283124720063,7.439049189338194,0.9883306226428354,0.007901532038275616,0.026124714108359086,0.05810097389006691,0.011450590648771665,0.011450590648771665,418.4560388437763,63.67890466435008
246,245,2,A_standard,False,124.37544735281759,72.71846859592344,345.6834276555421,1055,69.45157665681427,0.5623498954899676,0.09428971204079607,294.1156402683023,0.3668148058396769,6.55778323789138,0.22691790658590463,0.2258061380229177,0.8770812331262381,0.6512750951033204,26520135.79939625,0.6912828414139957,0.10146468920209435,1.06125,0.10767940141572263,2.225465231290107,6.418736411897246,2.097022597210937,6.048279304496816,4.234830286454628,0.7746628690470725,-0.001198215676288382,0.049492687900805285,0.0772379079392724,-0.017051804101523668,0.017051804101523668,300.51488317818905,41.87891903620935
247,246,16,A_standard,False,129.045070405785,73.68174911548051,371.63016492599905,865,74.47973731840578,0.4787422856684252,0.07918272341233167,365.0015560455104,0.11077707885254409,8.068986070316502,0.22113833440731412,0.16790412618531425,0.8509688786501433,0.683064752464829,23685741.898086123,0.6174005700483727,0.09826354121608191,1.0615,0.10430674900087096,1.7087123475032557,6.951354938071761,1.6097148822451772,6.548615108875893,4.900682644530615,0.869968768014919,0.0006358756791411254,0.03718019751231539,0.08220630704105099,0.003023583628719323,0.003023583628719323,376.7741546553638,43.30563651967271
248,247,9,A_standard,True,117.03269185353479,77.95480374499455,492.26359172972366,956,81.57933348834696,0.44513649214287043,0.11728848250659182,507.41786485956584,0.15432117466279938,5.877812785488507,0.23679252655311409,0.24862186777385215,0.8890904939227817,0.6404686261489296,36685841.96999647,0.9562655813120428,0.08398467825768981,1.06175,0.22276536647633557,2.960324108297549,7.626017500284786,1.1160705620739448,2.87508168922195,6.219931484633261,0.9615774831941953,0.010110327661511705,0.027586600293579008,0.11244059190695718,-0.004847890599634641,0.004847890599634641,501.4431904258727,22.80373911358102
249,248,16,B_optimized,False,138.7764240366132,74.67950623710702,655.5449311570528,1686,44.685318420784384,0.46302743289817505,0.09839468612332096,158.26976836745933,0.2705181676887183,7.9587775478036775,0.21016579875017025,0.18774646055699745,0.8528466277858979,0.6651001672289005,82539431.21272928,2.151500767908191,0.05139485972255055,1.062,0.05458134102534869,3.653020196387847,12.940986137901145,3.439755363830364,12.185486005556633,3.5418740194954874,0.632248254645439,-0.00640114775616257,0.031693894734017444,0.08764241122179955,-0.010752274901521405,0.010752274901521405,124.382634879811,59.3533463856317
250,249,1,B_optimized,False,135.7912428787269,87.49901573535718,581.1180036391726,1359,52.31968781811746,0.9663662904192759,0.033053539404493154,153.68891869843847,0.48490976529630275,7.574714794861724,0.21338937581945477,0.19861963561625165,0.8594227844948273,0.6608031488785757,69101417.29520719,1.8012209460349946,0.05452538907350569,1.06225,0.05791959454333141,3.642700015372517,12.11918264329571,3.4292304216262814,11.408974011104458,2.9374968603160987,0.48437930012207314,-0.011916658386064913,0.03872262630141937,0.0,-0.033053539404493154,0.033053539404493154,129.79972983688276,52.40080195105621
251,250,4,A_standard,False,111.245253532649,70.66174561490551,278.3446566810076,961,74.35686762238758,0.6266856289574719,0.02501511310461114,297.25562283307033,0.27086397581341276,9.137183393905966,0.24534995594804396,0.1062662498418144,0.832981648326821,0.7267153984850065,18901254.87003877,0.49268651079637316,0.12425150620090741,1.0625,0.13201722533846413,0.8552512004964197,5.848745183901033,0.8049423063495714,5.504701349553913,3.997688879830809,0.7306039422502387,0.004652880746189341,0.049391079630003734,0.023007636538081005,-0.0020074765665301364,0.0020074765665301364,303.87177180118715,33.77633814939406
252,251,10,A_standard,False,137.5421264098022,81.28129596241548,364.22448533757336,1080,87.8313653527245,0.5427808889548636,0.014584631040949444,219.63613428516777,0.45279648197288624,7.574620568408134,0.21148424221562198,0.20151068111595274,0.8594244041035758,0.6579137229876231,31973009.244640302,0.8334192873814045,0.0826199242891194,1.06275,0.08780432453826166,2.4390083003560754,7.96313635782727,2.294997224517596,7.49295352418468,2.5006571787097323,0.3776951206588788,-0.009413755482521177,0.04762068007568286,0.0,-0.014584631040949444,0.014584631040949444,209.37813706676414,38.11234250247312
253,252,4,A_standard,False,122.12004057820447,72.4753027180794,294.0239804391649,695,78.12600779096016,0.402947506707281,0.02788516143866922,242.93326381501953,0.09884083288568694,9.13862358284633,0.2298434698969115,0.1224009736396621,0.8329576556532136,0.7105566820135515,14810086.50714868,0.3860447306790145,0.12236049926885606,1.063,0.13006921072279398,1.0003307797127985,5.807075700568073,0.9410449479894625,5.462912230073447,3.1095056650664925,0.5273490920286101,-0.00941374224456638,0.04846592040946859,0.03371523319534069,0.005830071756671471,0.005830071756671471,217.70701689922032,30.038124698822422
254,253,7,A_standard,False,126.35577723997255,74.99347417975626,311.70966954085037,845,70.0746719250281,0.5056584345023357,0.05445347208087386,196.70938665138885,0.17173359919003953,6.975879432411329,0.22442253048726246,0.20897419268957315,0.8697777248554225,0.6608035321658493,19752881.440876838,0.5148852974151807,0.11256327564936494,1.06325,0.11968290283418728,1.8565041882800977,5.870507306701477,1.7460655427040654,5.521285969152576,2.8071396019070263,0.4519337939439298,-0.0018983436373885528,0.048708863300937294,0.05159296485621226,-0.0028605072246616,0.0028605072246616,166.31874778174642,33.88274648101084
255,254,14,B_optimized,False,139.91258370208465,73.72686165223674,543.3531312544208,1600,50.84923749375058,0.6906443155471553,0.050133945125865546,168.22647275186756,0.5041775232171546,7.718038396955256,0.20896968296275534,0.19932152852373433,0.8569628005329558,0.6576412720092215,64095553.81808689,1.6707364132871254,0.06323482131683232,1.0635,0.06725023247045117,3.152084948972212,10.399986246725831,2.963878654416748,9.77901856767826,3.3083381589063703,0.5764795728301164,-0.009288454883411417,0.03754718639840296,0.042378707485039475,-0.007755237640826071,0.007755237640826071,176.5473082481504,51.187455260360814
256,255,3,A_standard,False,118.90846197383846,63.33389926770203,346.52867844826426,1002,80.65771675187662,0.5574753533984289,0.019787283092337026,456.2184023162201,0.19285452086060095,7.738087902079494,0.23417153039062324,0.16332064122883724,0.8566192358193729,0.6932985945905357,21990906.4390407,0.5732224149770557,0.10900049098892302,1.06375,0.11594927228946686,1.4983477574007846,6.360508914230404,1.4085525333967424,5.9793268288887464,5.656227583526352,0.9343937883788233,0.01355192512144616,0.0358523542809133,0.03307088885378114,0.013283605761444117,0.013283605761444117,447.68401607238536,41.163137164328866
257,256,14,A_standard,True,118.720242375329,87.26927208563868,444.3126269129491,1086,81.70338770806788,0.7577355862177072,0.05127614586796706,134.11398130361408,0.30617825485211586,8.495588255632917,0.23443134823850137,0.1364724919492452,0.8437392605506588,0.7072667686014136,42109475.728658006,1.0976398557062852,0.08636510875082175,1.064,0.1940936866055187,1.5801808614980375,8.189265072796935,0.7031268988497067,3.64394525638993,1.6414739347505767,0.2044799597305319,-0.022290586962272953,0.050147662265316445,0.0,-0.05127614586796706,0.05127614586796706,142.2628647921825,8.890493436611193
258,257,3,B_optimized,False,135.5675551977462,94.6096747752544,699.6759406675039,1692,58.71559965996337,0.8660775511311964,0.052009912714664874,299.6167215524726,0.49566757507794335,8.368374426407057,0.21363578093003716,0.16733052922801642,0.8458886998192114,0.678558170591195,112003823.52530168,2.9195295967362633,0.04293458125389061,1.06425,0.04569312809945308,3.8973369331010628,15.804466953540068,3.6620502072831225,14.850333054771031,5.102846999564469,0.8911795842879362,0.00143974955887058,0.023843650123439322,0.03757816629258749,-0.014431746422077382,0.014431746422077382,318.3396748690741,70.43976105305498
259,258,4,A_standard,True,128.60929839924307,73.75859938563973,476.0693420482116,929,89.3468206289633,0.6179485502437368,0.0490238318146271,278.53125378804555,0.1596262024549514,8.722225154923361,0.22166257249456178,0.14465685394595093,0.8399234660856841,0.6952666121397332,32621099.12044487,0.8503126175749861,0.0838640465674707,1.0645,0.16778098740677622,1.7248971384843792,8.290401436572393,0.8621766755683584,4.1438939112576305,3.1174165104847043,0.5293204494928903,-0.00815374759356954,0.03934394108859928,0.10997087094529066,0.060947039130663565,0.060947039130663565,257.60036349740204,13.648845288002478
260,259,12,A_standard,False,124.16338244691482,75.7039794027608,381.36995012386944,865,83.93140903147425,0.6821835283930915,0.028516989272957996,108.10160397814346,0.2079484828459772,8.266830603289739,0.22718913231320484,0.15287509374804764,0.8476083408676545,0.6947332471196068,24973607.764393065,0.6509705178855564,0.10719781928513522,1.06475,0.11413887808384773,1.4261026461873776,6.480852425474137,1.3393779255105682,6.086736253086769,1.2879755651141922,0.1529013215933369,-0.02473807351512581,0.05285690946823685,0.008686855783290844,-0.019830133489667154,0.019830133489667154,122.68551851269335,24.58149156103373
261,260,16,B_optimized,False,139.70813229679013,70.92983179664218,491.18455528541585,1555,63.136174451345525,1.0479413814138248,0.09156119448750945,151.3774516866272,0.12219107932065967,8.661314826613115,0.20918370300915495,0.163358859131519,0.8409472898549832,0.6775884307234642,54175636.91506722,1.4121604996801416,0.0720162156139814,1.065,0.07669726962889019,2.2683621700860956,9.40883139924275,2.129917530597273,8.83458347346737,2.3976342089475637,0.3538026247658164,-0.010991792095700344,0.045015604500151365,0.07704520284969563,-0.014515991637813822,0.014515991637813822,145.05572435322173,39.13229085021142
262,261,4,A_standard,False,133.02376798395758,57.13451351030767,323.638369388356,991,84.61146391359836,0.40840889055505547,0.03919061136234521,163.27188117297598,0.2676446349208155,7.1021360713068615,0.21648736564460055,0.2149128399723849,0.8675841912602352,0.6526713512878504,18324502.501178514,0.4776526882189244,0.11975383801456062,1.06525,0.1275677759450107,1.7946217301716383,5.450108005795133,1.6846953580583321,5.116271303257576,1.9296661896749867,0.2553396078623385,-0.020455252829945023,0.062087743166452686,0.0008528679602880403,-0.03833774340205717,0.03833774340205717,157.80762680664478,24.86861681829554
263,262,6,A_standard,False,133.62030735183674,63.41838381536719,524.4917206646962,1004,83.20291684007225,0.4213725640617496,0.03979145829325655,283.63562315912765,0.17686963124112146,8.388798666881234,0.21581036584924845,0.1635903716835653,0.8455432376976396,0.6819528660140743,33395466.91809245,0.8704975508463121,0.08279514428386163,1.0655000000000001,0.08821822623445458,1.9758449978986536,8.236628752961785,1.854382916845287,7.730294465473285,3.4089624971239334,0.6008390790499171,-0.006517883529661661,0.03521043126621896,0.03045306523966264,-0.009338393053593914,0.009338393053593914,217.59527012588393,40.912507875132356
264,263,19,A_standard,False,132.56679717059686,79.90306950334984,320.0711863069336,857,78.11777478708069,0.4646930010780515,0.022461157335928423,186.5056901271535,0.4218756906138857,9.608205927445681,0.21700947324222905,0.12429820678004445,0.8251714314401872,0.7008732246601428,21917492.400395688,0.5713087797823462,0.11147058815071877,1.06575,0.11879977932162852,1.115076262197357,6.2875170597691294,1.0462831453880899,5.899617227088087,2.387493635545777,0.3514876745199868,-0.006120620801478142,0.05244456731950831,0.010622583431307422,-0.011838573904621001,0.011838573904621001,150.13753378710564,27.306603964892055
265,264,20,B_optimized,False,140.22493662219983,90.62783048633385,699.5310591264399,1794,62.928533526652,0.538215104629303,0.11568256184072188,211.6877122802275,0.3078096231392809,6.320007232612403,0.2086437360534347,0.2675015492973696,0.881262143887928,0.6137605945905584,113734186.15010722,2.9646338149423928,0.05047861565165626,1.066,0.053810204284665576,5.299304385511462,12.158823824052716,4.971204864457282,11.406026101362771,3.3639384301013755,0.5899934814806926,-0.010382050212626875,0.0378652243038046,0.11513288921220287,-0.0005496726285190157,0.0005496726285190157,180.09101899075822,67.54111416976744
266,265,12,A_standard,False,131.90880632742756,72.29512894634084,310.0204859948184,940,72.83780884888735,0.4784641030042754,0.05668513755969452,114.16973398660731,0.26802681269974854,8.489007954968928,0.2177666519934377,0.15745385605059906,0.8438503090181503,0.6863964529675513,21068192.750342492,0.5491706474687834,0.10890108724669915,1.06625,0.11611578427679296,1.445842828859099,6.302934803695968,1.3560073424235397,5.911310484122831,1.5674515171573744,0.19270191163242292,-0.019121792277353458,0.06278423496174244,0.05269476409017356,-0.003990373469520962,0.003990373469520962,96.98646512683578,26.917635119264
267,266,9,A_standard,False,142.62214563945508,54.68976212136859,225.7539868794891,1042,82.88838351659376,0.34879625632956646,0.03239882596630473,626.5871174596018,0.21944689194334735,8.676779777938117,0.20618266624363193,0.16712694777566586,0.8406872258977309,0.6735602781220651,12864981.977686198,0.33534297725870704,0.13522360816747422,1.0665,0.14421597811061126,1.2359302494626485,4.981084939605085,1.1588656816339884,4.67049689601977,7.559408096481491,0.9896401957491207,0.013708520408119599,0.044296302985473504,0.03793594051006925,0.005537114543764522,0.005537114543764522,628.7967606626459,39.17080506154573
268,267,7,A_standard,False,121.4592498476409,78.30631943187055,447.72640984713206,1127,76.6687523411636,0.6898900439835227,0.047834896034738415,227.16248963633717,0.08284120292082507,9.461186377471684,0.23071807062318408,0.11271794226728696,0.8276013287636114,0.7148833864963244,39512402.79055603,1.0299436729419646,0.0793619754804601,1.06675,0.08465938734378083,1.4203016190674274,9.007882958663718,1.331428750004619,8.444230568234092,2.962908390963514,0.4907281607231896,-0.0099272693419851,0.03845388051852311,0.03726769959525533,-0.010567196439483083,0.010567196439483083,219.47500187118183,36.710700145687625
269,268,13,A_standard,False,129.56052107037667,65.64973756517821,417.7771914659906,989,96.89822620441015,0.6325027456638188,0.06140148995976543,275.3871567014139,0.41223225617662823,8.72604693329021,0.220522114058414,0.14597990304837188,0.8398592685125544,0.6938793654641826,27125266.38767444,0.7070563802697428,0.1033823943799193,1.067,0.11030901480337389,1.4120383255190556,6.711774955745847,1.323372376306519,6.29032329498205,2.8420247458449364,0.46058811656406895,-0.009532003731443675,0.060907979566960674,0.05747706638826054,-0.003924423571504888,0.003924423571504888,267.6761198841577,32.78912740914723
270,269,12,B_optimized,False,130.17284021865112,74.74811114545021,723.5940445636621,2016,48.257501822259115,0.7909725238974311,0.045950487663773514,172.4911751303301,0.30375548576517003,8.100315942158709,0.2197954819302873,0.16856854000394678,0.8504358307526108,0.681867290748664,109039972.74353662,2.842272858481089,0.0419824432774649,1.06725,0.044805762587874415,4.015215095745274,16.24172481439814,3.762206695474607,15.218294508688818,3.5743908950290364,0.6397757326890733,-0.002348162648453316,0.025813326030907247,0.047256153090889465,0.0013056654271159512,0.0013056654271159512,149.15400963078343,68.17080474550718
271,270,6,A_standard,False,139.0615185641567,81.2905358870137,519.2463875281512,905,93.42182294773218,0.4541483208047739,0.06958581179476513,164.01292721047477,0.2091399786040403,8.430073195510039,0.20986409851513407,0.1704744730597102,0.8448455377382039,0.6743710646784937,38199884.47510126,0.9957311260161629,0.07617230826970398,1.0675,0.08131393907790899,2.2380111215234506,8.853231311971564,2.096497537726886,8.293425116600996,1.7556168573400355,0.2236739579340807,-0.02186511154101957,0.0433302068119258,0.07158983927072676,0.0020040274759616367,0.0020040274759616367,168.5642506419504,36.71264484331285
272,271,1,B_optimized,False,124.15113571877552,96.1059716383568,689.2651507909577,1430,62.987743236983995,0.7658611707562261,0.02802721842589898,520.263618142192,0.32186841558357104,7.26496216543866,0.22720481962568523,0.19192810726830517,0.8647634797036097,0.6728353724353044,94726770.75750962,2.4691800880112464,0.04777221950924759,1.06775,0.051008787380999114,4.0175673066886155,14.084239320407944,3.7626479107362356,13.190577682423736,8.25975961997497,0.9948303108510644,0.0018282578643900524,0.022617797981723,0.029643263810506134,0.0016160453846071551,0.0016160453846071551,565.2268691128522,71.46503734646933
273,272,4,B_optimized,False,144.2609571360873,84.73056583081987,630.2304495255298,1416,54.647318903137624,0.8759485751255922,0.0339272584860964,92.8609138033182,0.14266830273626077,7.612031927642255,0.20454028696915055,0.21077434033326958,0.85878159991302,0.6480072595797505,75614092.15042791,1.970982534481497,0.054929325782076294,1.068,0.05866451993525749,3.837191469807668,11.797109291867521,3.592875908059614,11.045982483022023,1.699276664751187,0.2140433059891494,-0.015718566713480334,0.0390405308025121,0.033418164282249585,-0.000509094203846816,0.000509094203846816,76.72932593552177,50.94392901861832
274,273,20,B_optimized,False,136.53995238427356,71.87186776473422,700.8446588192134,1442,52.40322483282388,1.047831999684087,0.0567512294789346,249.3901972513839,0.31591216479138834,6.6642971602980055,0.21256962407132085,0.24253066037416834,0.8752147946007688,0.6326841342266004,72635003.11416022,1.8933285907236643,0.058061579358578384,1.06825,0.06202428214980135,4.177128198258964,10.896777890233599,3.910253403472,10.200587774616054,4.759062024273991,0.853092146440912,-0.00469009868012444,0.02606456024726523,0.04198211237578531,-0.014769117103149293,0.014769117103149293,229.13475520785488,62.498941204999305
275,274,9,A_standard,False,140.1163184747043,69.2973145711704,252.7333653447312,894,86.32839132351609,0.596256597352078,0.09466835119125978,127.54264705214993,0.4883246996783217,9.487029514344224,0.20875694130621014,0.1380025296085437,0.8271736830019085,0.6891711533933649,15657286.70770639,0.408128138031,0.13001805055130697,1.0685,0.1389242870140715,1.061410542792948,5.300580576859273,0.9933650377098251,4.9607679708556605,1.4774125301858483,0.17908081728699426,-0.007124742798340841,0.06604344007600432,0.0735055507196685,-0.02116280047159129,0.02116280047159129,99.93913089646769,20.74853556637856
276,275,10,B_optimized,False,124.71308462702328,75.82209216365995,665.384453401547,1889,49.331908105448655,0.5341096370675185,0.03407143210341308,183.3463573037274,0.27338371779715537,8.450157318950845,0.22648769538865623,0.14751039120432813,0.8445062462451213,0.6969958550407931,95301639.31029847,2.4841648064009796,0.053064519301620615,1.06875,0.056712705003607033,2.7798309142474995,13.134875510301788,2.6010113817520466,12.289941997943192,3.716587586918759,0.6718551383107785,-0.006466574246814086,0.03149261675666108,0.00518395791511303,-0.028887474188300052,0.028887474188300052,179.46663646112427,53.199770600637294
277,276,10,B_optimized,False,130.71708301668772,86.24944964178994,579.9688542325467,1788,50.520513645107584,0.9139595897411534,0.04918016906331668,165.0890517520581,0.21345776918260814,7.083887539675386,0.21915449558472477,0.2117252573811116,0.8679008918010618,0.6561756344199502,89439326.14264272,2.3313557659628077,0.05269870654187195,1.069,0.05633491729326111,4.017655674582535,12.451456164271953,3.758330846195075,11.647760677522877,3.2677627332089756,0.5665435770023692,-0.005289686640929705,0.03179196219857178,0.04549392635584904,-0.0036862427074676393,0.0036862427074676393,144.78908302688126,59.770012601051214
278,277,16,A_standard,False,118.62589080524342,71.63765348816423,452.07195652353766,967,83.78466939292986,0.5334348744505757,0.06409692518102361,141.16615329944622,0.2288124136983976,8.271356962662585,0.23456185456674003,0.14368313879322317,0.8475316127415338,0.7038484739483106,31316656.825435698,0.8163105829332532,0.08992960676425035,1.06925,0.09615723203267469,1.597728978954475,7.826660198720128,1.4942520261440029,7.319766377105568,1.6848685364790432,0.21162943146904242,-0.01296700780269853,0.04763475963387946,0.06141146669395159,-0.0026854584870720233,0.0026854584870720233,86.77881891896472,30.907459483939647
279,278,2,B_optimized,False,139.63124575421898,88.42115534092449,816.5371090137523,1576,68.93851076956986,1.0063047549987403,0.03999741092910799,223.53686057324924,0.52004499380823,9.159347709994332,0.2092643257841211,0.1470879277366307,0.8326124807853404,0.6855245530487097,113785867.58298941,2.965980960675031,0.049572103496720026,1.0695000000000001,0.05301736468974207,2.9671512274310268,13.828837283333518,2.7743349485096083,12.930189138226757,3.242554242583387,0.5603430058657917,-0.009833093240138358,0.04178028631209672,0.0,-0.03999741092910799,0.03999741092910799,177.29010934217422,51.98119768593923
280,279,2,B_optimized,False,133.32193901320264,79.4342752662043,618.3488558350535,1607,57.45928613195219,0.7627245872086434,0.018077960702181334,69.27017442416593,0.15751520344471243,8.992792325454385,0.21614833400578146,0.14316219235147087,0.8353906272070721,0.6922284348556013,78932775.8124852,2.0574884667668587,0.047364120534800186,1.06975,0.050667767942102496,3.0225873664493417,14.615038282976144,2.82550817148805,13.662106364081463,1.2055522977624655,0.1425282873948795,-0.023851070182755837,0.04122631409860354,0.0,-0.018077960702181334,0.018077960702181334,88.83520640125755,47.74258754203623
281,280,6,A_standard,False,127.50115646675305,79.43163662873319,354.90948628562893,886,79.12040949018822,0.6079741971397062,0.13842123619200913,190.88243777064415,0.22039424949122338,7.072361386833599,0.22300938532905917,0.2065520240835534,0.8681009860299508,0.6615489619463975,24977262.63674717,0.6510657870261468,0.10450445800500573,1.07,0.11181977006535614,1.9764900754153436,6.330342021530885,1.8471869863694799,5.916207496757837,2.4125562418166657,0.3572215895823205,-0.01109485391994671,0.05295485561555126,0.1379916728384239,-0.00042956335358523834,0.00042956335358523834,210.6577777810419,33.61181008373036
282,281,10,B_optimized,True,131.92763148408523,80.35726624770773,719.8177070404919,1453,56.39689478000964,0.7725106014213753,0.024706181287786948,211.24044985848016,0.2697092908931367,5.0,0.2177448998757784,0.33664561166521656,0.9048374180359595,0.568191806370743,84045273.29438096,2.190752557597316,0.049917639707771765,1.07025,0.11039406408617246,6.744021024151181,11.382585588923192,3.0494901555796923,5.1469416501164265,3.7456042692151224,0.678220138003703,-0.0028092476933056693,0.026747598030601057,0.06682003435301553,0.042113853065228586,0.042113853065228586,244.4403972770798,26.840008125249327
283,282,14,A_standard,False,140.8649687669381,62.8200562331627,406.42701517600955,923,67.38876268652865,0.2983539314711555,0.05467549230891775,119.33720012260343,0.055075883388296706,8.39538608489638,0.20797968931934932,0.1744582554653045,0.8454318461004989,0.6709735906351945,23565821.81603482,0.6142746925758708,0.09985493017741227,1.0705,0.10689470275491984,1.7471170943221779,6.719483849651445,1.632057070828751,6.276958290192849,1.770876854910107,0.22633493269509303,-0.01916725698079766,0.054232590535877,0.013890019841248668,-0.04078547246766909,0.04078547246766909,115.76210879560455,25.855301617317917
284,283,10,B_optimized,False,143.4052911618778,86.06682426115252,432.3247145573857,1760,52.90202513170443,0.8836898737969845,0.02816241642933104,434.6651528061926,0.22815626711167622,7.113130368161767,0.20539383529757643,0.2320057490375918,0.8673934426695633,0.6353876936319716,65487514.807551645,1.7070197398587992,0.06293308681630679,1.07075,0.06738560270856049,3.6865464698209602,10.096242307112359,3.442957244754574,9.429131269775725,8.21641802415038,0.9946025576973256,5.968932129989807e-05,0.03103483103426938,0.03621998832867654,0.0080575718993455,0.0080575718993455,409.6579070990219,61.788825439962935
285,284,9,B_optimized,False,128.71627712169715,81.05438741608656,764.8823794502836,1532,74.56782889150423,0.8689634155779576,0.04300343181728052,168.3628173246586,0.49324178107137956,8.6223275059805,0.22153359661299496,0.14806036398999206,0.8416032712037925,0.6935429072138004,94979515.39432655,2.4757682153124247,0.05046641891571619,1.071,0.05404953465873204,2.9338393167398547,13.742661399694008,2.7393457672641035,12.83161661969562,2.25784791950461,0.32253372238009215,-0.010349863928325445,0.05148561754457203,0.032813250486898114,-0.010190181330382408,0.010190181330382408,146.00640048147534,50.149744592169334
286,285,19,A_standard,False,134.06463284159253,62.057225537328485,234.65560012268702,773,77.83827776678035,0.4781508390203848,0.046373060733789724,197.701760934912,0.058693319426531096,8.950270388336241,0.21530943992528703,0.14557298478521669,0.8361013779435998,0.6905283931583832,11256484.361817513,0.2934153336479735,0.1501237998289734,1.07125,0.16082012056678774,0.9696862519537798,4.599726318845239,0.9051913670513697,4.293793529843863,2.5399041012606616,0.38696307426066867,-0.009320624067593652,0.06629821674198658,0.050114016720061015,0.003740955986271291,0.003740955986271291,148.29722208673672,25.067867676728582
287,286,4,B_optimized,False,130.211079853471,69.651961125293,782.1887370189124,1553,65.44008391077139,0.9164705214734246,0.024735145905902117,168.53255276057124,0.1519110450798115,9.113633111163383,0.21975029615588032,0.13496718890471984,0.8333740798050383,0.6984068909003185,84608961.1689096,2.205445836640919,0.0545784962271037,1.0715,0.05848085870734161,2.4729004687691467,12.796374747926627,2.307886578412643,11.942486932269368,2.575371892712853,0.39540981683127474,-0.012355090268779848,0.034440669269933916,0.010935178972564292,-0.013799966933337826,0.013799966933337826,120.09594032768122,46.916362317694336
288,287,12,A_standard,False,131.56210425183818,68.42801263681514,452.7657275865708,1056,81.01400033405257,0.4912942208141307,0.10956998838750778,212.0713537123688,0.17025196308459448,9.744740485978532,0.2181682056028155,0.11931448437488824,0.8229212168169366,0.7036067324420484,32716843.028824065,0.8528083107167218,0.0851825328206342,1.07175,0.09129437955051471,1.4006919074139819,8.259988393672302,1.3069203708084738,7.707010397641522,2.617712405731296,0.4055752758418133,-0.011826955934691276,0.044291178837990955,0.10336856384222007,-0.006201424545287715,0.006201424545287715,205.84687588320415,33.972123246491556
289,288,11,B_optimized,False,136.2683188502896,73.49620780287856,652.6850408413975,1710,49.23150308160966,0.9122561052802434,0.1257721102826871,396.347910902887,0.13222162081554606,9.236356918077304,0.21286614678528543,0.14000072084619017,0.8313310912708584,0.6913303704246682,82028486.91948147,2.1381823209171067,0.0623539048583036,1.072,0.06684338600810147,2.245259878500559,11.08720250954106,2.0944588418848498,10.342539654422628,8.050696933747329,0.9936358931434502,0.004165926738074146,0.018522889016178906,0.13678678755973714,0.01101467727705005,0.01101467727705005,409.57095959232686,54.91006875297091
290,289,10,B_optimized,False,137.34272959232328,81.88095954521332,700.2893931263983,1566,52.811079562363005,0.6036055388768697,0.05123312554710768,669.4688642786151,0.1265990307260882,9.749548828784022,0.21169912126448706,0.1269488639362189,0.8228420828757814,0.6958932189395626,89795015.45570953,2.3406272840597477,0.05583095538935781,1.07225,0.05986474191623891,2.273807837442402,12.464289999812719,2.1205948588877614,11.624425273781972,12.6766744748715,0.9999372741680702,0.010186153541741311,0.01765687364210631,0.060218481879019216,0.008985356331911533,0.008985356331911533,718.4240038726249,57.808228614141946
291,290,17,A_standard,False,128.25852245252275,76.61738239696977,405.0561725932281,763,82.29456474444662,0.5935463149417477,0.037873239502993795,307.7122792257129,0.1814958287787642,9.37906034323533,0.22208675816437112,0.1245603294864538,0.8289617980584274,0.7044014685719736,23679204.218553025,0.6172301566795242,0.10333840016565268,1.0725,0.1108304341776625,1.2053634397937467,6.8164541684679625,1.1238819951456847,6.3556682223477505,3.7391567739773226,0.6768114384110367,-0.0017692615854467768,0.0408262709237202,0.03997029121712995,0.0020970517141361555,0.0020970517141361555,295.6900309304411,36.2213336305514
292,291,6,A_standard,False,126.92959259433803,59.35298197909208,347.27629756496475,848,84.69536367015826,0.40573435982268,0.05596137909364727,358.9649464389609,0.509706846642888,9.466217574022167,0.22371185922851716,0.12030740140311227,0.8275180564542661,0.7072106550511539,17478877.488806017,0.45561034025564917,0.12198302443679104,1.07275,0.1308572894645676,0.9862634736151583,5.797615351123017,0.9193786750083042,5.4044421823565765,4.2383069259485255,0.7752691727368232,0.0015894126241764695,0.04606074381617717,0.07673921695172409,0.02077783785807682,0.02077783785807682,316.95202723164994,33.089619531311214
293,292,20,A_standard,False,132.3057525047226,56.65572320088722,395.15788813627853,912,89.21330197877685,0.12501039138764058,0.034359695445075736,476.286666268273,0.11059306682104764,7.959131860702227,0.21730910261667574,0.17735679183795028,0.8528405843160966,0.6754837924781463,20417815.80897729,0.5322177018497298,0.10613261719945526,1.073,0.11388029825501549,1.6710865756249398,6.364525913920582,1.5573966222040447,5.931524616887775,5.338740475961509,0.9120350896555408,0.004772799520523074,0.03407178533127613,0.037619365107249274,0.003259669662173538,0.003259669662173538,469.0490052847422,42.65251074635262
294,293,7,A_standard,False,127.98100700012414,76.58976741635034,296.41532892704254,1139,73.07845928307133,0.3377450423475619,0.062480147319960884,246.07085696410132,0.11442476070224526,6.710673568767623,0.2224237514144613,0.22478448287918676,0.8744033845855026,0.6496189017063159,25858012.074224852,0.6740237001499254,0.10831725292911418,1.07325,0.1162514917061718,2.0752417255844917,5.9973723865711825,1.9336051484598105,5.588047879404781,3.3672146262818625,0.5907857628787078,-0.005624880555619655,0.04208839779697112,0.04106655960124379,-0.02141358771871709,0.02141358771871709,228.9398071852316,35.86109125180617
295,294,11,A_standard,False,129.65937103164444,65.17617349946397,309.43919400928104,849,73.16924392790989,0.4908428021433639,0.02923932964019422,445.9649847806921,0.1636381882792197,10.482270254482412,0.22040441514364195,0.09922764294231003,0.8108717259846822,0.7116440830423721,17122685.144244432,0.44632570996940263,0.11430864658009343,1.0735,0.1227103321037303,0.8680676913866135,6.225636505491643,0.8086331545287505,5.799381933387651,6.0949787211151145,0.956685146394472,0.0051648833477414575,0.04434095127501442,0.0443963447306055,0.015157015090411279,0.015157015090411279,431.7525020578342,37.40367170815583
296,295,11,A_standard,False,130.6287896489203,66.86219189663774,317.5588770462223,820,94.50856679743158,0.5095826338254997,0.04384528225785544,314.25603631580196,0.6168401061338583,8.06295293521602,0.21925817524905333,0.17069646680044467,0.8510715650494519,0.6803750982490072,17410799.711947147,0.4538358018679076,0.11931775516831153,1.07375,0.1281174396119745,1.4306040753084694,5.702211689192939,1.332343725549215,5.310558034172702,3.3251592629626288,0.5805810869149104,-0.005034934430751285,0.052930621501832927,0.06412666906331055,0.02028138680545511,0.02028138680545511,309.6692829844736,31.59686948394882
297,296,17,A_standard,False,124.57542777205201,55.14551678447867,220.30904968168053,834,87.70981589193148,0.7525622183937477,0.028561332115435014,234.72669986065324,0.33566907711153376,9.228708063974235,0.2266628558789831,0.12346404167278693,0.8314582756033239,0.707994233930537,10132313.035092711,0.26411230311853884,0.15423455138775732,1.074,0.1656479081904514,0.8004953530962657,4.590373736365893,0.7453401797916812,4.27409100220288,2.6761736696593155,0.41974352591209074,0.001583910339937769,0.06787539808371543,0.05930414044744649,0.030742808332011474,0.030742808332011474,190.7447179094592,21.702014129742576
298,297,9,A_standard,False,134.2570349910515,64.56816548518414,410.3230945942357,1099,76.09229057866679,0.5874119660987148,0.04885079361041562,257.5672914170341,0.31021856020754907,7.449725168975778,0.2150934033000902,0.20141521804721918,0.8615738506304192,0.6601586325832001,29116696.61209467,0.7589656749441037,0.09020673033498815,1.07425,0.09690458006236101,2.232818075760551,7.318285787896991,2.078490179902771,6.8124605891524235,3.3849328159040275,0.5950622850773339,-0.0020856377126392267,0.04871170852462656,0.05837458112180502,0.009523787511389402,0.009523787511389402,250.4054561951597,40.43540106062281
299,298,6,B_optimized,False,137.97805820604438,89.72385933198154,700.2663663446806,1558,53.28604365303272,0.9980532995409888,0.04399439059643833,96.93008184116674,0.49274453698995757,8.96392244254564,0.21101630172780433,0.15084027811771092,0.8358731190803169,0.685032840962606,97890076.27827398,2.551635881043209,0.047810597766964974,1.0745,0.05137248730060386,3.1549548669716683,14.328054300879995,2.93620741458508,13.334624756519307,1.8190519542474994,0.23488177790581014,-0.020509485036907187,0.04823108211590894,0.0,-0.04399439059643833,0.04399439059643833,105.80286629557793,46.7674331688751
300,299,1,B_optimized,False,140.46742826741368,92.92785939329639,592.1494787323348,1602,56.166975826260796,1.0333566324380477,0.02782082898706446,250.90671421918725,0.17821091548109383,5.555036674960034,0.20839154070686366,0.3142323334036348,0.8948486031577069,0.580616269754072,88153547.96612236,2.297840236554646,0.04891667238118358,1.07475,0.052573193641677056,6.423828893244756,11.869496461852819,5.977044794831128,11.043960420425977,4.467157266848541,0.8126249200219685,0.0022187039296290333,0.024217816549493003,0.024906706137173315,-0.002914122849891145,0.002914122849891145,281.6987919106018,77.1951799320746
301,300,8,B_optimized,False,136.1914717240891,86.2362353661716,699.2410074895406,1743,49.390192058948514,0.8372165787380597,0.07103489003418982,109.83081783580543,0.22420128589997346,7.589556608999046,0.2129502176677802,0.1986525953460775,0.8591677144890594,0.6605151191429819,105102746.78951038,2.739643793329388,0.05427462029050477,1.075,0.05834521681229263,3.660137911288738,12.169870845849799,3.4047794523616166,11.320810089162602,2.223737411361337,0.31512594221407714,-0.02255302731588679,0.03685371916775347,0.041300295319133276,-0.029734594715056545,0.029734594715056545,110.06818627358845,49.072240692665076
302,301,17,A_standard,False,153.31395718732335,69.93946162695079,433.41155299277966,563,78.92788831047763,0.5122295418847234,0.04516036413415033,105.87471150744408,0.0433105888082832,7.901588916607712,0.19600892286366325,0.21250666371389007,0.8538226484776313,0.6413159847637413,17065977.292398416,0.4448475438977383,0.11392210458999903,1.07525,0.12249474296039646,1.8653681344695379,5.629425361055356,1.7348227244543482,5.23545720628259,1.341410669584445,0.15995145345098494,-0.010584974622407844,0.05286505692983255,0.03536604620785701,-0.009794317926293324,0.009794317926293324,123.05873301861352,26.669637158847713
303,302,1,B_optimized,False,137.93630363363044,82.2983260882909,577.2232577114701,1896,58.51053218689357,0.5011689386900666,0.03915730569384032,239.94817353381612,0.2736989574803311,8.462608768305186,0.2110610132840841,0.16760809682903982,0.8442959658940685,0.6766878690650286,90068546.95732434,2.3477572488187075,0.05712898546655782,1.0755,0.06144222386928293,2.9338539002614406,11.844913112646616,2.7278976292528507,11.013401313478957,4.100939857586269,0.750436165174116,0.0022640268718557973,0.034646677915437726,0.06091892188397136,0.02176161619013104,0.02176161619013104,222.86253389150718,53.9634338177845
304,303,18,B_optimized,False,133.4447444441095,85.99051108785982,595.2118768719206,1705,66.61670505631452,0.7770508587999819,0.04702343661195275,133.25867691839335,0.24152976441601995,9.072024676601108,0.2160090741305791,0.14090918827517068,0.8340678762601536,0.6931586879849829,87266287.81371616,2.274712612930534,0.05628552260108137,1.07575,0.060549150938113284,2.503471261586252,12.31504401047643,2.327186857156637,11.447868008809138,2.0003792863328043,0.26901600012413096,-0.008481342132094997,0.04157229824904586,0.023568561459607423,-0.023454875152345324,0.023454875152345324,115.91042399921538,42.509491719069615
305,304,11,A_standard,False,115.7841068853914,77.44302286098313,300.9059095165311,780,78.97286053325101,0.49514130848278437,0.08408343384095943,219.2968646556637,0.4269805005606506,6.905857078369685,0.23857710393831513,0.19251535119442104,0.8709966558561313,0.6784813046617102,18176389.31916104,0.4737919198544487,0.11431963636718726,1.076,0.1230079287310935,1.6840094782673576,5.934949814592414,1.5650645708804436,5.515752615792206,2.776863636126365,0.4444462191218382,-0.0034748367606552474,0.05961612443140112,0.12516572998500827,0.04108229614404885,0.04108229614404885,240.8099204566367,28.358447902690077
306,305,3,A_standard,False,132.59210019351983,63.83015867012289,374.3742111161373,1228,80.31574122281383,0.665627507325454,0.08994256595763372,234.14090214509537,0.11775465192984924,8.659968188920203,0.21698048352864419,0.15273603867032673,0.8409699391863518,0.6882339005160251,29344736.58538542,0.7649098421189939,0.09413433875757934,1.07625,0.10131208208784476,1.622532655842648,7.311188558814953,1.5075797034542608,6.793206558713081,2.9152554478148454,0.4788265321210241,-0.0063555187603022405,0.04242232802611656,0.07818063310680583,-0.011761932850827897,0.011761932850827897,187.64848892667285,34.340952775193934
307,306,7,B_optimized,False,135.3761898194203,74.66599319834515,751.4248828891069,1745,44.49097512796669,0.8388811753881137,0.036885109063089824,238.88920492347063,0.5928979143451237,9.226666976636741,0.21384713035677874,0.13902572991056605,0.8314922178752704,0.6924664879647043,97904769.66504006,2.5520188838389144,0.04928862821584682,1.0765,0.0530592082743591,2.820645145605164,14.049214048567677,2.620199856577022,13.050825869547308,5.369385684093642,0.914462820657663,0.006541536416470233,0.033360020949129425,0.03489869751843039,-0.001986411544659436,0.001986411544659436,226.76730649088208,62.583484859114144
308,307,12,A_standard,False,123.91847929104875,83.25900896185998,331.41216677595344,971,84.72683092238613,0.4114834321763843,0.14819454995209508,146.4630111827193,0.630365327357777,10.345911582754258,0.2275033388705357,0.09501415212535166,0.8130861319767578,0.7180719798514061,26792850.155322153,0.6983915061766828,0.09022330490755152,1.07675,0.09714794355920611,1.053099886140384,7.958830377441703,0.9780356500026784,7.391530417870166,1.728649703856934,0.21902619128223402,-0.018714587594423248,0.06164502890016155,0.1468475186633428,-0.0013470312887522706,0.0013470312887522706,163.23579128290436,28.187507489797003
309,308,7,B_optimized,False,135.6452050803218,78.77415231793428,737.7191921630183,1564,45.97482610326347,0.5710799524426367,0.04804495440082145,329.65103276526503,0.18808117131422317,8.706627983837533,0.21355016675254565,0.15578134994695148,0.8401855155558541,0.6844041656089026,90889051.07369359,2.3691447869989806,0.04652279433589299,1.077,0.05010504949975675,3.3484951231049327,14.711157732003969,3.1090948218244505,13.659385080783629,7.170250780826013,0.9847866364257154,0.0016837566728343017,0.02172141864714124,0.05642111105266435,0.008376156651842895,0.008376156651842895,323.87172979504265,67.39470953491461
310,309,3,B_optimized,False,136.29058881491423,73.40695422928418,586.4262048095786,1473,51.13473155762154,0.7279723872845973,0.03502364311924154,211.34073523829053,0.0648500340667907,7.540494018518778,0.21284179846850784,0.2009031539375206,0.860011188125994,0.6591080341884734,63409352.80043099,1.6528496651628135,0.06550341179716618,1.07725,0.07056355035849726,3.067063965456103,10.062193954559598,2.847123662525972,9.340630266474449,4.133017399341184,0.7563953194937266,-0.0023248467452286624,0.02938617800050554,0.039065281580086944,0.004041638460845404,0.004041638460845404,199.05232521294073,53.67088794807766
311,310,14,A_standard,False,134.619220620154,64.5235518065616,372.97917734567216,767,105.34992746099832,0.47895743183891015,0.06358667943954777,268.3015682174945,0.2202337103291233,6.728235342891739,0.21468815172671377,0.23587048660941023,0.8740963170205025,0.6382258304110923,18458576.9558021,0.4811475183606062,0.11835012743566642,1.0775,0.12752226231193056,1.9929888688765995,5.392692380141487,1.8496416416488164,5.004818914284443,2.5467655714981166,0.3885920274611558,-0.003398702857710441,0.053253883754565134,0.04652914592063678,-0.017057533518910983,0.017057533518910983,245.2640935180466,30.704421745119635
312,311,14,A_standard,False,130.3724597866229,64.5352655873186,306.069593115228,895,81.89756561162652,0.3366112819792548,0.01689730575990553,128.41018622455852,0.4566045693186454,9.82920229786523,0.2195598501563531,0.11554465692814607,0.821532281926543,0.705987624998397,17678292.81950493,0.460808367802333,0.1190601172373103,1.07775,0.12831704135251118,0.9704732332645262,5.929673524436603,0.9004622902013696,5.50190074176442,1.567936546899373,0.19277737793016728,-0.018115382694239093,0.07046366582526581,0.010573503808296395,-0.006323801951609134,0.006323801951609134,120.9734198732733,23.1165620672183
313,312,3,B_optimized,False,139.63523884549656,70.0100591143383,583.9781290849063,1718,51.505635519137364,0.5181261224882916,0.0339312550388704,203.03535892981893,0.5374756258501461,8.737341935592942,0.2092601367942808,0.16067407115082544,0.8396695656928626,0.6789954945420371,70239301.85591233,1.8308814303656697,0.05716588210983959,1.078,0.06162482091440708,2.810663724948795,11.8776352167085,2.6072947355740212,11.018214486742577,3.942002790245727,0.7195040341332773,-0.007689855197493148,0.03845030488352394,0.012994529718808103,-0.0209367253200623,0.0209367253200623,224.4923950669883,52.70959866104632
314,313,6,B_optimized,False,138.330874091669,82.66839209308964,591.8963057788095,1631,70.98772699796744,0.9214584449972889,0.050198064547982625,360.470478817962,0.48259847592809957,7.978024368419761,0.2106394162869166,0.1862833465095063,0.8525183992423494,0.6662350527328431,79806650.00774004,2.0802671674983944,0.05451429984886888,1.07825,0.05878004381204287,3.417146455626202,12.221289727280004,3.169159708440716,11.334374891982383,5.0779267637106225,0.8887391930339672,0.0019694720917565944,0.029659188547295788,0.044285648173625645,-0.00591241637435698,0.00591241637435698,379.56564313997046,61.786495169207576
315,314,5,A_standard,False,136.0948381923397,82.29886041518242,288.1602390738655,908,86.62598150425251,0.7128359073042956,0.09627178411163513,340.42930424368154,0.5242788242692707,6.380181705778182,0.21305604944361464,0.2568311769503423,0.8802021921316602,0.6233710151813179,21533455.437813055,0.561298342252529,0.10515301871099483,1.0785,0.11340753067980792,2.442451772651658,5.928227480512055,2.264674800789669,5.4967338715920775,3.92987529067096,0.717049983988843,0.00279386300484834,0.05328469146303126,0.09738060464203598,0.0011088205304008447,0.0011088205304008447,331.0832875725139,42.49982587390285
316,315,14,B_optimized,False,135.2653020174011,81.48410645267795,715.9375609818942,1344,63.01367376011871,0.8331910629804103,0.022859190777518062,153.67589996082614,0.10753076875998178,7.068816049101947,0.21396983060665453,0.2203554460347799,0.8681625424359206,0.6478070964011406,78405643.58930591,2.043748059711758,0.04722509923020475,1.07875,0.05094407579458338,4.6660663424046875,13.717432190948347,4.325438092611529,12.716043745954435,2.4387706792948083,0.3632630663689907,-0.018136422374274205,0.030685640632831277,0.0,-0.022859190777518062,0.022859190777518062,171.20050201669181,59.017773588669506
317,316,15,B_optimized,False,130.14524409035377,85.5012198760721,560.0013697270642,1541,62.55457881694611,0.47084336703715113,0.013715586046076788,172.10871835526456,0.08088807830656776,8.631320288773937,0.21982810485109253,0.14995698668461854,0.8414519177067681,0.6914949310221495,73784313.17590424,1.9232868960339329,0.057991937512610815,1.079,0.06257330057610706,2.585824739033925,11.923983930900366,2.396501148316891,11.050958230676894,2.7513368583122824,0.4381525728126273,-0.009534396003524584,0.03612043438702043,0.016856431380402492,0.003140845334325704,0.003140845334325704,170.98365837806583,47.84020040394792
318,317,15,B_optimized,False,135.40602754837624,84.36889464713958,682.1041375132357,1585,52.8850744518928,0.8702929723163961,0.0566905623027924,140.9941665904844,0.13301000448451394,8.3538330241259,0.21381414329831142,0.16760124688554232,0.8461347437530985,0.6785334968675562,91214169.80422804,2.3776194419381866,0.05449452589025163,1.07925,0.05881321706705408,3.075561153116189,12.45140655474419,2.8497207812056415,11.537092012734945,2.6660483709584364,0.4172794427318379,-0.007648457278623114,0.03171661971166932,0.04292959844443224,-0.013760963858360162,0.013760963858360162,154.2561508532885,49.91038649469387
319,318,19,B_optimized,False,134.83189329062554,81.94115417059089,717.2162129570866,1508,52.70949274570549,0.7886982105219418,0.04778243746169283,163.73376640368397,0.42869213425948055,6.053668441033546,0.2144510536779776,0.2730185395135964,0.8859689547108808,0.6129504151972844,88624442.61358248,2.310114735914875,0.052972872441276735,1.0795,0.05718421580035823,5.153931190275778,11.571024695267806,4.774368865470847,10.7188741966353,3.1063430489382617,0.5265607360160064,-0.00516350135028357,0.041675990091581044,0.039556359055172415,-0.008226078406520412,0.008226078406520412,130.2727301658103,62.93636505203351
320,319,16,A_standard,False,139.40405261207025,71.69168121891134,423.64524202166194,1002,63.135232938098575,0.5588748405502421,0.07761029966459056,117.21937193529801,0.4568720712344079,8.632612556501828,0.20950300079485934,0.1638902577368758,0.8414301703646467,0.6775399126277709,30432583.320207383,0.7932660235337129,0.09866729899147406,1.07975,0.10653601608604411,1.661039264397394,6.866914565952777,1.538355419678068,6.359726386619844,1.8566395731877103,0.2417039169561608,-0.013442327497884283,0.055665314944787006,0.04783580064562479,-0.02977449901896577,0.02977449901896577,151.79449121158507,26.971966757844605
321,320,7,A_standard,False,131.53936894214544,65.5838021679074,345.5290590412855,1121,75.15100007221164,0.3938715055994081,0.018068026175043245,206.73719634100684,0.42242886748609043,6.43156355178004,0.21819460070582417,0.24577656181522492,0.8792981284660889,0.633521566650864,25403103.695049513,0.6621659042729329,0.09328920024460526,1.08,0.10075233626417368,2.6345660716438366,6.790942198987277,2.439413029299849,6.287909443506737,2.750957354424501,0.4380591506764798,-0.009757480455693097,0.051821399941473306,0.02623401005964309,0.008165983884599846,0.008165983884599846,200.62511512477968,38.672945212254604
322,321,3,B_optimized,False,136.1590894788792,84.45293332542043,642.057909473621,1867,43.38635668987681,0.903282856550881,0.06266708663627045,292.5219847935145,0.2689008356815717,9.35400906860226,0.21298566805270736,0.1363854964214563,0.8293772331147836,0.6929917366933274,101235599.02163109,2.6388414099114175,0.04594188534808392,1.08025,0.04962872164726765,2.9686525789726756,15.084094425877316,2.748116249916849,13.963521801321283,6.74225740788619,0.9768481699842321,0.009923290469963333,0.022386211590471636,0.06761969064159615,0.0049526040053256976,0.0049526040053256976,223.1370091837877,65.98049850424256
323,322,13,A_standard,False,139.05641830731344,68.75893495055526,491.5476265597433,947,92.28815002716605,0.4828317484522538,0.034864747866801146,154.52466964082095,0.06580138990881719,8.208555914904958,0.20986948660473317,0.17857878267174093,0.8485967990153964,0.6700180163436555,32006981.841895994,0.8343048286070894,0.0882496662516163,1.0805,0.09535376438487142,2.023563263826737,7.592300852824858,1.8728026504643562,7.026655115987837,1.6743717323983076,0.20988342047773406,-0.016581908107572874,0.04529692653968278,0.03552603743540535,0.0006612895686042009,0.0006612895686042009,183.8035986347135,32.86286324224109
324,323,19,B_optimized,False,148.2391518428424,79.65853523018019,740.9057327178435,1686,61.25392182438254,0.7216935132489145,0.09807427736411962,211.21038439384404,0.16234919219463478,7.5365785512507,0.20068225961777286,0.22036773321281677,0.8600785376761549,0.6397108044633382,99506818.68454233,2.5937784361527925,0.05089219540403798,1.08075,0.05500174018291405,4.330088954962473,12.569919599353364,4.0065592921235,11.630737542774334,3.4481120245556314,0.6101902572204686,-0.0038614981726020846,0.03634997335804664,0.1071599561438247,0.009085678779705078,0.009085678779705078,203.10357111281758,61.52455141443476
325,324,20,B_optimized,False,131.8573633287526,83.3031311617792,622.6120847459187,1847,58.92843683847028,0.6397041198513952,0.05593301555592243,199.21870929789054,0.40547569840120284,8.990154339110672,0.2178261203437913,0.14109943265821645,0.8354347033511094,0.6943352706928929,95795645.2847459,2.497041733437653,0.041120361583832366,1.081,0.044451110872122786,3.431376262841368,16.885436896690386,3.1742611127117186,15.620200644486943,3.3806888488145757,0.5940392341428523,-0.0010560681322655339,0.04168250999589425,0.048680968041872254,-0.007252047514050175,0.007252047514050175,181.2438622891413,63.75318095345275
326,325,5,A_standard,False,111.24561684969058,80.82458862033647,353.2416975355898,835,84.02315391356616,0.5764476144809421,0.025769794203681144,353.6935907877461,0.13752843751371507,8.353499288445784,0.24534939504590292,0.12879593879077117,0.8461403914790305,0.7173444526882593,23839763.430530917,0.6214153474760885,0.1044978224755251,1.08125,0.11298827055166151,1.2325227046806362,6.864683260326039,1.139905391612149,6.348840009550094,4.20947767744576,0.7702065170410057,0.004807093627791916,0.04038657411805532,0.030976281543890972,0.005206487340209828,0.005206487340209828,330.4238659453271,37.827796073705215
327,326,5,B_optimized,False,137.53373411475215,74.19084477850912,630.7529959105477,1647,65.28797891742627,0.6458310747084387,0.029746446922208247,167.06972158153295,0.19911623382564622,9.324927608505018,0.21149327545643468,0.13915602639602656,0.8298597634462541,0.6907037370502276,77073172.7689059,2.009015424034669,0.057683058771485336,1.0815,0.06238422806136139,2.412424537805822,11.974117735096002,2.2306283289929003,11.071768594633383,2.558966050899451,0.39149462747619435,-0.01762888140562339,0.03711701836090145,0.006256677256252691,-0.023489769665955555,0.023489769665955555,167.89098597805025,43.66566829433952
328,327,1,A_standard,False,142.7236183833282,81.72962255700546,285.17453717546556,994,36.108854151351636,0.4623921630916587,0.028129833576957204,169.8270044277925,0.3872379611533753,8.080475613389567,0.2060800419748979,0.18914814148150097,0.8507733562439329,0.661625214762432,23167364.042502202,0.603888357303885,0.09234955251206811,1.08175,0.09989912842992968,2.0481760478133704,7.164357560649487,1.8933913083553227,6.622932803928345,4.7031956127977965,0.8459516396139779,-0.002189577735848364,0.03772566523842929,0.03280283094321298,0.004672997366255774,0.004672997366255774,145.00112429622314,44.51121004695185
329,328,3,B_optimized,False,141.41077240346578,82.95764740511304,562.0478391981329,1615,53.31336229315066,0.6923659566903191,0.05060718997157726,150.34280279542372,0.3339218149172397,8.138819366405714,0.207417445511326,0.1848643210952375,0.8497811890127213,0.6649168679174837,75301258.84744208,1.962828115657522,0.05651812918352497,1.082,0.06115261577657403,3.270885356005829,11.764665206068196,3.022999404811302,10.873073203390199,2.8199835149909265,0.4551170195798798,-0.01301555675817401,0.04147059922625804,0.03490335260902802,-0.01570383736254924,0.01570383736254924,127.72821778146692,50.27200712724911
330,329,12,A_standard,False,133.00049721513872,63.46565456583795,435.8858613505157,816,86.74023202316197,0.41982940674310987,0.10493262948643274,131.860990091918,0.33012662004530063,7.714749567402091,0.21651387973089825,0.188181122951133,0.8570191704785342,0.6688380475274012,22573645.709389325,0.588412294156305,0.10024884138672871,1.08225,0.10849430859078714,1.8771401279860087,6.671778329559271,1.7344792127382849,6.164729341242108,1.5201825844402583,0.1854549991778804,-0.01357844621989239,0.06488066790952796,0.08232537516491033,-0.022607254321522413,0.022607254321522413,107.29836646834313,27.47971342994717
331,330,11,B_optimized,False,135.5880114845963,85.34734148228807,741.5459612858185,1431,53.86576683039682,0.8037650193162095,0.016973942783069792,279.15321603508653,0.3317891740240134,8.262967142767163,0.2136132184219471,0.1711732623932012,0.8476738374253264,0.6765005750321252,90566525.20360409,2.360737718438266,0.049800810761501016,1.0825,0.05390937764932485,3.4371581461386223,13.584127741853962,3.175203830151152,12.54884779847941,5.182386373780507,0.8986566129477309,0.0027229067167280625,0.022138618146193268,0.02003763045355856,0.0030636876704887676,0.0030636876704887676,269.0180067005777,64.60016396091929
332,331,8,B_optimized,False,149.027070715033,74.64254857542238,581.0131597719017,1602,56.36036422848509,0.8295916930849585,0.045644500817859125,207.02254243817768,0.3199816547508863,9.697950879789254,0.19993895225039718,0.14384799346526164,0.8236916604414443,0.6798436669761826,69476021.40797657,1.8109855037069233,0.052756846115783934,1.08275,0.05712247513186506,2.7266223069810236,12.886359155817413,2.518238103884575,11.90150926420449,3.6731938352794824,0.6622179430500466,0.002915414242618805,0.030933013495115153,0.03224568120536797,-0.013398819612491154,0.013398819612491154,187.1494861729035,53.50479034047546
333,332,7,A_standard,False,138.62274684596144,69.66052951936713,394.1560114902214,776,99.18164394628769,0.40185894710235026,0.01,225.49364647594874,0.4056671602716234,7.4972358299389565,0.21032886451994506,0.20661769049957748,0.860755560604748,0.6541378701051705,21306722.383552846,0.5553882416717077,0.10942837217430464,1.083,0.11851092706477191,1.8881546567325644,5.977772099755054,1.7434484365028298,5.519641828028674,2.2735421344504627,0.32597250521536886,-0.009726329918548935,0.06379692441866949,0.0,-0.01,0.01,231.61510800491678,30.548843323450587
334,333,17,B_optimized,False,132.73176424961113,80.41465679194278,681.4794635943554,1602,62.135180604056764,0.7618560244383795,0.10568794983761155,390.41726078593314,0.14944844412479077,8.647955149330636,0.21682063926009826,0.15334650744005673,0.8411720155643566,0.6878255081242999,87791101.35546716,2.288392580450249,0.06169293364692116,1.08325,0.06682887037302734,2.48564135914956,11.149178154840858,2.2946146864985555,10.292340784528832,6.283352796120191,0.9638532773415169,0.002541268144996665,0.027258734155455256,0.11413175131535186,0.008443801477740306,0.008443801477740306,395.78258796120423,55.72908735269767
335,334,10,B_optimized,False,136.94453533392027,75.01117992296513,643.5815539586658,1354,43.23827502322017,0.7153360902006962,0.08689377422710225,400.6402422062743,0.25002190814403163,7.119556416992049,0.2121298245247678,0.2208502843465222,0.8672819715805502,0.646431687234028,65365449.09473459,1.7038379336480889,0.06261317377767504,1.0835,0.0678413737881109,3.5272175330180624,10.324212114360439,3.2553922778200857,9.52857601694549,9.265870157658215,0.9981035440311763,0.0004187918107097311,0.024210622772634235,0.08842669354534964,0.0015329193182473944,0.0015329193182473944,410.3901810070131,61.626329893677955
336,335,17,B_optimized,False,130.2071655306421,75.78794642787108,555.2495243199504,1503,60.888449069907,0.7297193463989037,0.07005214885150562,104.8805525482329,0.13560485553494078,5.933267882321551,0.21975492046978073,0.2714805417500391,0.8881049485702619,0.6166244068202228,63248075.46850174,1.6486457556083889,0.051508569018052675,1.08375,0.05582241167331459,5.270589863501952,11.97129756418022,4.863289378087153,11.046179990016352,1.722503268687594,0.21797663656096852,-0.01461826587013735,0.03572372926281073,0.06676612348307873,-0.003286025368426898,0.003286025368426898,111.94370363985378,58.467266888245476
337,336,20,B_optimized,False,132.89085158914025,71.00056515918277,595.1807170559011,1542,54.83603550261736,1.3015449571013866,0.031003912647820448,294.46293837449514,0.05006975271647322,8.20745874037011,0.2166389131985315,0.16896647751473523,0.8486154203956694,0.6796489428809341,65162093.950103246,1.6985372095771318,0.06281159420227655,1.084,0.06808776811526779,2.6900523647051644,10.820437715562724,2.481598122421738,9.981953612142734,5.36988014679581,0.9145014898866943,0.0024357273159499493,0.024841547050500006,0.03031541722988468,-0.0006884954179357666,0.0006884954179357666,289.61796736889204,56.169705314425734
338,337,7,B_optimized,False,136.49360346237995,90.12619940133244,774.4585015136661,1674,46.53090185637043,0.6458549697003583,0.025328127472772403,243.51259424302668,0.2573534333946346,8.370405423469423,0.21262014885508795,0.16868590440739736,0.8458543405677631,0.6771684361603657,116843528.23558982,3.045682978794316,0.04486712585096635,1.08425,0.04864718120391026,3.7596770733145637,15.092752729686627,3.467537074765565,13.919993294615288,5.233352127897517,0.9032048180897122,-0.005339044462162254,0.020911094605739058,0.01678765916494629,-0.008540468307826114,0.008540468307826114,215.64777642921115,68.41762805974658
339,338,5,A_standard,False,120.24099404126783,70.72125462134059,400.88110045874964,689,60.04092413880207,0.5508442848861672,0.03553422161308458,178.73631098450215,0.878343349584274,7.889948730557516,0.23235190466273833,0.15989393093572277,0.8540214447066274,0.6941275137709046,19533711.106735826,0.5091723292582793,0.10660835451298238,1.0845,0.1156167604693294,1.499825521800465,6.51100485456209,1.382964980913292,6.003692811952135,2.9769080597643893,0.4942272714585269,-0.006555471083544521,0.06221024445886485,0.005809187737575838,-0.029725033875508743,0.029725033875508743,214.82562779931732,30.41672387244448
340,339,20,B_optimized,False,140.07782437384637,88.52548139776039,668.1491788371032,1683,38.323153978767465,0.6884055982907615,0.0949776464363895,254.95452744581019,0.27455078329184995,6.504015029227764,0.20879709688192444,0.2571696085847476,0.8780249221751477,0.6208553135904001,99546467.22258863,2.594811928373416,0.05143158727947217,1.08475,0.05579041430140744,5.000226945890729,12.071478762978046,4.609566209625009,11.128351014499236,6.652754300626327,0.974735214255836,-0.0006263690344751752,0.019353378574044667,0.09173376582762509,-0.0032438806087644184,0.0032438806087644184,277.4987566605032,72.21155134203636
341,340,13,A_standard,False,123.35384094715731,62.11007911586722,433.3420475207543,712,95.19387675645513,0.4462918581183972,0.04981506983772634,101.16522694085128,0.17830952442245063,8.304301074641621,0.2282317990271615,0.15027240869951686,0.8469733731416895,0.6967009644421727,19163415.105291113,0.4995200682751824,0.11759024582717163,1.085,0.12758541672248122,1.2779326009776344,5.9248193550521995,1.1778180654171746,5.46066300004811,1.0627283013136792,0.12594789524432282,-0.018516893517895844,0.05861284193661515,0.06970702755029519,0.019891957712568846,0.019891957712568846,132.6435343356672,21.883928783171246
342,341,6,B_optimized,False,136.91456900414144,84.2994708338187,559.1764692769842,1495,53.908210304973174,1.4587708216736297,0.013724250466651676,424.8841742487954,0.15636620977292054,8.266313634139445,0.21216232348053712,0.17311480233806226,0.8476171046602357,0.6745023023221735,70471729.29184541,1.836939962627712,0.055683417381878174,1.08525,0.06043042871368329,3.1089112428362093,12.113162841576711,2.864695915997429,11.161633578969557,7.881622703575427,0.9924723982508563,0.004253613243846609,0.018329576383869516,0.019661394763582796,0.00593714429693112,0.00593714429693112,450.42779888750573,61.67856665957405
343,342,13,B_optimized,False,142.55468909600842,95.77756761555051,677.4795458613822,1684,66.58170386619256,0.8842026604921105,0.05933931528061196,277.3700097307875,0.5765919601893468,7.111219368907427,0.2062509570037883,0.23068646142204202,0.8674265950675446,0.6367401336455025,109270285.63202442,2.848276272233281,0.03918358317160889,1.0855,0.042533779532781445,5.887324301397472,16.250176275529164,5.423605989311351,14.970222271330414,4.165859292039304,0.7623957479621388,-0.007614153100747086,0.03157129647264363,0.04556311635838639,-0.01377619892222557,0.01377619892222557,259.2702952641687,78.9117186839623
344,343,11,A_standard,False,131.1675063531582,69.55451957880004,304.3042594307944,792,52.28044369374072,0.4319363397855881,0.05762552809882378,149.05100475742336,0.21467694959654748,6.64650842852698,0.21862742713163347,0.23384213287408928,0.8755262292222169,0.6416840963481276,16763263.363829216,0.436956900114471,0.11096541120274436,1.08575,0.12048069521337969,2.1073425524178653,5.782739769023247,1.9409095578336315,5.326032483558137,2.850989667007522,0.4628161939852355,-0.00918877796004881,0.05168240743150389,0.031103470946406607,-0.02652205715241717,0.02652205715241717,82.34477769660998,32.289191111099726
345,344,19,A_standard,False,129.8636968853003,70.0425828836136,341.0922683710299,759,89.37998945053414,0.2995907367416891,0.03111067200736359,169.04973245824678,0.4537160195472623,7.747612072294032,0.22016161080379532,0.1816403304094913,0.8564560796109215,0.6748157492014302,18133256.460058264,0.47266760414111986,0.11303381327815427,1.086,0.12275472122007555,1.60695569884482,5.970034360787595,1.4797013801517678,5.497269208828357,1.8913599508959948,0.24812451236936633,-0.016490038903119945,0.05677477230435517,0.0,-0.03111067200736359,0.03111067200736359,125.61188681746589,24.98786594674512
346,345,6,B_optimized,False,134.43020813644398,78.48603442745286,636.849737156491,1567,68.39747733393116,0.5240038668192608,0.014728403727202617,102.22861536404538,0.21433100913971137,8.652929246777768,0.2148994073056012,0.15574902730141407,0.8410883382951102,0.6853393109936962,78324630.88987176,2.041636355251454,0.05521123524906163,1.08625,0.05997320428929319,2.8209661783298206,12.413040713580923,2.596976919060825,11.427425282928354,1.4946255234669452,0.18162530743246444,-0.023003498742382077,0.04407336441183517,0.0,-0.014728403727202617,0.014728403727202617,109.77553536473576,43.3427422865445
347,346,20,A_standard,False,132.2645487040799,79.12167583149389,337.9985117958545,938,79.9135137398776,0.5116460864790754,0.07914631184488878,191.014011486875,0.07728973467103871,8.41665473179199,0.21735648855549744,0.16050751454929116,0.8450722987485968,0.6845647841993057,25084942.143564947,0.6538725975190534,0.09635348238911726,1.0865,0.1046880586157759,1.6658195487018521,7.104722810481674,1.5331979279354366,6.539091404032834,2.390259200823467,0.3521183273984095,-0.015760253655444575,0.04362988506456235,0.07442723336254511,-0.0047190784823436666,0.0047190784823436666,176.0948657782169,32.27493792050329
348,347,19,B_optimized,False,133.00698882096597,104.25409932088508,960.8641762019763,1083,57.84300968536077,0.9685374407954527,0.05520317809809026,177.04397651377283,0.4142854188621554,7.119163002165922,0.2165064825772143,0.21409296540911318,0.8672887956391181,0.6531958302300049,108488473.68819149,2.827897297326353,0.04415633006260779,1.08675,0.04798689169553902,4.848522626440149,14.792801605202705,4.461488499139772,13.611963749898967,3.0607670222695917,0.515187082497359,-0.012942939378483096,0.03439384158536827,0.03736448433267283,-0.017838693765417427,0.017838693765417427,157.96440936288812,65.1140310202892
349,348,4,A_standard,False,138.67612128743974,79.65940022648961,259.6477424159067,756,56.500287847553835,0.47281648418121375,0.01,121.18615956990243,0.1302312753954063,8.136925085022007,0.21027219446272263,0.1806906015996914,0.8498133841163147,0.6691227825166233,15636637.873845974,0.4075898985343818,0.12814734831972702,1.087,0.13929616762354327,1.4100221656469176,5.221510950403477,1.297168505654938,4.80359793045398,2.1448768526079136,0.2983592659444878,-0.014376227923183015,0.05928869326956573,0.0,-0.01,0.01,50.29440743281928,25.939732612947182
350,349,4,B_optimized,False,151.22391064367633,78.17976467709424,675.6611457208045,1513,70.69604531073799,0.6179922221597705,0.06803442048562633,312.04379655188274,0.09194210690677475,8.887126405475566,0.19790132509700184,0.17225590433859075,0.8371579403803541,0.6649020360417633,79921243.44272336,2.083254198784428,0.05774080876257899,1.08725,0.06277869432711401,2.983261025090237,11.51528789241132,2.7438593010717285,10.5912052356048,4.413879095787082,0.8043770580067805,0.0010969129051131158,0.02526311026560453,0.0619887465702212,-0.006045673915405128,0.006045673915405128,305.61132239455446,56.10510173859097
351,350,11,A_standard,False,115.8782374775772,67.36632481312793,331.54868948892295,523,84.46137827239787,0.4517527477037053,0.012831481770906561,390.79623331042626,0.2863396057965879,6.8273342907331855,0.23844142618423103,0.19633766423522123,0.8723655922105614,0.6760279279753402,11681318.338010825,0.30448919995143353,0.14597661335659665,1.0875,0.15874956702529883,1.344993966640402,4.631070090137769,1.2367760612785308,4.258455255299098,4.626922284527048,0.8357475862772058,0.007553756870965069,0.049856397878660655,0.031178829700656985,0.018347347929750422,0.018347347929750422,357.33284709461736,34.37377131728638
352,351,1,A_standard,False,137.79055257373847,68.28837484911351,443.5465620513777,775,91.50839749152058,0.5298156016233078,0.018027235327545844,217.30791824551682,0.28236168403392836,8.063155368043194,0.21121726667720936,0.1821221546533041,0.8510681193599663,0.6689459647066622,23474032.26661005,0.6118820750938777,0.10635429117621047,1.08775,0.11568688022692293,1.7124100272696994,6.289788191040977,1.5742680094412314,5.782383995441028,2.3747319831019134,0.3485842733888754,-0.006255267604273748,0.052895246241814256,0.010339157595712656,-0.0076880777318331876,0.0076880777318331876,185.04257418014336,30.715300857906847
353,352,6,B_optimized,False,137.3654258966522,82.04154681404813,615.7437637640272,1794,54.656471336346044,0.9818123015610195,0.021179520387986418,191.72967726906117,0.2811229406781638,9.339640980170874,0.2116746359566411,0.1384888995190854,0.8296155986702846,0.6911266991511992,90626728.0516265,2.3623069862639268,0.04876859339016473,1.088,0.05306022960849923,2.839714863439444,14.17155286030005,2.61003204360243,13.025324320128723,3.5079044179268615,0.624315092774132,0.00017775381618754908,0.029598470483422682,0.015169177090483852,-0.006010343297502566,0.006010343297502566,205.7792850897623,56.2225595832947
354,353,9,B_optimized,False,130.6831107241287,76.81777668847833,777.8025126008393,1297,62.62642841314225,0.7578075441258637,0.08206985135256052,267.5671645664873,0.32312281217083644,6.725067844706102,0.21919437390733373,0.22898539936208837,0.8741516927444737,0.6451662933823853,77494530.4577591,2.0199986762549953,0.05081502584638186,1.08825,0.05529945187732506,4.5062537221634145,12.69636849802611,4.140825841638791,11.666775555273247,4.272432124044582,0.781158803153505,0.00020926621800277647,0.027446841250558993,0.07945768869633563,-0.002612162656224895,0.002612162656224895,235.98314386133177,66.55191398419053
355,354,20,A_standard,False,130.0662552796634,75.31433841644508,366.6136672655693,843,83.63887003821573,0.6122003394103847,0.08174231738460429,218.06430867950016,0.2080018594189487,9.155526291049508,0.21992154696198504,0.13352086714175634,0.8326761184393263,0.69915525129757,23276297.073221385,0.6067278425753408,0.10009367158908397,1.0885,0.10895196152471791,1.3339591307021041,6.9850095435386,1.2255021871401965,6.417096503021221,2.607212514705945,0.4030464508483033,-0.00810276464889095,0.05130346219788602,0.11136269991720571,0.029620382532601422,0.029620382532601422,181.70464974421648,28.41334617743098
356,355,20,A_standard,False,128.36974511100362,65.31849240858391,255.77570705085085,827,85.84827637059612,0.6052348207910703,0.03392599950347462,135.1853634237412,0.35360191254144385,9.619187452322386,0.22195204570733418,0.11824478748044873,0.8249902185288185,0.7067454310483697,13816592.720082078,0.3601479851553288,0.1303494232625592,1.08875,0.14191793457711133,0.9071370207927316,5.421929866346951,0.8331912934950462,4.97995854543922,1.5747009624300798,0.19383220555166847,-0.010795730883265638,0.06743238688119661,0.050544300283232105,0.016618300779757483,0.016618300779757483,128.92666298169283,20.608145136013146
357,356,4,B_optimized,False,130.83441742651158,82.97860448048245,484.30674494364393,1620,51.39015288874858,0.7120408301021186,0.028324137193056632,164.0091882858614,0.15940661099539966,7.777794474829114,0.21901689817659534,0.18205099833372684,0.8559392375789897,0.6738882392452629,65103098.494171806,1.6969994140426259,0.051154972894734835,1.089,0.05570776548236624,3.5588133084997606,13.173464887411237,3.267964470615023,12.096845626640253,3.1914516510763242,0.5477172504437329,-0.007609729387100591,0.03962311671142589,0.04011157875357761,0.01178744156052098,0.01178744156052098,178.40038791315203,56.33384542551594
358,357,18,B_optimized,False,129.34392051281196,86.68491942308995,658.4888140742987,1885,50.883209285726814,1.1218329937655167,0.06662823000907388,192.52602575483846,0.39701019910311425,7.656991380983719,0.22078055107045336,0.1844245620974611,0.8580097399636046,0.6735851778661435,107597778.85233408,2.8046801440801654,0.045041395180231265,1.08925,0.04906133970006691,4.09455704823294,14.954802691409101,3.759060865947156,13.729449337993207,3.78368480403306,0.686473729686272,-0.00560167911328697,0.030727120442142472,0.04308084790761448,-0.023547382101459395,0.023547382101459395,176.42218169034464,63.83513548758187
359,358,2,A_standard,False,118.23107812492088,74.70912121389922,241.09124118345454,1082,75.88323887660938,0.5829092751349644,0.038779919552200975,245.9950746211983,0.5099177854427456,9.033094419019559,0.23510987605956804,0.11957999596289728,0.8347175386878559,0.7151375427249587,19488675.371601216,0.5079984125338509,0.11776713480507435,1.0895,0.1283072933701285,1.0153936084190511,6.07247127060227,0.9319812835420388,5.573631271778128,3.241757709119412,0.5601467634778022,-0.003891529536649578,0.05527372599151222,0.032104394714933926,-0.0066755248372670495,0.0066755248372670495,271.85528677270565,30.750663551628865
360,359,15,B_optimized,False,140.61941613514074,79.08866885557534,829.4985645212965,1463,49.57992706495491,0.913280270531849,0.05784915309055678,220.92627959969394,0.26243848456444735,7.813869624970481,0.20823384778671294,0.19649620946539506,0.8553218975819501,0.6588256881165551,95978560.24883267,2.5018096568399883,0.0545824072118871,1.08975,0.059481178259153965,3.599991636546979,12.070293740600622,3.3035023047001415,11.076204396054711,4.455962174172973,0.810914322860575,-0.0053926575934799105,0.024329533287135757,0.04722735621341897,-0.01062179687713781,0.01062179687713781,184.78215063396473,60.044480379647226
361,360,17,B_optimized,False,132.81373624264054,94.21375877694096,639.5420644076221,1600,38.5157684230055,0.9945978874898416,0.06506695838297953,241.84421213381833,0.4307300867827465,5.646873299304907,0.21672695613353749,0.2941016974301318,0.8932065141581822,0.5991048167280504,96405858.85409048,2.512947766999348,0.05309184640444139,1.09,0.05787011258084112,5.539488967660556,11.284309311155026,5.082099970330784,10.352577349683507,6.2790961218201895,0.9637046810504238,0.006514166361087384,0.02473857872888454,0.07606573591092278,0.010998777527943246,0.010998777527943246,204.6150408370575,72.56650843361018
362,361,18,B_optimized,False,135.76417485393893,81.91319427706769,494.00290598167294,1365,65.29673807957529,0.8869839359039893,0.04070490433348468,110.76988638833764,0.24671785302435303,7.901205405310421,0.21341915613032816,0.1852093281581831,0.8538291975153791,0.668619869357196,55235210.95516895,1.4397797154590708,0.06732985664715097,1.09025,0.07340637620955634,2.750775619927303,9.930510811290853,2.523068672256182,9.10847127841399,1.6964076559742618,0.2135610521516831,-0.01833195914311075,0.042993561444436626,0.037561235906364336,-0.0031436684271203413,0.0031436684271203413,63.57636114075403,40.504249206075805
363,362,5,B_optimized,False,134.6189479533704,82.16388308888159,614.3673832030462,1893,49.86694048689587,0.7111110952413804,0.060434910461447944,296.77537252734413,0.33948987987408313,8.470403968194562,0.2146884561178685,0.1622693044805199,0.8441643470378893,0.6818950425573694,95556387.04059286,2.4908051470151356,0.05793423801433348,1.0905,0.06317728655463066,2.8009223913564365,11.770156403691063,2.5684753703406114,10.793357545796482,5.951345112205777,0.9503270237084386,0.008942625649562405,0.02761037889769903,0.07238178658463143,0.011946876123183486,0.011946876123183486,253.99660681273633,57.672370412487595
364,363,18,B_optimized,True,139.3889544476456,72.72801844389026,780.9066236863133,1585,48.58848976195843,0.9222708840516417,0.015917193371687975,220.3384325606384,0.38392719865260105,8.740083853582467,0.20951888542189448,0.16021916376572343,0.8396235208536372,0.6794043570879138,90018159.25870661,2.3464438260015603,0.046924937064446455,1.0907499999999999,0.11980309807215939,3.414371415046957,14.478535286149102,1.337354094709811,5.67100824620326,4.534786605636564,0.8227055726257132,0.002095705758268378,0.025916512388065735,0.058637334554068575,0.0427201411823806,0.0427201411823806,224.8456790667027,22.516227611376628
365,364,3,A_standard,False,134.02438934701493,69.29674810104628,466.534324112379,826,61.38610244778978,0.4638994582046418,0.012632583240025362,693.9130196390735,0.09255571229044503,7.119370835248077,0.21535469355317421,0.21584603540384972,0.8672851906205401,0.6514391552166904,26704011.33080712,0.6960758032895192,0.09106330314604004,1.091,0.09935006373232969,2.3702855919655486,7.153695645895519,2.172580744239733,6.55700792474383,11.304073592703848,0.999752554714383,0.0047738344040107825,0.028080594084033315,0.011219201901225382,-0.0014133813387999794,0.0014133813387999794,669.4511161038104,49.53174671577688
366,365,11,B_optimized,False,129.9195354426959,83.34799259640307,683.8462636688694,1608,45.560226547098594,1.0418430785368922,0.03746454883783413,184.7848323429694,0.48238346897037776,7.730198880527391,0.22009536972944124,0.18243141575172428,0.8567544042348245,0.6743229884831002,91651519.02073213,2.389019534734168,0.057379792221249386,1.09125,0.0626156982614384,3.1793669633429706,11.751924543103854,2.913509244758736,10.769232112809945,4.055836556298622,0.7418941022038557,0.0018339706314106407,0.04131302027840608,0.04784440506148965,0.010379856223655524,0.010379856223655524,144.76061774163972,55.73929166783012
367,366,10,B_optimized,False,128.5465662831419,78.92778223352508,574.5029501438734,1844,53.36512450770974,0.8269476087035107,0.018671180578856184,254.47023368034513,0.3735477854944829,8.976907264152299,0.2217382885674885,0.13662380851267672,0.8356560739977122,0.6990322654850355,83614785.45927685,2.179531315892675,0.05432668679927783,1.0915,0.05929757864141175,2.5148562624012785,12.867198547700276,2.3040368872205943,11.788546539349774,4.768474467694373,0.8542678536280855,-0.010268797273229513,0.02477424258814275,0.014348805797061362,-0.004322374781794822,0.004322374781794822,260.25670172453533,56.83964633697081
368,367,7,B_optimized,True,136.34578384308958,75.1340821653017,588.3281473538879,1719,69.10793848447794,1.1603285208693013,0.04735598042552964,785.8580430774813,0.09827155589694414,7.940001378586662,0.21278148148950457,0.1846145286930472,0.853166951778698,0.6685524230856508,75985808.52976495,1.9806718195157798,0.05348799000048639,1.09175,0.11898372732715835,3.451513670477586,12.499112849063339,1.5515947671182801,5.618855940253033,11.371458334761204,0.9997686756421686,0.011993002449135221,0.0194154770274298,0.047263013048883605,-9.296737664603316e-05,9.296737664603316e-05,806.4385954465331,28.69268205638969
369,368,1,A_standard,False,110.6871371917517,62.244811378091036,343.6776692821409,1006,86.91864022337064,0.4149502496088137,0.041771306836142955,240.0791785668884,0.12458734456647273,6.471262006039087,0.24621528986013086,0.2032489593578778,0.878600270011109,0.6753513106532312,21520504.609524786,0.5609607615762648,0.10957253261182619,1.092,0.1196532056121142,1.8549261800666008,6.1635091802226025,1.6986503480463375,5.644239176028024,2.7621138336945132,0.4408073373849498,-0.013363758380504069,0.05258027721734833,0.0306823626295716,-0.011088944206571354,0.011088944206571354,252.92558697964813,32.682727572304806
370,369,16,A_standard,False,135.1871520899097,62.345306296962825,304.6812856008868,898,97.49753919446296,0.34341265380163444,0.018064442977367458,213.40543425975184,0.229271052806,9.237638009620376,0.21405640831616368,0.13843206021617924,0.831309791319121,0.6928777311029417,17057912.370218247,0.44463732090481467,0.11778163534127412,1.09225,0.12864699120150663,1.175328053605897,5.882731455505077,1.0760613903464382,5.385883685516208,2.1888289286369136,0.3076410036470772,-0.009367790346602275,0.06212773697783867,0.009734652537062117,-0.008329790440305341,0.008329790440305341,220.51222864846204,26.046037216370326
371,370,7,B_optimized,False,138.60575570819938,73.78820473481309,599.6269755965168,1442,71.75023080658174,0.9700974406403817,0.05873415644693999,141.10618523371687,0.20361840784282198,7.785888977622755,0.21034691256339733,0.19441937855396585,0.8558006807437838,0.6613813021898179,63801863.97343854,1.6630809943315568,0.05784687260896893,1.0925,0.06319770832529856,3.360931538480818,11.433311298617609,3.0763675409435405,10.465273499878817,1.9666304017069869,0.2624313589649329,-0.015789644757744383,0.040325477272790164,0.046561660730402944,-0.012172495716537043,0.012172495716537043,107.74604885420464,46.37836680941072
372,371,14,A_standard,False,118.06315331621606,81.57646956824881,330.82057645720977,895,91.29580854227459,0.41102652389928773,0.02094526244708043,437.61844981875,0.42881335666870163,9.09121877718138,0.23534390889100973,0.11770627370792502,0.8337477540545086,0.7160414803465835,24153521.345681332,0.6295938675538872,0.09649627032933947,1.09275,0.10544629940238572,1.219801276320798,7.420405761826349,1.1162674686074563,6.790579512080849,4.793412280434654,0.8573451227472113,0.007934922756130497,0.04823188808587135,0.04039090174599032,0.019445639298909887,0.019445639298909887,438.27788330574765,38.66182824578187
373,372,9,B_optimized,False,136.99519387858584,101.37410703805348,682.5078095648596,1483,41.71306499358333,0.8423965099543225,0.06765343315483584,130.5859763673853,0.26622903990371294,6.6045433041334505,0.21207491202139978,0.24643477125669963,0.8762613690237768,0.6298265977670772,102606723.07610394,2.6745815938786746,0.050524999855458115,1.093,0.05522382484201572,4.877481879499259,12.465642742580597,4.462471984903257,11.404979636395788,3.130577347588176,0.5325980324774908,-0.011294846266456273,0.032207198021256336,0.06312387746143688,-0.004529555693398954,0.004529555693398954,136.90415157369955,62.84275625496686
374,373,8,A_standard,False,130.4276633009398,68.7486281668536,246.58845719778674,800,60.12124170398654,0.5029475142704855,0.028235981065550485,266.6220090555208,0.24853781935173613,7.879013252410915,0.21949479592425788,0.17739038574541058,0.8542082477905996,0.676817862045189,13562094.52330299,0.35351414896629274,0.13557997117287915,1.09325,0.14822280348475014,1.3083819402736014,4.992019515789488,1.1967820171722858,4.566219543370216,4.434738895917406,0.8076386169473869,-0.003506517685196283,0.04412597979889375,0.025076373506716803,-0.0031596075588336825,0.0031596075588336825,249.62115008687482,35.83301426608612
375,374,18,B_optimized,False,130.14327762541603,77.89218199856772,770.4376519644788,1689,52.16441603218974,0.8502973062035636,0.06229714312417023,177.77659038119864,0.11807520636109248,8.509736023677235,0.21983042996770283,0.154015977954894,0.8435005537769691,0.6894845758220751,101358696.90126379,2.642050120931912,0.056801223743046615,1.0935,0.06211213816302147,2.711490489212357,12.138551432291617,2.4796437944328824,11.100641456142313,3.4080049946594984,0.6006094176595345,-0.008746771216292462,0.02749488101759692,0.05310083594341191,-0.009196307180758319,0.009196307180758319,174.79516338293158,51.01444367233117
376,375,2,B_optimized,False,139.06490905254836,68.34411663374986,744.7180711519254,1488,46.72513783925041,0.827447425793525,0.015243283608021553,202.03202575825878,0.1003157393665535,7.912855138499012,0.2098605168705781,0.19002571587162737,0.8536302830424907,0.6636045671708632,75734882.88653381,1.9741311067174536,0.05548752531748526,1.09375,0.06068948081599951,3.424656529271208,11.959527179737961,3.1311145410479617,10.934424850046137,4.323840123346758,0.789819893489209,-0.002743050379923539,0.03446312351018942,0.011497375758864108,-0.0037459078491574455,0.0037459078491574455,166.49525873997052,59.07276818768419
377,376,15,A_standard,False,129.04664930137665,83.1228327511865,449.61666046581337,893,64.85105592789066,0.3820570817521276,0.04453195866374369,115.91509987136133,0.12829801146509073,6.816993797679007,0.22113644045277273,0.22146610124167057,0.8725460246744638,0.6510799234327933,33374455.5497518,0.8699498614031513,0.08423572710816905,1.094,0.09215388545633695,2.6291231623997358,7.729261036670657,2.403220440950398,7.065138059113946,1.787404973023877,0.2292422129311504,-0.024580643509881175,0.056088477527486934,0.005362129220126561,-0.039169829443617125,0.039169829443617125,91.29084888253479,32.2675143189972
378,377,15,A_standard,False,139.35630517835108,65.89090991428071,322.48629436897795,808,71.54032258202659,0.5144085708676165,0.028680188783557246,402.63675218377733,0.16399520444949092,5.613196693156485,0.20955324539354803,0.3084290073739651,0.893808320082973,0.5853793127090079,17169123.619652085,0.447536190996859,0.12678294695677392,1.09425,0.13873223970744986,2.4327325935965396,4.617177047545601,2.2231963386762983,4.219490105136487,5.628109262746512,0.9326488799623814,0.008303588591256308,0.03844602922572406,0.02682084957280346,-0.001859339210753784,0.001859339210753784,409.21963120069074,44.09718597409989
379,378,8,B_optimized,False,130.5368344374262,74.41422832213942,691.0410963898215,1219,62.90670192969216,0.5497522428810018,0.0350133556575396,194.14761245728056,0.1543287109161637,9.52326512950336,0.2193662816048624,0.12380057672800618,0.8265744372235896,0.7027738604955834,62684990.42068842,1.6339681900501088,0.06751293590832164,1.0945,0.07389290835165803,1.8337311962868812,10.409469697035641,1.6754053871967851,9.51070780907779,3.086278671456503,0.521556297416602,-0.013255682159494388,0.03334969754647181,0.027804599245774962,-0.00720875641176464,0.00720875641176464,222.54730856078163,41.7863848457269
380,379,6,B_optimized,False,131.8707681312817,79.5874572841903,530.1519715948265,1590,57.29274837835141,0.781985560838279,0.05694287231311552,127.33701076190032,0.2779271909616785,8.248038201901325,0.21781062052919345,0.16587673629323316,0.847926972665705,0.6820502363724719,67087581.35555771,1.7487276163992465,0.06122080391814123,1.09475,0.06702147508938511,2.709483144243387,11.140824568139388,2.4749788940336943,10.17659243492979,2.2225676785653343,0.31487354324151723,-0.013059788976929368,0.039216086195214966,0.034564440771274116,-0.022378431541841402,0.022378431541841402,147.39880559519455,42.0819201888561
381,380,1,A_standard,False,128.57075864788888,72.32964160905195,445.71810694168954,920,64.07024548719856,0.3551814983132203,0.02119605554326566,386.57979999971747,0.26882526392614,9.166801052791138,0.22170908155710828,0.131025536163632,0.8324883751108678,0.7014628389472358,29659540.459056895,0.773115626505841,0.08317950939048904,1.095,0.0910815627825855,1.5752141016909362,8.433120657807617,1.438551691041951,7.701480052792345,6.03368688632475,0.9540729946238239,0.0042922316466477844,0.02797445712740274,0.0330780732207381,0.011882017677472441,0.011882017677472441,401.3258166877846,45.1021133742511
382,381,19,B_optimized,False,129.336278851668,84.37333626093188,530.4860737405903,1334,49.90744538096132,0.8442372970682335,0.01,175.34684441215194,0.5469990621020592,8.92866909936045,0.22078968215614006,0.1392676005924322,0.8364626733320015,0.6971950727395693,59708345.76186275,1.5563779622625253,0.06006647506552829,1.09525,0.06578780681551986,2.3185579050627005,11.607058213071078,2.1169211641750287,10.597633611569119,3.513440591351991,0.6256126824107586,0.0014180780196439572,0.03680135975991851,0.01078825082635341,0.0007882508263534101,0.0007882508263534101,170.774581908801,49.301262702776036
383,382,19,B_optimized,True,142.8069500919122,84.4383721738025,697.9926819092387,1891,55.580584644728155,0.7167829757466943,0.01,255.75010813098243,0.024719404198557542,8.59684682611958,0.20599585731962766,0.17017723397950488,0.8420322729775455,0.6718550389980406,111450558.82167463,2.905108011595433,0.04166582535342221,1.0955,0.12772155540805036,4.084336084453141,16.124846521079604,1.3324080922426547,5.260310500068441,4.601428894023705,0.8322179980468092,-0.002724908657683876,0.016256169800088857,0.040210719815200344,0.03021071981520034,0.03021071981520034,249.57831879240334,23.02943844040665
384,383,5,A_standard,False,124.44689151083467,89.14141378414593,353.61562001131205,872,80.4418991955604,0.2508512166489467,0.04046755445422924,321.2645472050778,0.032142463590043004,7.678662644852932,0.22682670825622414,0.17521775372937476,0.8576379374341903,0.6824201837048155,27487006.37705807,0.716485617344761,0.09469410547382545,1.09575,0.10376106607294423,1.8503554455964208,7.206575111409066,1.6886657044001103,6.576842447099308,3.9937464234162245,0.7298272756989727,0.0011919117742399984,0.03101902969233356,0.048245414241889176,0.007777859787659935,0.007777859787659935,276.3948565639133,40.507392349550145
385,384,1,A_standard,False,125.94717843223037,61.54090604269376,450.0672382197908,787,83.93415805180523,0.6229109181297192,0.07568644624127109,272.3105097386991,0.14770912598556069,8.48976692563913,0.22493193413618315,0.14813671302431233,0.8438374999626759,0.6957007869383636,21797968.40308073,0.5681932267887252,0.10358922221470215,1.096,0.11353378754731357,1.430039823228711,6.715957240188879,1.3047808606101376,6.1276982118511665,3.2443347983621353,0.5607816140695204,-0.005741699826576227,0.0473841970160158,0.0832585989567267,0.00757215271545561,0.00757215271545561,239.4624681355277,33.97025855498255
386,385,3,A_standard,False,140.1830621500373,54.817484000801784,367.968614933016,1019,65.69746716757632,0.42883781069512333,0.07188441968965373,81.87073071261378,0.14830321053678286,9.432536946370725,0.20868736128414336,0.1396730079810356,0.8280756707918756,0.68840266281084,20554364.821463667,0.5357770346547303,0.117308931920826,1.09625,0.1285999166182055,1.1906425682513548,5.868288556880356,1.0861049653376098,5.353056836378888,1.2461778854241652,0.14756576589215875,-0.022681385223410788,0.05552288478761338,0.040386634127903706,-0.03149778556175002,0.03149778556175002,54.820417984685875,20.262817850655708
387,386,2,A_standard,False,134.29037575344714,80.29272105029787,409.7262864008353,951,87.77128459275528,0.37444495201641637,0.08868083429263114,300.8278161768349,0.584554578136325,8.083010928273756,0.21505602049006153,0.17581901026750082,0.8507302177705751,0.6749112075030743,31286034.53832984,0.815512372026595,0.08073077578405588,1.0965,0.08852129564721728,2.1778436855084036,8.360023806885893,1.9861775517632496,7.624280717634193,3.427405871665521,0.6052540447067009,-0.006202768616624486,0.04595255029795843,0.08874138986432191,6.055557169076797e-05,6.055557169076797e-05,303.32174269779904,42.64177757407192
388,387,17,A_standard,False,126.91496014781471,63.38552715685541,400.33651322618357,846,86.01103944020014,0.3359229288053842,0.03754187781903898,210.2613652237412,0.31326436221912424,9.90170104439919,0.22372991365364814,0.10912003985055674,0.8203419439017033,0.7112219040511466,21467707.627608288,0.5595845375646913,0.10113747633332924,1.0967500000000001,0.11092252716857885,1.0789278495630892,7.0322290988070435,0.983750033793562,6.411879734494683,2.44458579494237,0.3646091866897277,-0.007957072527955914,0.05027664536017144,0.041950982879767396,0.004409105060728419,0.004409105060728419,220.52524552516275,28.96900161988258
389,388,18,A_standard,False,128.1084286402839,69.83434908715013,393.63037463763794,917,74.51840875156297,0.5634553962095601,0.11189312359792365,189.72290876788088,0.19575046497235027,6.500578113533144,0.22226886636238163,0.23577528070375964,0.8780852782022155,0.6423099974984559,25207340.551269207,0.6570630758673685,0.09991616784216117,1.097,0.1096080361228508,2.3597310204712496,6.428489116127042,2.1510765911314946,5.860063004673694,2.545987118436712,0.38840709219797204,-0.007946534584028095,0.05544704843785166,0.07527442679905127,-0.03661869679887238,0.03661869679887238,196.53392571104172,31.952730149876878
390,389,4,B_optimized,False,138.8005292461641,85.4129164142122,528.9076011860395,1632,51.18065102873833,0.8675354037409391,0.10168538035531395,209.4623101404838,0.26702794110656647,6.393091388737553,0.21014024873360623,0.26094494969739324,0.8799749588432083,0.6190300091458151,73726482.47290172,1.9217794613437431,0.060315471258716676,1.09725,0.06618115083862687,4.3263352544838485,10.26320438566339,3.9428892727125526,9.353569729472216,4.092607380528808,0.7488723903140994,-0.003881661541191156,0.0349470934847642,0.11762679881208969,0.01594141845677574,0.01594141845677574,233.76879416574212,58.90621220508281
391,390,15,A_standard,False,117.46258327531642,65.31265431638732,374.35541340278974,890,78.27478014016016,0.7062361567201951,0.09991890170928604,106.60312101089141,0.42858451392396985,8.988075214519395,0.23618556107359795,0.1196895959971283,0.8354694435301189,0.7157798475329906,21760629.679269765,0.5672199429682326,0.09328626180555945,1.0975,0.10238167233160149,1.283035611895377,7.6729395484291265,1.1690529493351955,6.99128888239556,1.3619089165118834,0.16272497655779977,-0.023482374226485105,0.05750695694167095,0.11987254890104432,0.01995364719175828,0.01995364719175828,99.48394673471283,25.408636488977482
392,391,4,B_optimized,False,138.62996025407324,74.84111754690136,629.6989681038256,1437,67.91396875499917,0.8042614980710223,0.02830384739124968,239.8717625782481,0.23623276884106223,7.181257063479122,0.2103212035508179,0.22082811757463605,0.8662123944855986,0.6453842769109626,67722037.14359704,1.7652655558436352,0.051535214068758425,1.09775,0.05657278124397956,4.28499466947021,12.523170584872105,3.903433996329046,11.408035149052248,3.531994477359874,0.6299481718902769,-0.004400903366857875,0.03196143594560941,0.03399517540659761,0.005691328015347934,0.005691328015347934,206.42200958800274,61.253974739407425
393,392,8,A_standard,False,133.10779360681232,72.14530224764253,333.7004498719091,796,60.50198824346968,0.43953892084907836,0.09164488444034734,119.06284086001287,0.42212638377880385,10.043336920428779,0.2163916947172342,0.11380205529915303,0.8180214351289677,0.7042193798298148,19163636.1736818,0.49952583071872403,0.11187275084061943,1.098,0.12283628042300014,1.0172455262254363,6.2948249197258725,0.9264531204238946,5.7329917301692825,1.967916167992446,0.2626803093634758,-0.011491824309992217,0.05458163075607494,0.0948151555276896,0.0031702710873422607,0.0031702710873422607,109.03578075236041,25.454907034218298
394,393,12,A_standard,False,115.92147433843627,62.395710342514064,484.08042841010024,908,76.67737843712926,0.46766549380061273,0.056538355932715445,193.4462463143097,0.22369882845145111,9.337341371232943,0.23837916830668057,0.10797801145020035,0.8296537553766479,0.7216757439264475,27425724.311749514,0.7148882182758173,0.10139759795432202,1.09825,0.11135991195333415,1.064897133942391,7.117286390270811,0.9696308981947561,6.480570353080639,2.5228594176954515,0.38292756203350053,-0.007026721887238824,0.0516233518801047,0.05964286479517317,0.003104508862457722,0.003104508862457722,163.3882843706338,29.52246275405244
395,394,15,B_optimized,False,142.48326852685472,82.72352354801237,677.3735401567559,1474,59.375676120128304,0.9547383782197537,0.03448192681755593,236.02707913591104,0.31622864275342205,9.587571506758042,0.20632332071002907,0.13832634167307747,0.8255120404071554,0.687185698734078,82595186.12393793,2.152954094306466,0.06396090782836701,1.0985,0.07026105724946116,2.1626700803600696,10.743839042717704,1.9687483662813559,9.780463398013387,3.9751476456181027,0.7261443428621069,-0.004195245868805921,0.038500489337141106,0.02613590030778811,-0.008346026509767818,0.008346026509767818,246.00984384390324,48.0439778164432
396,395,18,B_optimized,False,151.87589548943234,72.99152428711537,547.616540417358,1260,60.3585873673315,0.9326224762131463,0.09615676601639223,356.7175299464175,0.36016543116849414,8.884436305551251,0.19730624492592902,0.1732612399895662,0.8372029823622587,0.6639417423726924,50363921.1724736,1.3128030262066248,0.06774917777773756,1.09875,0.07443940908328914,2.557392512688176,9.79999705016146,2.3275472242895803,8.919223708906904,5.909971480536793,0.9483371672753484,-0.002867449930758773,0.03029091829950985,0.09217693046277531,-0.003979835553616917,0.003979835553616917,345.8974410610254,53.560933368856844
397,396,1,A_standard,False,136.01437172668363,68.56047929693355,286.51441104328694,825,80.07384974130326,0.6607447759833609,0.020622207120413114,152.14007224313855,0.31238551133682746,7.078416376329706,0.21314427278555115,0.22119205869266909,0.867995865548074,0.6468038068554048,16205941.410950268,0.4224295573405578,0.1222339496691836,1.099,0.13433511068643278,1.8095795749978436,5.291523415597119,1.6465692220180561,4.8148529714259505,1.8999969744762062,0.24973932751328282,-0.010594063468760042,0.058916031966578714,0.02896778019958171,0.008345573079168597,0.008345573079168597,138.26231052094576,27.305173899902012
398,397,4,A_standard,False,131.02897273993014,73.59852261245227,350.3015349640212,787,81.6874759522819,0.22843314434625317,0.020353259147002003,422.77573607191675,0.044002565749631385,6.340658399864808,0.21878920595042847,0.24975680451749246,0.8808982372055459,0.6311414326880534,20290178.573032063,0.5288906664302334,0.10581930600164687,1.09925,0.11632187212231032,2.360219641901691,5.964331619016959,2.147118164113433,5.4258190757488824,5.175526984318662,0.8980301979218147,0.005369879357492254,0.030245572389210138,0.015911301465242122,-0.004441957681759881,0.004441957681759881,435.8052560006226,44.89846731422514
399,398,6,A_standard,False,149.09561439659137,61.9335289098059,351.0420112645317,705,83.78876912020174,0.7950302964369,0.06560040416680993,336.8748547297339,0.2991286609014368,9.495294669189022,0.1998746053008007,0.1498877985848358,0.8270369599311224,0.6771491613462866,15327595.74001184,0.3995343016094834,0.1297308361449701,1.0995,0.14263905434139462,1.1553752603378038,5.219646935672208,1.0508187906664883,4.747291437628203,4.020525164255126,0.7350748824731206,0.007997448459391678,0.04811314741032479,0.05658637622553285,-0.009014027941277078,0.009014027941277078,309.42283644183226,33.175542121811255
400,399,7,B_optimized,False,124.74464337653907,75.0428561358879,557.8163899077023,1402,35.0,0.8334306575169683,0.02410644571039984,181.34352528635205,0.13164111102898693,6.500431793987943,0.22644758498658746,0.22946446889003505,0.8780878478267464,0.6486233789367114,58687909.40751384,1.5297789226553258,0.07232348779651086,1.09975,0.07953775570421283,3.172751700466321,8.968364202258554,2.8849754039248197,8.154911754724758,5.181243579610059,0.8985524879366688,0.002857385791606603,0.028356697254894623,0.023208183663438475,-0.0008982620469613657,0.0008982620469613657,203.60325498499887,54.88792962963424
401,400,20,A_standard,False,121.19891557020556,64.39932776283288,378.1708527340465,857,82.44241743230572,0.8666150453489554,0.03827888063348283,133.57864112077482,0.14215331612418083,9.584885687727521,0.23106486532178397,0.10918295467668084,0.8255563851171245,0.7163734304404437,20871334.032103375,0.5440392614483336,0.11474141874375875,1.1,0.12621556061813463,0.9515566032916927,6.243372604972345,0.8650514575379024,5.675793277247585,1.620265941746038,0.20105171455641999,-0.014971002620564704,0.051420201686254594,0.03455610154970878,-0.0037227790837740526,0.0037227790837740526,89.21648969225186,23.679521400715014
402,401,16,A_standard,False,129.17870327167495,67.22093733121174,319.9369147873849,968,77.3565630273433,0.1,0.03525315260080187,114.88254565972595,0.18759574857518077,8.669614760229356,0.2209781752218865,0.14722464674276475,0.8408077053071176,0.6935830585643528,20818252.601300385,0.5426556228957494,0.1084544988207328,1.10025,0.11932706232751125,1.3574784664868178,6.395152493496778,1.2337909261411661,5.812453981819385,1.4851040579338861,0.18021434790769636,-0.014248191769646564,0.054414337188396535,0.005298513464502965,-0.029954639136298904,0.029954639136298904,113.12841359742836,22.844391119611164
403,402,7,A_standard,False,144.3863016073845,58.569476526189774,372.03224139127116,817,82.86194942554317,0.48537451566248646,0.0692090391083757,248.61780051301903,0.2201945745725557,7.923747346179899,0.2044159750812714,0.1979500525286122,0.8534443449294795,0.6554942924008673,17802212.37501704,0.4640384969045799,0.11324651366300309,1.1005,0.12462778828613491,1.7479571434549266,5.7882072586488205,1.5883299804224684,5.259615864287888,3.0003856080699407,0.5000964020162907,-0.008325111121675556,0.05462200039875227,0.056779702487685116,-0.012429336620690581,0.012429336620690581,233.91683228002844,32.32976281753614
404,403,20,A_standard,False,139.53111712233132,66.61951213761003,338.18101903579236,1202,90.02031993310248,0.3921579452195655,0.10690471809832358,157.8822779508088,0.37120810625159517,8.44204768433531,0.20936943328582633,0.17075820321316687,0.8446432300954625,0.6738850268822956,27080404.311841886,0.7058869902074957,0.09525971796810931,1.1007500000000001,0.10485713455339633,1.7925541546357786,7.074186668365912,1.6284843557899418,6.426696950593605,1.7538515533841372,0.2233675731717627,-0.01825873825189265,0.0569467928773295,0.08662103533675967,-0.020283682761563906,0.020283682761563906,166.3041731935976,28.33768667123878
405,404,10,B_optimized,False,130.56974051473736,72.65832820399793,641.5291041888963,1783,54.465690569369514,0.5265574217396003,0.06367295245392857,377.4122565639336,0.08893897194076761,8.465290935449099,0.21932758098638894,0.1561916057811585,0.8442506762508342,0.6880590704696756,83109966.62075475,2.1663725370790003,0.061256920552861215,1.101,0.0674438695287002,2.5497789371630932,11.232348349537421,2.3158755105931816,10.201951271151154,6.929357777686624,0.9807226294193943,0.003930651461458957,0.023143293325702793,0.059797608383063264,-0.0038753440708653025,0.0038753440708653025,342.3253559241894,56.5370807119007
406,405,11,B_optimized,False,131.30294949495286,70.49288916321385,695.3285258771648,2002,71.66568767247227,1.1581445477362342,0.043628062409936094,162.0397738887559,0.4909502604773053,7.79758961141292,0.21846953792428114,0.1820387323698093,0.8556004359673505,0.6735617035975412,98129464.84677306,2.557875864544268,0.04801817093630567,1.10125,0.052880010743606626,3.791038451074635,14.02722532874057,3.442486675209657,12.737548539151481,2.261050987598316,0.3232340085506481,-0.020143151301655993,0.046713825477810375,0.0,-0.043628062409936094,0.043628062409936094,112.80369499597035,50.55373383754085
407,406,9,A_standard,False,124.4303035873608,70.95037231922322,239.26332377934705,1006,79.04501926690355,0.46028423436428995,0.04203863755182976,146.69059979159664,0.27743023803662825,9.425687234919314,0.2268478747736611,0.11786715220338026,0.8281891201507491,0.7103219679473688,17077676.8359064,0.44515250816114266,0.11082738031484413,1.1015,0.1220763594168008,1.0635201506030114,6.409264262400226,0.9655198825265652,5.818669325828622,1.8557854897382073,0.24154741240070063,-0.01480376906465531,0.0574023628045522,0.007593453416794318,-0.034445184135035445,0.034445184135035445,154.3159229392821,21.94483475327039
408,407,3,A_standard,False,131.7917394269876,66.80360846729258,350.66866003797924,1057,83.17594890831677,0.4372422395576115,0.043863216628694,244.3885567547775,0.36358827827598755,9.391400860599534,0.21790203915920328,0.12919848701839592,0.8287572269553344,0.6995587399369385,24761209.983342145,0.6454340853911854,0.09777810031108586,1.10175,0.10772702201773884,1.3213438040557606,7.154554421810792,1.199313641076252,6.493809323177484,2.9382118264038355,0.48455786917450366,0.0001172295299167762,0.05176994936031367,0.04848247342203536,0.00461925679334136,0.00461925679334136,222.01868737174277,32.81274129581404
409,408,19,A_standard,False,130.0159948513207,67.82898805654621,272.96042668788937,995,78.13828937335882,0.6217638647719037,0.052189518829417976,161.56482585883847,0.0757075517383816,8.155659301820942,0.21998105423441944,0.1662786088086327,0.8494950319972818,0.6832164231886491,18422056.37411399,0.48019556050977114,0.11405140998205433,1.102,0.1256846538002239,1.4579268141866566,5.990425048635095,1.3229825900060401,5.435957394405712,2.0676780507294272,0.28245387886939416,-0.008231735928448357,0.05534064159700638,0.05292561338185939,0.0007360945524414117,0.0007360945524414117,147.7017518540182,27.98882228830036
410,409,1,A_standard,False,132.25564693915325,69.84078663274731,228.59299662857694,1122,73.53241083520429,0.4831145139548014,0.015049077422405409,220.84807978954802,0.0890711184269666,7.400005613299696,0.21736672922055858,0.20018466441139585,0.8624310181203646,0.6622463537089688,17912858.697076533,0.4669226414083586,0.1079694132697541,1.10225,0.11900928577658644,1.8540868042993652,6.1336477957363,1.6820928140615699,5.56466118914611,3.003411383920178,0.5008528451529597,-0.00510470981823228,0.04157438888763102,0.016795313918407696,0.0017462364960022878,0.0017462364960022878,193.33078169878107,34.675607885548075
411,410,4,B_optimized,False,129.89508226570385,88.51367591086407,745.5366893372382,1731,65.60903256029347,0.7716218002857714,0.035650929800406315,342.86018661853,0.25522184732587766,9.305954044404292,0.2201243724852063,0.12893236758379292,0.8301747311514012,0.7012423635676083,114229023.90930252,2.9775324235620078,0.0475221412548163,1.1025,0.05239316073343497,2.713100971028443,14.756118833272026,2.460862558755957,13.384234769407733,5.225807685907393,0.9025432292642167,0.007084777222131479,0.02231733230862392,0.04727038358983047,0.011619453789424153,0.011619453789424153,362.33904145403994,60.91977261732383
412,411,5,B_optimized,False,128.53450051437773,85.5088936078311,704.6348091293497,1583,40.22328331263758,0.7838227092609737,0.0249058369810289,231.91727750475454,0.7967371234477475,5.9774396198611806,0.2217528588475626,0.2656662853202738,0.8873207122581548,0.621654426937881,95379775.45219983,2.48620152953842,0.053266677261086526,1.10275,0.05873982834966316,4.987476204271405,11.670606444829343,4.52276237068366,10.583184261917337,5.765747060033995,0.94079654817349,-0.0008143537659349599,0.031006972783434793,0.01761728000421163,-0.007288556976817271,0.007288556976817271,238.02465242835675,69.53730840733894
413,412,6,B_optimized,False,133.2020816156678,87.81332295982504,656.6290935492975,1522,52.49259333853125,0.7314958302601225,0.03583634152930611,232.30741371546327,0.47589569235351364,8.443892607011323,0.21628446128533532,0.16101097257846794,0.8446120646414776,0.6836010920630097,87759711.20343901,2.287574354116471,0.06219297183429138,1.103,0.06859884793322339,2.588893372187936,10.991613230581981,2.34713814341608,9.965197851842232,4.42552746855702,0.8062034868707232,0.009123301832384988,0.03699898143952461,0.034592416223925775,-0.001243925305380332,0.001243925305380332,233.82197924167565,53.08999717439663
414,413,3,B_optimized,False,127.70037770826357,80.31450452819438,582.8424721798656,1428,45.38784427265023,0.7023176687868927,0.05919011831060786,241.2764967704998,0.6513053065753677,8.739575108208921,0.22276579147469067,0.1427188930705091,0.839632063988735,0.6969131709182259,66845685.84195053,1.742422286017964,0.05394378823724943,1.10325,0.05951348437274544,2.645696524738291,12.919247863222763,2.3980933829488245,11.710172547675288,5.31588359475993,0.9101839959977719,-0.00022098713132579764,0.04197709979380253,0.06421708027864502,0.005026961968037161,0.005026961968037161,209.86893598617,58.307600049034356
415,414,1,B_optimized,False,137.01025420522447,86.21446159092118,553.6183703739932,1971,68.68881248290296,1.1088116096001048,0.056026395275430935,102.69187508658413,0.2991666660942338,7.1716481652219874,0.2120585936874848,0.2185348841479975,0.8663788774176154,0.647843993269618,94075652.07514356,2.4522078079200567,0.05473971906428813,1.1035,0.06040527998744195,3.992254397421056,11.834989370492908,3.617810962773952,10.724956384678666,1.4950305788463694,0.1816855216381188,-0.012155033243676667,0.048475035727400737,0.04044983129174916,-0.015576563983681777,0.015576563983681777,106.82608909734603,48.17215478679388
416,415,14,B_optimized,False,135.31018992857167,65.90968476285964,604.0210620503767,1566,56.95422625820727,1.077208864077216,0.09991454044676838,262.42216763581314,0.047248723857176336,8.973785487437647,0.21392014036726253,0.14665484429031375,0.8357082502599871,0.6890534059696733,62343771.978933305,1.6250738745856796,0.06758991753813988,1.10375,0.07460237148272189,2.1697739786050017,10.1946182369708,1.9658201391664796,9.23634721356358,4.607597800488025,0.8330776054458897,0.008397133757546478,0.02403520836998764,0.11557894877126718,0.015664408324498794,0.015664408324498794,233.23643100629113,48.33622094356272
417,416,20,A_standard,False,124.41055651212136,64.75405230054149,359.58113244825694,806,85.22879666917605,0.36336391787000655,0.07137177039042505,236.41689619382902,0.15117663023253267,7.973614138683374,0.22687307868618656,0.16381813688505942,0.8525935985986681,0.6887754617136087,18767174.378214948,0.4891915232869854,0.11697821877149445,1.104,0.12914395352372987,1.400415723589211,5.888065906175785,1.268492503251097,5.333393030956327,2.7739086486402527,0.44371671228659076,-0.01434316035687154,0.05094056472706849,0.06350440494666343,-0.007867365443761626,0.007867365443761626,206.80159367322685,29.895837855206015
418,417,3,A_standard,False,129.28543677839411,75.52850052693502,384.15183394136966,593,74.44774055829795,0.4741722258057314,0.01,328.793976542048,0.15442452516646943,7.4542998780508825,0.22085045713897897,0.1927645976683189,0.8614950252422394,0.6687304275739205,17205546.311412428,0.4484855972156842,0.11442412863088841,1.10425,0.12635284404065852,1.684649907102572,5.844313044595028,1.5256055305434204,5.292563318628053,4.416439962802881,0.804779708155076,0.009165690107690614,0.03772018152425526,0.035307671665899966,0.025307671665899964,0.025307671665899964,288.2415593166801,36.666742891629255
419,418,6,A_standard,False,117.21558099778629,81.48782499841421,386.86886294732034,846,83.8614690099219,0.5772176355443615,0.05896351799749211,288.94674762607974,0.21690229501980549,8.963223339663672,0.2365338421081741,0.12001894733517614,0.8358848063881531,0.715865859052977,26670236.462203976,0.695195416125857,0.09062350149503956,1.1045,0.1000936574012712,1.3243689038184603,7.899340096588093,1.199066458866872,7.151960250419278,3.445524518439971,0.609574622728423,-0.00559851776035485,0.04054492796513883,0.04707328826245785,-0.011890229735034258,0.011890229735034258,273.7519964661387,35.72653904079045
420,419,11,B_optimized,False,137.88617198858194,86.90470014436283,686.894202648251,1981,48.85763552214851,0.8888786807155342,0.08988613589361387,200.88862743497813,0.37267332660894115,6.914315571302251,0.2111147255678693,0.23230274228996198,0.8708493219375548,0.6385465796475929,118254477.06456602,3.082461248821373,0.04605201192039993,1.10475,0.05087596016906181,5.044355992339555,13.865769442414571,4.5660610928622365,12.551047243642971,4.1117140706473565,0.7524485290721574,-0.006014257003475564,0.025874496184885992,0.09307918251735517,0.0031930466237412997,0.0031930466237412997,222.52743141524047,70.15456279952113
421,420,19,A_standard,False,131.08098761494466,66.28495686243642,389.70194949137857,967,80.28255371510045,0.32244180083520774,0.06802639254164092,350.0949304387054,0.17247124140031872,8.86919333656388,0.21872842917696844,0.14371189300693818,0.8374582504526431,0.6937463574457049,24978941.473172374,0.6511095481449836,0.0995940934665915,1.105,0.1100514732805836,1.4429760641894476,6.965737959936548,1.3058606915741608,6.303835257861129,4.360784681577158,0.7958871994350185,0.003942695941037821,0.035018685688536125,0.09571964705598776,0.027693254514346843,0.027693254514346843,348.6164194962402,36.76452460311716
422,421,14,B_optimized,False,138.04637070982952,81.41695864004024,680.2961335964609,1851,55.27326354832631,0.778499969113855,0.07178722399470025,192.8559876558588,0.20345217716954062,6.017653786180745,0.21094320103385472,0.28100490553791674,0.8866073419185136,0.605602436380597,102522525.66037634,2.6723868755248863,0.046140166640627395,1.10525,0.05099641917955343,6.090244704285181,13.125276315048051,5.5102869977698985,11.875391373036011,3.4891369764559257,0.619903104987539,-0.011743354818142671,0.027415007454774102,0.060534986752261495,-0.011252237242438755,0.011252237242438755,174.48006878419088,71.11059818405319
423,422,16,B_optimized,False,138.61804112056006,85.01687680119332,461.008821284739,1287,35.0,0.9238235970027506,0.06959171122815067,245.8811387094349,0.48992555676449234,8.285704446731197,0.21033386258067943,0.17503589348122817,0.8472884487048946,0.6722525552236664,50442073.32033184,1.3148401665607583,0.07622574042358361,1.1055,0.08426755603827168,2.2962832831607827,8.8192328665879,2.0771445347451674,7.977596441961013,7.0251753916981405,0.9824531013893936,0.007579640627233609,0.03796448214079989,0.08348999166188426,0.01389828043373359,0.01389828043373359,248.17835152084513,49.856611244611756
424,423,12,B_optimized,False,132.7595463790567,83.0401863923889,579.2890674559247,1480,46.320309572347384,0.8147593963538746,0.07985909340241859,191.25551380359468,0.45332592330956606,8.043843956213495,0.21678887695122467,0.17485190899375405,0.8513968893849746,0.6765449803912206,71194322.76218744,1.8557753287488996,0.056721818550875894,1.10575,0.06272015086263102,3.082621704678296,11.927420482550334,2.787810720938997,10.78672437942603,4.128977452209683,0.7556501421584715,-0.006555928180366049,0.04212833529865447,0.0602359626383282,-0.01962313076409039,0.01962313076409039,189.17253734601843,54.249701756130634
425,424,9,A_standard,False,133.60016538737466,73.88158585182165,214.71876853415728,918,76.96065323479857,0.25306494665450296,0.05624002533868705,270.8102953427397,0.33855632672420677,7.46030423313424,0.21583314069004486,0.19985145904706436,0.8613915770130807,0.6615401179660163,14562934.554674555,0.3796023841820098,0.12037658314842728,1.106,0.1331365009621606,1.6602187387279685,5.495588100804632,1.5011019337504232,4.968886167092794,3.518814926330303,0.626870614725195,-0.0008554377893226927,0.047437464113149364,0.06952184566992117,0.013281820331234123,0.013281820331234123,262.35728453816955,33.69661520666104
426,425,4,A_standard,False,128.18064469884894,68.08306275652282,254.72881504647714,933,76.7185716785334,0.798911420125298,0.05619519426274318,185.71386781509457,0.4200488613301681,8.389624867889012,0.2221812016698916,0.15504855784455976,0.8455292660395718,0.6904807081950121,16180755.801356832,0.421773060711197,0.12206265833908893,1.10625,0.1350318157876171,1.270237433415847,5.656772657505648,1.1482372279465285,5.113466809044654,2.4207159199114643,0.35909734345894423,-0.004120616712743968,0.057260423865201325,0.07362469400180914,0.017429499739065962,0.017429499739065962,178.2447774476693,25.994429703581222
427,426,18,A_standard,False,117.0795928753217,72.92389876030803,488.14650057695695,1059,74.91879007584313,0.40363599804373457,0.07660986849465222,461.75099336232813,0.300636611623187,7.920429870632212,0.23672612270735308,0.15335916063149882,0.8535009724229743,0.7001418117914755,37697801.20158074,0.9826436533662827,0.08310479061808422,1.1065,0.0919554508189102,1.8453708804378688,8.424806880376394,1.6677549755425836,7.613923976842651,6.1633535845263925,0.9594316777354032,0.006977405323238645,0.0301040082135426,0.07862559957977303,0.002015731085120806,0.002015731085120806,433.87788820323044,47.54471661369365
428,427,17,B_optimized,False,147.726860415802,72.10355876370491,758.4056796445541,1480,55.291549806610476,0.7619554163353802,0.03501742500238146,545.3570829040862,0.5616821855185281,9.054695627305547,0.201169158765093,0.1617787687251432,0.8343569984262532,0.67257822970111,80931947.76368843,2.109599559913463,0.056789303823545356,1.10675,0.06285156200670881,2.8487542166007023,11.843396280942839,2.5739816730071854,10.701058306702363,9.863298909354953,0.9989556324818656,0.0030726469312150097,0.03482520464697621,0.04489444760641814,0.009877022604036681,0.009877022604036681,547.9635865825246,58.73738748765831
429,428,1,B_optimized,False,136.4065866988926,68.01568179687163,657.1293543023726,1586,61.765402947626576,0.8676211843012661,0.029712666094881227,326.0007756753331,0.1955898650027041,8.560150988803436,0.21271508432290231,0.1618843254224861,0.8426504813926333,0.6807661559701472,70886430.28371964,1.8477496991301379,0.060524087351148774,1.107,0.06700016469772169,2.674709070510478,11.24785495765474,2.416178022141353,10.160663918387298,5.278048229552757,0.9070426114845275,0.004218849775979406,0.021819619958301867,0.03597145206094507,0.006258785966063843,0.006258785966063843,279.08914836674364,55.33318042586111
430,429,15,B_optimized,False,123.82509148425123,74.3035666705363,522.4691978207313,1589,39.46948703522128,0.7117684506109111,0.04926190442698807,440.1920190246268,0.3431345247528067,8.452694232874352,0.2276234320147859,0.14601713939338606,0.8444633985390482,0.6984462591456622,61687085.224109605,1.6079564552320502,0.07055882909121741,1.10725,0.07812626351125049,2.069438244285733,9.898779049220348,1.8689891571783543,8.939967531470172,11.152716999636045,0.9997121309619138,1.014928813520763e-05,0.026286764848117018,0.05269621405898476,0.0034343096319966876,0.0034343096319966876,454.56993746941725,51.88910767715349
431,430,2,A_standard,False,137.9082549028117,82.52623624962604,276.6953867946075,946,63.54198827910986,0.4793970519620716,0.04045671171139103,110.05508684792605,0.3157089355926338,8.291861203560204,0.21109106129732644,0.1737152557239615,0.8471841241491816,0.6734688684252201,21601558.901364587,0.5630735501983009,0.10103837430403248,1.1075,0.11189999954171596,1.7192997900108578,6.665476093258379,1.5524151602806844,6.018488571790861,1.7320057150951302,0.21960079076491687,-0.01868434946951403,0.05517357246846268,0.03670637224618869,-0.0037503394652023403,0.0037503394652023403,73.89766677532454,28.880638844454182
432,431,15,A_standard,False,132.91620030394242,74.0692763441448,392.75887217956824,996,83.82895095161692,0.44033068912616413,0.08480417942735002,116.04842511449172,0.28670974865214194,7.527833543452958,0.21660999142237003,0.19581127637020893,0.8602289787022238,0.6644177023320149,28974999.97832275,0.7552721624993115,0.08993452212668111,1.10775,0.099624966885831,2.1772648782676645,7.387793770629269,1.9654839794788215,6.669188689351631,1.3843478153683533,0.1658053602085887,-0.01955215766563591,0.05444966651906072,0.07466999016902283,-0.010134189258327195,0.010134189258327195,135.80767344979023,30.825795374532248
433,432,17,A_standard,False,124.19187921839219,55.81268368952256,301.9143664833908,787,82.3154682527832,0.5822131556123213,0.11337973296723514,190.36157525748644,0.28056288983775873,7.6981964500243025,0.22715263986477596,0.17400597420932623,0.8573029442278229,0.6832969700184968,13261462.366795883,0.345677769358637,0.1437927251081785,1.108,0.1593223394198618,1.2101166736941498,4.751957858121383,1.0921630629008572,4.288770630073451,2.3125857059198593,0.3346085230337265,-0.00531092531586142,0.062258948045237426,0.10518439570183521,-0.008195337265399921,0.008195337265399921,116.56417169412082,24.656170717654717
434,433,3,B_optimized,False,128.9857455254027,84.5193382501833,862.0239063438337,2139,51.950757538380564,0.8504528528006865,0.02527354449747888,224.1199681798421,0.4719309469067844,8.248215840220888,0.2212095257641418,0.16128473842497545,0.8479239601846056,0.6866392217596301,155842599.1667202,4.0622459696366,0.029855606645573796,1.10825,0.033087476064957155,5.402159143494963,22.998669225213245,4.874495053909284,20.752239318938187,4.314084698654588,0.7881958710349336,-0.0023424803220203723,0.0281239235544224,0.030742918508223832,0.005469374010744953,0.005469374010744953,261.23363827860896,87.76631396510952
435,434,9,B_optimized,False,124.55698206583311,85.52073132140316,647.3952440916712,1406,63.07748590815058,0.8408441851243271,0.01,201.22711754763858,0.1925332075205992,7.8266405128928636,0.22668635198862735,0.16962034803591744,0.8551034610775872,0.6854831130416698,77844194.90857755,2.0291131482521085,0.05589278927490309,1.1085,0.06195715691123008,3.034744736063479,12.26424950220662,2.7377038665435083,11.063824539654146,3.190157544336068,0.5473966506041934,-0.006966011521876582,0.03990833410571975,0.017824763244199196,0.007824763244199196,0.007824763244199196,151.13899388905824,51.60952504141674
436,435,3,A_standard,False,127.7551964252955,73.63196505157568,355.5770917487295,769,88.49670252448493,0.7659184884636565,0.02640951565960738,105.07419125411391,0.18988323379541733,9.111452830432995,0.22269887627313328,0.1314524214960312,0.8334104203863073,0.7019579988902761,20133834.954450414,0.5248153607188454,0.11657451553976377,1.10875,0.12925199410471305,1.127625715512346,6.02153906143266,1.0170243206424767,5.430925872769029,1.1873232364227626,0.14031492573669496,-0.016574121180359783,0.05631063638393328,0.0,-0.02640951565960738,0.02640951565960738,66.04275413454067,20.408195218758834
437,436,12,B_optimized,True,135.10400777490784,69.0564617809451,684.5900563382068,1641,43.38837340501382,0.9205872042515849,0.029652180239574683,369.3866081750518,0.4494061248075322,8.093450189543752,0.2141486124770667,0.1767178072059683,0.8505526164112185,0.6738348092052502,77578877.3473216,2.0221972908443866,0.06232729575761238,1.109,0.17301685646944903,2.8353196630448187,10.811231275391103,1.0213906945949673,3.8946194200692497,8.51349288268932,0.9959841922767709,0.0017133108449018586,0.031243541447477336,0.04752201085029399,0.017869830610719308,0.017869830610719308,376.71469556418015,23.165871053593868
438,437,19,A_standard,False,117.9946447777453,79.86290994647207,305.6722058408484,1094,74.68543097693205,0.5869900762593927,0.1082854142596269,579.9934157744334,0.34696564881281106,8.37596660782513,0.23543955021787713,0.13917351558493835,0.8457602667609585,0.7065867511760202,26706587.80193862,0.6961429624586153,0.09918339522244259,1.10925,0.11001918115049444,1.4031937026637202,7.124042785501844,1.264993196000649,6.422396020285638,7.765817351359663,0.9915559837142491,0.013633818875500225,0.03454099610999982,0.10155509603348718,-0.006730318226139717,0.006730318226139717,594.9715430002052,42.9853576676318
439,438,2,B_optimized,False,134.26916865568,72.15120506025428,685.957228044062,1711,56.833462678273385,0.6761726085048783,0.08928114464065795,391.53386094824276,0.41519992275460976,6.5973160661044385,0.21507979679133574,0.24196809536149377,0.8763880371679559,0.6344199418064621,84681908.10624512,2.2073472962147003,0.05727334599526631,1.1095,0.06354477738174796,4.224794119440702,11.077053920664902,3.807836069797839,9.9838250749571,6.8891431649108466,0.9799474607064137,0.0011891176829430762,0.03468341518150065,0.09721732011748044,0.007936175476822488,0.007936175476822488,383.6641004721981,64.7688966741517
440,439,8,A_standard,False,121.79671897777676,68.22723064001518,389.3078808233751,912,98.95383625476667,0.27224522786900135,0.022698197599389774,358.5660981727278,0.1265708318032675,8.943230272060378,0.23027039979793557,0.12753541219612177,0.8362191112503496,0.7086836990542279,24223995.500319704,0.6314308707364189,0.09547114622324686,1.10975,0.1059491045212482,1.3358529486793507,7.42301446132283,1.2037422380530307,6.688906926175111,3.6235694516134074,0.65102992869407,-0.0011552546424948716,0.035694529913187806,0.03609581192799849,0.013397614328608715,0.013397614328608715,368.368365794452,35.554138571021824
441,440,20,A_standard,False,125.69750922914288,77.96507844894266,359.5741882121689,825,76.20264052150367,0.2923814859487205,0.08827637434259367,243.5643962800204,0.09830450147576121,7.418826406325657,0.22524458393880198,0.18804942209668,0.862106446497326,0.6740570244006461,23128239.578545712,0.6028685257759764,0.10989943965537276,1.11,0.12198837801746377,1.7111044668323443,6.133398191240849,1.5415355557048145,5.525583956072836,3.1962723944098603,0.5489111827975339,-0.005189127956259161,0.045705797751911734,0.07916728517628241,-0.009109089166311257,0.009109089166311257,212.66362241806019,33.885620610953424
442,441,7,B_optimized,False,132.18944581260325,74.21411451247329,616.9164080455832,1600,55.52779602484803,0.9420272705753082,0.03461004906543007,150.54751212119638,0.36768199331327517,6.957346417703286,0.21744292432871823,0.22028662258745216,0.8701001766791241,0.649813554091672,73254247.92210978,1.9094700356094774,0.051893692298241416,1.11025,0.05761497187412253,4.244959509171739,12.522014243216473,3.823426713957883,11.278553698010784,2.711209932658378,0.4283001043851504,-0.010747528816447551,0.03610123193747218,0.02546825680992766,-0.009141792255502407,0.009141792255502407,131.94841375516904,56.107119547298936
443,442,3,A_standard,False,139.82736649824122,64.47907567078443,318.6197158449036,825,71.24890357805305,0.4401552837009625,0.03129996684901063,227.29873602913975,0.14330785691526207,9.646186009112572,0.20905882380483756,0.1331045590609812,0.8245448678725632,0.691440308811582,16949051.43373808,0.4417997148662094,0.11465657479536662,1.1105,0.12732612631025464,1.1608977444035777,6.030533443421195,1.0453829305750362,5.430466855849792,3.1902067907632348,0.5474088515532378,-0.0068271564106412806,0.04721775143398029,0.02100709461190083,-0.010292872237109802,0.010292872237109802,209.45944786908788,30.518381717971316
444,443,10,A_standard,False,124.88397287290019,58.11568672382181,276.4879516223503,822,70.06315080157336,0.45976502007001,0.030689146102833922,567.4440549618415,0.2685676380409118,8.697621522432591,0.22627070658581533,0.13973367807637643,0.8403368711556054,0.7006031930792289,13208132.061463272,0.34428764355827657,0.1382812477535973,1.11075,0.15359589594230819,1.0105034510924231,5.06650904920695,0.9097487743348396,4.561340579974747,8.099037061135121,0.9939343958908362,0.015091240340561068,0.043100930934575926,0.040264958232955624,0.009575812130121701,0.009575812130121701,553.6399694082355,37.0829454981467
445,444,11,A_standard,False,135.12170927463006,71.12935215066112,368.74419382447576,815,62.66077596770337,0.2417073095680099,0.08834675637686609,187.7728327420199,0.47244710278459834,8.977095718891775,0.21412897404676837,0.14627654629610418,0.8356529243366937,0.6893763780405895,21376256.527083013,0.5572007422063361,0.10470762057374026,1.111,0.11633016645742543,1.3970000033864682,6.5838224024496546,1.2574257456223836,5.926032765481238,2.9966566778362558,0.4991641702376255,-0.001135353583628266,0.05373836583369429,0.09137023797611847,0.0030234815992523784,0.0030234815992523784,130.0140321329212,32.5803638877392
446,445,14,A_standard,False,125.69347037710736,55.948186234029485,265.1096840670187,746,95.32627892393128,0.6229011380261661,0.03964990951882759,179.2706696759598,0.2742050122928545,8.454496182907318,0.2252496502927757,0.14891608663875394,0.8444329654704634,0.6955168788317094,11064974.858563205,0.288423382076955,0.14999522961345002,1.11125,0.16668219890794633,0.9928054846978993,4.636926658428494,0.893413259570663,4.172712403535202,1.880600729406575,0.24612272968856388,-0.006651407410281597,0.06836491064286192,0.01512694507422413,-0.02452296444460346,0.02452296444460346,165.13918470302585,19.637760067715742
447,446,7,B_optimized,False,147.0655566744031,77.14155951786547,584.5183686360745,1620,68.71504256285282,0.618737701409899,0.044680445215922945,362.09774636089594,0.1657667815926979,7.9068492040962886,0.20180194494873843,0.20278326146972572,0.8537328261507218,0.6509495646809961,73046866.80794911,1.9040643692532797,0.06012995895948183,1.1115,0.06683444938346406,3.372416428994569,10.825711108827367,3.0341128465988025,9.739731092062408,5.269555731260583,0.9063240758233967,0.0026306202953550397,0.03048910857948861,0.044919937490786904,0.00023949227486395885,0.00023949227486395885,355.83058341506546,58.97744205120768
448,447,20,B_optimized,False,138.29389724446148,69.10359335317878,840.9507486559346,1412,53.1589104551069,0.6854866696757523,0.07769239199718961,373.07753593756155,0.2723472500133265,7.720395991943737,0.21067883905628013,0.19661179765773906,0.8569223940615073,0.6603105964037682,82055158.61402139,2.13887755433998,0.06359177033595698,1.11175,0.07069815067100017,3.0917805341639935,10.383585689080995,2.7810034037904146,9.339856702568918,7.018156180093803,0.9823316864999473,0.0028167912374602406,0.03187900333538302,0.07089712254994612,-0.006795269447243485,0.006795269447243485,399.3729399438428,57.47774868730509
449,448,11,B_optimized,False,139.356590168678,68.62358587087894,740.2885282655975,1619,53.62719521299944,0.6942149881708513,0.020425669473721608,150.21562077465725,0.5357381964107332,8.77911018545667,0.20955294541156433,0.15886692173214942,0.8389684280221135,0.680101506289964,82247229.23624188,2.143884132228007,0.05680593579539273,1.112,0.06316820060447673,2.7966605867451335,11.972366914957572,2.5149825420369902,10.766517009853931,2.801109030185573,0.4504405211818776,-0.0006538623654740137,0.04581514179227907,0.028768016210652454,0.008342346736930847,0.008342346736930847,109.81176855573375,47.69988465942635
450,449,6,A_standard,False,131.983580486815,68.08183189685127,379.9236729484587,720,93.71067390768661,0.3370519163177782,0.027700797547981063,195.57803785572082,0.29146398730589146,9.132519042238293,0.21768028297934627,0.13697329085427726,0.8330593583382431,0.6960860674839658,18623447.737424113,0.4854450959917285,0.11172795913381273,1.11225,0.1242694225465832,1.2259535743441716,6.230186901116555,1.1022284327661693,5.601426748587598,2.0870412056622563,0.2863947581853113,-0.01643641870278352,0.06878234366582484,0.016749498380603883,-0.01095129916737718,0.01095129916737718,165.63630345421114,25.889943602676002
451,450,20,B_optimized,False,129.41355907234737,73.42531762873956,723.9743480997809,1692,61.83967802531751,0.5855896455252644,0.01535589576396997,175.52299732267468,0.02936412056624483,7.931816252074154,0.22069738160455737,0.17368168039875145,0.853306628799859,0.6796249484011075,89943414.61757204,2.344495506871718,0.05562991211638708,1.1125,0.06188827722948063,3.122091583308281,12.216897754201346,2.80637445690632,10.981481127371996,2.838355614510389,0.45967666580453603,-0.008234388849672421,0.03403073407279977,0.002229725951419431,-0.013126169812550539,0.013126169812550539,196.1263608466264,49.53014611200823
452,451,19,A_standard,False,128.8688359828496,80.29473810116403,533.853943632583,877,86.00745162884758,0.7239952343188634,0.02911526750245173,227.00856928654008,0.21234614949574468,10.072542864700802,0.22134998323392371,0.10757605488916924,0.8175437528852055,0.7099676979960363,37593186.08989686,0.9799167204347656,0.0766568664587364,1.11275,0.08529992815195893,1.4033453212841192,9.261632138044732,1.2611505920324593,8.323192215722068,2.639405830394347,0.4108157418479962,-0.010211838875554708,0.03924005654786687,0.019388419318545944,-0.009726848183905786,0.009726848183905786,220.96580326972511,34.5518356545814
453,452,10,A_standard,False,136.98445280074193,54.72189675402976,444.51190358834083,829,71.0391119222422,0.773094889580858,0.01685163297682952,361.5088592739949,0.2673323311006723,7.802681450289191,0.21208655217771516,0.19112190536729076,0.8555133088125518,0.664391403445261,20165039.09560759,0.5256287384302637,0.11491021280452711,1.113,0.12789506685143867,1.663228190973824,5.7818307636019455,1.4943649514589614,5.194816499193123,5.088870757135791,0.8898167601260717,0.005637170059429435,0.03684711939343768,0.01977777308534622,0.0029261401085167033,0.0029261401085167033,371.2601296921105,40.48909384445071
454,453,1,A_standard,False,125.72150929425153,59.76402563268881,400.2843520825914,1033,98.1126768155912,0.4627619701051734,0.048246791000006714,153.21086296036884,0.42462812148291823,6.605991555110028,0.22521448385756987,0.22587693160501426,0.8762359884636843,0.6503590568586701,24712050.21940976,0.6441526703354151,0.10000028253610536,1.11325,0.1113253145333193,2.2587629342293187,6.503572193647115,2.028980852665007,5.841969183603966,1.5615807042787964,0.1917902490298194,-0.01550561816728093,0.05403647332824726,0.053345193124378784,0.00509840212437207,0.00509840212437207,152.16405220394452,30.754218529016853
455,454,12,B_optimized,False,129.00513065201392,80.69003068980004,701.866027254639,1659,44.38921065560524,1.0031324566771327,0.045948638655672,359.234978957811,0.32528936838010036,6.278477259006023,0.22118625700023237,0.24939609970269988,0.8819944238330155,0.6325983241303157,93955127.93236674,2.449066184796104,0.05312258735420105,1.1135,0.05915200101890287,4.694728026702132,11.908273968517245,4.216190414640441,10.694453496647727,8.092844491985772,0.9938969476280076,0.0020258542037311037,0.03170605901144337,0.04331357202771909,-0.0026350666279529103,0.0026350666279529103,370.46252715463174,69.45394669306381
456,455,12,B_optimized,False,135.22083299458174,70.55524528197208,559.7014348674484,1703,53.23293434759313,0.6061895047620406,0.0255962091332852,230.29719071186824,0.3513686597234353,6.312224632120673,0.2140190847920949,0.2589975857463821,0.8813993247877797,0.6224017390413976,67251252.05303095,1.7529939122305103,0.051519382135416555,1.11375,0.05737971185332019,5.027187342146645,12.080923979356749,4.513748455350523,10.847069790668238,4.326216345845321,0.7902140852929294,-0.00046380469739780244,0.029991861743282507,0.03148113137055429,0.0058849222372690906,0.0058849222372690906,270.9921299022645,67.1183395041109
457,456,3,B_optimized,False,136.03804283791337,79.07357192022587,764.9777172566246,1854,51.35419991327591,0.6602167325186656,0.029749897943180115,626.6661907372661,0.315779894128176,7.586188207427505,0.2131183105961054,0.19854180139921834,0.8592255968763428,0.6606837954771245,112147571.08646598,2.9232765693490603,0.035536486313858966,1.114,0.03958764575363889,5.586984589463717,18.591702894933164,5.01524648964427,16.689140839257778,12.202822588912781,0.9998992555392149,0.004107194515125435,0.015929756429999335,0.030112499029098166,0.00036260108591805104,0.00036260108591805104,628.9483938720263,85.86435405395167
458,457,13,B_optimized,False,123.86213059731325,88.46842252913453,574.1180607789425,1769,53.8887054983592,1.0510815420973285,0.0664163618301086,253.94086991806222,0.11826155152499622,7.767981978887217,0.22757578271510961,0.17070735224481898,0.8561072320688081,0.6853998798239891,89849843.63401732,2.342056453924369,0.04476754973719047,1.11425,0.04988224229466448,3.813194004294689,15.3101941885954,3.422206869458998,13.740358257657977,4.7123208392117375,0.8471370654885726,0.00970612883533311,0.02164923514394485,0.08199837019645971,0.01558200836635111,0.01558200836635111,224.77547334018777,65.9004566343022
459,458,17,A_standard,False,117.41977399998048,61.74374203870738,344.00748915811965,935,76.48280838478344,0.5658458960627277,0.04466220979676178,210.611286423667,0.11684340742143355,8.68259963767989,0.23624583427683385,0.12857691478218167,0.8405893779576258,0.7120124631754441,19859689.541414812,0.5176693935368757,0.11991834540833464,1.1145,0.13364899595758897,1.072203876265668,5.937477378886161,0.9620492384617926,5.327480824482872,2.7537075438454868,0.43873626138413846,-0.002961155665474032,0.049299858947761406,0.058747394053254715,0.014085184256492932,0.014085184256492932,214.76037577807995,27.221963476087176
460,459,3,B_optimized,False,133.9181578629028,69.58576210069192,675.4958118335582,1613,61.787251591702706,0.68588345962927,0.012071761635532885,284.9316062942864,0.2401488966382468,7.971391964746228,0.21547426142580153,0.17949107456907085,0.8526314916661873,0.6731404170971165,75818888.9608314,1.976320837500725,0.05116564552896064,1.11475,0.05703690335340887,3.508038894329512,13.15610132810906,3.1469288130338753,11.801840168745512,4.611495073079919,0.8336188542015742,0.0011653483568697075,0.037110981179403854,0.026652807530209623,0.014581045894676738,0.014581045894676738,266.02708972566575,60.45262254542253
461,460,15,B_optimized,False,135.08443249724104,78.34843393271568,502.4549085081888,1389,59.433291880657386,0.7623714629723807,0.069024545163471,189.0311354463278,0.060254950451089896,8.843371034634185,0.2141703348113957,0.15047057402343247,0.8378908641497769,0.6874202901263444,54680145.1775539,1.425311182913693,0.07067085819142012,1.115,0.07879800688343343,2.1291742858968217,9.727068663357501,1.9095733505801091,8.723828397630047,3.1805597412625923,0.5450176968154954,-0.005693564706983024,0.03164603698321461,0.0788482654364575,0.009823720272986503,0.009823720272986503,177.6821288979753,41.92848383664119
462,461,3,A_standard,False,118.94440774909094,69.49344112231232,214.28731610975322,932,77.30974168773348,0.3152079166873698,0.025300241463624012,98.07717226255808,0.3028238158046009,8.044892832622827,0.23412199043083373,0.15205905364315642,0.8513790293700597,0.6993199757269033,13878936.702328924,0.36177306451082913,0.1297966569718611,1.11525,0.1447557216878681,1.1715174888989754,5.387811920907257,1.050452803316723,4.831035122983418,1.2686263092005612,0.15041195396145277,-0.007745758201424545,0.06086871227261755,0.0234880667839914,-0.0018121746796326103,0.0018121746796326103,98.99917799209777,22.4385468764747
463,462,15,A_standard,False,125.74498004845795,67.07426571483033,257.43995228698714,811,94.37259080436075,0.5935514489718672,0.04998442099208935,197.4317624248512,0.1702942375795785,8.013521426126866,0.22518505706645311,0.16455255448533382,0.8519133761368766,0.6873608216515428,14004020.16566691,0.36503353242865005,0.13121070954912517,1.1155,0.1463655465020491,1.2541091733348602,5.238603037918909,1.1242574391168627,4.696192772674953,2.0920455901665074,0.28741861058539325,-0.014762291177469274,0.05501682442649792,0.05792476192620967,0.00794034093412032,0.00794034093412032,162.82928458605235,24.695163117431157
464,463,9,A_standard,False,120.00752023457558,81.1930910535687,439.79549992718995,885,86.58910584480873,0.4252711364848445,0.022975574026059094,196.03543275834605,0.08315420980517844,7.422485125991553,0.23266823972412068,0.1778212318783181,0.8620433646891429,0.6842221328108248,31601895.122426216,0.8237457009852573,0.08792053093636178,1.11575,0.09809733239224565,2.0225222707882398,7.78227935527454,1.812702012805951,6.974931082477742,2.263973404572337,0.32387362828497585,-0.013981079651588863,0.04391299648631768,0.03276869722093504,0.009793123194875946,0.009793123194875946,170.02359147500337,33.661883805151405
465,464,1,B_optimized,False,133.70910500537323,88.19805387000618,466.3227034417232,1492,49.01054153177059,0.5975941998166929,0.03884446667828651,107.45634683090422,0.39814175938180424,9.422588460397813,0.21571003046408216,0.13100145567197408,0.8282404491681933,0.6972389934962192,61364102.33908834,1.5995374739653454,0.07147358879827354,1.116,0.07976452509887327,1.8328652286050935,9.75519776212862,1.642352355380908,8.741216632731737,2.1925149870308354,0.308426682967347,-0.022657867717832618,0.04582348593560667,0.0,-0.03884446667828651,0.03884446667828651,111.92116688625855,32.36394641804379
466,465,20,A_standard,False,133.2816961254364,77.63478663273358,294.71707439126544,943,102.01103138754593,0.336914701761747,0.06425494168107974,212.8870430970557,0.10873776180309823,6.468515703422005,0.21619401640362168,0.24697840135297044,0.8786485293808631,0.6316701280278927,21576120.247708168,0.5624104576366951,0.1095976852769658,1.11625,0.12233841619041307,2.253500160416965,5.763535301239169,2.0188131336322193,5.163301501670028,2.086902173239336,0.2863663445835297,-0.010406099471689237,0.05500491974261249,0.04278848701826796,-0.021466454662811787,0.021466454662811787,183.97858294121335,29.49612265206015
467,466,4,B_optimized,False,130.11965752591993,76.65385287708952,678.6462082387803,1560,56.0935936266177,0.966590241524537,0.011908763375093322,86.78449227498015,0.36755581628800515,8.301310290713882,0.21985836266248482,0.16119951002367575,0.8470240369439517,0.685824526920276,81152520.699011,2.1153490887477866,0.05692975966458256,1.1165,0.06356207666550644,2.8315508615077123,12.046854421325525,2.536095711157825,10.789838263614442,1.5471373228938379,0.1895613881548485,-0.01636608258001074,0.044448950519593126,0.0,-0.011908763375093322,0.011908763375093322,104.08577482983696,42.25712906625887
468,467,12,A_standard,False,126.27385468113538,73.96218356854878,301.05235312851676,986,82.48722260319019,0.45659975176205236,0.09171583965410089,188.13663307454092,0.5599785526289521,7.818349538250766,0.22452443943379086,0.1728362702472779,0.8552452656564872,0.6824089954092093,21954758.554153237,0.5722801719672488,0.11223477332343781,1.11675,0.12533818310894917,1.5399529497796454,6.0801922185261175,1.3789594356656776,5.444541946296054,2.280797281532725,0.3275685739162347,-0.015176561125577269,0.06349929116655653,0.09899991177704996,0.00728407212294907,0.00728407212294907,150.83179468028396,28.519020458224777
469,468,4,B_optimized,False,131.76278890847317,75.41064247313265,577.1810659524583,1645,66.92353291280419,0.9693472488382131,0.06276102808066632,245.48742962638417,0.13940267563998912,8.7817545975045,0.21793555179526478,0.14751040933380127,0.8389240576310835,0.6914136482972821,71599603.78619,1.866339521178489,0.05539315171790295,1.117,0.06187415046889759,2.6629719515693533,12.481933720225902,2.384039347868714,11.174515416495884,3.668177977785989,0.661095057971667,4.623948585059934e-06,0.02568038583890762,0.04985242180359312,-0.0129086062770732,0.0129086062770732,212.42962990547355,51.36447115906031
470,469,19,A_standard,False,148.99685240021145,71.16504251475108,338.4044667021185,889,76.02969200421275,0.43013779873919555,0.05964086754915507,229.81527316487623,0.17151015746222883,7.979170598844151,0.19996733636740482,0.2027921956341393,0.8524988558158316,0.6497066601816923,21409403.18317372,0.5580647541698901,0.11243141187170155,1.11725,0.12561399491365857,1.8036969585114775,5.778693421755565,1.6144076603369677,5.172247412625254,3.0227042502308485,0.5056758187441441,-0.008710732458438696,0.04488188816379863,0.024302573465833623,-0.035338294083321446,0.035338294083321446,266.10634513402744,29.88482696375491
471,470,15,A_standard,False,116.09828323890295,73.14583821587861,275.65676188074116,1029,73.88195116540204,0.4512260895494368,0.024109452331234738,182.846368444516,0.1266281409310421,8.0086437056159,0.23812498681174302,0.1485166543118305,0.8519964880977469,0.7034798337859164,20747876.109963275,0.5408211654379044,0.11329004289528465,1.1175,0.12660162293548058,1.3109418137400322,6.209546892273236,1.1731022941745255,5.556641514338467,2.4748448783542765,0.3716475860990823,-0.011157241421471011,0.04742482210948378,0.0,-0.024109452331234738,0.024109452331234738,133.10151170617937,26.477813583487308
472,471,17,A_standard,False,131.6290654296784,63.104141157493004,264.12618858138546,901,61.53003822809373,0.6424519854224539,0.06058837480274062,211.6933712125835,0.4269815638238557,7.733360377690289,0.21809051044883793,0.18515304747692088,0.8567002334150857,0.6715471859381649,15017378.115154957,0.3914480639374784,0.13231485874959706,1.11775,0.14789493336736212,1.399336773108143,5.0753724281945765,1.2519228567283764,4.540704476130241,3.4404882120799227,0.6083753557617791,-0.0006852869646987315,0.05412660748684879,0.028540110543598278,-0.03204826425914234,0.03204826425914234,202.73502386875447,28.917365589345863
473,472,9,A_standard,False,120.97637581195465,76.8576828284529,346.46681490530045,995,77.21404227193796,0.3822038611046401,0.04282991067781883,154.59341624163008,0.2933374295221982,9.393256404131998,0.23136231892897868,0.11380764458232713,0.8287264716237672,0.71491882704144,26495493.387722995,0.690640503965589,0.09548892998276784,1.118,0.10675662372073445,1.191841238590328,7.486928874063789,1.0660476194904542,6.696716345316448,2.00214121282722,0.26936261758748364,-0.007903221622714802,0.05142098025299182,0.039591566614219594,-0.003238344063599234,0.003238344063599234,189.58533953260326,28.227108387960477
474,473,10,B_optimized,False,133.93884483856323,89.30796651445179,470.9749185832454,1514,48.34907440962156,0.9477891808246894,0.028612400618082446,221.07344576657127,0.16557980426109745,8.00240588506029,0.21545096474992917,0.17832883091889,0.8521027867524635,0.6737739558335736,63681583.75858042,1.659945729515345,0.05990648259203028,1.11825,0.06699042415853786,2.9767868718537343,11.247095918183815,2.662004803803921,10.05776518505148,4.572444218757934,0.8281317718611836,-0.0037963195091256633,0.025668976599302645,0.015536381180504046,-0.0130760194375784,0.0130760194375784,216.55910942784513,54.30403468425342
475,474,13,A_standard,False,126.05278927693857,61.10364596512639,287.5929381729575,841,91.4459333882738,0.7602534499660814,0.056752685255500174,225.82636992245756,0.45685835621397203,9.969651211613472,0.22479999920041588,0.1063332142896465,0.8192278536541361,0.7128946393644896,14778873.721076528,0.3852311276263146,0.12454387256201582,1.1185,0.1393023214606147,0.8537811784895203,5.724044264076567,0.7633269365127584,5.117607746156967,2.469506970458847,0.37040190406239937,-0.007759444571704022,0.05744273950740836,0.01662841368111044,-0.04012427157438973,0.04012427157438973,245.2776513974896,21.349825986996194
476,475,16,B_optimized,False,135.5448001416603,77.55038336822761,698.6548552652368,1432,56.1613342431761,0.9075059656387888,0.02219541154779366,146.71839310033235,0.22315458117297257,8.272247081627535,0.21366088569418443,0.17076692940221525,0.8475165247965969,0.6767495953943816,77587123.07482234,2.0224122267700304,0.052218313174387625,1.11875,0.05841923786384615,3.2702498227379375,12.960004915025063,2.9231283331735756,11.584361935217935,2.6124449334670037,0.40430600695200225,-0.010594003718319228,0.032913226557775524,0.01114201247235851,-0.01105339907543515,0.01105339907543515,154.29033816650545,50.48868890686554
477,476,17,A_standard,False,131.13135578672436,76.68301595121784,298.12869941547734,682,85.98834172656069,0.3012410550761969,0.039147752023529464,248.16458781435253,0.1262591929024317,8.021759840797326,0.2186696155536514,0.17306030862728883,0.8517730193872466,0.6787127107599578,15591480.128324741,0.4064128014458941,0.12090411885703817,1.119,0.13529170900102572,1.43138472256617,5.613644242860697,1.2791641845989008,5.01666152177006,2.8860259755154423,0.47153729827052804,-0.003907670888603162,0.05854971688234152,0.03557404927521202,-0.0035737027483174408,0.0035737027483174408,234.86996785348714,30.406226230597944
478,477,1,A_standard,False,111.3970290010057,79.48914001695064,295.3166281697096,932,80.20308006560406,0.7423145409767893,0.01,247.4679902047628,0.23048046836055355,7.854673040145562,0.24511591017693282,0.14583122320954914,0.8546241812228668,0.7087929580133177,21878201.19911352,0.5702846020228369,0.10777038362117437,1.11925,0.12062200186799943,1.3531660397736276,6.576880718034823,1.2089935579840316,5.876149848590416,3.0855172893901375,0.5213663025853026,-0.003315776100480159,0.0477425660767094,0.0,-0.01,0.01,232.35720675384195,31.8584609566666
479,478,14,B_optimized,False,138.6287494953034,88.83596020164454,840.807269394571,1386,53.45471458449097,0.8147178222038953,0.08892013999612898,204.14552252418284,0.20089917118752113,8.564246899685179,0.21032248938464604,0.16509177829233412,0.842581455794374,0.6774896775020399,103525774.67396869,2.6985379040870288,0.047557955616068195,1.1195,0.05324113131218834,3.4713808899841627,14.245559312333844,3.1008315229871934,12.724930158404506,3.8190368073429464,0.6940318427981571,-0.0023284073780740666,0.02648249900685581,0.08029153574551326,-0.00862860425061572,0.00862860425061572,144.9163842378411,59.76138931935891
480,479,3,A_standard,False,131.89460893430422,71.6869168167047,386.5652149684128,987,70.0506555618367,0.34752340671399595,0.047238535112842824,653.9943502650509,0.06705244435617377,7.411606627092794,0.21778306030771613,0.19906529887235372,0.8622309398496337,0.66316564097728,27351416.720346443,0.7129512914322936,0.09690282058203939,1.11975,0.10850693334673861,2.0542776533921634,6.843615459220137,1.834585982042566,6.1117351723332325,9.33602041293878,0.9982317946678058,0.005480288588176838,0.03144043055974083,0.051936598868195405,0.004698063755352581,0.004698063755352581,645.9009191381805,46.24342345686923
481,480,6,B_optimized,False,141.48513722970523,83.43172312901758,775.0604232722055,1303,54.495959873305786,0.6951246666124031,0.03982171299556734,206.50228389092865,0.053280359825654024,8.145742399039037,0.20734112622249487,0.18471385095841902,0.8496635359000182,0.6649496849415992,84258008.5154457,2.196297785917369,0.05642083885783147,1.12,0.06319133952077126,3.2738586433260712,11.785533473139795,2.9230880743982772,10.522797743874815,3.7893136366624747,0.6876839360684358,0.0018953043380008916,0.024690049373866915,0.038780355920329454,-0.001041357075237885,0.001041357075237885,205.85834848693918,55.29547534750441
482,481,17,B_optimized,False,133.2339136588365,77.25724277672131,626.8413903260895,1558,41.954739022004794,0.6370061386667958,0.06082624865422234,194.02211277315652,0.06783606129627302,8.008137014107819,0.21624828794165799,0.17697515581219408,0.8520051221292033,0.6750299663170092,75450882.38592571,1.9667282534851624,0.05174624916853236,1.12025,0.05796873563104838,3.420057659363941,13.045002819789007,3.0529414500012866,11.644724677338992,4.624557732831899,0.8354227381090299,-0.0012422155159362211,0.02229201228362193,0.05713575175671711,-0.0036904968975052313,0.0036904968975052313,196.62052270882018,60.83623470274241
483,482,6,B_optimized,False,132.26306282330785,83.83752424478024,650.7960776027251,1335,66.28610283449764,1.0579811053523343,0.07945614978829622,181.91701966664803,0.08316135153923615,8.325247699265189,0.21735819784373805,0.16372602350760826,0.8466186227888356,0.6828925992812274,72839111.13245918,1.8986489394546195,0.05260990335629197,1.1205,0.058949396710725153,3.1120761123395444,12.980305146284891,2.7773994755372997,11.584386565180624,2.7444217096433667,0.43645097133872024,-0.013673071403264653,0.03589779620489346,0.07989434626161605,0.0004381964733198296,0.0004381964733198296,233.31157262248598,51.42518597455605
484,483,16,A_standard,False,145.22325969819335,68.5902955283042,333.75120166532497,969,82.26873018012738,0.49984801511950766,0.0243603821280871,142.12470777670157,0.3154069364589967,8.350030326261756,0.20359058998235735,0.18268578925219311,0.8461990980959256,0.6635133088437325,22182438.654941604,0.5782149585836125,0.10406386494803756,1.12075,0.11662957664051309,1.7555160895034412,6.3760202369482055,1.5663761673017544,5.689065569438506,1.7275665670968732,0.21884097309756578,-0.009719159605975008,0.05480184977215178,0.05385276426814917,0.029492382140062067,0.029492382140062067,138.04645958787512,25.468611364135064
485,484,10,A_standard,False,126.37249361305126,73.20247926647738,337.49996224743023,951,90.12813705195373,0.42647058297829704,0.07311571518201218,299.5500029211994,0.15432525402451314,8.401994880183913,0.22440174967051446,0.1517649476872353,0.8453201077652107,0.6935551600779755,23495248.123400543,0.6124350948022269,0.09835006323327418,1.121,0.11025042088450035,1.5431098130284637,7.051903550208691,1.3765475584553648,6.29072573613621,3.323601404836826,0.5802016904912671,-0.0072482116941079335,0.039815679394418435,0.06170943946370154,-0.01140627571831064,0.01140627571831064,302.72857745708,34.672897773845094
486,485,5,B_optimized,False,137.62593404120582,82.5635961107683,729.8935631105522,1420,48.805184792894536,0.9529608543453181,0.024591352384832756,161.55027761956825,0.1466135991875668,8.094904746173292,0.21139408530550824,0.18064617693293655,0.8505278732321844,0.6698816962992478,85572945.03488308,2.2305733665671634,0.04916301596579139,1.12125,0.0551240316516436,3.674432363112828,13.625724198152628,3.277085719610103,12.152262384082611,3.310104824008126,0.5769108472771385,-0.007478520541626449,0.0315004869703361,0.003232861178754152,-0.021358491206078606,0.021358491206078606,183.83933979679517,56.00993347169951
487,486,7,A_standard,False,132.07846285444407,47.107853039194616,391.78621281162185,858,84.30719256469985,0.4484406992693218,0.0631609250296792,170.3833469075116,0.11329538810102799,9.568943492349375,0.21757080734989487,0.12469023203055829,0.8258196507089534,0.7011294186783951,15835425.894212933,0.4127715743974995,0.13299728360541077,1.1215,0.14915645356346818,0.9375396899120237,5.271757434975693,0.8359694069656921,4.700630793558353,2.020982335246834,0.2730867439230517,-0.014058953489856531,0.05494144690656386,0.044805859920599954,-0.018355065109079242,0.018355065109079242,171.51048834752365,21.496622984130802
488,487,11,A_standard,False,138.1993735450032,72.41806574788369,340.0572274236942,803,81.6673516963336,0.6202035854533323,0.01779366228584815,172.67631744360813,0.2959821763952768,8.422568816182483,0.2107796967533066,0.1694315106197625,0.8449723480820628,0.6755408374623003,19774908.182850532,0.5154594539313406,0.10376081480566779,1.12175,0.11639369400825784,1.6329045886646945,6.510558332907384,1.4556760317937993,5.803929871100855,2.114386151343271,0.29201580372350483,-0.0028617174420613647,0.05183590040537371,0.0182890641632219,0.0004954018773737495,0.0004954018773737495,158.29988039306107,29.70180551632498
489,488,16,A_standard,False,128.68837199978404,69.09316801728154,330.5222362079979,966,72.03042346718794,0.7249740195843216,0.013204792786781208,141.23186384431872,0.33850132457685406,10.605986288359329,0.22156722206499177,0.09537498762093112,0.8088678494451803,0.7134928618242492,22060376.234174743,0.5750332381845976,0.1156131487444444,1.1219999999999999,0.12971795289126659,0.8249493129172664,6.1713816254704765,0.7352489419939987,5.500340129652832,1.9607251637032808,0.26128993897459074,-0.003677631864299572,0.05733337652538777,0.008508947966476926,-0.004695844820304282,0.004695844820304282,128.76924020491674,23.656977560900025
490,489,13,B_optimized,False,138.66506949846513,88.16706256801979,750.9915217851416,1529,63.20857576122826,0.6613391545599152,0.020000296992079607,100.04699711209832,0.3754605891283696,8.049851408565873,0.2102839256023897,0.18401199105687915,0.8512946010051045,0.6672826099482253,101239243.51211368,2.6389364084346285,0.05069089941784172,1.12225,0.056887861871672864,3.630079425896166,13.163755577660185,3.2346441754476865,11.72978888630892,1.5828073312397986,0.19510206184532847,-0.02053263011695899,0.04699314159619087,0.009033764938538982,-0.010966532053540624,0.010966532053540624,83.22787288678187,48.48631801944702
491,490,19,B_optimized,False,132.3947974004467,75.61323569707986,619.0817853056872,1360,50.028987135619914,0.807966353644627,0.03201587001925318,178.62785264271693,0.4305249248680271,8.958913292455176,0.21720678323821874,0.14285334454921095,0.8359568635533343,0.6931035190041234,63662656.64939956,1.6594523690773266,0.06703347803119562,1.1225,0.07524507909001708,2.1310746323311873,10.339662201050812,1.8985074675556237,9.211280357283574,3.5704870889847875,0.6388755607917035,-0.0033916262397511152,0.04393245467647378,0.06101577807374149,0.028999908054488314,0.028999908054488314,183.28244005987312,42.508538742208835
492,491,18,B_optimized,False,139.74236086179704,80.32964853425295,653.0759944152117,1668,49.99596278483392,0.7399769814029974,0.06486373776052234,325.9123359491179,0.5041680691787267,7.273950791625319,0.20914783539735715,0.21842096134656105,0.8646080329633762,0.6461870716168151,87505556.98268287,2.280949484122945,0.05731193003779657,1.12275,0.06434696944993609,3.811090661272704,11.274913812720355,3.394424993340195,10.042230071449882,6.518773072772631,0.971217225971991,0.0037422704023729794,0.03013816069415614,0.05139590426982959,-0.013467833490692756,0.013467833490692756,320.71625181276454,61.563370792723795
493,492,16,B_optimized,False,140.87751204693583,79.5078745631629,677.0553326088083,1733,64.70498600372373,0.57435785885885,0.04430571874210619,240.39140733218923,0.10054863682851005,9.400789255311304,0.20796672665698318,0.1415572047959608,0.8286016275647388,0.687044422768778,93289522.38264243,2.4317162851140357,0.05438670599471977,1.123,0.061076270832070303,2.602790557120781,12.63258015360373,2.317711983188585,11.248958284598157,3.715191396816852,0.6715472523021361,-0.006897043904991929,0.02387101385996101,0.03337383958382481,-0.01093187915828138,0.01093187915828138,248.11909526935796,51.52757668171747
494,493,13,A_standard,False,125.35231849174814,69.59497509554407,382.93152488991194,951,88.67181814112013,0.6785787057433463,0.06510634492741996,444.0274646935409,0.5330942449017426,7.29571606322553,0.22567859414727245,0.19272577710546163,0.8642317462958298,0.6715059691903682,25344254.55104954,0.6606319225547846,0.10673524361096122,1.12325,0.1198903623860122,1.8056432963035798,6.291323713448738,1.6075168451400665,5.60100041259625,5.007537614565166,0.8815862103722425,0.005464931796467637,0.04591523681725811,0.09415859470983931,0.029052249782419354,0.029052249782419354,413.5423844559817,38.85971209952041
495,494,6,B_optimized,False,142.75011879395203,85.63318513311827,699.8488688250949,1501,62.95107682782339,0.8355302753242605,0.03195453528590084,308.4494225642031,0.14193441064243284,8.455878017956096,0.20605326125831083,0.17510644332367928,0.8444096284515834,0.6693031851279041,89955361.91170344,2.344806929086779,0.046831919180801866,1.1235,0.052615661199630896,3.7390405173799044,14.29160275375339,3.3280289429282637,12.720607702495228,4.899827582105367,0.8698720100904126,-0.00031969190371331033,0.02250774542627682,0.027718153858393706,-0.004236381427507131,0.004236381427507131,308.1068436897139,65.14629049749662
496,495,9,A_standard,False,111.79410877022599,75.65226010318261,396.7738490490342,833,48.68095181255819,0.4392715501487228,0.031249974420619383,278.49823197853567,0.3220091822743433,7.735572798435873,0.24450614858667377,0.15086119368436068,0.8566623266263664,0.7058011329420057,25004026.41252191,0.6517634206696725,0.09831156878286373,1.12375,0.11047762541974313,1.5345212730514035,7.179227650215576,1.3655361717921277,6.3886341714932815,5.720887156250952,0.9382479544319966,-7.030549413886058e-05,0.03274395003723662,0.039796714226897754,0.008546739806278372,0.008546739806278372,315.58013146254524,42.26756508064679
497,496,3,B_optimized,False,145.66992544031893,71.79856644444659,638.0231202189859,1521,56.669327191711865,0.7169014671521609,0.07553869134563493,513.2790254402896,0.24638314545829826,8.452007797116883,0.20315340175548013,0.17959443023524252,0.8444749920160823,0.6648805617808398,69675710.13839686,1.8161906577833378,0.05509786709161032,1.124,0.06193000261097,3.2595532225709176,12.067264975527161,2.899958383070211,10.736000867906727,9.057439904021992,0.9976650797775549,0.005389875046917834,0.019154403163362886,0.08495674183023405,0.009418050484599122,0.009418050484599122,507.54359144904356,60.81732575113731
498,497,8,A_standard,False,135.1279257551598,69.40184862748218,339.7048550343977,1033,83.82845708865145,0.527638283360683,0.016244445526341775,210.58977117497406,0.04029442505418702,7.76520376312851,0.21412207838516847,0.18962599979438638,0.8561548024024679,0.6665288026080816,24354157.709712945,0.6348237229689527,0.09192646868884397,1.12425,0.10334833242343283,2.0628008722519224,7.250673414467517,1.8348239913292617,6.449342596813446,2.512151344408835,0.3804005002127681,-0.011403038988560012,0.04180020774385006,0.022075351527448585,0.005830906001106809,0.005830906001106809,243.61668016111136,34.390520768831315
499,498,19,B_optimized,False,129.80150316804335,88.13581638590284,639.192327943813,1697,61.08920439845056,0.6094926667408629,0.04173962985641439,226.33395813619038,0.557533225979899,7.210747106078784,0.22023544800374525,0.2043211783881329,0.8657016523102148,0.6613804739220819,95601746.79363449,2.4919875097000648,0.047371513090453225,1.1245,0.053269266470214655,4.313165551583568,13.961565311608545,3.8356296590338532,12.415798409611867,3.7049747228649617,0.6692898079360287,-0.004882782888148736,0.037598301915644394,0.06083628875763625,0.019096658901221857,0.019096658901221857,222.94064964283174,62.00918360336794
500,499,9,A_standard,False,129.09465272216883,60.878345146790735,355.6425442934365,794,105.70321980944598,0.3826883189497457,0.029101952637845666,218.86794489680105,0.5551684293630541,7.728407710202215,0.22107887704254972,0.18112141021827657,0.8567850966458711,0.6756636864275946,17190838.07094064,0.44810220723825545,0.1288719681150997,1.12475,0.1449487461374584,1.4054368290279482,5.242906555319599,1.2495548602160018,4.661397248561546,2.070589195781927,0.28304426484467904,-0.011508985716509577,0.06471342104301608,0.024777725032180536,-0.004324227605665129,0.004324227605665129,201.76337725960903,25.71062039594818
501,500,3,A_standard,False,121.89852918889471,68.86877863339697,295.27468391866705,830,64.91626612668153,0.3512674531137958,0.057973406176992495,440.6855468357715,0.22307709449929997,9.541580124141646,0.23013575689935725,0.11126297184433301,0.8262717185421667,0.7150087466978338,16878221.67955798,0.4399534425055909,0.11974358558349585,1.125,0.13471153378143283,0.9291768849426226,5.971165329764292,0.8259350088378868,5.307702515346038,6.788522709790348,0.9778717339027327,0.007474281409847466,0.045447438957303216,0.038999856719269,-0.018973549457723497,0.018973549457723497,442.625848688808,36.592327920623305
502,501,14,A_standard,False,131.01277368222154,70.54044387264659,289.7521869784832,1096,77.58630545298634,0.3280548641406997,0.09193659967934963,220.2491573124839,0.6570315191135752,8.467276268505147,0.21880814211368135,0.15681178897933548,0.8442171545408531,0.6874053655615177,22401415.6792554,0.5839228878610889,0.11460927512851032,1.12525,0.12896408683835625,1.3682294805852657,5.9978161871343865,1.21593377523685,5.330207675747066,2.838763310439425,0.45977792854824556,-0.003538279892169016,0.0589615146053353,0.07463263046952111,-0.017303969209828518,0.017303969209828518,200.5652306085039,28.83870864298276
503,502,20,A_standard,True,125.33055714555054,70.9194712926481,403.84032513767653,1004,79.92089009875274,0.4343640039523806,0.07041709682053554,164.33429347715173,0.2602301764803832,6.711149970120869,0.22570602288900463,0.2198638102208373,0.874395053286079,0.6545312430652417,28754702.914796785,0.7495298246326684,0.10283414780206011,1.1255,0.26257327945993797,2.1380428089319246,6.3649211575625,0.8373426674376551,2.4927564770165676,2.056212002570231,0.28013582018314404,-0.011236655955507241,0.05824280101778448,0.11340053013841545,0.042983433317879904,0.042983433317879904,102.99055456052014,9.614136513053086
504,503,18,A_standard,False,125.7725909510758,71.29535493828054,381.14594437812354,857,75.37417185943423,0.5374408446522413,0.027172964392927653,286.59828700883435,0.36378915044262183,9.09538270124006,0.22515045145662202,0.12901462340004086,0.8336783236989365,0.7046637002988956,23288062.627279855,0.6070345274921102,0.11765504419534342,1.12575,0.13245016600290785,1.0965498698537486,5.989234929264383,0.9740616210115466,5.320217569855105,3.802340774546927,0.6904749727097272,0.005710841916662047,0.048907781916847505,0.009828713626695108,-0.017344250766232545,0.017344250766232545,299.73172420363767,31.953332811544836
505,504,6,B_optimized,False,135.08338925599506,83.73063017736334,774.1849096778949,1471,52.6915777579488,0.5041734891716476,0.017154793972159185,152.3698259776269,0.3283718375256272,7.108485819672721,0.21417149262767896,0.21817996738002624,0.8674740194300034,0.6492940520499771,95354618.82122996,2.4855457882756755,0.06027081131763219,1.126,0.06786493354365385,3.6199938678475663,10.77294361657326,3.2149146250866485,9.567445485411422,2.8917301865124188,0.47295895685537426,-0.009010647331038872,0.037303188881108666,0.014321636403750823,-0.0028331575684083614,0.0028331575684083614,199.15713987360337,50.8038497327567
506,505,10,A_standard,True,134.85032924886966,78.31495235934842,381.8708906891603,934,90.36374242558979,0.2132277260372743,0.044204931937601076,279.6922039804041,0.43897934063785327,8.743359288058151,0.21443053030037412,0.15337901958289882,0.8395685200186372,0.6861895004357385,27932391.371368468,0.7280951734465461,0.10554597726908857,1.12625,0.35152645160288903,1.4531962614914287,6.501332577425515,0.4363228396711591,1.9520280687466165,3.0951817230314163,0.5237774823396418,-0.006633423555544193,0.049529625429623705,0.0,-0.044204931937601076,0.044204931937601076,278.3833631762686,10.447748485344661
507,506,11,B_optimized,False,135.06766617971195,69.46459941093643,758.8568632198597,1459,54.93305897824888,0.4872392999588658,0.07997007289808412,265.033429401801,0.43932932531508573,8.553165147595905,0.21418894434806618,0.1600941156616544,0.8427682220667475,0.6826741064050931,76909270.8121449,2.004743100120489,0.05812742170807447,1.1265,0.0654805405541459,2.7541926161059327,11.744441544880408,2.4449113325396645,10.425602791726947,4.824661767092614,0.8611245624408713,0.0029510047146098406,0.03558153304273523,0.0668948327391461,-0.013075240158938017,0.013075240158938017,274.88579008811536,54.32377731339323
508,507,5,A_standard,False,119.29294070940924,61.311723575726816,369.65980441078653,919,84.724510143553,0.4930469446128851,0.044498425411262706,202.02598865618748,0.5077036071698809,8.616310466251354,0.2336429635479306,0.13356856837891434,0.8417045565044273,0.7081359881255129,20828656.88573898,0.5429268244975811,0.10971401597338479,1.12675,0.1236202674980113,1.2174248403350432,6.454380343686422,1.0804746752474312,5.728316257986618,2.3845046529497154,0.3508066564160212,-0.018621131666604465,0.05525515816706102,0.04221324700066334,-0.002285178410599366,0.002285178410599366,184.34577881058067,28.24741344933994
509,508,6,B_optimized,False,134.41155858880495,89.666102603844,692.966951609248,1815,49.707004860289445,0.7257147744610721,0.034086797283294126,283.79233440031464,0.20379459893804994,9.85318916616818,0.2149202789133613,0.12031401483066374,0.8211382567153447,0.700824241884681,112776197.09808311,2.939662547866837,0.04813382215193729,1.127,0.05424681756523332,2.4995732616222615,14.55991256361249,2.217899965946993,12.919177075077632,5.709302646537736,0.9375733452759819,0.010392625685357584,0.021244887543453668,0.04473408487143996,0.010647287588145836,0.010647287588145836,310.96544126378757,59.3800419006135
510,509,5,A_standard,False,138.37852228859006,71.4056036493188,353.23422930704675,571,81.52300372547319,0.7274037686824286,0.045362647686542634,112.63157318785673,0.21709526927982037,7.1713590750979845,0.2105886426937293,0.22086430426518508,0.8663838866636387,0.6455195823984536,14402277.826138068,0.3754146514858029,0.13056759735627207,1.12725,0.1471823241198577,1.6915705637327898,4.9439493064811675,1.5006170447840228,4.385849905949139,1.3815925326689498,0.16542461702454966,-0.013494333125651474,0.058145099634161264,0.024572232079668826,-0.020790415606873808,0.020790415606873808,102.24982889352407,22.54253101206495
511,510,20,B_optimized,False,131.10442248233917,97.87274464638185,804.7198163020636,1759,62.23251959440208,0.782981005915017,0.044633968014641805,236.7395285144969,0.7679850447783093,8.610794775886829,0.21870106010460047,0.15210412712024818,0.841797413260266,0.6896932861400178,138539081.1462619,3.6112066086725054,0.04284654395235909,1.1275,0.04830947830628487,3.5499742357136714,16.096824213100714,3.148535907506582,14.276562494989548,3.8041128666722344,0.6908535750790786,0.0028911543450641005,0.03428391481884947,0.03821868483597233,-0.006415283178669476,0.006415283178669476,236.1013130816472,63.12428323845083
512,511,15,B_optimized,False,126.08662798061357,88.01467175639526,615.2198813996224,1708,49.45269335066118,0.6249398379675368,0.02788833128286532,178.64187853817472,0.5314093068599575,9.259588612432387,0.22475776575455644,0.12478482208685737,0.8309449163963667,0.7061600943095093,92485426.0703287,2.410756438311162,0.05528535745940217,1.12775,0.0623480618748408,2.257104373042915,12.77300404231022,2.0014226318270136,11.326095360062263,3.612379153374996,0.6484833279186304,-0.009600051804411442,0.040949860738339366,0.0,-0.02788833128286532,0.02788833128286532,133.2319069877588,47.38980917542209
513,512,17,A_standard,False,118.81851069505277,80.31943758894593,398.74883235759387,791,87.9727256116928,0.6682866603611188,0.08628503279704337,797.6310571408951,0.7455634462748377,7.3566582983751285,0.23429561161427018,0.17841682451650356,0.8631790236927094,0.6847621991762058,25333580.02578076,0.66035367676395,0.09611772950018496,1.1280000000000001,0.10842079887620865,1.8562322002847584,7.124202816036017,1.6455959222382608,6.315782638329802,9.066799415327868,0.9976867812214817,0.003149440266202992,0.05127456535576119,0.10128583487371212,0.015000802076668748,0.015000802076668748,784.2130008708132,44.310759331126114
514,513,17,B_optimized,False,135.55607667617403,91.41587813781176,796.0676103766442,1767,66.88125075950282,0.9301478855314456,0.03227136673653791,235.98041816133917,0.0428061881082898,7.254246419485005,0.2136484438388782,0.21227801779714392,0.8649488312798743,0.6526708134827304,128590279.13860212,3.3518777661453534,0.03680830318588664,1.12825,0.0415289680694766,5.767123160367181,17.73161914545909,5.111564954901113,15.716037354716677,3.528349357728031,0.6290980436501891,-0.006719061264966138,0.021998875010935493,0.02347599760664775,-0.008795369129890158,0.008795369129890158,236.4116869902414,76.28481685214099
515,514,20,A_standard,True,124.69838873315788,56.123108024502436,415.4576132715949,894,80.16750709071742,0.4122223885210001,0.024550630179481035,168.21637950980076,0.2436538907636364,7.712812461227566,0.22650637940078802,0.17429583443075997,0.8570523738642511,0.6827565394334911,20845194.623263847,0.5433579027647976,0.11034739177342592,1.1285,0.33973124851846476,1.579519294743623,6.187337357600453,0.5130403375928688,2.009696024168888,2.0983112187765474,0.2887035759868915,-0.011060962407452546,0.05496105646643456,0.01050118068592391,-0.014049449493557124,0.014049449493557124,178.93150195382523,9.95031584487412
516,515,3,A_standard,False,145.3835695525326,71.43717344624042,413.78596036334534,857,110.0,0.29046906360758207,0.05493473447353657,118.31987537667779,0.199441653290554,8.324733035822067,0.2034334189544421,0.18386951999992177,0.8466273373067943,0.6627578173068726,25332662.403021812,0.6603297576983407,0.09498457760404236,1.12875,0.1072138419705628,1.9357828885275439,6.977530816315036,1.7149793032359195,6.181644134055404,1.0756352306970707,0.1273756279405482,-0.017226985855712387,0.05139674886694862,0.03822495649179729,-0.016709777981739282,0.016709777981739282,131.3684882346428,26.887831190795588
517,516,18,B_optimized,False,130.38986604271253,80.6829710528207,698.8263899181995,1244,52.473326653441404,0.7868906916434075,0.03194233237580308,395.8598897598113,0.538007642934749,6.589523726039048,0.2195393328098911,0.23535514687492762,0.8765246300837609,0.6411694832088333,70140936.39956431,1.82831740306673,0.05621854008670994,1.129,0.06347073175789553,4.186432918960938,11.404947233064235,3.7080893879193426,10.10181331538019,7.544021220043027,0.9894812477424925,0.0049252254522134924,0.02719345844921226,0.04213627241326404,0.010193940037460963,0.010193940037460963,355.96397166596086,64.31882939460336
518,517,2,B_optimized,False,135.51596088448574,66.70796064209192,944.3923509993131,1844,55.164068512130676,0.9153770621197301,0.08377396139053445,187.9381318127163,0.34615110054329806,8.551401990858315,0.21369271321589708,0.16083564189445118,0.8427979412401193,0.6819622993456681,116169211.46844952,3.0281060095688246,0.045259403703769414,1.12925,0.05110918163248161,3.55364032074192,15.067858688754026,3.146903095631543,13.343244355770667,3.406893959813504,0.6003428753591422,-0.010881430086629737,0.029697619087874483,0.07090602103380421,-0.012867940356730237,0.012867940356730237,143.4825560944498,58.847462097604755
519,518,10,A_standard,False,139.01883809313938,65.31697198421566,342.94554588378094,930,81.51346933656741,0.568974545969724,0.027385761797775143,154.08726783511875,0.32263459146619317,6.591613258254274,0.2099091980166325,0.25066440842696786,0.876488000320117,0.6258235918931492,20832153.08972029,0.5430179577346296,0.10670254762079967,1.1295,0.12052052753769323,2.3491885996741235,5.865123240704672,2.079848251150176,5.192672191858939,1.8903289123776053,0.24793221307967064,-0.019967252974259993,0.054092079188843005,0.009509937293869111,-0.017875824503906033,0.017875824503906033,157.1022883101633,29.55478632121236
520,519,12,A_standard,False,130.78083193996352,67.03431692421516,447.0894910936187,1036,81.95282098489704,0.15238576246887497,0.01,255.9449014635234,0.2773002234858105,9.293330825807447,0.2190797115414422,0.13055244747772302,0.830384347152672,0.699831899674949,31049270.830476113,0.8093408090320886,0.09447529304343891,1.12975,0.1067334623158251,1.3818686692794502,7.407565270564151,1.223163239016995,6.556818119552247,3.123076160010295,0.5307302586253918,-0.0053874665711603886,0.06210883112319608,0.005401870743631203,-0.004598129256368797,0.004598129256368797,225.26397199180886,34.00140821219212
521,520,8,B_optimized,False,130.23573874980687,65.2470363906598,542.676626589577,1671,61.06982416523468,0.7634178419624584,0.05975494324210042,294.7127109035619,0.28487159569543846,8.513766828090123,0.21972116999115832,0.15402277336625486,0.8434325568027421,0.6894097834364872,59166837.51936601,1.5422628250191193,0.06358481957120357,1.13,0.07185084611546003,2.4223198934106756,10.842364389576856,2.1436459233722793,9.595012734138813,4.825831987106548,0.8612644488098287,-0.004205648971202378,0.03417741692432336,0.0474971539860872,-0.012257789256013223,0.012257789256013223,312.9888130156108,51.03265318968484
522,521,3,B_optimized,False,128.40204992493395,82.04065635094207,587.9589273004392,1782,55.19091536951666,0.6425764729585789,0.03729592292820661,292.6292256776019,0.12886986652236765,9.913139872135604,0.22191295541933856,0.1108193183518268,0.8201542903642618,0.709334972012435,85957507.69216673,2.240597507033096,0.05924736895885799,1.13025,0.06696433876574924,1.8704513010321342,11.972429906634417,1.654900509650196,10.592727190121138,5.302126694554307,0.9090530178173762,-0.0034966451397249816,0.023675130555014263,0.034227478931394335,-0.0030684439968122756,0.0030684439968122756,249.21364595316984,51.88695310810741
523,522,4,B_optimized,False,136.40579016226138,75.26416953816016,687.6918045380493,1670,52.61673348571752,0.8228235142277228,0.10950143453338419,221.9640066963571,0.15845139508295994,8.668783760609298,0.2127159538215185,0.15818522758427833,0.8408216796409169,0.6826364520566386,86436782.78648092,2.2530904539592584,0.05432682466440039,1.1305,0.06141647528310465,2.911733357534789,12.565366304281,2.575615530769384,11.114875103300308,4.218506014946896,0.7718005289500145,-0.004022365352220482,0.023867560500405706,0.11132834737759598,0.0018269128442117838,0.0018269128442117838,214.4385512109965,55.871777278580026
524,523,17,B_optimized,False,135.90552916083897,72.6833897733812,685.7510647681092,1609,54.75981241753223,0.5474650975963355,0.02650692969262098,236.33802934396957,0.2950694321668555,7.695239548879008,0.2132637489290955,0.19376375201968818,0.8573536449281308,0.6635898929084426,80196923.49223511,2.090440168320526,0.054888685827654396,1.13075,0.0620653814996202,3.530121902136429,12.089739131158213,3.1219296061343615,10.691787867484603,4.315902829285481,0.7884992364309548,-0.00023129209954547247,0.02626844401593601,0.03533513072947399,0.008828201036853008,0.008828201036853008,230.48354154622635,57.972199699968606
525,524,7,B_optimized,False,138.4756918279256,79.49802652825059,825.5125085757517,1550,62.15054682846067,0.9078877041273297,0.030320447226090955,244.21383889648507,0.36812003135056276,7.201322864782337,0.2104851915469199,0.2196385973804825,0.8658648393141108,0.6462262419336283,101721253.72454458,2.6515006498759335,0.04992080309048206,1.131,0.05646042829533521,4.399740865193713,12.945028964424619,3.8901333909758735,11.445648951745905,3.929391636255917,0.716951845380579,0.003453256557681107,0.03172877807703231,0.042136662351472,0.011816215125381047,0.011816215125381047,249.31308867834875,62.30032178118741
526,525,7,A_standard,False,122.47575827599027,62.761539974284624,365.99224772126246,861,62.89531950426725,0.6665231173824016,0.08706415576537074,255.9560796478868,0.19978787295066985,8.238891058077863,0.22937597707500687,0.1511014691890536,0.8480821090552364,0.6969806398661829,19777374.13073285,0.5155237321639923,0.10496249243708294,1.13125,0.1187388195694501,1.439575849245648,6.640282863747447,1.2725532369022303,5.869863304970118,4.0695568710883325,0.7445126358279788,0.004649415682821175,0.03771864749485168,0.08322564322664,-0.003838512538730743,0.003838512538730743,223.63772533092373,37.3842627296864
527,526,19,B_optimized,False,148.11518259850575,84.9246823028903,589.846278503042,1666,49.697182222906356,0.6125701586973733,0.04213079485296813,266.35390236106326,0.6468947639793213,7.969749411522125,0.20079982159728005,0.20183106164099235,0.8526595019783814,0.650828440337389,83454118.01048204,2.175343303758584,0.05593118570007797,1.1315,0.06328613661963822,3.608560396399946,11.63623535226577,3.189182851436099,10.283902211458921,5.359537310714888,0.9136893242817246,0.0076180449329742985,0.029431699539921034,0.05599044533971856,0.013859650486750426,0.013859650486750426,214.88588229862953,59.566400514414674
528,527,3,A_standard,False,125.76582154640086,68.64359427439645,394.2663334796059,773,74.56549672696576,0.46796188131751393,0.055314310747250586,360.0098112099844,0.2862281732536713,9.186139034877277,0.22515893456861721,0.12639526253806355,0.8321664644602083,0.7057712019221447,20920362.412893813,0.5453172518266299,0.11258009352384143,1.13175,0.12741252084560756,1.1227141369472786,6.269058586033963,0.9920160255774495,5.53926095518795,4.828101830102755,0.8615354454679873,0.007467117596119222,0.04117199797139761,0.06916948927738778,0.013855178530137194,0.013855178530137194,359.306770434992,36.28074432152363
529,528,19,B_optimized,False,136.66373718726507,68.37793962590283,731.4426666824496,1544,53.990103941813885,0.9836465053066898,0.06853523824204942,225.65656831376037,0.053555324066035706,7.07138118364515,0.21243482952980267,0.2226381087873405,0.8681180045038539,0.6454798957165134,77222453.62343062,2.0129066293461784,0.061341146031883766,1.1320000000000001,0.06943817730809243,3.629506834965525,10.522788331685348,3.2062781227610637,9.29574940961603,4.179591292451567,0.7648743091014387,-0.00067906416863121,0.023288530203200333,0.06234681585730595,-0.006188422384743472,0.006188422384743472,233.5115594743402,55.709714414571195
530,529,19,A_standard,False,130.58620251668557,84.73004491541523,369.7461523584416,939,91.4737768179981,0.7746950480866102,0.029493826296338045,152.332567784487,0.4668036783261629,10.020902000460978,0.2193082263571001,0.11106204784858512,0.818388562396098,0.7073265145475129,29417563.002738126,0.7668081601780864,0.08459713810851609,1.13225,0.09578510962336734,1.312834574925235,8.361116349352118,1.1594917862002518,7.384514329301937,1.6653140723332909,0.20838531417192288,-0.006957508266736658,0.050193989416920375,0.01476774848486945,-0.014726077811468594,0.014726077811468594,165.46007207150285,27.57812234734722
531,530,12,B_optimized,False,137.91049060238478,76.40897903775692,754.6216704213796,1756,55.0822938186998,0.7323088507516171,0.0719964452714004,206.1690121951102,0.4259550126770958,9.274776941714993,0.21108866585852537,0.1411686095280865,0.8306925414297296,0.6895239319016431,101250734.17254251,2.6392359278809487,0.041648821986313304,1.1325,0.04716729089949982,3.389498256984976,16.555664698709496,2.9929344432538416,14.618688475681672,3.7429271350554796,0.6776356081756127,-0.011630448451396123,0.03252711000601223,0.06773548092671904,-0.004260964344681359,0.004260964344681359,190.55906603757532,62.78724679022707
532,531,4,B_optimized,False,128.53463202679606,92.07896546496252,713.4183048998583,1314,61.91668156422125,1.0125067032619834,0.03423707079018924,308.8417206582094,0.38861424063505734,7.796476369742856,0.22175270002436345,0.1774813607097325,0.8556194859805872,0.6781381252708547,86317736.76905525,2.2499873601513105,0.05064939051417443,1.13275,0.05737309710493108,3.5041164149855595,13.388870396793326,3.093459646864321,11.81979289057014,4.988021206173209,0.8795336333834716,-0.0012149610229388777,0.03147612216224993,0.04746868617522819,0.013231615385038947,0.013231615385038947,324.5132576888664,61.228383599539015
533,532,4,B_optimized,False,127.27855535678175,71.397692958229,563.5103292268112,1503,54.20123700902851,0.575475362282337,0.05047668840456463,98.46389818232446,0.27167825948671953,9.797820897637619,0.2232823330093822,0.11217666229858493,0.8220480604349106,0.7098713981363257,60470706.20978439,1.576249907889324,0.07064355868644358,1.133,0.08003915199174057,1.587924849546283,10.048635874746061,1.4015223738272578,8.869051963588758,1.8166356270784547,0.23444781233914805,-0.018655800013239715,0.046851382104961405,0.0035277776109565832,-0.04694891079360805,0.04694891079360805,103.0703172886258,28.749309066253343
534,533,6,B_optimized,False,144.49697668064,86.95808949731965,776.6982924728778,1968,69.46639275594978,0.664446059854236,0.07259259614242568,98.72014791010528,0.2713938768791582,7.216871904942727,0.20430636415687597,0.22890393540597476,0.865595613835059,0.6366916784290843,132919112.87040702,3.464714612259805,0.0440838716914987,1.13325,0.04995804759439091,5.1924644234484845,14.442735041166229,4.581923162098816,12.744526839767243,1.4211209765408457,0.17095429822735542,-0.017770433232426157,0.041664855438669615,0.07759980104574024,0.005007204903314563,0.005007204903314563,123.59592342264044,58.77951273582812
535,534,12,A_standard,False,130.3001858587168,59.88455711058229,367.29046952389217,861,66.64543149640127,0.24095517716353015,0.047161455904732016,332.5704778118983,0.2046742021637621,8.205589789915228,0.21964509173070215,0.16491624795320298,0.8486471413920348,0.6837308934388318,18937718.33170183,0.4936369797372903,0.10999044708984576,1.1335,0.12467417177634016,1.4993688298993006,6.216275245070381,1.3227779707977951,5.484142254142375,4.9901466663901255,0.8797586532607338,0.001276888334265324,0.0381472865945976,0.0632415218385783,0.016080065933846283,0.016080065933846283,327.1869076970105,38.3134021780349
536,535,4,B_optimized,False,129.4591213204002,76.12215390760805,760.6392438183873,1487,53.74769137827924,0.8761869893697142,0.0568217064222359,436.0176891345083,0.5353875861540183,6.723528948430346,0.22064300768507866,0.22684242865208382,0.8741785977341997,0.6473361690821159,86099526.9105454,2.2442994280774986,0.04613632698554898,1.13375,0.05230706071986616,4.916785610678032,14.030942889859379,4.336745852858241,12.375693838905736,8.112305439610262,0.9940138664647129,0.00656504058309171,0.027913737089965248,0.06523946082645522,0.008417754404219324,0.008417754404219324,392.5092005535657,72.67757249283402
537,536,10,A_standard,False,129.27303256299228,60.64311998016938,298.4973606824776,881,58.42442825698045,0.637721933781175,0.06429865296075121,124.49773594934649,0.17695397721241934,9.846569256301411,0.22086529090602153,0.11363481117706621,0.8212469811375969,0.7076121699605307,15947695.717973249,0.41569803764644886,0.12065982919999682,1.134,0.1368282463127964,0.9417783195160465,5.864521561584883,0.8304923452522457,5.171535768593372,2.13091920047111,0.2954456044899035,-0.00916524620222554,0.05432588596051815,0.0507743588154098,-0.013524294145341412,0.013524294145341412,114.03470139944858,23.325400265220463
538,537,3,A_standard,False,129.75333988732652,59.58452343869196,399.09455868413784,865,80.32315471187574,0.4849236744778702,0.05477145164959325,230.17369469353406,0.3227279826737528,6.352613186919022,0.22029266941976772,0.24673654852662275,0.8806876433657498,0.633951094839127,20569578.109536562,0.5361735893739757,0.10549622719160115,1.13425,0.1196590956920736,2.338818696127421,6.0092300143374,2.0619957647144993,5.297976649184395,2.865595798860014,0.46644944065872074,-0.004313428865123096,0.046875421436531936,0.05655860027615887,0.0017871486265656142,0.0017871486265656142,220.10403305016345,35.80517768173152
539,538,11,A_standard,False,128.2849991223591,83.81934629302481,549.1706076435347,1169,93.70744507474978,0.4503424202791879,0.03609654593211712,183.7970657700318,0.34068314385126897,6.559558303737842,0.22205467171695628,0.23303175066662363,0.8770500961401134,0.6440183454734898,53810380.841812395,1.4026396111721324,0.07222677957361368,1.1345,0.08194128142626472,3.226389879796831,8.916614436853093,2.8438870690143947,7.859510301324894,1.9613923485313054,0.2614187378348569,-0.013198403311684806,0.04402345873710238,0.013498175045969887,-0.02259837088614723,0.02259837088614723,183.17701494812616,38.926219133326136
540,539,1,A_standard,False,118.46417011487989,66.3012823558297,323.76434476469416,631,80.42381228696125,0.2945234802181783,0.06463085433481291,195.63564904852535,0.2698990754892009,7.365286892938796,0.2347859562451736,0.17741459759198158,0.8630300761085361,0.6856154785165545,13545040.471805329,0.3530696122841996,0.13969829227875064,1.13475,0.15852263716331227,1.2699840112431204,4.907830062435507,1.1191751586191854,4.325032000383792,2.4325587594688405,0.3618274546326953,-0.001816034432188707,0.05702380108252503,0.0594372047456928,-0.005193649589120115,0.005193649589120115,144.83365987822174,25.767436390023228
541,540,15,A_standard,True,125.86791406271334,69.79488751721861,354.96963007974637,853,76.63875397373657,0.5893621860067575,0.049525683669237576,252.4255869903744,0.33170939229023527,9.322323674676161,0.22503107920474946,0.12272458786923685,0.8299029825698666,0.7071783947006298,21133130.789138243,0.5508633443808256,0.10253790393527427,1.135,0.32197367737535193,1.196870456282246,6.896751031179914,0.38116341953682886,2.1963857432861262,3.2937068245770074,0.5729033817985534,-0.0048067040829709575,0.04872238220752675,0.016278529805485213,-0.03324715386375236,0.03324715386375236,233.84345516506713,11.957009508423727
542,541,2,B_optimized,False,128.73633557118814,84.36635007879963,703.962606781134,1557,53.09853089275776,1.0340994186853512,0.04719967084077164,122.95715277946614,0.541197505656846,8.954844886078885,0.22150943399402756,0.13757547240813925,0.8360248865654291,0.6984494141572898,92471406.66550893,2.410391003757129,0.05529418055246296,1.13525,0.06277271847218359,2.4880642236411847,12.631517587906071,2.191644328245923,11.126639584149808,2.3156413315426883,0.3352891882764454,-0.013397158269543357,0.045804853195816286,0.007212444776008239,-0.039987226064763404,0.039987226064763404,136.48664718545592,40.56726007048673
543,542,4,B_optimized,False,134.76540647270068,88.77862005762293,668.3912918488058,1441,53.63174302705815,1.1333217816629846,0.07146465165691306,133.67074790544524,0.13142730316743587,8.122050628229106,0.21452510813697714,0.17510249525852548,0.8500662319734765,0.674963736714951,85507292.28692009,2.2288620398039147,0.05683942092200082,1.1355,0.06454116245693192,3.0806523433589135,11.874922822334613,2.7130359694926587,10.457880072509568,2.4923811974189616,0.3757518994717585,-0.01712648648433881,0.04038825180170317,0.08573742771966897,0.014272776062755912,0.014272776062755912,122.72424053980056,46.179414789478855
544,543,4,B_optimized,False,134.45884551973566,85.93025413588018,670.3497209039934,1660,44.46686857073592,0.8082732327361746,0.0759998153531893,192.10930723289007,0.17034128081393426,9.018926211167296,0.21486736741034712,0.1440099431896723,0.8349541012346675,0.6909441580449952,95621514.3161462,2.4925027766365906,0.044774076119270124,1.13575,0.05085215695246104,3.216368838210209,15.431790400419288,2.831933821888804,13.587312701227637,4.32027964657082,0.7892282286617323,-0.006600407091676692,0.031290372698982265,0.07005729062553427,-0.005942524727655024,0.005942524727655024,180.4168257819836,61.9289665299379
545,544,17,A_standard,False,137.31699243189476,66.77773647115008,318.76563149569165,900,61.4151206225902,0.6014206077165287,0.04710217237562773,206.0684772320092,0.2307226386330941,7.884586275288851,0.21172689544367979,0.18836400828355418,0.854113042654353,0.6657490343707988,19157802.602471128,0.49937377087587076,0.11278890785513937,1.1360000000000001,0.12812819932343833,1.6700579149634096,5.902610877532875,1.4701214040170858,5.195960279518376,3.3553378246758903,0.5879113862332508,0.0037197693538230806,0.05226221332769933,0.05437035475216278,0.007268182376535051,0.007268182376535051,245.23478986424033,33.82126063933883
546,545,2,A_standard,False,119.05332561959106,62.444616972775265,315.8386068906646,806,84.52254122702193,0.7677691702948835,0.02974828883901568,132.54838502851857,0.05621878600458143,8.422428779267996,0.23397203663085214,0.13937142116133566,0.8449747146317859,0.7056032934704501,15896271.190997006,0.41435758851016213,0.12598441299636387,1.13625,0.14314978926711844,1.1062592414932961,5.60071898331435,0.973605493063407,4.929125617878415,1.5682016075747462,0.19281862851005205,-0.017385163254417628,0.05825496317199725,0.011766346340982527,-0.017981942498033154,0.017981942498033154,95.09922163612003,21.198267478850543
547,546,9,A_standard,False,128.48355590768577,68.11879482708451,458.1114634683071,1008,86.61275108883045,0.6512075394290888,0.04364664620995547,313.8668966461285,0.29974093632844845,9.651726075656116,0.221814403752773,0.11754995760434299,0.8244535122650951,0.7069035546607522,31455648.794236496,0.8199335946649099,0.08916497536220534,1.1365,0.10133599449914638,1.3183422877293731,7.928040710931321,1.160002012960293,6.975838724972565,3.623795488544465,0.6510812802622639,-0.0007691152553441025,0.046122363696612156,0.030151232826243306,-0.01349541338371216,0.01349541338371216,333.74436082115403,35.81148047123549
548,547,12,B_optimized,False,129.58496096134024,87.27327681771101,642.913778698456,1467,46.70618522593052,1.1675491261573512,0.08021334774745434,182.31302156480476,0.2781894162256783,7.753381126795786,0.22049299970589725,0.1809442579074247,0.8563572664755821,0.6754130085681573,82312184.92552347,2.145577289223591,0.04606304503343146,1.13675,0.05236216644175321,3.928187070049313,14.662795481235742,3.455629707542831,12.89887440618935,3.9034021015183984,0.7116481334712644,-0.00284134119515762,0.03706854930501836,0.07357789090047584,-0.006635456846978499,0.006635456846978499,202.58723495558903,62.82512111958767
549,548,11,B_optimized,False,133.1701606877214,70.78725173273635,707.6706620827377,1567,50.754664882087255,0.7420670900349139,0.06667417664813084,181.96413798494083,0.44103031696868783,7.2336273792282935,0.2163207503963701,0.20913324322434035,0.8653055931311313,0.656172349906791,78497394.05823287,2.0461396585082596,0.05658301873031528,1.137,0.06433489229636848,3.6960425215400146,11.596630307658645,3.250697028619186,10.199323049831701,3.5851707110603166,0.642256317019185,-0.0015057454136501412,0.03686678891631974,0.06628904267850938,-0.0003851339696214623,0.0003851339696214623,169.8253243552006,55.857357921249694
550,549,14,A_standard,False,123.44196856983325,89.66594884589247,302.89202875907745,998,62.182675008988994,0.41091570065663974,0.09186124465722481,249.8408217203628,0.48709803505406707,8.47037171432699,0.2281177294244338,0.14482314612821798,0.8441648915893661,0.6993417454611481,27104782.95422695,0.7065224521563046,0.09835722685171633,1.13725,0.1118567562371144,1.4724199813660244,7.110222276960675,1.2947197022343584,6.252118950943657,4.017852588108285,0.7345540986544595,-0.0067276014866252225,0.05047591015517381,0.08182514449367255,-0.010036100163552261,0.010036100163552261,242.38663568185743,37.34134464362184
551,550,17,B_optimized,False,142.37625430590063,88.90927765393039,652.802136765048,1753,64.08663879080103,1.0197535244725946,0.11599831598531443,207.60117726769877,0.18327640205863507,8.74027430749155,0.20643186358961815,0.1645943834762353,0.8396203226680943,0.6750259391918589,101744411.75305687,2.6521042948901448,0.057022079983728616,1.1375,0.0648626159814913,2.886502623601291,11.837974682517354,2.537584724045091,10.407010709905366,3.239383141084593,0.5595616284896077,-0.00508655677642875,0.03409214720920506,0.1023636905009771,-0.013634625484337332,0.013634625484337332,197.54615649995213,48.76118446310039
552,551,8,A_standard,False,130.8908034351849,81.13656736779404,316.8143668643547,894,91.34532448697219,0.34942061245737277,0.05477606689587462,320.6955119827046,0.20425864542205732,8.110447737145279,0.21895084922142827,0.16934970873592828,0.8502635193817067,0.6809138106457785,22980475.81683621,0.5990168655195878,0.10002031876868157,1.13775,0.11379811767906746,1.6931530595056967,6.807754854496491,1.4881591382163892,5.9835243722228,3.510803796295482,0.6249948841726416,-0.003480655998987011,0.04773180421050266,0.05892436596332105,0.004148299067446425,0.004148299067446425,313.2179601296542,36.48690219765225
553,552,17,A_standard,False,126.89093455146545,63.176497457661824,238.87550233880893,868,87.65695525892109,0.29472628497164205,0.05754080772969991,144.54449793612795,0.2688412394007148,9.003381313706033,0.2237595656092889,0.1333747169239425,0.8352137271089233,0.7018390101849807,13099263.647466334,0.34144984260818667,0.13418000991227008,1.138,0.15269685128016333,0.9939984131104619,5.2305780171268355,0.8734608199564693,4.596289997475251,1.64897922257478,0.20570353728941426,-0.015494129562185578,0.059245790360422886,0.045766616516089556,-0.011774191213610355,0.011774191213610355,118.19984565868887,20.916922077183624
554,553,7,A_standard,False,141.81914931979736,75.18059282449349,296.9671792820427,887,91.32315942547345,0.7209836518459205,0.04360296467630791,117.30807310008585,0.4886438789495319,7.798740863766488,0.20699917484205677,0.19902338997403207,0.8555807359538358,0.6565573459798038,19803311.53741551,0.5161998253908945,0.1103033173727933,1.13825,0.12555275099958196,1.8043282352188068,5.952290117991918,1.5851774524215303,5.229334608382972,1.2845380496917438,0.15245661701673893,-0.01760530614671593,0.06033437877837132,0.033899607304708604,-0.00970335737159931,0.00970335737159931,96.66199932671967,25.605142235597157
555,554,20,A_standard,False,134.05266523352202,63.347817818668986,230.41200749326566,887,85.83525091833341,0.3832738573583201,0.11520328695468708,191.37275875641532,0.1307173815342962,8.127546009583492,0.2153228950336751,0.17376582208856864,0.8499728083451316,0.676206986256563,12946738.814164544,0.33747407864722473,0.13916744263227918,1.1385,0.15844213343684985,1.2486097236672549,4.858945263823654,1.0967147331289018,4.267848277403297,2.229535729306528,0.3163786837475464,-0.005228160928827258,0.058384904888300185,0.12369645078978235,0.008493163835095269,0.008493163835095269,169.40949576037767,24.24721303764493
556,555,11,B_optimized,False,130.1640383470092,73.17845508292145,573.6327522182623,1474,54.73499152510392,0.611563800608139,0.1498023513846672,226.0449388949256,0.29786622136220947,8.37457488256361,0.21980588583612012,0.1586934618354444,0.8457838084071608,0.6870903465717164,61874921.36504536,1.612852655696803,0.06347813936324585,1.13875,0.07228573119989622,2.49997027996269,10.824046726384438,2.1953635828431963,9.505200198800823,4.129806776187245,0.7558032385618699,0.0006773103752160596,0.03385481038137723,0.1485553101877671,-0.0012470411969000839,0.0012470411969000839,212.44255217819142,50.29894344877166
557,556,15,B_optimized,False,126.63796509380298,82.07633412457231,555.6267519655167,1742,51.12284648307435,0.8840401013726509,0.050296276656538276,125.87475082687654,0.07248996573454207,8.287361038037444,0.22407235627108008,0.15614526563357495,0.8472603769563711,0.6911151113227962,79441831.6944841,2.0707576897907742,0.05861521004046965,1.139,0.06676272423609493,2.663903541858294,11.790712868650138,2.338809079770232,10.351811122607671,2.4622015299666637,0.3686998626947375,-0.014761481147942302,0.036809736059905,0.03346255534010857,-0.016833721316429705,0.016833721316429705,110.15937031504752,43.27147328919748
558,557,18,A_standard,False,119.5055746737823,55.78905888923023,394.226328944835,891,86.53682708811318,0.7220344803456961,0.03381004593970398,117.81769163352159,0.05739183229994791,9.61327162928885,0.2333518843284911,0.10611041784507402,0.8250878342262209,0.7189774163811469,19596222.65013891,0.5108017763196266,0.10630852190337252,1.13925,0.12111198357841715,0.9981365176116496,6.763121182652227,0.87613475322506,5.9364680119835205,1.3614745952443776,0.1626658108819695,-0.021171773777548232,0.05851001682596671,0.04155104694917748,0.007741001009473503,0.007741001009473503,51.9317937788485,23.01694078862757
559,558,16,B_optimized,False,140.65556172539874,82.06596949597781,582.3167371712937,1748,64.81227796485277,0.3316613918287109,0.02313476465067805,238.80839800004378,0.0822576062143979,8.369556250000333,0.2081963880674621,0.17508015506525929,0.8458687062310466,0.6707885511657873,83534101.50678986,2.177428180661633,0.05619909432914868,1.1395,0.06403886798806492,3.1153554546598947,11.935931693793696,2.733967051039837,10.474709691789114,3.684616642074328,0.6647683039502597,-0.009835201722806875,0.03272383284265096,0.0030022976287837535,-0.020132467021894293,0.020132467021894293,233.24401076903246,51.465804868190304
560,559,18,B_optimized,False,137.95378147162822,83.88098047095664,669.9919018294506,1790,67.40941706313808,0.5756817976693753,0.06629114401306094,156.43276343653224,0.3040627767331159,7.696097865078649,0.2110422948974895,0.19706884284930415,0.8573389274440084,0.6602700845947043,100597243.96316889,2.6222018307636064,0.0456923333652337,1.13975,0.05207783695302511,4.312952049834459,14.45034726760287,3.7841211229080582,12.678523595176898,2.320636644728906,0.33640340991179246,-0.013240390393728882,0.034205619968883716,0.031687841772199424,-0.034603302240861514,0.034603302240861514,132.86524409322814,53.79809164389727
561,560,11,B_optimized,False,131.27688827610802,82.69565340848152,647.5739747208313,1625,65.04305968726209,0.8933353596161531,0.04663890464839154,114.43388969853386,0.14359367771771453,8.527981701491012,0.21849989657376345,0.15514996405625078,0.8431928051444089,0.688042841088158,87021273.57603328,2.2683259888312652,0.05240078475937504,1.1400000000000001,0.059736894625687556,2.960832834254316,13.130391925381616,2.5972217844336103,11.51788765384352,1.7593558828374796,0.22432388771658232,-0.024189190290370102,0.053961996172232,0.03244237346267226,-0.014196531185719279,0.014196531185719279,58.88724906568354,44.42589372835059
562,561,1,B_optimized,False,125.5069979032385,73.24952017180222,669.3809413959874,2183,48.17528002211874,0.5375122295598953,0.0758646402821836,339.6892156226018,0.12343263445587441,9.008850840270126,0.22548386395222503,0.1311582726043142,0.8351223676326028,0.7039640950282886,107036490.93561184,2.7900494231495463,0.056434391135929025,1.14025,0.06434931449274307,2.324084126085523,12.474026579514366,2.038223307244484,10.939729515031235,7.051110350923547,0.9828946447630924,0.003528972680789861,0.024985618259866296,0.07415204588886042,-0.0017125943933231913,0.0017125943933231913,330.35688977949127,56.500444059059575
563,562,10,A_standard,False,135.3698240929096,78.15608734131703,545.9788055286117,877,85.2072089870174,0.57876080612931,0.0432460694332324,165.55772797853186,0.1484726534134777,8.774235441518796,0.21385416957639714,0.1531393735489359,0.8390502271347173,0.6859108535857814,37422964.44439966,0.975479665373677,0.0740080134011405,1.1405,0.08440613928400074,2.0692269189673445,9.268061957939425,1.8143155799801354,8.126314737342765,1.9430014190906908,0.25788344745968167,-0.005618566994598697,0.04315017162794545,0.02213154286838583,-0.02111452656484657,0.02111452656484657,143.74747799496353,33.23375138756885
564,563,4,B_optimized,False,130.53225986136863,69.20106070163428,695.07318201915,1790,51.038011038450755,0.885389922157837,0.045262792295787474,369.0908309522923,0.32779021227034894,8.718807571162978,0.21937166304639935,0.14768711710107665,0.8399808782237228,0.6922937611226462,86098644.61516365,2.244276429867268,0.052003960590652897,1.14075,0.059323518043787285,2.8399205641968295,13.312327623890205,2.4895205471810913,11.669802869945393,7.231685236993827,0.9856801501851229,0.005568964706286301,0.02583148726962526,0.058454095191777494,0.01319130289599002,0.01319130289599002,400.4434116026256,59.39052407827793
565,564,18,A_standard,False,123.8027851499035,79.2807427731484,324.33248444446343,930,88.68472321501196,0.5494854322390941,0.07516922424376518,222.83674147884724,0.4471912763015601,6.5019498564859655,0.2276521398908761,0.22759608040618426,0.8780611883868203,0.6504651079806361,23913387.853162427,0.6233344666110416,0.09495475844763758,1.141,0.10834337938875448,2.3968896780638036,6.850263416122873,2.100692092956883,6.003736561019171,2.5126846360966817,0.38052620292342704,-0.008018836420506163,0.057363552624296474,0.06438224488989142,-0.010786979353873766,0.010786979353873766,195.55184028090463,34.63382568648075
566,565,5,B_optimized,False,134.67177337890436,86.97878943969415,593.5411166674809,1658,69.50988856251774,0.9812916241624727,0.07300181323584455,251.20492348867037,0.32797191418917354,5.507487383159672,0.2146295040946364,0.3066435484754185,0.8956999962719121,0.5890564477964936,85595058.78967929,2.231149791189024,0.05432349673552932,1.14125,0.061996690649422835,5.64476822926724,10.843492838177916,4.9461276926766615,9.50141760190836,3.613945133327824,0.6488402142222872,-0.010433054921954352,0.03795876881414975,0.046580979665384825,-0.026420833570459726,0.026420833570459726,259.07837127364894,62.13607170675611
567,566,5,A_standard,False,125.38402902897973,78.3684180083832,233.32694469068338,990,61.812422308760816,0.4539697531159553,0.059458365009972314,200.0270606426792,0.13383112617256587,9.275264538620624,0.22563863959546138,0.1233341337235804,0.8306844406069743,0.707350306883394,18102608.898797,0.4718687344297673,0.12170186180330533,1.1415,0.13892267524847304,1.0134120538181506,5.81215682654563,0.8877897974753839,5.091683597499457,3.2360333598239994,0.5587359028415251,-0.008410980595179599,0.04919544613123176,0.08277756360298288,0.02331919859301057,0.02331919859301057,225.7708846951466,27.700683762125607
568,567,5,B_optimized,False,141.9940325393029,81.48667662015133,781.9094151510812,1442,56.92911753600018,0.6997359614563444,0.10539373181228387,66.60665758618276,0.05517508866377235,8.438857446206132,0.20682068028824346,0.17458732409801214,0.8446971240755545,0.6701097999775424,91877317.90779899,2.3949052849965495,0.052542951368433864,1.14175,0.05999091472490937,3.322754423781734,12.753562229093264,2.9102294055456395,11.170188070149564,1.1699927992746912,0.13823741536346207,-0.018466153281469225,0.04406077205990218,0.06327155174560493,-0.042122180066678935,0.042122180066678935,45.16502732109601,40.855146006818075
569,568,13,A_standard,True,132.51055216085697,66.24107800624341,412.9999765100813,752,64.98940566378485,0.5991009369503376,0.05200023693907381,131.903899767534,0.013363308636110181,7.97842258338473,0.21707394694589097,0.17694653032995714,0.8525116095576971,0.67556507922774,20572887.872756906,0.5362598627830063,0.10866161483152659,1.142,0.31714696163904493,1.6284180076313266,6.217145587935204,0.5579322892310904,2.1301325913272415,2.029621573244161,0.27480508015685623,-0.014192326364351616,0.04826254219951141,0.07034386372377044,0.01834362678469663,0.01834362678469663,121.15086571909859,9.782408823420061
570,569,12,A_standard,False,126.06602064215892,68.66579412798411,299.11525287488905,774,72.63992099810228,0.49767938557447966,0.04885531298412812,207.9002275705765,0.3741627106847443,8.694313027780154,0.22478348308930485,0.14165822829828945,0.8403924779962237,0.6987342496979343,15897175.453822007,0.41438115933120845,0.13091878999539594,1.14225,0.14954198787224102,1.0820312982060953,5.337157864982611,0.9472806287643646,4.672495395038399,2.8620657169493326,0.4655709987341326,-0.0008648809120896514,0.05670404511809517,0.012280553578203679,-0.03657475940592444,0.03657475940592444,240.0067308449701,23.942850211774225
571,570,19,B_optimized,False,128.78050815078205,89.19501472766254,625.9060255657273,1583,52.85898348083137,0.6062094088651604,0.017703090229397034,259.2403589373584,0.12377825326500226,9.927309935665914,0.22145624580022163,0.11097339520370715,0.8199218905290392,0.708948495325332,88375244.61768448,2.303619056557043,0.054361497476227816,1.1425,0.062108010866590284,2.0413969510725054,13.041371710471255,1.7867807011575536,11.414767361462806,4.90437654805391,0.8703860631100275,0.001033034641897126,0.01998809873050815,0.020539439371448583,0.0028363491420515495,0.0028363491420515495,261.60464646382553,53.474766329061886
572,571,9,B_optimized,False,134.49288071093116,79.64213652649705,610.9915713696641,1857,60.746783690646694,0.7051626768290523,0.059285331292473376,98.32459863421992,0.4422707547508604,9.413531165846411,0.21482930345732595,0.1323503979606915,0.8283904951120361,0.6960400971513446,90362871.88459419,2.355429222052974,0.0562238972483213,1.14275,0.06424985858051917,2.3539883294846327,12.37979100020724,2.059932907009086,10.833332750126658,1.6185976056763507,0.2007838635144429,-0.005253121172500484,0.04433451177372275,0.04455779638073455,-0.014727534911738824,0.014727534911738824,99.81008410174967,39.342234354437544
573,572,6,A_standard,False,137.14284653058365,75.99812442926499,440.9542851387478,690,78.70179828327447,0.44461800627967846,0.042751080549832114,214.75691870163132,0.6059963522901655,8.962220572801957,0.21191505725456553,0.1496839083758807,0.8359015705079388,0.6862176621320581,23123072.054418586,0.6027338273419753,0.10662135345155652,1.143,0.1218682069951291,1.4038830265261046,6.436024679088712,1.2282441176956296,5.630817741984875,2.7287422064823517,0.4325983346563881,-0.01038162094543723,0.05747566153967541,0.048065580269011865,0.005314499719179751,0.005314499719179751,192.39022727088627,30.266028422649704
574,573,1,B_optimized,False,139.05086795936938,68.75868511458432,693.4147613599207,1908,63.0583925388649,0.6068375361631629,0.024648021193201555,132.768725307669,0.530390526833083,7.113274367167357,0.20987535056805404,0.22471980779485207,0.8673909445972966,0.6426711368024445,90970172.0351289,2.371259313453273,0.03757058156612565,1.14325,0.04295256737547316,5.9812704096511435,17.105701056857978,5.231813172666645,14.962345118616206,2.105488579110852,0.29017970664762455,-0.016732436158523493,0.043128213164121465,0.007665637109748228,-0.016982384083453327,0.016982384083453327,140.52080251388395,67.92484984104989
575,574,1,B_optimized,False,120.71239595926848,87.72903744803286,484.71408178624347,1866,50.42840343257389,0.7797572883968165,0.0818889386512026,244.49787572667023,0.19443922476016456,7.243209197030124,0.2317163710754048,0.18667798532758734,0.8651397850083452,0.6784617996807578,79348850.68765813,2.0683340153766463,0.05524288887562264,1.1435,0.06317024342927449,3.3792219981088616,12.2814322981604,2.9551569725481954,10.740211891701268,4.848415953790409,0.8639410105258939,-0.0028389212245232506,0.023175302575072734,0.08948359873958943,0.007594660088386829,0.007594660088386829,240.18019699453697,58.69078330341353
576,575,8,A_standard,False,123.80391950789284,73.13196829878486,330.25796665470386,1004,83.8813692330818,0.60440071799723,0.07069318881692566,218.08768196823397,0.4713386724805442,5.613595318632293,0.22765067977906595,0.2786109846749218,0.893801194216041,0.6151902095411192,24249024.8084042,0.6320832931577125,0.09523391817227295,1.14375,0.10892379390953719,2.925543651064842,6.459780520930304,2.5578523725157085,5.647895537425402,2.5999537675908946,0.4013012321051409,-0.005813929540454218,0.0502704351522068,0.05767862407018653,-0.013014564746739128,0.013014564746739128,159.22822587249468,36.9288228653501
577,576,19,B_optimized,False,141.2027170076334,77.03703512271115,578.8518995249373,1741,56.75551966895945,0.8204181249776163,0.1291126752027955,307.4164267701663,0.21172509808565126,8.63351347388492,0.20763133198248868,0.16652865166874675,0.8414150093198928,0.674886357651146,77636472.39343269,2.0236985828222336,0.0520897587978343,1.1440000000000001,0.05959068406472245,3.1969557070721244,12.956219672094264,2.7945417019861223,11.325366846236243,5.416502721907021,0.9180770931512652,0.0038715430738618427,0.024394762145657077,0.11993672563654531,-0.009175949566250202,0.009175949566250202,296.01716869118957,59.70636354319125
578,577,11,A_standard,False,125.04842757926909,66.85090022962365,305.77290176420536,930,83.2468165322885,0.4784041836168304,0.10392067546552587,355.5613701755967,0.09422592026980776,9.108627197461166,0.226062362988767,0.12756646094986232,0.8334575199564139,0.7058910590065516,19010310.186348107,0.49552918360543685,0.12101924824596816,1.14425,0.13847627480544905,1.0541005897721918,5.832882530982578,0.921215284922169,5.097559563891263,4.271170778496821,0.7809431000079256,-0.0003349265537420892,0.04661953590652041,0.1072767116326041,0.003356036167078233,0.003356036167078233,318.1930832693421,34.584520268261535
579,578,18,B_optimized,False,127.90529656676138,82.73602765936818,738.296551882265,1374,62.412480553736465,0.7387979753806383,0.01,270.4731955190844,0.4918775124637925,9.190178046191512,0.2225159040694417,0.12938526481981596,0.8320992445799577,0.7027139797601417,83929036.68991509,2.187722694899052,0.05221309152023547,1.1445,0.0597578832449095,2.4780234430223693,13.45857828563553,2.165158097878872,11.759351931529514,4.333639572075811,0.7914420254256577,-0.002948831492065143,0.029774963841144145,0.004544538558440513,-0.005455461441559487,0.005455461441559487,267.6382854424871,54.554879445329576
580,579,3,A_standard,False,124.74903285161513,57.047425439054685,337.54297109780197,961,91.17105811456031,0.38024978318917596,0.07377701171582586,324.0198117790556,0.4759572761395326,8.675430471276776,0.22644200743718493,0.14022852141509448,0.8407099131013297,0.7004813916862352,18504975.134607874,0.4823569490031906,0.12465043770196561,1.14475,0.14269358855932512,1.1249741597408223,5.6195662414042955,0.9827247519028804,4.908989946629654,3.553976650922609,0.6350577113355077,0.004911105450224587,0.055248650638472285,0.0451842326304466,-0.028592779085379258,0.028592779085379258,289.27398118425504,28.878722033856548
581,580,2,A_standard,False,125.4748900131597,70.9110015531361,403.0443732655331,728,91.48495298580352,0.5899740163190976,0.04632112663084637,187.91193687080508,0.1558294019750991,7.8459331417726865,0.2255242518998106,0.1704270041210046,0.8547735808496797,0.6843465767286752,20806443.97003171,0.5423478151138298,0.10159187306266712,1.145,0.11632269465675385,1.6775653306035256,6.736233481063341,1.4651225594790618,5.883173345906848,2.0540201501766626,0.27969402487637884,-0.008074992987205444,0.051396662319864686,0.020165125753966655,-0.026156000876879717,0.026156000876879717,186.32973942060772,26.800868380246573
582,581,17,B_optimized,False,136.9919729607416,74.82032457216384,493.63202638441004,1688,45.71770283232117,1.1348718480373643,0.011455312733434411,783.703203273524,0.2842419631348092,7.435722538089856,0.21207840238226738,0.20660300932873393,0.8618151704321899,0.655212161103456,62344099.83540449,1.625082420603494,0.05733721787005859,1.1452499999999999,0.0656654487656846,3.6032967242490104,11.427344845861573,3.1462970742187384,9.978035228868432,17.142226199507714,0.9999992787117018,-0.0006706267661068417,0.020413707808221146,0.005768817181355384,-0.005686495552079027,0.005686495552079027,784.8222322692739,61.37226346841993
583,582,3,B_optimized,False,136.48009889766448,93.15441368186953,750.5816777239841,1377,55.098763659409116,0.6561192360626049,0.029724080122030275,127.12348703856291,0.18904063217745548,7.174635203909235,0.21263487561728486,0.21749538127793253,0.8663271208191272,0.6488317395411947,96279834.64172354,2.5096627771987317,0.05431069797640956,1.1455,0.06221290453197715,4.004650821692699,11.946665458488892,3.4959850036601474,10.429214717144385,2.3071930946467667,0.3334089543338649,-0.01711675410680011,0.036570296386920276,0.03156760320931275,0.0018435230872824726,0.0018435230872824726,87.4493241337152,51.44294621076282
584,583,2,B_optimized,False,141.50751834878307,72.98748140653443,786.0022909723222,1332,46.08488277559428,1.0782866358510625,0.045695630172336306,173.49303357809757,0.4828902685996948,7.8365751508348005,0.20731817022967214,0.19697776568866177,0.8549335750899298,0.6579558094012681,76414612.36031732,1.9918491653874475,0.05497730863618205,1.14575,0.06299025136990559,3.582892116312609,11.967770444263794,3.1271150916976724,10.445359322944613,3.764640878504661,0.682360469625033,0.002554585804833427,0.03850957224265433,0.057331361019270555,0.011635730846934249,0.011635730846934249,155.66875611684796,55.109423447814855
585,584,9,B_optimized,False,138.30554628536123,77.3005619671506,616.7490195958626,1643,47.131356024585514,0.5917521527375773,0.10315153777094582,330.04826739178617,0.1851270105523131,7.022173746103551,0.21066641752843465,0.22778884755294598,0.8689727822988196,0.6411839347458737,78330100.2616393,2.0417789217482776,0.05752343454674047,1.146,0.06592185599056458,3.959931275797813,11.146482121558334,3.455437413436137,9.726424189841477,7.002732262140313,0.9820619856783263,0.0037950231313101344,0.02353537429522836,0.10421853516494291,0.001066997393997085,0.001066997393997085,344.9702938778315,62.94669699877436
586,585,19,B_optimized,False,120.73625704962012,80.85958962157854,676.2631490683679,1694,50.495199380157565,0.8145555139883098,0.041586261910201074,308.6945058160769,0.5043559308512275,9.755954065008588,0.23168431427222178,0.10431902494439721,0.8227366796689234,0.7184176547245262,92631919.04251066,2.414574973737343,0.05092215265253234,1.14625,0.05836951747796519,2.048598095532583,14.108155631727788,1.787217531544238,12.30809651622926,6.113343636729565,0.9574398136094723,0.00393065667868379,0.036766045894669835,0.05128759128851604,0.009701329378314964,0.009701329378314964,336.08052214089963,56.116550534698696
587,586,14,B_optimized,False,130.29132451706406,71.26254138330434,750.7178376365924,1763,58.81695630303577,1.036621081709614,0.028426722677327806,273.9519168299234,0.44804120375950623,6.697628446934399,0.21965554853775537,0.2296563425146373,0.8746315483221118,0.6449752058074745,94317081.49321714,2.4585009888973057,0.05030880336058998,1.1465,0.057679043052916414,4.564933514092315,12.820324927718788,3.9816253938877586,11.182141236562396,4.657703051114593,0.8399294239774762,0.003730314654811792,0.033228915057492106,0.009567357628462097,-0.01885936504886571,0.01885936504886571,247.006221935131,64.0428065457458
588,587,2,B_optimized,False,135.8292307761197,82.64415622870077,607.9889730760832,1689,52.42381897089492,1.0262714304506637,0.015925643581247886,298.1274091002178,0.31644053194818617,7.802946723110777,0.21334759845208745,0.18923986450305794,0.8555087699360056,0.6662689054329476,84866736.55714768,2.212165097212423,0.052266302311683784,1.14675,0.059936382175923376,3.620685912972164,12.747580677502942,3.1573454658575666,11.1162683039049,5.6868693458928385,0.9362473734758642,-0.002659921435983061,0.023143131436589085,0.008907823352054626,-0.007017820229193261,0.007017820229193261,268.79075618979414,62.135318396270364
589,588,17,A_standard,True,138.7935324443825,78.63207711388891,334.08055584710405,1114,71.27614891706207,0.4904021516557152,0.10597856511704441,86.14456098856252,0.39383753797885296,6.063781586569126,0.2101476641294542,0.2796295643458213,0.8857897741727003,0.606160209826879,29264165.10499708,0.762809638623767,0.09249460413960522,1.147,0.19616596196180283,3.023198671392409,6.553465636892515,1.425474437814397,3.09003765874994,1.208602909913126,0.1429015215562612,-0.021672176011861336,0.057477091460277206,0.06747768104161239,-0.03850088407543202,0.03850088407543202,127.53574728113878,11.210782977696649
590,589,17,A_standard,False,135.03037034888243,60.41929368772674,315.2292708044406,827,82.38576110050471,0.5733365017636707,0.014719178152774483,449.80401195014554,0.06572906229658024,8.296554861298064,0.21423035441443886,0.16908159188365995,0.8471046000354356,0.6780230081517757,15750984.020437093,0.4105704839174344,0.12806036997208242,1.14725,0.14691725945047157,1.3203272169252696,5.2945576238737,1.1508626863589186,4.6149990184124645,5.459730006031224,0.9212700819843036,0.0069881357244291386,0.05107269002604238,0.024522718155266136,0.009803540002491652,0.009803540002491652,446.0185099893737,37.17577697574955
591,590,17,A_standard,False,143.67955163209658,75.11007505340781,336.081787791479,920,71.52168452278161,0.43192102124687204,0.05959597999432095,200.71311799204574,0.19659312210387458,7.99761629024287,0.20511931267995107,0.19388975463364494,0.8521844152039,0.6582946605702551,23223678.040693346,0.6053562570527936,0.11089373716001266,1.1475,0.1272505633911145,1.748428356723827,5.936265450413827,1.5236848424608518,5.173216078792007,2.806325372944944,0.45173212576937627,-0.0023580427746966986,0.05269303766114952,0.04776449931666716,-0.011831480677653793,0.011831480677653793,191.99538592192513,30.873703447530797
592,591,19,B_optimized,False,133.83012068328128,92.89528381973992,728.0997968473563,1696,49.812655000252754,0.715948420459953,0.03259625660323334,385.39929564128335,0.37280985957563556,7.643209646360461,0.21557347311602928,0.19249728115582934,0.85824626981083,0.6657489886550007,114712415.2221823,2.9901326652353553,0.04525160552963466,1.14775,0.051937530246638185,4.253932626318981,14.712162825228614,3.7063233511818616,12.818264278134274,7.736975586612033,0.9913110442298033,0.007838521162274063,0.020717176768758012,0.04017023231716112,0.007573975713927775,0.007573975713927775,366.57964752037293,69.69378785773745
593,592,5,A_standard,False,148.14115363119404,72.65233356106954,260.9701370849381,1003,78.11752961646434,0.31863180429785665,0.05094692272726463,88.10599566226517,0.4729494909547921,7.067216733969946,0.20077517901130273,0.24197479651665244,0.8681903121898672,0.6262155156732148,19016969.717319883,0.49570277319515377,0.11165822565147139,1.148,0.12818364304788915,2.167102290089667,5.608324080196977,1.8877197648864694,4.885299721425938,1.1278645919147914,0.13329483132349743,-0.013789431539428973,0.06655535491828574,0.04465846836516874,-0.006288454362095887,0.006288454362095887,85.85030919258736,26.80850895962838
594,593,20,A_standard,False,121.75426374454128,76.00118610585866,377.79221216057863,782,83.21791369048495,0.7602610943771413,0.030006784437347906,246.9246854485436,0.5218890757554808,8.002461835587617,0.23032660292691692,0.15831321265752032,0.8521018332409919,0.6937886205834716,22453297.168544456,0.5852752483317825,0.1019583664121197,1.14825,0.11707369423271644,1.5527240993408244,6.804626682416143,1.35225264475578,5.92608463524158,2.967205911541336,0.4918022125662357,-0.00724590410472643,0.054242219675380066,0.02259170499385915,-0.007415079443488758,0.007415079443488758,277.2534194812752,32.5225716509282
595,594,7,B_optimized,False,137.86566437854063,76.07630271445032,589.5966084382395,1423,55.412436506599676,0.911013944014269,0.06052739185663179,170.72456395013177,0.052798617974127306,7.455539109985763,0.21113670749733035,0.20718607420309842,0.8614736736638956,0.6542875994607972,63827711.679593146,1.6637547493941156,0.06937085732649638,1.1485,0.0796724296394811,2.986644279570741,9.431735813518486,2.600473904719844,8.212220995662591,3.0809791937194153,0.5202337425220364,-0.003925040187500424,0.034926003982102015,0.06662616087850297,0.006098769021871175,0.006098769021871175,168.8929071609639,45.112277554045036
596,595,17,A_standard,False,130.5633530186183,76.97580399775205,224.92913843085628,834,45.91287923528309,0.7319917116145361,0.03231527389659687,284.5991259686149,0.21850583010505725,7.863132110633331,0.2193350919811023,0.17823349747744005,0.8544796069290627,0.6762461094516226,14439960.461879518,0.37639689983114927,0.1338484348124833,1.14875,0.15375838949084017,1.3316068860060903,5.052327361160542,1.1591790084927882,4.398108693066849,6.1986773800477835,0.9607844743267573,0.009320828091448142,0.046598807793597846,0.0465864814420678,0.014271207545470926,0.014271207545470926,310.107136763998,37.1151532171031
597,596,12,A_standard,False,120.59039746685254,64.44427806459717,318.9114981944139,922,104.11244039639683,0.6325677441892942,0.03532382800236474,253.73977905621712,0.10288926469722946,9.957430001917993,0.23188044161816346,0.09936719338488027,0.819428117235529,0.7200609238506487,18948963.60876232,0.49393010293762624,0.10433496482575509,1.149,0.1198808745847926,0.9523863217937414,6.9014344812708615,0.8288827865915939,6.006470392750967,2.4371706021886568,0.36289304475237655,-0.008054539421878663,0.05156794826363581,0.036057162623617585,0.000733334621252843,0.000733334621252843,238.29843766365417,27.644364863631505
598,597,16,B_optimized,False,139.73619933401824,83.1611425522538,607.0157936000138,1581,45.82429817386856,0.8842358167328452,0.07165005188180221,259.3942370636188,0.06320640816848541,8.17217721589257,0.20915429086971443,0.18100222943863442,0.8492144406288187,0.6682122111901843,79809080.69694659,2.0803305266664625,0.04575000934510972,1.1492499999999999,0.05257819823986734,3.9563320757656193,14.605728408700541,3.44253389233467,12.708921826147959,5.660626510403144,0.9346629368145575,0.005748044753623924,0.014417546008776497,0.08563318163471496,0.013983129752912757,0.013983129752912757,232.0543515323237,66.03301421491929
599,598,13,B_optimized,False,138.6507104185781,58.00451691169155,578.0597182107524,1329,58.43042574267128,0.6920121642814521,0.05034900794259221,136.6063984271195,0.2893454932208351,8.532867207974032,0.21029916970565873,0.16621803492747245,0.8431104206910529,0.6768923857635805,44561469.27752699,1.1615543499763155,0.0700781310804628,1.1495,0.080554811676992,2.3718959447794496,9.65911012932667,2.063415349960374,8.402879625338556,2.3379326214177647,0.3402753566493889,-0.006998208544038721,0.040541335820107265,0.05453353677788756,0.004184528835295354,0.004184528835295354,110.51322094662038,38.80352953661726
600,599,13,A_standard,False,123.77915257801386,57.06432479868043,403.156964618152,1243,85.66408677397474,0.441828397193859,0.06837587547032144,214.4317362902362,0.12757311985226355,7.535535224319505,0.22768256420684482,0.17983599495973357,0.8600964847254267,0.6802604897656931,28596308.807458684,0.7454010701869084,0.09381130011969471,1.14975,0.107859542312619,1.9169971499198832,7.251370452149606,1.6673165035180546,6.3069105911281635,2.503169582091218,0.3782858209588906,-0.01097181969998501,0.0436520959150819,0.0827362174655345,0.014360341995213063,0.014360341995213063,173.15515681881107,32.11016592358071
601,600,13,A_standard,True,124.95933991795465,65.73184379453697,371.2133798052902,936,74.04296724586594,0.45495230402583914,0.05697276886588045,202.86736168690635,0.2988034416560587,7.215564490325238,0.2261751680815538,0.19554172183544385,0.8656182479781471,0.6700765261427033,22838905.34247204,0.5953266415886447,0.10351678884939307,1.15,0.33003923682100567,1.888985583970714,6.47311932287235,0.5924802266510344,2.030293526906058,2.739859965542279,0.43532928493716216,-0.009709219227719359,0.04845262076607898,0.07094834469290101,0.01397557582702056,0.01397557582702056,196.8567004579078,12.201878077563657
602,601,16,A_standard,False,121.54276100689381,77.11301854021606,391.3224401090473,1093,99.27369755230228,0.7073491168844697,0.01,274.9301499223595,0.20051350478856256,7.977042286551352,0.23060709187109335,0.15888692020897244,0.8525351442640462,0.6936482240550738,32982427.65520939,0.8597311295345538,0.0888535996233574,1.15025,0.10220385296676684,1.788187770472779,7.806641790488935,1.5546079291221728,6.786908750696749,2.7694158342144224,0.44260802327529075,-0.004033169880719219,0.04545016447967316,0.0,-0.01,0.01,290.20298379096505,34.08824190373531
603,602,15,B_optimized,False,133.71435034467322,79.68856639612127,680.8382479275323,1239,64.05109409566649,0.9231899874296149,0.037130598302306146,343.3708966527442,0.34670096848939735,10.503926004852225,0.2157041071262457,0.10375323079153481,0.8105206013152557,0.706767370523721,67221974.64306512,1.7522307573468583,0.059558591416890835,1.1505,0.06852215942513291,1.742036343091055,11.866757653427,1.5141558827388568,10.314435161605388,5.3608904188254245,0.9137959722196887,0.008065976794671977,0.02900189448204423,0.04384043886695964,0.006709840564653492,0.006709840564653492,344.43617477511447,50.19890153149175
604,603,3,B_optimized,False,123.92197793327712,77.49566171259036,754.2172147308995,1733,54.366367672095905,1.1724984344104745,0.01880535924014755,235.4130689304035,0.41029281813826723,7.71257230510604,0.22749884274062565,0.1729761986572896,0.8570564904016184,0.6840802917443287,101291358.17232619,2.640294846817582,0.05622094099903411,1.15075,0.0646962478546385,3.07672186881862,12.167713303768455,2.673666625086787,10.573724356957163,4.330123181123091,0.7908610096590365,-0.003549992399867439,0.031201315038385583,0.012909065789543586,-0.0058962934506039625,0.0058962934506039625,222.79511830972962,55.39047416172581
605,604,17,A_standard,False,121.58490181681269,65.66396877179223,345.44680290968336,1045,76.52568829513805,0.44692549436488804,0.05663738863318626,123.8845417064644,0.23274364929414024,8.361437803364822,0.2305511397557374,0.14547674758376875,0.8460060601807957,0.700529312597027,23704161.44211287,0.6178807001211851,0.10563475097158277,1.151,0.12158559836829178,1.3771675158575802,6.6316179680821055,1.1964965385382973,5.7616142207490055,1.6188621685920233,0.20082632120788885,-0.01954456521349377,0.05195361144670719,0.062366768690713184,0.005729380057526927,0.005729380057526927,94.24302140517709,25.634087736102
606,605,11,B_optimized,False,132.2671125068711,73.45201918071692,633.4298361094552,1464,53.378808053598334,0.8943401330125262,0.01,230.91230598108396,0.13495519986668164,7.17160148490946,0.21735353935257606,0.21039407365142182,0.8663796862747283,0.6559856126233065,68115089.49034932,1.77551099143049,0.060426171674526186,1.15125,0.06956563014029828,3.4818368898938123,10.85598498870068,3.0243968641857215,9.429737232313293,4.325917239463684,0.7901644963936164,0.0038151664904350364,0.02671619566212543,0.003751670433849826,-0.006248329566150174,0.006248329566150174,234.9530925507681,55.348200462462785
607,606,7,A_standard,False,128.84572497183797,64.44765340913887,431.88223266898615,944,81.32519385828057,0.4051165945479054,0.05641822138674657,712.380265169808,0.3796567570861173,5.244727961598249,0.22137777491262758,0.31315211810680765,0.9004194585003777,0.5872673403935701,26275103.8437174,0.6848957554714432,0.10239358783576108,1.1515,0.11790621639287888,3.058317661542463,5.735391764331421,2.655942389528844,4.980800490083736,8.75965037859265,0.996857691739353,0.0019303082846599774,0.04085551837087909,0.057274316065357544,0.0008560946786109747,0.0008560946786109747,681.2031120107711,49.55168211032369
608,607,11,A_standard,False,120.26625265290875,55.42919726460289,414.7289437738854,781,75.12884189602373,0.780835201345468,0.01,461.4298063678797,0.0694715734848168,7.210168668068344,0.23231774420699397,0.18729879177177478,0.8657116674629741,0.6784128756911993,17953700.1923466,0.46798722965599987,0.10869813364099046,1.15175,0.12519307542101077,1.7231095465759103,6.241255971623853,1.4960794847631085,5.418932903515392,6.141846389785775,0.9585862419924442,0.0010822322368859568,0.032088307065493454,0.015416072208281329,0.005416072208281329,0.005416072208281329,431.16632517746405,42.01469673975186
609,608,20,B_optimized,True,137.49820888883374,88.65160375702825,535.5875756078838,1757,57.987522825724554,0.9132712758141343,0.02677236533969153,57.69368621123323,0.11884443913331957,10.380709527353762,0.2115315242359025,0.11126424635939597,0.8125204543202849,0.7012562079608888,83423585.5601705,2.1745474345682316,0.053825351158513744,1.152,0.17566409999012983,2.06713461156485,13.028362897173011,0.6333920611305762,3.992029151091719,0.9949327613911976,0.11867192022426708,-0.022806994759825727,0.04172878329074981,0.0,-0.02677236533969153,0.02677236533969153,75.11306133387481,9.694549231652019
610,609,18,A_standard,False,136.73701567310107,84.02118043640752,381.22987029733724,1027,96.51991837443339,0.49284834775791914,0.031099710184787473,226.36120270836437,0.1932168564301357,8.595390294724766,0.21235513122749744,0.1611732776605337,0.8420568022636412,0.6808835246031075,32896231.08044083,0.8574843004241418,0.08708023194119849,1.15225,0.10033819725424596,1.850859535713766,7.81903664499744,1.606300313051652,6.785885567365971,2.3452278713107977,0.34191495622768575,-0.012366373894956931,0.05207009006205308,0.015756148229820174,-0.015343561954967298,0.015343561954967298,204.5213339505807,31.79247191282616
611,610,17,A_standard,False,122.65797170065989,76.60570913140248,414.928204411948,720,78.9501529369412,0.7652637992770768,0.05267831911535125,334.6487026215613,0.06541940269652462,9.640924201053451,0.2291374007253671,0.10979982848013013,0.8246316443751137,0.7148318158949836,22885825.923069697,0.5965496893332599,0.10658798076396964,1.1525,0.12284264783047502,1.0301333010827258,6.706495523898892,0.8938249900934714,5.8190850532745255,4.238734064123356,0.775343582939306,-0.002452462715812043,0.04521313679168487,0.05562985790753966,0.0029515387921884087,0.0029515387921884087,319.6942499456473,35.6936861749847
612,611,10,A_standard,False,152.47655176077114,76.15916785019812,402.5296488082504,1092,81.4948410073951,0.29024121339649966,0.04947620572508995,202.67027363823658,0.05425051529959617,7.652277765068024,0.19676184405288855,0.22186719779026534,0.8580906303437288,0.6362234325534635,33476704.812389575,0.8726151253121821,0.07706455651143443,1.15275,0.08883616751855604,2.8789784543475037,8.255720416156084,2.49748727334418,7.161761367300875,2.486909246437399,0.3744692607050204,-0.011713300304425914,0.037189421700185785,0.051139911037883,0.0016637053127930498,0.0016637053127930498,185.76597462021365,40.10705890098374
613,612,16,B_optimized,False,128.45731648469715,77.39005054700938,552.5563859941866,1800,38.77224464934764,0.9344309956401415,0.1345486860627305,178.85700508047745,0.3457829222069543,5.643168896243338,0.22184611913236565,0.28595663108031105,0.8932726925485794,0.6073160614682684,76972259.95589326,2.006384996474187,0.05517642610678493,1.153,0.06361841930112302,5.182587044091781,11.006803164324339,4.494871677443001,9.54622997773143,4.6130165198853605,0.8338297694329022,0.0004948875260757817,0.025792015580878402,0.1482468972961524,0.013698211233421909,0.013698211233421909,194.03171077184953,64.58295966532381
614,613,8,B_optimized,False,138.78764838072945,78.5801801032513,685.5139479233486,1489,59.29453965278294,0.5078046785289719,0.021703442177695615,195.09637155140146,0.42927140657062834,6.891290996537554,0.21015390070791268,0.23498544948601993,0.8712504329910159,0.6362649835049959,80209168.33225916,2.0907593464675958,0.057329411180018,1.1532499999999999,0.06611514344335574,4.098863823110806,11.098404299096732,3.5541849756000925,9.623589246994783,3.290292372516038,0.5720677090570454,-0.010173167410104315,0.04028377287406557,0.011970807465522385,-0.00973263471217323,0.00973263471217323,190.88513465374575,54.19233515949799
615,614,14,B_optimized,False,140.45035978360383,76.98245700168744,815.9704772054843,1706,79.81508642995891,0.8920449346412578,0.04858503762555446,282.0580257374903,0.2976806189187825,8.397024761044168,0.20840926799475226,0.17377085311981844,0.845404138774519,0.6716332856547006,107163093.17245658,2.7933494799319623,0.050251834148283145,1.1535,0.057965490690044606,3.4580002116351674,13.36534868902187,2.9978328666104614,11.586778230621475,3.5338936328159973,0.630390781248319,0.0010657268859836514,0.03299508626131003,0.040677797506279395,-0.007907240119275065,0.007907240119275065,253.05586504229495,55.82144635273594
616,615,13,A_standard,False,126.38892439228484,77.74180309423579,319.2375540657177,924,92.03782153025446,0.5777277324176753,0.015195003736936843,131.21222596582615,0.0710766165170422,8.23761386093645,0.22438132844080075,0.15749418511555016,0.8481037726928299,0.6906095875772797,22931927.23525933,0.5977513817500872,0.10940428102533534,1.15375,0.12622518923298065,1.4395614471345815,6.312454879323703,1.2477238978414573,5.471250166261065,1.4256337642965002,0.17159484085315432,-0.014380767452349322,0.05829088936452387,0.030630688652882918,0.015435684915946074,0.015435684915946074,102.6652320487904,23.73985553496031
617,616,5,A_standard,False,130.57614113533643,74.61366689234721,255.92707618160665,582,85.85139457461077,0.8106623898824923,0.1255713841382678,375.6047672365256,0.14722322176281563,7.9895762034217706,0.21932005518527406,0.17337917951580686,0.8523214589557578,0.678942279439951,11113672.729571018,0.28969275727532257,0.15244255432930653,1.154,0.17591870769601972,1.137341080898402,4.453758220118113,0.9855641948859637,3.859409202875315,4.37505726141815,0.7981960015173745,0.010655240537952894,0.05079845675035924,0.11797925266397623,-0.007592131474291566,0.007592131474291566,363.14714257760306,32.54519930416524
618,617,6,B_optimized,False,135.76120185777506,64.6654730258794,685.4352499382958,1481,54.018590231082236,0.5966480850322946,0.07846571311303362,214.52594785829132,0.3747389156488868,7.469750987563681,0.21342242764360098,0.20306840430951914,0.8612288452925182,0.6581604409829991,65643836.10015608,1.711094463613704,0.06085373023101796,1.15425,0.07024041811915248,3.336991890860496,10.81544941426657,2.891047772025554,9.370109953880503,3.971335552086536,0.7253856215979938,-0.00919498488825604,0.03719364127696885,0.09147011061442896,0.013004397501395343,0.013004397501395343,216.19025044341177,52.374826881567884
619,618,2,A_standard,False,119.63727052427171,68.04536915856377,379.42534880898364,859,79.45651934865928,0.5044626116988293,0.06968868242981738,144.4403504975049,0.325443082704595,8.939715686803243,0.23317204416619228,0.12437031146764316,0.8362778925834482,0.7119075811158051,22177780.480000917,0.5780935370180083,0.10859308377593205,1.1545,0.12537071521931356,1.1452875923872408,6.555735930519622,0.992020435155687,5.678420035097116,1.817853987080572,0.23466655681758467,-0.020131923843200075,0.05497540590177062,0.07418822101106122,0.004499538581243842,0.004499538581243842,132.49809883198378,25.04507985320673
620,619,3,B_optimized,False,116.61732080212562,70.94410847938431,615.1793104413873,1268,54.046999730269356,0.6820226118604401,0.037894261424327606,364.88605216089314,0.4754534074776117,7.498653325999038,0.23738260188699967,0.16862974302928743,0.8607311585983302,0.6921014155690427,55339764.92699935,1.4425050546984606,0.06560193665916043,1.15475,0.07575383635716551,2.57049946414563,10.550014996735618,2.2260224846465726,9.13618964861279,6.751273039797184,0.9770511917343615,0.006399941127359385,0.028806608353718628,0.05859571177408476,0.020701450349757157,0.020701450349757157,360.9364275015814,52.05599503722475
621,620,9,B_optimized,False,127.33146982372918,87.68874788896173,718.9565570165256,1622,60.94885600079747,1.2323883562377007,0.048091450843840665,109.76246689190414,0.49333805270783354,8.3078168701627,0.2232173771773429,0.1565391576257817,0.846913819531662,0.6903746619058804,102258017.24011032,2.6654921094602426,0.04973445718172965,1.155,0.05744329804489774,3.1474990679759065,13.881214373834466,2.725107418160958,12.018367423233304,1.8008946204087568,0.23163440272852187,-0.01165278058592488,0.04521522906507066,0.04676870510855842,-0.001322745735282245,0.001322745735282245,102.4857855252688,47.71905569340017
622,621,10,A_standard,False,143.6487340650211,68.68988716702239,388.2262461582,978,91.10390972357463,0.4603993261598306,0.08641844760051265,171.36280964197226,0.6248082510009083,8.195328165032604,0.20515011526496676,0.1861369626916418,0.8488213292383803,0.6626843665467385,26080538.26891798,0.6798241433045195,0.10100080876174311,1.15525,0.11668118432200374,1.8429254673666176,6.561178813032918,1.5952611706268058,5.67944497990298,1.880959995700704,0.2461893963114293,-0.0185739965256072,0.061350443219003764,0.024643717655510107,-0.06177472994500254,0.06177472994500254,157.5396892160192,22.576336740856178
623,622,4,B_optimized,False,146.3171349513365,63.12039482496023,628.4451227971929,1515,68.1626613455837,0.749347678068238,0.09320581460732942,170.09783422782274,0.1724036370330912,7.631497556637788,0.20252395289258832,0.2131922258101468,0.858447330504643,0.6452551046944961,60096571.97932083,1.5664975983287155,0.0636917819836771,1.1555,0.0735958540821389,3.3472485644189325,10.130900480376916,2.8967966805875656,8.767546932390234,2.495469379715519,0.37647654842472583,-0.013036854402558926,0.03709627943879525,0.06731978796468664,-0.02588602664264278,0.02588602664264278,139.98226279340318,42.874390897166734
624,623,9,A_standard,False,138.95600544642332,66.579485083263,426.3330393796996,872,105.38483229427952,0.32483721236023705,0.08487666617092438,577.3227209497832,0.27728440921942177,7.1187039489604365,0.20997563472246927,0.22430369141883838,0.8672967583097053,0.642993066890867,24751749.85368987,0.6451874944477741,0.10140712256307063,1.15575,0.11720128190226889,2.211912593016646,6.340709120219385,1.9138330893503317,5.486228959739896,5.4782335216670575,0.9226017517318336,0.0008502373782153872,0.039422462846842886,0.08975966670860838,0.004883000537684007,0.004883000537684007,600.5306170295602,44.02939205524372
625,624,13,A_standard,False,132.3753269658889,91.07792603532,284.4575107468295,986,83.17410448799421,0.6623514581652871,0.1320748669227068,161.63944400046773,0.1414953686051542,7.572669913277039,0.21722914625766432,0.19301167104839118,0.8594579335700888,0.6664462625216976,25545090.92225511,0.6658669914245837,0.1028449503659341,1.156,0.11888876262301983,1.8767248208262395,6.480106803011772,1.6234643778773699,5.605628722328523,1.9433866465469385,0.2579571790025563,-0.016908178997507194,0.054052625708405265,0.10299318981730594,-0.02908167710540087,0.02908167710540087,137.58731871961533,26.489801749686904
626,625,5,B_optimized,False,131.72077324182973,73.86947720307435,615.9543304372214,1521,62.799742755473076,0.6519651791411546,0.07826450250432833,83.42042614035583,0.1696898604643373,9.873621782697747,0.2179842107003889,0.11621728992991785,0.8208027652073624,0.7045854752774445,69205841.2673286,1.8039428966579425,0.0631241027643534,1.15625,0.07298724382128362,1.8410921476977653,11.161908754690904,1.5922959115223918,9.653542706759701,1.3283561759985973,0.1582051374735043,-0.01943147237941376,0.04447739419431046,0.05415875431479176,-0.02410574818953657,0.02410574818953657,79.62865129198507,32.394984709069355
627,626,7,B_optimized,False,123.09514066122603,76.80223954968189,563.7386804874263,1956,37.755144971331596,1.0305165157802785,0.040265569198707135,169.3234421114709,0.2621070303175321,9.112447863266178,0.22856745423319205,0.12457977441282031,0.8333938351367005,0.7088140607238802,84687745.06441624,2.207499444343212,0.06001165310695096,1.1565,0.06940347681818879,2.0759263903428553,11.811273711468223,1.795007687283057,10.212947437499544,4.484777961786198,0.8152931791623644,-0.0027107172300240377,0.027468371057080773,0.04316579946793016,0.0029002302692230225,0.0029002302692230225,114.68754149194216,50.17859614074482
628,627,8,B_optimized,True,142.41148432986162,93.94897493833253,776.760395982172,1325,59.50719070130197,0.6104645994315246,0.03928087969437418,270.0548813722143,0.19586612626240402,9.020388731281978,0.2063961150079563,0.15539683780541247,0.8349296788484937,0.6795328410430812,96692991.94216429,2.520432275317445,0.062033182766773595,1.15675,0.1679363886026662,2.505059886894061,10.95434428373478,0.9253315442734569,4.046370454296484,4.53818905227374,0.8232013124855725,-0.0055634016167696405,0.02383800600351747,0.042006018050289404,0.002725138355915223,0.002725138355915223,259.90098931240925,21.81928926460274
629,628,11,B_optimized,False,135.08013354926203,86.14883012397095,421.4712874253903,1669,75.5754411619334,0.7105161711620647,0.02804695310497751,313.08214253222366,0.1406453272097568,7.213536293225185,0.21417510599347878,0.21332042516007368,0.8656533615787214,0.6523329364186478,60600152.1737014,1.579624090224701,0.06716679403461116,1.157,0.07771198069804512,3.1759804562080083,9.712134482442314,2.7450133588660397,8.394238964945819,4.142643929281091,0.7581647368287586,-0.00719338513482669,0.03176885513491952,0.007944604975063484,-0.020102348129914023,0.020102348129914023,278.0209832135483,49.53133622490525
630,629,8,B_optimized,False,141.62964293374634,75.54263578357521,721.8073280251342,1421,59.97952837407572,1.0498104335972334,0.044173957880887224,612.8194812064717,0.3409546735510837,6.56231072703311,0.20719301743909568,0.25674678275433976,0.8770018172066516,0.6202550344523119,77483191.11151092,2.019703101015354,0.0539854778595621,1.15725,0.06247469425297823,4.755849034479999,11.489294140654719,4.10961247308706,9.928100359174525,10.217144045956584,0.9992666428072061,-0.0032471948848758056,0.022336241161077686,0.047520858530368984,0.00334690064948176,0.00334690064948176,588.2989954065467,67.40482478584558
631,630,15,B_optimized,False,136.6617520513162,90.43610957692441,608.2629555982217,1763,45.763184693826005,0.808553513061592,0.043777771853361444,414.358463599935,0.13212983264185654,9.096494215758621,0.21243698959115265,0.1447956491151746,0.8336597909937189,0.6888641418785443,96980752.94106604,2.5279331509718395,0.05287524105200462,1.1575,0.061203091517695346,2.7384395084414477,13.028104045918631,2.365822469495851,11.255381465156486,9.054406208225208,0.9976580021991037,0.006066094562991842,0.023448806530843667,0.05386848493527803,0.010090713081916586,0.010090713081916586,474.81606961305124,58.449126206239946
632,631,7,B_optimized,False,137.751354817273,74.07587343599104,613.0693341693549,1654,57.25463699534891,0.4876805909746942,0.024658442525269334,239.41362715320804,0.38201374065968063,8.904767260449944,0.2112593368459968,0.15240478688587095,0.8368626288425596,0.6844578419566887,75114171.15455878,1.9579514244931842,0.05951683527155128,1.15775,0.0689056160356385,2.5607004503937327,11.500239198434931,2.2117904991524355,9.933266420587286,4.181558729865964,0.7652279517890541,0.00010850947712028004,0.03530788302501313,0.02183644545958119,-0.0028219970656881456,0.0028219970656881456,240.0310119073425,51.20910256701299
633,632,9,A_standard,False,119.22557960976347,74.44729625039554,286.54982585059855,798,81.16760087872566,0.3844807876038969,0.06321622215342787,147.3028373899138,0.3786986498155823,8.137248976682553,0.23373535965507733,0.14927533144778268,0.849807879184782,0.7005325477369992,17023622.10092781,0.443743499132285,0.1231622931618271,1.158,0.14262193548139576,1.2120213712783408,5.68788165397786,1.0466505796876864,4.91181489980817,1.8147984638600108,0.23411823542590457,-0.010753255738087148,0.06632452477186938,0.06818776363102186,0.004971541477593988,0.004971541477593988,166.67173613843968,23.887764463779877
634,633,8,B_optimized,False,137.1780554862871,88.07279842987205,802.3083640506031,1668,44.75450198927146,0.9087979228645239,0.06176117756388331,456.88873384819027,0.2882362597455413,7.629460112416539,0.21187698180153267,0.19859117162727516,0.858482311988422,0.6598911403611468,117863453.43314947,3.072268694415532,0.05311663170511063,1.15825,0.06152233867244438,3.7387756951495037,12.423437239482475,3.227952251370174,10.72604121690695,10.208777073593971,0.9992604856429955,0.0005904419142377473,0.021578235707002538,0.06303526878838042,0.0012740912244971134,0.0012740912244971134,478.23753585338653,63.74013570144814
635,634,4,B_optimized,False,139.184929871526,69.12898203261588,585.7282017019954,1430,64.86242951415088,0.7207068235906983,0.03983626010623596,186.37745562247676,0.224610254639932,6.536055345764968,0.20973382482711972,0.25389565919068324,0.877462458480862,0.6235667992901788,57901835.89397872,1.5092888642292595,0.05669785474809767,1.1585,0.06568446472567116,4.47804701463069,10.998066894428677,3.8653836984295977,9.493368057340247,2.8734269903013,0.46839892566272356,-0.00738839868797375,0.03606026871993505,0.04845094220552452,0.008614682099288555,0.008614682099288555,201.0506821083127,53.90046987989796
636,635,14,A_standard,False,131.68533502179696,66.28959646918852,382.1930186415439,743,81.70627083619081,0.4857787160915017,0.03454386256739571,163.6052951448272,0.09103801341090052,8.867400444378502,0.21802527269439814,0.14466748165930418,0.8374882804381015,0.6928207987787973,18824217.78746312,0.4906784361115387,0.12177586839163304,1.15875,0.1411077874988048,1.1879815235154092,5.689311092002852,1.0252267732603315,4.909869335061792,2.0023591025569143,0.26940550183522444,-0.00934865080356919,0.056423273481003816,0.028039093056925077,-0.0065047695104706316,0.0065047695104706316,146.67559075465627,24.288264015002586
637,636,5,A_standard,False,121.02855163186196,73.72397419333024,345.0183107802839,891,93.10429500831518,0.31482465803110826,0.06665098982859953,182.35299387027982,0.25300481226886157,9.186135114965909,0.23129249565590929,0.11947070116911689,0.8321665297005865,0.7126958285314696,22663583.846811112,0.5907566521060043,0.11333649240252358,1.159,0.13135699469452483,1.054123862813816,6.288317323252546,0.9095115296063988,5.425640485981489,1.95858841801008,0.2608777200626252,-0.013077571379339362,0.058658262268793934,0.07945985054632745,0.012808860717727924,0.012808860717727924,209.03492810978733,23.669115649386057
638,637,6,A_standard,False,141.69884210778687,61.91304865714946,217.99668726002102,904,74.00802264967078,0.7335341900146148,0.012521665831827244,125.22321175031931,0.3391744708491557,7.320907571508806,0.20712218379523148,0.21951771060946723,0.8637964299438836,0.6442787193344164,12201142.912906075,0.31803912337145585,0.1446970077366098,1.1592500000000001,0.16774000621866492,1.5170853498854149,4.452605685579823,1.308678326405361,3.8409365413671104,1.6920221249942604,0.2128254155309009,-0.012666791888181185,0.06915571098817133,0.0,-0.012521665831827244,0.012521665831827244,136.53314124718727,22.226114477638088
639,638,16,A_standard,False,136.47355785482537,82.03605374871381,376.25757146279335,858,77.21682440288339,0.6732327966088524,0.12897814363949409,178.46071720602214,0.13672221187203332,7.237400399260377,0.21264200953170215,0.2146008764499221,0.865240299287977,0.6506394228380549,26483616.893346965,0.6903309272409296,0.09924627113054553,1.1595,0.11507605137586754,2.162306694300309,6.555807240175538,1.8648613146186364,5.653995032492918,2.311163643235219,0.3342919814526617,-0.014628000742120385,0.04507511991254453,0.1212499270765053,-0.0077282165629887906,0.0077282165629887906,167.61381795710392,31.95955376809609
640,639,19,B_optimized,False,148.6645826913366,88.58606265431325,588.793776137443,1462,47.352939295776594,1.107970297306049,0.06621877188589084,198.0914510120853,0.36318383012714994,9.241061925008804,0.20028008459264737,0.1571113225506298,0.8312528665804572,0.6741415440298274,76256344.46602334,1.9877237008536406,0.055534734903764926,1.15975,0.06440640880464138,2.829064059149377,12.139097183015897,2.4393740540197255,10.466994768713857,4.183297889382614,0.7655402548492812,-0.001822366226505472,0.02735493267120348,0.0607685781058359,-0.005450193780054943,0.005450193780054943,200.02924451144256,53.305108659929225
641,640,14,A_standard,False,130.7635123079019,64.71144723354288,220.33039595077318,1047,64.62557050873359,0.4952622876180304,0.02612632188336878,305.64460914355084,0.5043054063292963,7.358135537106518,0.21910002311906807,0.19945479370621033,0.863153521639719,0.6636987279335087,14928020.034715232,0.3891188259495236,0.12827910743363988,1.16,0.14880376462302225,1.5548501832957513,5.173864561513628,1.3403880890480615,4.460228070270369,4.729468641243881,0.8493444410256006,0.012211653046731198,0.050301611314305356,0.023934091958491714,-0.0021922299248770642,0.0021922299248770642,297.621592788185,37.45409288623799
642,641,19,B_optimized,False,140.82603801575513,76.75093083623211,638.2645184972423,1767,55.59394907753619,0.6787626104731733,0.022116007058379353,184.7470875738136,0.42746666179498144,9.779060207856382,0.2080199342126863,0.13077990789806362,0.8223565620812698,0.6915766541832062,86560728.58074982,2.256321267009826,0.056748332900690805,1.16025,0.0658422532480265,2.3045594683270707,12.186730760768967,1.986261123315726,10.503538686290858,3.323151001850024,0.5800919829156032,-0.003505947418010584,0.03547137836179452,0.03230793043518124,0.010191923376801883,0.010191923376801883,178.29538887494928,46.370241206562405
643,642,18,B_optimized,False,125.51796409292679,71.77196607246984,687.2462647231015,1919,48.13775998406522,1.0102451947451854,0.03469170715755784,124.37123050537838,0.7205486972078595,7.89094824213429,0.22547007379976752,0.16877772228676233,0.8540043727908478,0.6852266505040855,94654704.92706995,2.4673015956682196,0.05409837072069279,1.1605,0.06278115922136399,3.1198300436468474,12.666308455792075,2.688349886813311,10.914526889954393,2.583652221178308,0.3973910240402963,-0.014775241315652,0.047153844667313205,0.03389109606135797,-0.0008006110961998672,0.0008006110961998672,115.78649014284036,48.81303306594727
644,643,10,B_optimized,False,137.67996909167343,78.2628510953895,610.2329795936417,1686,50.62841553961607,1.155139606473143,0.04743556775308663,106.90387609920033,0.23345125306122064,7.61343829313335,0.21133600602280445,0.20008887403308065,0.8587574450365975,0.6586685710035168,80520953.7668201,2.098886451198322,0.058823435824262686,1.16075,0.0682793031330129,3.401516270332355,11.197383521957386,2.9304469268424342,9.646679751847847,2.111539043040947,0.29142753396773413,-0.01439681326792952,0.04038171047054594,0.0060304342435465105,-0.04140513350954012,0.04140513350954012,108.86730256851078,41.28596559271667
645,644,16,A_standard,False,110.50899469402142,74.00868346097973,283.83204136886366,798,68.16132137360026,0.3268776596619608,0.04913238384972017,241.75720387158557,0.30532252626095946,8.045108001213396,0.24649305517599293,0.13764694378459247,0.8513753655774272,0.7137284217928348,16762816.493190043,0.4369452518330471,0.12415872840057805,1.161,0.14414828367307111,1.1086368679654715,5.748515879528868,0.954898249754928,4.951348733444331,3.5468385735435755,0.6334018053515734,-0.0054709677654935845,0.046312537538339534,0.054706888907263884,0.005574505057543713,0.005574505057543713,276.3937734585897,31.319843308376665
646,645,7,A_standard,False,122.13267217072776,78.52782103794507,444.61769610020747,938,74.8219999730203,0.7303860573863948,0.03850237392802218,227.3087397518738,0.23664178275943523,7.61336826563598,0.22982682951859923,0.1738162989812566,0.8587586477701341,0.6849423487888775,32750137.61974159,0.8536761787995732,0.09107709825043629,1.16125,0.10576328034331914,1.90845231479939,7.520467405598271,1.6434465574160517,6.476182911171817,3.037993368712918,0.5094971997748373,-0.004508647437099172,0.048509034455489125,0.04360090917584535,0.005098535247823173,0.005098535247823173,186.02882949151072,35.935997611653704
647,646,10,B_optimized,False,141.8488846086193,82.21875343776172,508.35269625177034,1438,66.88920516688395,0.6298113552376859,0.017567377414763614,171.4320239637361,0.10812611089468566,9.126212386347682,0.20696879912440885,0.1512469695724273,0.833164441339517,0.6819174717670896,60102827.739280686,1.566660663086489,0.06784820276838015,1.1615,0.07880568751547354,2.2291964031641847,10.050634268014674,1.9192392623023546,8.653150467511558,2.562925116781176,0.392438186319027,-0.016122426759620227,0.04657726383959743,0.0,-0.017567377414763614,0.017567377414763614,189.5753379112155,37.941335205115664
648,647,11,B_optimized,False,142.21620483921689,76.0420125557943,572.0871637206411,1661,55.82765731914958,0.7613573958483615,0.0666578020862732,178.26516612601722,0.19715348580027775,8.885810139575387,0.2065944583836533,0.15949237985766657,0.837179979119441,0.6776875992617744,72257917.07513186,1.8834993383213063,0.05317002779520691,1.16175,0.06177027979108163,2.9996670393323406,12.745669456333546,2.582024565812215,10.97109486234865,3.193133559356252,0.5481338643822259,-0.006541359599805976,0.03402573591527414,0.05064249865034895,-0.01601530343592425,0.01601530343592425,161.00410485997315,49.58869687467672
649,648,20,A_standard,False,135.50208905279896,73.07814835363995,477.7415312464981,908,79.44063005939577,0.44511024094292795,0.09222406783744767,262.0267679032463,0.038433720861190936,9.088106292750831,0.2137080265198999,0.1433879678380259,0.8337996562080083,0.6904116883699825,31700519.577575047,0.8263164794346551,0.09216825166658256,1.162,0.10709950843656893,1.555719732611724,7.490775574951098,1.3388293740204165,6.446450580852924,3.298397403285138,0.5740507020642598,0.006471269957152009,0.03867304616446866,0.07819120809828158,-0.014032859739166098,0.014032859739166098,282.60733482699055,34.316867653832595
650,649,17,B_optimized,False,132.4403701016454,84.43162804796259,765.3200470818067,2037,50.52638021019424,0.8777250548288902,0.05998410633895481,411.3207651182588,0.4462935290462853,8.184519740694062,0.2171544619741332,0.16909324328293587,0.849004837494297,0.6799115942113612,131625272.15517648,3.430988921987056,0.052482647172385904,1.16225,0.06099795667610552,3.2218886125832733,12.95497904246532,2.772113239477972,11.146465082783669,8.140713096943177,0.9941805501301852,0.0017439785483879125,0.03497833828286663,0.05779264992640528,-0.0021914564125495306,0.0021914564125495306,402.74526498560283,61.53685584136762
651,650,10,A_standard,False,139.70306953378525,70.7557599345571,264.90405420696266,713,97.6908332577012,0.3342192738773722,0.09200604905189502,154.86634947208435,0.18609521196559745,7.543645501691637,0.2091890094725826,0.20637760992363216,0.8599569836185009,0.6535793736948687,13364106.705258189,0.34835333144791175,0.13541077418420336,1.1625,0.15741502498913643,1.5240855919108067,4.826642323200848,1.31104136938564,4.151950385549116,1.5852700228644623,0.19548908656853137,-0.0016112522312556644,0.0693186028832175,0.08629373409244179,-0.005712314959453235,0.005712314959453235,152.72602455823233,23.23167054681485
652,651,14,B_optimized,False,141.98966667112876,75.33604893068745,656.729911022196,1618,45.83817623290622,0.6285308494891652,0.02517970679461452,228.97980746308147,0.3053419584036168,7.990935992572267,0.20682513176262002,0.1915270188773567,0.8522982797214955,0.6607712608441388,80051256.59842093,2.08664316573285,0.06287905008601036,1.16275,0.07311261548750854,3.045959164703867,10.508607555939374,2.6196165682252133,9.037718818266502,4.995395242158476,0.8803127595561101,0.003402248744696045,0.02789303226634523,0.035992174509548315,0.010812467714933795,0.010812467714933795,222.26810511593447,53.44219927110054
653,652,5,A_standard,True,138.87335849193704,70.08641667884812,326.9425923811114,742,85.35992804925225,0.2356822981291184,0.010343087650599438,338.6100763630355,0.13393643374191588,7.5743032084297255,0.21006310008451645,0.20370516239510456,0.8594298590590942,0.6557246966639896,17002362.191686545,0.4431893311378345,0.11558332351865651,1.163,0.26241635950136555,1.7624096296402494,5.673177381494381,0.7762670085896246,2.498795036673685,3.9668505363272937,0.7244912979963711,-0.002017097711664146,0.05238711856714469,0.034264352440487825,0.02392126478988839,0.02392126478988839,286.0162710161661,16.536586220981178
654,653,17,A_standard,False,117.26389598206836,69.54847122490314,352.98357661550943,901,70.87921489810206,0.40310523021593375,0.08400350193486428,155.14747493400588,0.299019517101333,9.46659651318296,0.2364656183413462,0.10661568938826291,0.8275117848980744,0.7208960955098115,22119070.777117543,0.5765631900192303,0.10520894749948964,1.1632500000000001,0.12238430817878133,1.0133709339576853,6.852041700287026,0.8711548970192867,5.890429142735462,2.1888994560260047,0.3076560260448604,-0.015535428085632677,0.05471680872326963,0.049136477312782145,-0.03486702462208213,0.03486702462208213,187.88035490686406,22.777647863676627
655,654,12,B_optimized,False,140.56645439730724,84.96297915145087,690.597855533344,1863,40.02638810880451,0.8540589893415662,0.11754397602097036,218.45785110332352,0.2693787471621945,9.002273723798602,0.20828876460398868,0.15334385322108,0.8352322287997392,0.6818883755786592,109311992.98879726,2.849363430320098,0.04418741257765884,1.1635,0.05141205453410606,3.4703062314766684,15.431733514159687,2.982643946262715,13.263200270012625,5.457845721914385,0.9211333034636213,0.01062881454151491,0.02226548099110066,0.12994567447625907,0.012401698455288712,0.012401698455288712,193.16610586037885,64.16368300000858
656,655,11,A_standard,False,132.41241845450324,65.38641208857999,474.6858849307098,1138,72.72019514635885,0.2818042816205091,0.02598786520918187,216.27041045453268,0.33942795925178554,7.90847693314279,0.2171865491677036,0.17949376369893386,0.8537050336887287,0.6742112699897949,35321251.83480186,0.9206957126975573,0.0902703536453804,1.16375,0.10505212405481144,1.9884021325989285,7.468800583615502,1.7086162256489181,6.417873756060581,2.974007564463494,0.4935022569383194,-0.006001349261407591,0.05738824091214534,0.015126776037314684,-0.010861089171867185,0.010861089171867185,207.41343450481617,35.26310486444732
657,656,16,A_standard,False,138.12412173186343,66.40413256184236,315.4991736522919,970,93.74748683230655,0.4065768745215763,0.0909863523591296,121.94189863315391,0.12335745900157996,7.073525043228729,0.2108600750446333,0.22502944437622796,0.8680807828397672,0.6430513384635392,20321935.48184776,0.5297184527706466,0.11812003310168057,1.164,0.13749171853035616,1.9050912742508055,5.44404976512312,1.6366763524491459,4.677018698559382,1.3007484547429085,0.15456304285674344,-0.018178117490826602,0.05724425196958154,0.054970425760710526,-0.03601592659841907,0.03601592659841907,85.32193520590855,22.001009861283404
658,657,13,A_standard,False,116.73331547534204,81.83672298920749,316.6181183876705,693,91.26610348629193,0.6116613100546573,0.03990353867886414,237.3301011727272,0.08419654877513352,9.540839688203818,0.237217460888601,0.104011504519296,0.8262839546582635,0.7222724501389676,17956315.548764136,0.4680554024221313,0.11643816744038042,1.16425,0.1355631364424629,0.8932767219352948,6.203055802203269,0.7672550757442945,5.327941423408435,2.6004189080820566,0.4014129912153006,-0.00945639931248216,0.04534551405658345,0.006421465011208126,-0.033482073667656015,0.033482073667656015,189.6987883499856,23.125820370417117
659,658,2,A_standard,False,129.9367638770141,69.13170693851875,458.41078909240036,527,80.28149910224204,0.443689975403715,0.011907976476825191,223.14519354560562,0.4025826053128114,8.1366841355443,0.22007494147072829,0.1668466278102141,0.8498174793680031,0.682970851557789,16701009.61337823,0.43533417277152076,0.1271044309342947,1.1645,0.14801310982298618,1.3126735754512264,5.373304821378286,1.1272422288117014,4.614259185382813,2.779534463618079,0.44510578069677154,-0.004755368993517467,0.05589222956271441,0.01879315796090613,0.006885181484080939,0.006885181484080939,205.63949975700166,27.832179181063598
660,659,6,B_optimized,False,150.43510462181837,83.53777649629279,626.4720913544267,1467,44.98975493181851,0.7550159424988016,0.026137525829274148,282.4256863098502,0.1084642139242248,7.869832539803266,0.19862714157544964,0.20947259868122386,0.854365106999553,0.6448925083183292,76774103.49998869,2.00121978318424,0.06480443318183683,1.16475,0.07548096354854444,3.2323806936704162,9.951364075800258,2.7751712330289044,8.543776841210782,6.277555562102156,0.9636507568898605,0.004058994660390631,0.020760764211570665,0.03328570247801827,0.0071481766487441235,0.0071481766487441235,266.561308764871,55.547158540526375
661,660,4,A_standard,False,132.19073918646765,63.71362984493781,323.76475930972197,988,75.57473534461168,0.5533540073170566,0.03362917791117613,128.96339865620132,0.3074674653877189,9.549652719718958,0.217441435080781,0.12536946366269947,0.8261383261622687,0.7007688624995692,20380689.29511707,0.5312499495656833,0.10959450541139763,1.165,0.12767759880427826,1.1439393169583232,6.394197043629255,0.9819221604792473,5.488581153329832,1.7064353327622488,0.2152500650630297,-0.01339134103010062,0.05962687368938344,0.03130396905556432,-0.002325208855611813,0.002325208855611813,89.62262125307018,24.484010173166123
662,661,15,B_optimized,False,130.49998958250893,79.51261556233652,590.6452073444058,1592,55.895673931555024,0.750986485681327,0.04378978817127708,220.98928578240177,0.44613405897755987,7.490051186621932,0.21940963427954413,0.1933236809277751,0.8608792539251809,0.6675555729974059,74766282.52605715,1.9488832416820052,0.057954359693052966,1.16525,0.06753131763232996,3.3357918533081294,11.51864288610933,2.8627263276619863,9.885125840900521,3.953602671523489,0.7218391268842246,0.003385966168588081,0.032941877370932196,0.03917917473181527,-0.004610613439461807,0.004610613439461807,213.9564131459757,54.02526169253418
663,662,1,B_optimized,False,131.95559654159746,76.46894150107241,800.981250488787,1712,62.84187014978131,0.8097876785416224,0.0381592670706057,409.6929083365503,0.48829157478761404,7.681073098670465,0.21771259651253896,0.18782091154742325,0.8575965924979918,0.6697756809505686,104860322.51868589,2.733324680183403,0.05205682375514856,1.1655,0.06067222808662564,3.607997914564414,12.866241784187343,3.0956653063615738,11.03924649007923,6.519425780296834,0.9712354663600815,-0.001210272767036375,0.027754670403490236,0.038531749365339,0.00037248229473330063,0.00037248229473330063,371.4667777147163,63.0558084166011
664,663,5,A_standard,False,127.59388332122612,65.86961922510793,400.554119627652,888,91.24932835704642,0.39149980107016524,0.014872913157539568,560.3168743282614,0.30109097258836454,7.769241051624236,0.22289592495583876,0.1769775889712091,0.8560856743147198,0.6791080853435107,23429300.43696253,0.6107160800728006,0.09815674583176305,1.16575,0.11442622645337779,1.803009945689744,6.9186083909859475,1.5466523231308118,5.9348988985511015,6.1405040937486834,0.9585329218265782,0.009187048632394034,0.03353396373691599,0.008686157978997777,-0.006186755178541791,0.006186755178541791,561.1302489256587,43.19697113211718
665,664,12,A_standard,False,115.18270515679039,78.80296544557778,246.5999924421301,1037,70.06672873275313,0.5097753599546347,0.08275422885455158,391.382646658872,0.16225108655578888,6.6834308283581585,0.23944839788895025,0.20182852983892735,0.8748799372881173,0.67305140744919,20151824.678578906,0.5252842869606212,0.11093109602256868,1.166,0.12934565796231506,1.8194044508301424,6.067292504819922,1.560381175669076,5.203509866912455,5.585855851094097,0.9299457201545874,0.006481268867714593,0.03467454639038237,0.07783239389642888,-0.004921834958122706,0.004921834958122706,385.4576732383671,41.488371766620446
666,665,14,B_optimized,False,133.16328570924028,81.21232636612213,633.0627328654027,1672,50.51718806062239,0.8142529431157128,0.035648275027688414,129.53425568318897,0.47793698059476647,8.315735365425947,0.21632856810892784,0.16547566663422295,0.8467797044904687,0.6813040378562457,85961695.43827282,2.2407066662413757,0.06415775445713875,1.16625,0.07482398113563807,2.5791997870619157,10.619200182752621,2.2115325076629504,9.105423522188744,2.5641620338753484,0.39273314423120137,-0.01508156670072772,0.049835992842389036,0.021127067548699377,-0.014521207478989037,0.014521207478989037,59.65791880434885,40.91266217735276
667,666,11,B_optimized,False,132.05866709976735,84.4020299442696,610.0967108425585,1462,67.56434880575212,0.8327761538152081,0.03117931677304799,269.50885670326073,0.20603285771512703,7.237655255321549,0.21759363672648452,0.20703493571687787,0.8652358890645238,0.6582009533476458,75283352.05356854,1.9623613511038582,0.054608398585653715,1.1665,0.06370069695016506,3.7912654661011875,12.053108503360566,3.250120416717692,10.33271196173216,3.9889211021347992,0.7288747671565377,0.0005236115727081953,0.02515582460819694,0.033902830617827416,0.0027235138447794273,0.0027235138447794273,249.12404397430993,57.5739402334291
668,667,18,B_optimized,False,129.65987550141838,96.49439322185287,748.6528129719806,1454,49.259996622174185,0.6802347309086432,0.03076603691230269,177.0109486817597,0.012455311619018587,7.429278267688877,0.22040381487157665,0.19447702001223668,0.8619262529903752,0.6674492329781385,105038121.63195488,2.7379592520857186,0.05261690669920762,1.16675,0.061390775891300486,3.696093750322373,12.685071678457104,3.1678540821275964,10.872141999963237,3.5934015594730866,0.6441452402119145,-0.012311992796444793,0.028994965449698304,0.0027115379103205307,-0.028054499001982158,0.028054499001982158,182.42218007512764,53.5585465719848
669,668,19,B_optimized,False,118.42394696595754,87.51536337438544,584.9875677019353,1778,53.09590621696096,0.6889656551300494,0.01473928237634811,249.98047461216632,0.33463828637176657,7.295564520598336,0.23484177556850694,0.18026931969408067,0.8642343656587861,0.6839650459647054,91025420.41222647,2.3726994363618585,0.05455503721483239,1.167,0.0636657284297094,3.3043570107779003,12.537156619861117,2.8314970100924595,10.743064798509954,4.7080931925465945,0.8465887989528574,-0.009703666486820754,0.029634844860744566,0.0,-0.01473928237634811,0.01473928237634811,219.5568470033946,56.79809578150105
670,669,3,A_standard,False,127.39441511941017,75.40485306531583,338.0137079135372,794,83.92030398057523,0.7881351233129031,0.09026604308039234,155.41982887826813,0.3437499983525159,7.412929796696057,0.22314016760928596,0.19125983221726003,0.862208122596134,0.6709482903788739,20237371.93955059,0.5275141908376986,0.10932823140636114,1.1672500000000001,0.12761337810907505,1.7494093680740892,6.137008545258838,1.4987443718775662,5.2576642066899435,1.8519931590600849,0.24085332997811826,-0.01313000952909896,0.05739737853840319,0.0701451699086633,-0.02012087317172903,0.02012087317172903,156.4159891843326,25.737331531796386
671,670,20,A_standard,False,127.38155655795981,74.48263342585805,233.82822131715167,942,102.7265899089333,0.4477270882959655,0.018738268694333912,101.75464735383439,0.5182782461136006,7.161085535984186,0.2231559348265634,0.2022928786905267,0.8665619215284379,0.6642690428379112,16406005.474792639,0.4276444949850677,0.12344266076656771,1.1675,0.1441193064449678,1.6387598698400236,5.381195112879622,1.4036487107837463,4.609160696256636,0.9905385494061416,0.1182131039932927,-0.017130912978367385,0.06482416539261251,0.022319081340664595,0.0035808126463306826,0.0035808126463306826,103.59903613723438,23.34008540100172
672,671,13,B_optimized,False,132.3918031576612,87.80791959852672,596.4745390603402,1814,46.36338623730198,0.7762824822350339,0.0425545578816513,188.4051672790715,0.12022040610640303,8.247214177619972,0.21721022195070147,0.16673005325589865,0.8479409470291427,0.6812108937732441,95008591.70023885,2.476526128149709,0.059598767051715684,1.16775,0.069596460224641,2.7975419879277346,11.42994943472801,2.3956685831108833,9.788010648450447,4.063662785862022,0.7433898859974458,-0.008341791057859203,0.0366571085974566,0.024277434852889454,-0.018277123028761846,0.018277123028761846,158.1274644598511,49.9018337873217
673,672,13,A_standard,False,128.81542076361796,67.93983040872166,276.1196353331007,1002,82.05355682251458,0.5576644156429488,0.07872944758018463,304.53887881194936,0.2624010886242824,7.844406907514285,0.2214142294691131,0.17607181787479206,0.8547996729423495,0.6787278550675574,18797040.239443026,0.48997001694053194,0.11705719674578677,1.168,0.13672280579907894,1.5041520108940196,5.798258235600425,1.2878013791900853,4.964262188014063,3.711464689710895,0.670724721878829,-0.007355892588712321,0.044287880338635316,0.07344881542580506,-0.005280632154379572,0.005280632154379572,294.2041088273483,34.15491503003867
674,673,2,B_optimized,False,137.21614835819943,104.70809755888227,650.9222015615209,1872,62.92609387654285,0.791048471752841,0.01717626698829065,250.44201991655547,0.5870201836253826,8.048008138208116,0.2118358063475496,0.18179850993509225,0.8513259849056661,0.6695274749705739,127589577.119496,3.3257931284040887,0.04741654123907416,1.16825,0.05539437430254839,3.834073620394712,14.120124696460184,3.2818948173718914,12.086560835831529,3.979939075956429,0.7270961275119414,0.0033287406351593966,0.033083718058981,0.02321117460227897,0.006034907613988321,0.006034907613988321,264.23213729335095,60.62837483893498
675,674,13,B_optimized,False,132.04066892696454,84.12766781414275,650.0243093679362,1925,71.78008491235654,0.7122301320106768,0.0472489842968518,263.7374454093957,0.08296736783468739,10.353788076462314,0.21761439809861813,0.10506948767798079,0.8129580567088106,0.7078885690308299,105268681.15152484,2.7439690946072264,0.05629911229336766,1.1685,0.06578551271480011,1.866272546722882,12.57370747414472,1.597152372034987,10.760554107098605,3.67424259432709,0.6624524951478215,-0.0037704367702572237,0.027548718243714305,0.04118565094172305,-0.00606333335512875,0.00606333335512875,232.92449798447993,46.58116789307035
676,675,15,B_optimized,False,146.61228710117467,83.87714809049362,673.3650213112893,1624,40.90546431251042,0.8647879284172038,0.055116330415990955,242.4959942521044,0.20054972072627797,7.8444388189008025,0.20223846923174016,0.20465138698470883,0.8547991273856684,0.6501477404009596,91723418.6810523,2.3908936956305817,0.050290973675647825,1.16875,0.05877757548341339,4.0693462867633095,12.927722270682098,3.481793614342939,11.061152744968641,5.928205395726069,0.9492232475807434,0.0025785582137612473,0.02865672657768645,0.06025508094671087,0.005138750530719917,0.005138750530719917,236.11941440629215,64.48185566905713
677,676,12,A_standard,False,125.49222859659945,74.58689976138356,408.74409486065844,846,72.24390520738396,0.26517091587973424,0.044481268065275116,263.9249836781326,0.3605957894647061,8.604947622236367,0.22550243982026677,0.1436412103565836,0.8418958613929253,0.6982546510363417,25791963.78738926,0.6723020631364651,0.09233350684569831,1.169,0.10793786950262133,1.555678055168286,7.562310529407476,1.3307767794425032,6.469042369039758,3.653249127666996,0.6577422721934777,0.005899928349297957,0.04608110357447924,0.02972277955785318,-0.014758488507421934,0.014758488507421934,283.64792510515605,35.90274406596218
678,677,2,A_standard,False,126.45590277406826,64.85151100039482,346.5066226239301,849,84.10368702671538,0.7280159183625305,0.04804600495441733,279.19426726009755,0.45722296514904187,8.718749599335979,0.22429813007231456,0.1414796721834462,0.8399818521288105,0.6985021799453643,19078284.863435835,0.49730103455962665,0.12228541682352494,1.16925,0.1429822236209065,1.1569627504121875,5.712064431635387,0.9894913409554738,4.885237914590881,3.3196436105281806,0.579237394848882,0.0012482051636107253,0.055718445896769,0.03711439560373882,-0.010931609350678516,0.010931609350678516,246.0060149175557,29.727601941918802
679,678,11,A_standard,False,129.6823497412242,67.9230877492338,327.6625981612918,903,75.29991280984652,0.4284190056582702,0.025920938547874642,194.42002642748525,0.27997703850270234,7.937143375635726,0.22037707664635003,0.17391920024179647,0.8532157202458054,0.6792965200040089,20097037.432567377,0.5238561840510969,0.11121357080191398,1.1695,0.13006427105283838,1.5638307356533807,6.108036232501926,1.3371789103491927,5.222775743909301,2.5819422516258492,0.396981607176259,-0.0021163590383982836,0.05136100634794429,0.048361301424375155,0.022440362876500513,0.022440362876500513,194.17509838563308,27.550366211653287
680,679,19,A_standard,False,133.5396368397577,77.75843589913396,297.58752632133576,965,66.05884156246586,0.6575800474859752,0.03872496238946382,228.36113447135017,0.29970307494647747,8.273799131545038,0.21590161642623226,0.1675746079171181,0.8474902174458544,0.6799156095287363,22330042.669195045,0.5820624548087093,0.10932687918233974,1.16975,0.12788511692354193,1.532785067774874,6.219107456591218,1.3103526973924975,5.3166124869341465,3.456935197015372,0.6122868683366165,-0.00760505932778041,0.06302387577847984,0.06273194181478797,0.024006979425324156,0.024006979425324156,192.52749570443433,31.692848126648222
681,680,15,B_optimized,False,135.0802548762952,85.63212059457324,838.2502180455939,1544,52.23070345092241,0.4370476502649607,0.05160628883654346,482.0721612798579,0.2796401537736498,8.020698190262426,0.21417497133528168,0.17945463999098804,0.8517911052848879,0.6723364652938999,110830085.96560614,2.8889345559914443,0.04325585448870453,1.17,0.0506093497517843,4.148678649680804,15.543247804050852,3.5458791877613707,13.284827182949448,9.22967008730464,0.9980337719183715,-0.0014680888438512304,0.018031203019503356,0.0552044916885052,0.003598202851961739,0.003598202851961739,477.9533273178948,70.16065803569482
682,681,3,A_standard,False,127.56458589714666,76.99422143135251,334.5540748731102,898,87.01036026872107,0.4815229556361642,0.05204557021795725,234.5201494612525,0.5782028267058602,8.202558395711478,0.22293175806745616,0.16063657497835754,0.8486985946322785,0.6880620196539209,23131340.0083443,0.6029493426291398,0.10496928043336895,1.17025,0.12284030042715001,1.5303198642037406,6.55488936204226,1.3076862757562406,5.601272687068797,2.6953129344248787,0.424412092794078,-0.006401793841044076,0.05954590601073292,0.067485059682888,0.015439489464930747,0.015439489464930747,232.18962112299764,29.403808157840395
683,682,20,A_standard,False,126.72280857305599,62.14472123239357,371.07792169704857,1017,91.17834400549722,0.5917369047531209,0.0407754339292097,224.25439956303055,0.29715363007779905,7.413483210651863,0.2239673310445509,0.19006711194366474,0.8621985794887899,0.6721314675451251,23452563.077348158,0.611322451935532,0.09683398900338731,1.1705,0.11334418412846486,1.962814027386769,6.941069705613527,1.6769022019536681,5.93000402017388,2.4595138462868995,0.36807449776866535,-0.009553049074285898,0.05255627346098754,0.0,-0.0407754339292097,0.0407754339292097,149.97002240746744,28.318998708662296
684,683,20,A_standard,False,130.73883230603568,63.155788376731394,418.8041344523233,845,76.89093327927428,0.60065186408165,0.04790629637849445,230.4250333481486,0.4644714614178635,7.505788690420176,0.21912897446463772,0.19306356764307295,0.860608334752763,0.66754476710969,22350169.967321575,0.5825870997782577,0.10513034851161242,1.17075,0.12308135551997024,1.836420884895551,6.349686618188608,1.5685849967077097,5.423605909193772,2.9967776891356706,0.4991944229809623,-0.0016150912870026386,0.054260727696362136,0.029132228725300607,-0.018774067653193845,0.018774067653193845,205.5271421416277,31.789436847211487
685,684,4,A_standard,False,114.63267259283855,70.86961722250727,166.23973211322385,741,76.22764325903727,0.43213394907309244,0.025172205899793642,199.4510241302415,0.27653901219696075,8.016922253283076,0.24025206819058664,0.14571798251581228,0.851855433904528,0.7061374513887158,8729977.520888917,0.22755855067144068,0.16446437871930525,1.171,0.19258778748030644,0.8860154621354948,4.293558622769585,0.75663147919342,3.666574400315615,2.6165183075707295,0.40528743040440507,-0.011207382291574065,0.06292099446036538,0.007439883560777092,-0.01773232233901655,0.01773232233901655,198.32271920300406,21.80072665428645
686,685,17,B_optimized,True,142.7461743311048,71.92827217929397,680.2623421717134,1843,65.11823877640028,0.6539067482182097,0.052819827752715605,180.85893498473015,0.3274833519324436,6.028096356149007,0.2060572469079999,0.2887676367827837,0.886422192069542,0.5976545552867583,90178164.902637,2.3506145873059197,0.047791151464466976,1.1712500000000001,0.1669883542312174,6.042282471421186,12.505548348863664,1.7292681164037753,3.5790193755621225,2.7773929145374225,0.44457690909330544,-0.0100250109461569,0.039903300903232464,0.06128591412571632,0.008466086373000718,0.008466086373000718,176.4597148459589,19.105129507840978
687,686,9,A_standard,False,133.81628101781166,83.80905899735608,291.7767178016033,1137,70.38434608878171,0.6637859653642778,0.04118887730177401,241.66026648289278,0.09355167564157496,9.496072789765325,0.21558907953486978,0.12908946447407155,0.8270240893417535,0.697934624867682,27803666.061701145,0.7247397759289078,0.0924564879806745,1.1715,0.10831277566936018,1.3962185596002106,7.548790140217808,1.1918212203160143,6.443696235781313,3.433437687665185,0.6066942570336975,-0.0004455787168539359,0.043509219579891234,0.03620261878700475,-0.004986258514769255,0.004986258514769255,219.09616980151583,35.07554601535779
688,687,12,B_optimized,False,136.5685224763798,76.44878690864995,435.97514335242795,1728,43.42443582859519,0.7440144347594291,0.13171089799173918,175.2223441495835,0.29069784464965615,10.160858017999129,0.2125384944452961,0.1153743216825066,0.8161009973947413,0.7007266757122347,57593843.99703569,1.5012606431348519,0.05382534226026693,1.17175,0.06306984479346778,2.143494436591334,13.018527078266267,1.829310378998365,11.110328208462784,4.035109283658183,0.7379052373206275,0.00018787276768572917,0.0272940007026925,0.1386759102518761,0.006965012260136905,0.006965012260136905,143.0153081394534,50.057845643415554
689,688,9,A_standard,False,129.99549522301632,54.67547868424805,361.1367369532304,827,78.50064399532434,0.38615227040103506,0.018359016885369287,206.0555573058303,0.4886628037717837,8.170350259924714,0.22000533658530483,0.16570922901710528,0.8492454707435277,0.6835362417264225,16329382.917719595,0.42564722546237294,0.11682155275244689,1.172,0.13691485982586774,1.4184816509694476,5.851114161912262,1.210308575912498,4.9924182268875965,2.6248900240627755,0.40730685070645045,-0.010061847783440825,0.06429796585847045,0.01640668635343858,-0.0019523305319307065,0.0019523305319307065,209.55440764178343,28.83692433126241
690,689,16,B_optimized,False,139.95844385935953,75.95064586646133,679.3669049088405,1423,59.53347125576869,0.628776962593879,0.06551126073249332,154.14534074536746,0.16312548827228657,8.665469177251005,0.20892174946657086,0.1635878734936912,0.8408774209594215,0.6772895474657303,73424459.46116224,1.9139068272325546,0.061738928175392525,1.17225,0.07237345855360389,2.6496714200959017,10.970218749856427,2.2603296396638104,9.35825869042988,2.5892214496132047,0.39872545407440063,-0.011024661437352272,0.035285861790815574,0.058675307033750505,-0.006835953698742812,0.006835953698742812,136.8168053310003,42.657497017408865
691,690,20,A_standard,False,130.3175482127805,72.22666351656403,343.07958188264,832,74.37631617076809,0.6166901330041314,0.06413077576694207,230.95730310463114,0.58011926059905,9.081057670050496,0.21962460682683282,0.13609205865625099,0.8339172072772306,0.6978251486209797,20616538.608674042,0.5373976776487694,0.11086781409248461,1.1725,0.12999251202343823,1.2275163876030297,6.2942085972657695,1.046922292198746,5.36819496568509,3.1052533251896066,0.5262890660128995,-0.008444531260075657,0.05381101568476657,0.055264175589455344,-0.008866600177486722,0.008866600177486722,233.6502831688726,30.148398276692383
692,691,16,A_standard,False,137.6858744607557,58.99165334741481,378.23633697687075,892,69.88967313296745,0.44146920587502037,0.010225363309771276,286.1497488681352,0.33749507750198804,6.675330260421731,0.2113296610175155,0.24397359393702345,0.8750216892578863,0.6310480953208628,19903005.891907293,0.5187984921989123,0.10569749562716081,1.17275,0.12395673799675284,2.3082249251923637,5.970322111952708,1.9682156684650298,5.090873683182867,4.0943065840889785,0.7491918116849702,-0.0002402303266665533,0.04233074507488097,0.0,-0.010225363309771276,0.010225363309771276,288.47845724603116,39.56171678627526
693,692,19,B_optimized,True,136.67544932360138,85.1809118177565,653.4091995040638,1414,64.77177760166056,1.1258396029617783,0.04778453564257323,199.9896988341769,0.19704793512936178,8.928277945284423,0.21242208643382812,0.15008350655897612,0.8364692170732799,0.6863857105143039,78700399.84506726,2.0514312761005633,0.058594296417338924,1.173,0.13424828141937142,2.561401292200928,11.714206885009922,1.1179547698650818,5.112808173462856,3.087605531904527,0.5218873864526621,-0.013827580050224757,0.03891988236108569,0.0,-0.04778453564257323,0.04778453564257323,179.24248193574937,16.69286900242595
694,693,19,B_optimized,False,143.21270779142137,78.60660350223041,653.9105021916312,1689,55.6258305148547,0.8037723693449904,0.08019581855946561,89.10872467817136,0.3527800522906352,7.573560205565775,0.2055871367476163,0.21076182856023717,0.8594426303309178,0.6486808017706807,86817443.55263832,2.2630128864096273,0.04878870694133092,1.17325,0.057241350418916495,4.3198896173592205,13.295716210530609,3.6819856103637085,11.332381172410491,1.6019306831630165,0.1981226604532523,-0.023187886548450967,0.04304789865293633,0.07540147376291541,-0.004794344796550207,0.004794344796550207,108.77734154550404,51.2250071030054
695,694,2,B_optimized,False,135.3356361007944,81.10578740379442,672.1352578456554,1568,59.402104567521064,0.8353539356451807,0.05325818221227819,286.94619983811975,0.30669946624009914,10.290724229816844,0.21389198428288753,0.11068096279178748,0.8139840688598732,0.7033031060680857,85478045.02853726,2.2280996708616367,0.05720462245568387,1.1735,0.06712962445174502,1.9348255095561806,12.294515300978185,1.6487648142788076,10.476791905392576,4.830572955743585,0.861829968012425,-0.0005325804766890216,0.03242206193109357,0.046062891933447835,-0.007195290278830355,0.007195290278830355,268.1245230261811,50.22930295419856
696,695,6,A_standard,False,114.37747575961401,64.92535205179564,368.7278200288588,908,98.92168830399606,0.552433692294809,0.092009262566375,232.22582354577773,0.07608312702725172,7.811740430001305,0.2406271747993302,0.1526332902984135,0.8553583212991037,0.7027250310006903,21737323.44221164,0.566612434699871,0.10570067664764932,1.17375,0.12406616921517839,1.4440143160787222,6.648254801085214,1.230257138299231,5.664114846504974,2.347572383036215,0.342442688098067,-0.013234412215797534,0.045062277861346124,0.050729392487120294,-0.0412798700792547,0.0412798700792547,246.71699407107786,24.529116988730905
697,696,15,A_standard,False,114.20932904112829,67.08457265548607,328.6592495904615,854,84.66492816749508,0.43070104964686085,0.07105479505906147,140.7061106951348,0.09063274674617017,8.90818222317166,0.2408751074188509,0.1169791751832548,0.8368054737007946,0.7198262985175398,18828962.373073716,0.49080211008692987,0.11256667268393937,1.174,0.13215327373094482,1.0391990132968103,6.394666212962002,0.8851780351761587,5.446904781057923,1.6619173220908172,0.2078255382996111,-0.017795065808519077,0.04948897084973755,0.060484475984454146,-0.010570319074607322,0.010570319074607322,162.59204520903572,22.748612467977253
698,697,12,B_optimized,False,137.97672424853272,88.69963696118772,647.418954109268,1595,69.08721908902086,0.7033538584069079,0.04222046611561137,311.562249267586,0.164634709777495,7.821587069639867,0.2110177297980957,0.19195514637935743,0.855189889781459,0.6632347434021016,91594192.77509786,2.387525249400585,0.05131919224238958,1.17425,0.06026156149062597,3.7404163626099076,12.923717510391183,3.185366287085295,11.005933583471307,4.509694461230653,0.8190159216043476,-0.00652237518119129,0.024259241009078693,0.03908459533663855,-0.0031358707789728227,0.0031358707789728227,332.17633547518466,60.188916445000885
699,698,2,A_standard,False,132.19043076258816,66.63593325250487,313.1202762808976,898,85.72395108029352,0.5074963962059893,0.01,117.25325944332937,0.06766716696449279,10.196692756330446,0.2174417902114435,0.10891504251054211,0.8155163116265122,0.7066012691159701,18736825.52357328,0.48840043976354314,0.12727035215319565,1.1745,0.1494790286039283,0.8557770185112774,5.551970723436298,0.7286309225298232,4.727092995688632,1.3678004567650395,0.16352926860805517,-0.007068110615666649,0.06215766524698112,0.018842020465263128,0.008842020465263127,0.008842020465263127,102.93133864070681,19.75977197364926
700,699,2,B_optimized,False,137.19799760190025,86.90520590963311,645.264911625015,1793,70.58741243280917,0.7968442159254079,0.07201923971840478,352.15132128933493,0.2446265456909894,7.487649782961094,0.21185542348997635,0.20468169462056482,0.8609206012899284,0.6562389066693636,100545845.85978241,2.6208620703935597,0.04562202833786929,1.17475,0.05359447778991195,4.486466342634431,14.384255382276418,3.819081798369382,12.24452469229744,4.988868541179932,0.8796233832359293,-0.0019637880087896155,0.025478235905888227,0.07953094099438934,0.007511701275984564,0.007511701275984564,411.58922143395387,67.087058178708
701,700,11,B_optimized,False,133.27028725123608,78.70623197567002,705.1739788793708,1737,54.50426229572414,0.5569493071394532,0.07078029492777506,214.3933833567231,0.2271476901452255,9.16508878732739,0.2162069716474397,0.13785455600736193,0.8325168844208936,0.6946623284135316,96406256.21060698,2.5129581246288812,0.05159861644848073,1.175,0.060628374326964864,2.6716715581900243,13.46280920355928,2.273763028246829,11.457709960475981,3.9335159183237356,0.7177880443719129,-0.003018607058839235,0.025253977729157412,0.06002566743454026,-0.010754627493234796,0.010754627493234796,212.13905723487187,52.59253933470044
702,701,13,B_optimized,False,137.42989391354806,74.64003922497422,601.2127282524949,1839,50.740977205606136,0.7660365927809853,0.12508956427487133,79.25244487446906,0.16923847357004873,8.626677882451947,0.21160512383799876,0.16114523471894257,0.8415300485679122,0.6803848138489696,82524282.03792946,2.151105884387235,0.05845236435972793,1.1752500000000001,0.06869614121377025,2.7568642686071945,11.639987899578209,2.34576836299272,9.904265389983586,1.5619022186611107,0.19184009086770065,-0.02660449595016815,0.0493055852925392,0.08410457326885404,-0.040984991006017296,0.040984991006017296,78.87399198080419,36.252085749025824
703,702,4,B_optimized,True,148.4063174771861,89.08219785322551,564.7082297924742,1252,47.640159111410426,0.6125983142808489,0.08853323883207405,238.3823412764616,0.27262549987052437,8.404309961664161,0.20052399820337816,0.18539514076620475,0.8452809689727853,0.6598858282065805,62982423.72015884,1.6417211871668782,0.05762468528119308,1.1755,0.1532548264560925,3.2172868252820117,11.45144350874133,1.209718121466931,4.305807806944584,5.00381077063544,0.881196604201937,0.006476469480191224,0.027738364725479202,0.14457050280364672,0.05603726397157267,0.05603726397157267,234.99874448131524,20.15357631863674
704,703,4,B_optimized,False,133.37761834742736,86.19112944727893,922.1403307360151,1646,62.8157132034297,0.7445192830487676,0.03580069500145571,183.24810152969678,0.46696305397021465,8.229007401044772,0.2160851673031469,0.16894763891123027,0.8482497686796288,0.6793021297683985,130824601.14833029,3.4101183603565595,0.035350387862422145,1.17575,0.041563218529242836,4.779230133732804,19.216256761089298,4.064835325309636,16.343828842091682,2.9172334784490124,0.47932017351091655,-0.012123721163731348,0.03983374793357339,0.03458664316564042,-0.0012140518358152927,0.0012140518358152927,145.46258063239458,68.91433631745443
705,704,3,A_standard,False,129.94306515897188,65.72963248272633,332.81489571851495,895,88.83399568932427,0.338795944746235,0.07202237769640364,171.23645258698596,0.37384370501847625,7.332987482303137,0.22006747100633242,0.1991390389269213,0.8635877634752582,0.6644487245483369,19578841.698417615,0.5103487185455917,0.10897863731218485,1.176,0.12815887747912938,1.8273217929534127,6.097054807585167,1.5538450620352149,5.184570414613238,1.9276004783781724,0.25494702939425967,-0.015408796304897927,0.05341435815536862,0.019176543962526146,-0.052845833733877495,0.052845833733877495,190.8552607540128,22.572473046940164
706,705,12,A_standard,False,131.36141554553546,70.05765648301096,430.411964487592,921,87.71036216759805,0.5371335477033191,0.06046858451255674,157.85090585529923,0.33728220537687015,5.413943689565922,0.21840146821947695,0.30653809202514165,0.8973773065206964,0.5908392144955548,27771514.92346391,0.7239017134708778,0.09782379744321162,1.17625,0.11506524174257768,3.133573834149019,6.039831103863525,2.6640372660140437,5.134819216887163,1.7996836628456254,0.23141894666012428,-0.016972092087395134,0.051571347222363305,0.04570041691671801,-0.014768167595838731,0.014768167595838731,131.40869856440887,33.028649661990464
707,706,1,B_optimized,False,137.51678935711948,67.14994545363695,585.572830059689,1725,44.02579553767225,0.28801668673950054,0.03096136890284386,207.75935035854164,0.622608600978349,9.074392108461614,0.21151151719443304,0.1467039831578956,0.8340283852178028,0.6873244020599072,67829041.70592888,1.7680547730049854,0.05845473454997951,1.1764999999999999,0.06877199519805088,2.509702324154118,11.758233226980725,2.1331936456898584,9.99424838672395,4.719036824235576,0.8480047316201911,0.0035941601436683115,0.03930483539817618,0.046767827340598964,0.015806458437755102,0.015806458437755102,227.59178218785834,51.05144169067557
708,707,12,A_standard,False,126.30298339862044,65.71795546695537,298.7594446966,617,75.86890047203285,0.5066281752439379,0.04449555583312493,176.8483595780734,0.468172960931773,7.511160889655716,0.224488191401153,0.18522815871285445,0.8605158725313455,0.6752877138184911,12114091.547134444,0.3157700129892627,0.14120990044402384,1.17675,0.16616875034750506,1.3117221818754812,4.782155583249474,1.1146991135546898,4.063867077331187,2.3309730136825175,0.3387147490646167,-0.020354147207518748,0.06299867187139577,0.042848999622343925,-0.0016465562107810042,0.0016465562107810042,194.14246610192725,25.186954798507987
709,708,10,A_standard,False,135.31482939391944,58.30034092116678,345.6035293799231,1126,82.72552622971467,0.4189769668891291,0.06603660009433965,95.40365946758874,0.4304535688281032,9.169600143682029,0.21391500614708098,0.1406451719824758,0.8324417722027868,0.691796600220311,22687552.8382954,0.5913814359556957,0.10858326013677905,1.177,0.12780249718098893,1.295274905223046,6.371116499439009,1.1004884496372522,5.413013168597288,1.15325539547091,0.13625557099625898,-0.020522445414006215,0.069939027002614,0.062032857285317836,-0.0040037428090218125,0.0040037428090218125,102.24625604415094,23.300027646548074
710,709,10,A_standard,False,137.46111074392897,76.23895690018222,362.8339549798895,882,77.30969515739339,0.4917458050414556,0.03387107274933832,389.9654304632402,0.25743807229567045,8.351697767915665,0.21157148445895302,0.1708479849916735,0.8461708788139951,0.6753228938223216,24397956.549469586,0.6359653983595553,0.09628498602458407,1.17725,0.1133514997974416,1.7743990215468437,7.013792302466492,1.5072406214031377,5.957776430211504,5.044198268655913,0.8853600720855848,0.0037872656941295,0.03380549057822335,0.04963675646740355,0.015765683718065228,0.015765683718065228,368.19563768204057,40.468061187497185
711,710,14,B_optimized,True,142.54667370521665,77.49476848873375,659.0128621214069,1325,52.97940769607038,0.574399358311295,0.07359214327578772,197.09120697598652,0.6722334738574713,9.200256781020121,0.20625907517045347,0.1499225494874552,0.831931531331155,0.6820089818436998,67667815.16508503,1.7638521873881947,0.05979260741453086,1.1775,0.20843769500881185,2.5073760113532173,11.406242532884715,0.7192679303094247,3.272004048091529,3.720147422308862,0.6726394796391415,-0.005559851342588349,0.04112211633310661,0.05575262958563876,-0.017839513690148967,0.017839513690148967,182.11226258076113,17.01258982411412
712,711,11,B_optimized,False,141.84151968566567,81.3241236961341,515.3905774212169,1482,55.82151816763573,1.0927852809028669,0.04592630384139724,158.2627757506119,0.24411699715745536,8.801892520109474,0.2069763216620523,0.16173706183156017,0.838586241909838,0.6768491800782779,62116084.237777084,1.6191388888128997,0.05530144256999808,1.17775,0.06513127398681524,2.9246445357522215,12.239268066498493,2.48324732392462,10.39207647335894,2.835157139140112,0.45888235071358247,-0.0017881662182790206,0.046352119312174186,0.069067368691622,0.02314106485022476,0.02314106485022476,82.7719931152074,45.32873419009578
713,712,15,B_optimized,False,135.0702985063162,86.23063773696825,660.4821573546279,1449,50.97597989824996,0.9660795498215086,0.09055467483286603,132.40122413687584,0.2721835805372247,5.5353048195208,0.21418602237456283,0.30556739414800504,0.8952018133135903,0.5896344191655852,82526052.78409578,2.151152041256511,0.05614853092620813,1.178,0.06614296943107317,5.442126251701754,10.501332972371053,4.619801571903017,8.914544119160487,2.597325728728586,0.40066998738850373,-0.014838391786040765,0.04001374008334191,0.08012319569166981,-0.010431479141196215,0.010431479141196215,121.55432999453782,55.87030961423714
714,713,16,A_standard,False,133.87185835161222,76.02297733719104,459.22456509121207,970,84.3846362477666,0.5201006714251865,0.04335239697517484,311.2065926557142,0.029549358756424452,8.614895616247997,0.21552642388142773,0.15618131917461367,0.8417283745553074,0.6855470553806937,33864270.14347231,0.8827175344902877,0.08629644876677577,1.17825,0.10167879075945355,1.8098232477295597,7.944093472877996,1.536026520457933,6.742281750798214,3.6879532399945716,0.665511460236884,0.0008299676766951982,0.03422645938307637,0.059409160498756185,0.016056763523581347,0.016056763523581347,320.86484347400733,37.674839360309505
715,714,19,A_standard,False,127.91337233276333,76.74539448018135,328.9784219234581,735,83.41690885958164,0.40754644201023316,0.01733040105603809,122.64980247900958,0.33673674086855027,7.656324514385516,0.22250607005169248,0.1820309268241187,0.8580211836006486,0.6759902567765299,18556970.392997745,0.4837122750177966,0.11900379145311374,1.1785,0.14024596822749455,1.5296229187440384,5.680409409836854,1.2979405335121241,4.820033440676159,1.470323033492765,0.17804095435760278,-0.00789183930687901,0.058169613282986136,0.0,-0.01733040105603809,0.01733040105603809,106.63086404257396,22.751757291162264
716,715,16,B_optimized,False,120.69966778225583,87.28081195951818,566.0097004379599,1604,57.23856212015299,1.0638078671830464,0.052283744642313563,233.67279671680657,0.13725097738744998,9.165011187268176,0.23173347548235276,0.11957160341938286,0.8325181764890868,0.7129465730697039,79240465.11482681,2.065508800327905,0.049937982189191606,1.17875,0.058864396505509606,2.394401979767266,14.276639580043172,2.031306027374139,12.11167726832931,4.082436526380408,0.7469547963476361,-0.0009138611912818707,0.024312030660154443,0.037156852778284635,-0.015126891864028928,0.015126891864028928,213.0078113670512,52.42629788672482
717,716,11,A_standard,False,113.13848489908477,57.674124029887345,417.11646592076727,843,76.17339739135798,0.48068621364054964,0.07355157922606843,169.1837657575057,0.5651331033287738,8.5912074951368,0.24246875161640136,0.12454360838886616,0.842127248307128,0.7175836399182619,20279904.98432626,0.5286228715876359,0.1090720567042807,1.179,0.12859595485434697,1.1418470702036212,6.578986970639009,0.968487760986956,5.580141620558955,2.2210347910345396,0.31454295006116645,-0.0145332112469479,0.06380058871404323,0.09700901730211703,0.023457438076048595,0.023457438076048595,150.1432721574,24.203299591224276
718,717,10,B_optimized,False,138.1002169118908,82.27124800940379,610.177435143499,1893,75.51610654634206,1.0775442539341848,0.03763743303298739,173.675514516487,0.25892744516991695,8.602969037965607,0.21088562394647759,0.1629613059177816,0.8419291772902835,0.6789678713725019,95028711.86954711,2.477050587297066,0.044437933693409676,1.17925,0.052403433307953357,3.6671665933456628,15.279015357844948,3.1097448321777934,12.956553197239728,2.2998473101881562,0.33177837540434246,-0.021629564386344738,0.04027411417342925,0.0035695865960954885,-0.034067846436891897,0.034067846436891897,192.45429032819308,50.16691473859647
719,718,5,B_optimized,False,121.68315444826169,84.68198025087085,744.0558199194012,1964,54.02721127722766,0.9345974848328955,0.06008689086064867,133.89096268647458,0.10101719724175842,7.727757204291749,0.23042081357739175,0.1685309102924379,0.8567962435937699,0.688265333301332,123747948.16699393,3.225655927070287,0.04331262073386063,1.1795,0.05108723615558861,3.8910347015941484,15.890641610685655,3.2988848678203886,13.47235405738504,2.4782134691247575,0.37243457799971513,-0.01238027187044288,0.04512667020469346,0.04303076032258323,-0.017056130538065435,0.017056130538065435,124.12928661410182,54.99051179775131
720,719,12,A_standard,False,136.15388966429703,72.3913452206732,436.23855822855154,819,66.707012770782,0.34916720886576186,0.023180694497398655,166.41485574529736,0.21373812144988966,7.087393807892209,0.21299136187275694,0.22100860108799436,0.8678400320687467,0.6468314309807524,25863934.879112,0.6741780859880109,0.1048411767579725,1.17975,0.12368637828021806,2.1080324346053096,6.16963154156475,1.7868467341430891,5.229609274477432,2.494713056888494,0.37629902431765816,-0.003743634235206657,0.05122041568475989,0.028442542241973415,0.0052618477445747595,0.0052618477445747595,202.48344936587486,31.80833219870669
721,720,3,A_standard,False,139.77382932974075,75.40783084645538,345.5372014506546,1076,81.46237056965508,0.8518599558441511,0.0389329554041257,220.87415888543498,0.5909308987147817,7.567113041029474,0.2091148732256118,0.2054821964130036,0.8595534568368766,0.654071260423873,28036482.86184783,0.7308084574904093,0.0919773488974474,1.18,0.10853327169898792,2.2340521756298006,7.11122105892775,1.8932645556184753,6.026458524515043,2.71136424512192,0.4283378896179331,-0.007607823017549734,0.04952427456683875,0.044084016110967794,0.005151060706842091,0.005151060706842091,193.97928248358573,34.99443986733851
722,721,19,A_standard,False,135.15646729587183,61.75038345248332,335.2496714646266,830,77.957305121927,0.6588677990312277,0.03037100893936835,244.57403096297625,0.3887186135814445,6.200107738469051,0.2140904254615645,0.2651701181610493,0.8833779374049687,0.6182078192439194,17182490.48516559,0.447884616240337,0.11270865652378508,1.18025,0.13302439186219733,2.3527040986873096,5.485007436970541,1.993394703399542,4.647326784130939,3.1372817541660383,0.5342666388819636,-2.151569589368442e-05,0.053899105929270295,0.049724717947721764,0.019353709008353415,0.019353709008353415,238.61419704300047,33.57386045184479
723,722,17,B_optimized,False,143.8196233856474,80.51309441902522,692.4808611540267,1453,51.516754980580885,0.709426262924173,0.050801879951010036,154.48715130034924,0.7826250389675212,7.409656265453354,0.2049794504398748,0.21896852756515905,0.8622645737486005,0.6432960461834415,81010237.91919236,2.1116402976216286,0.05165348025859367,1.1804999999999999,0.06097693344526982,4.239182461064256,12.454069754117203,3.5910058967083915,10.549826136482173,2.9987748909763976,0.49969372278240687,-0.0005091217048879531,0.0633932567160673,0.05501315046486325,0.004211270513853213,0.004211270513853213,135.92301400517067,55.30925904527204
724,723,3,B_optimized,False,136.01684322715957,74.60918649455552,701.1568572117337,1695,63.122654595054826,0.5925498107468755,0.054335009219127164,211.17920065927095,0.7753049085055894,6.535840900460568,0.21314156171450685,0.24831446385312517,0.8774662218430125,0.6291517579898873,88670098.91319111,2.3113048284830517,0.044566516679436806,1.18075,0.052621914569245004,5.571771867189669,14.117140060896453,4.7188413018756465,11.95607881507216,3.345537382957516,0.5855349892408006,-0.005519131850858559,0.04152918694765492,0.03422100909325007,-0.020114000125877093,0.020114000125877093,254.2887220358843,64.75540628658206
725,724,16,A_standard,False,122.96286058105994,70.07338598545704,326.96624295662485,991,61.096277522912416,0.5409641158447327,0.11817687877149007,328.13727438279784,0.201353447045367,6.56225919624219,0.2287395471000141,0.22289639843072906,0.877002721059063,0.6541063226283339,22705427.061192065,0.5918473515032455,0.09750959227799536,1.181,0.11515882848031252,2.2858920155799822,6.708122835377128,1.9355563214055733,5.680036270429405,5.3708227029009965,0.9145751581617722,0.0008354906639171222,0.030541905211205235,0.12620633839576997,0.008029459624279908,0.008029459624279908,329.8267996889941,44.01160251264649
726,725,3,B_optimized,False,140.99804411923193,77.90988487166997,490.59156454473236,1701,56.91666915316418,1.0293489210899394,0.01458431226855992,104.1096526103521,0.37189418771537475,8.11647884722621,0.20784226455342,0.1850836592780083,0.8501609649093405,0.6650773056313322,65015506.86389002,1.694716220942738,0.06480770901505566,1.18125,0.07655410627403449,2.855889555284403,10.262317797359975,2.417684279605844,8.687676442209504,1.8291592631710478,0.2367030507613286,-0.01751004869393787,0.04588564496136236,0.008125913797508275,-0.0064583984710516445,0.0064583984710516445,149.36489801800366,39.17110398557859
727,726,15,A_standard,False,135.39035514934207,69.06986683751707,332.09238060301925,822,85.07661768888718,0.6758169391215043,0.01,219.38024619996557,0.08496549585195826,8.534048939503961,0.2138314683557057,0.16124211628559665,0.8430904943231832,0.6818483780375866,18854687.88793576,0.4914726800698738,0.10688294313787534,1.1815,0.12628219731739973,1.508586043309079,6.379393736922322,1.2768396473204222,5.399402231842845,2.578619744877579,0.3961865144283415,-0.004082908342035124,0.049240552839214004,0.0,-0.01,0.01,195.63058221505062,28.881401215302954
728,727,2,A_standard,False,136.88423766369155,84.7372052685461,409.7967902403783,846,89.65342112242776,0.20311212849743332,0.03742238380027735,143.41962459390206,0.021347007195643655,7.9682065198247845,0.21219523061238485,0.1843691244028625,0.8526858136096644,0.668316689206802,29377379.384109765,0.7657607203657932,0.09298211180424412,1.18175,0.1098816106246655,1.9828450959579846,7.187583463514076,1.677888805549384,6.08215228560531,1.5997116763458803,0.1977703628181651,-0.017623439334907568,0.04388068728157117,0.040549899761268465,0.0031275159609911174,0.0031275159609911174,170.1035566500065,29.39776984204738
729,728,10,B_optimized,False,129.5873331709137,80.15192949312086,815.3205652846111,1670,66.514686169691,0.8129135948774782,0.033093889315744626,136.99160805787128,0.32036529058396157,7.501209502661598,0.22049017427597467,0.19129414860766975,0.8606871561051143,0.6693930074974446,109133692.4931826,2.8447157892157553,0.04756061596110876,1.182,0.05621664806603056,4.022112513515272,14.074523510057569,3.402802464902938,11.907380296156996,2.0595693364376837,0.2808133587598536,-0.011747927581063855,0.038359074808003435,0.0,-0.033093889315744626,0.033093889315744626,130.08943891698596,49.09156109933845
730,729,14,A_standard,False,142.4705299823927,85.39596829610059,366.170698407886,871,105.2835647520895,0.11634803932489907,0.08112639268441742,247.41886923549092,0.19612207718087818,7.052591837761074,0.20633623395238562,0.2333524658643318,0.8684442931966215,0.6350918273322897,27235735.677766934,0.7099359101983137,0.09228917680445548,1.18225,0.10910887927706749,2.5284922235113725,6.881541794201259,2.138711967444595,5.820716256461204,2.350023670057966,0.34299487133979195,-0.01259476730740337,0.04635854464696873,0.08451629320120022,0.0033899005167827984,0.0033899005167827984,252.07971249762815,34.59887147628901
731,730,15,A_standard,False,122.99112060617634,56.68514885335839,366.47027964189084,1054,76.08802496679338,0.4401063407375141,0.10934355193508961,172.1324752762092,0.1063972488545944,7.682807007635289,0.22870275512924854,0.1725481191575565,0.8575668531252498,0.6850187339676933,21895187.15883141,0.5707273638015377,0.10703179489886697,1.1825,0.1265650974679102,1.6121202052212158,6.400142449399818,1.3633151841194213,5.412382621056928,2.2622807643033434,0.32350308531739824,-0.010394974164781353,0.053749548808844486,0.08758753621087531,-0.021756015724214303,0.021756015724214303,129.99499198437945,26.669567439223513
732,731,9,B_optimized,False,125.68495516019968,79.72256599985128,542.7306820152312,1672,56.317500958557744,1.2988045632763814,0.10474234429939036,127.23886409104425,0.1570588849762825,7.177776958772254,0.22526033272565324,0.19851940489735526,0.8662726867804332,0.667753281883078,72343899.73579717,1.8857405914742558,0.05356881261091559,1.18275,0.06335851311556041,3.7058765207146562,12.465336626614187,3.1332712075372275,10.539282711151289,2.2593130363628044,0.3228539419971754,-0.017431840892586887,0.033829383857340814,0.09526615375924823,-0.009476190540142135,0.009476190540142135,127.33328329687615,48.37238592087619
733,732,19,A_standard,False,128.18836332364688,89.95141604582392,271.23435427341155,673,74.61288103450933,0.29321537845968365,0.11687324829131315,399.23690309354583,0.1629289721641564,7.937169257878689,0.22217183682471678,0.1714582515489846,0.8532152785831884,0.6817570270342037,16419796.288344093,0.4280039710016828,0.12648722283523273,1.183,0.14963438461408032,1.3555381144887095,5.389928023973516,1.1458479412415126,4.556152175801788,5.350777205733339,0.91299598418607,0.008147002713685018,0.04190255408164891,0.13214639776489606,0.015273149473582909,0.015273149473582909,369.0353707607528,36.26058690929037
734,733,16,B_optimized,False,136.564526304847,64.91541676445223,787.5704732864479,1655,53.012614336231735,0.7269804047978492,0.012641852777614352,332.8419750016854,0.2858759029728508,6.478468225921095,0.21254284795936954,0.2523465123059338,0.8784736514010617,0.626127139095128,84612645.41038881,2.205541871327071,0.05037648232743744,1.18325,0.059607972713940346,5.009212645411207,12.428957127760967,4.233435576092294,10.504083775838554,6.278542931134089,0.9636853265996262,0.003790468095261946,0.026155006853299908,0.016108674032529153,0.003466821254914801,0.003466821254914801,338.06068025769895,68.50786684117259
735,734,5,A_standard,False,135.97817640914764,62.67819423077341,282.2756945837336,742,68.90578969560758,0.4645091713327506,0.06528753269591314,92.21196238243455,0.3181813509867019,8.701317578205728,0.21318398622918508,0.15645582663492816,0.8402747548126082,0.68381892817768,13127857.86231533,0.3421951890965432,0.13482625887437963,1.1835,0.1595668773778283,1.1604254834416288,5.07185272280534,0.980503154576788,4.285469136295175,1.338232429956646,0.15952486436914248,-0.020862321064642225,0.061900149072496094,0.05373265503868859,-0.01155487765722455,0.01155487765722455,46.5020248974643,20.09245644344061
736,735,14,A_standard,False,130.45928057150527,77.84538635461941,500.0412777343886,666,82.08641906487007,0.5308484960892348,0.05604535572641421,113.3108456763591,0.2737531127317193,7.432968877924308,0.2194575578294194,0.19569045148370523,0.8618626346612792,0.666172183177574,25924653.70135502,0.6757608033724528,0.09479131514812288,1.18375,0.11220921930659046,2.0644343965258343,7.027776565148395,1.7439783708771568,5.936875662216172,1.3803848062468584,0.16525794651202932,-0.01922532956311359,0.0566318477861148,0.03518811046506022,-0.02085724526135399,0.02085724526135399,101.50023738683916,26.904583609827938
737,736,15,A_standard,False,121.0613791835898,77.76398384690985,337.5521992297917,769,82.02318180558355,0.6380621747510917,0.07280106312756766,287.3448977127309,0.42169166467247576,8.376256900282339,0.2312485910456994,0.14413605394170165,0.8457553564186919,0.7016193024769903,20185791.497895308,0.5261696775765838,0.11373506752915462,1.184,0.13466231995451905,1.2672965082185765,6.168891597986159,1.070351780590014,5.210212498299121,3.5032156932635665,0.6232147329342551,-0.007137584957053737,0.050790859181930145,0.0777508701355625,0.004949807007994841,0.004949807007994841,303.9084662384315,32.37229437067889
738,737,7,A_standard,False,133.31693028021363,62.03447818526555,295.7659603095148,803,71.88703665213251,0.329260402358718,0.04436430559766755,193.5303449236476,0.47478988735680916,8.887221995631192,0.21615401847684895,0.14645914729737797,0.8371563399007279,0.6906971926033499,14733192.671250064,0.3840403899105775,0.13181487550397558,1.18425,0.1561017663155831,1.1110972622582396,5.239903235219596,0.9382286360635336,4.4246596877514,2.6921452592371753,0.42363845849410176,-0.008374090634412336,0.059940752059436254,0.07965249258840366,0.03528818699073612,0.03528818699073612,196.06484710566656,22.73093982680411
739,738,15,A_standard,False,134.62929307052133,73.94614235071279,450.1769415912508,706,78.2507011799616,0.5599446029240107,0.06989537200122052,432.19900258697965,0.2297208492309483,8.327870881931,0.21467690809629444,0.16732762334815954,0.8465742072480295,0.6792465838998699,23501926.833376095,0.6126091843183517,0.0891026348916508,1.1844999999999999,0.10554207102916036,1.8779200362776105,7.623193014727756,1.5854115966885696,6.435789797153023,5.523260444567837,0.9257564611824151,0.0017202495481437176,0.029147024437237806,0.05858457967062728,-0.01131079233059324,0.01131079233059324,398.14145300465873,43.13946645520021
740,739,18,A_standard,False,130.70370317064803,69.13973004587149,369.72659840784866,812,60.21334333110643,0.5021584539728349,0.027893671537553937,290.3185956648802,0.14207448884401677,8.799126789598082,0.21917019939280993,0.14536515774563175,0.838632629263889,0.6932674715182573,20756991.33021396,0.5410587658560422,0.11003085639126162,1.18475,0.1303590571095472,1.321130840141096,6.300664143274949,1.1151136021448373,5.318138124730912,4.821499348881041,0.8607459397682481,0.008672131409290674,0.045434966546973814,0.0,-0.027893671537553937,0.027893671537553937,238.8161317732413,35.04011526660706
741,740,17,B_optimized,False,134.79837936026314,76.82013332056455,741.9389479383337,1904,40.730200895243556,1.194579170956096,0.06815233726862732,251.73753880626532,0.1346814437294502,5.933360737145929,0.21448837445881752,0.28009207247770346,0.8881032992752128,0.6080112267975093,108520096.29863554,2.8287215829999273,0.03884284454539718,1.185,0.04602877078629566,7.210905271120108,15.653107642178531,6.085152127527517,13.209373537703403,6.1806112730385045,0.9600980903500476,0.006003970022475246,0.01596802003241877,0.07194380895058478,0.0037914716819574534,0.0037914716819574534,263.15667246488965,84.73799460612253
742,741,16,A_standard,False,131.75667941743956,74.43464003705913,390.4708441805165,658,89.26376747833247,0.5521263964899626,0.01,138.904873429581,0.10374943782810739,7.507143336296114,0.21794262563950012,0.19473287530786018,0.8605850186779853,0.6658521433701251,19124478.329355527,0.4985051290867917,0.11159998194459358,1.18525,0.13227387859982953,1.7449185198304051,5.966418020575514,1.472194490470707,5.033889914005918,1.5561170825923094,0.1909447766214596,-0.013102481528454816,0.0542233024165006,0.0,-0.01,0.01,167.19667197344756,25.288417082255144
743,742,13,A_standard,False,127.93035278651416,71.845378419045,340.33670473029264,778,72.29320740327833,0.42203420738696,0.02974822722933392,274.45180699722954,0.07577157430826721,9.103076666789084,0.2224853960644433,0.13195403752292567,0.8335500477226689,0.7015960101997433,19023359.847483676,0.4958693404921709,0.11306646131296327,1.1855,0.13404028988651795,1.1670484420458014,6.20516466202789,0.9844356322613257,5.234217344603873,3.7963705976722757,0.6891975819627754,-0.005349352560939016,0.041536858268291385,0.019171209405687225,-0.010577017823646694,0.010577017823646694,241.82312755053292,32.58515398660482
744,743,6,A_standard,False,141.82623148572847,79.57071588296198,327.6928836596237,1044,79.6534364858702,0.707470270979318,0.024240641619972633,123.90730759954882,0.11008640870675132,8.509229538316221,0.20699193916055633,0.17181414771697595,0.8435090982338953,0.6716949505169194,27222046.66562056,0.7095790877716008,0.0932103966135609,1.18575,0.11052422778452985,1.8432938165610082,7.206223499956619,1.5545383230537704,6.077354838673092,1.5555801866945045,0.19086184809143592,-0.01720985193702622,0.050234176903517225,0.0,-0.024240641619972633,0.024240641619972633,166.31659656605137,26.14491670413833
745,744,16,A_standard,False,122.79446253029859,70.6031963451685,338.12895392518965,948,65.73306578702221,0.4844737027355411,0.06268962555459472,395.83109258504885,0.08888554478317064,9.848463265551462,0.22895908438088824,0.10488454220859088,0.8212158727392195,0.7163313305306286,22631589.707920335,0.5899226820461105,0.10666204993221165,1.186,0.12650119121960302,0.9833351438046573,6.715896900405422,0.829119008266996,5.662644941319917,6.021795695146147,0.9535491273591312,0.0017506685682303685,0.031503860666922984,0.07360197562535496,0.010912350070760246,0.010912350070760246,393.8300904139274,37.68445924803384
746,745,8,A_standard,False,125.30143389788977,68.65700744458951,253.20832807909613,922,74.17646400538426,0.7661273335255653,0.013793210242654138,266.0248994645894,0.44907190673112524,9.704380479967018,0.22574274349256146,0.11183916422875517,0.8235857470904673,0.7117465828617121,16028533.032813797,0.41780517047253807,0.1273668749107737,1.18625,0.15108895536290531,0.8780867419971135,5.588160841351592,0.7402206465729091,4.710778369948654,3.5863788201777775,0.6425338482332094,-0.0011238081039462093,0.0561243037100502,0.0,-0.013793210242654138,0.013793210242654138,207.54807141415483,28.828453713382718
747,746,11,B_optimized,False,132.050755043057,80.44964522471321,701.9599467606212,1798,42.04212244950608,0.768641641860849,0.020845336170119088,151.78329105647882,0.24918984393620897,8.299592134450636,0.2176027629022817,0.16430773452575162,0.8470531438371346,0.682745409311383,101537426.76457328,2.6467089540800033,0.04530682466084274,1.1865,0.05375654746008991,3.626555949478349,15.069372316914064,3.056515760200884,12.700693061031657,3.610267089602228,0.648001726422031,-0.004345717565554568,0.028309333075391453,0.020753332807887596,-9.200336223149155e-05,9.200336223149155e-05,107.41853649765497,59.47653157745065
748,747,7,A_standard,False,130.0878841082202,78.76851386445745,343.8450813406072,780,77.20408846482472,0.38144170194766647,0.029511158916523676,315.9968954495478,0.26404830072682994,7.748021381115193,0.21989595092071473,0.1819981913932661,0.856449068539052,0.6744508771457859,21125649.524306428,0.5506683351980135,0.10375751207106834,1.18675,0.12313422745034035,1.7540724306169473,6.500260691330215,1.4780471292327342,5.477363127305849,4.093007271156637,0.7489475872738935,0.004737445875562693,0.037689683606334366,0.04226979383560462,0.012758634919080945,0.012758634919080945,327.3124458821763,37.0023703560339
749,748,7,B_optimized,False,135.5079676843966,77.7490400647544,573.0513697182457,1409,40.31441047658318,1.06720971945174,0.06802126773895281,603.2391669087796,0.12858161352442926,7.04156128693301,0.2137015366930067,0.22206337436511425,0.8686359027097781,0.6465725283446638,62776859.209871255,1.636362873022472,0.062359043616151834,1.187,0.07402018477237222,3.5610452227589464,10.368544654478839,3.00003809836474,8.735083954910563,14.963363218697543,0.999993626549735,0.006879911405220371,0.027363203240347203,0.07778768612183755,0.009766418382884737,0.009766418382884737,606.4779834581726,57.71082530257844
750,749,4,B_optimized,False,151.60461535219355,78.02540963590731,663.6430860337571,1743,58.03471333027392,1.139338347446491,0.057746469403155386,199.47718151915373,0.09648506153157645,7.524191434464752,0.19755331944068302,0.2261789013453714,0.8602916419383644,0.6341127405929929,90254324.204209,2.3525997814538315,0.04443874281003028,1.18725,0.05275989740120845,5.0896782186718506,14.269367234436416,4.286947330951232,12.018839532058468,3.4372045638260453,0.6075927330559902,-0.0031832323274617073,0.02452452723057449,0.05854555658675506,0.0007990871835996741,0.0007990871835996741,228.70507610222282,64.8299071446229
751,750,20,A_standard,False,137.03163222160714,74.64316771886882,370.7223153929832,716,79.8870915303917,0.611424100993333,0.059256156086230624,281.8326575099061,0.050457106781575806,7.5917530915106335,0.21203543517526946,0.19994345638094815,0.8591299723808763,0.6591865159999282,19813071.782944173,0.516454239256381,0.10893533210420885,1.1875,0.129360706873748,1.8354325682844557,6.051172776242536,1.5456274259237521,5.095724443151609,3.52788732335671,0.6289902290340741,-0.0013764410128912356,0.04123596508570709,0.07092769887806694,0.011671542791836312,0.011671542791836312,241.4232713711046,34.42634784036605
752,751,3,A_standard,False,118.0210146392437,75.8545071545671,479.53242636906276,763,84.79732515522512,0.4910497279159207,0.04724870856697008,181.14618414267167,0.19138780017905707,7.406750807618285,0.23540272540736665,0.1748950277390658,0.862314680671656,0.6874196529325902,27753892.946413413,0.7234423730489832,0.1007967163198107,1.18775,0.11972129980885517,1.7351262434398542,6.819861579136423,1.4608513941821546,5.741832522952155,2.1362252147821392,0.29655128864072294,-0.013973965123234646,0.05544844048588414,0.034264780565512507,-0.012983928001457576,0.012983928001457576,171.3658491164849,28.316743341344747
753,752,2,A_standard,False,119.5176260018765,64.68330662193122,356.01993455036506,895,94.3907508348622,0.45083863749998543,0.11391098057107465,228.6142406050306,0.30759659568278996,7.081662252258954,0.23333541336998187,0.19158904548122493,0.8679395192392916,0.6763504737580667,20610549.19808683,0.5372415556439486,0.10161383464090834,1.188,0.1207172355533991,1.8854622124859148,6.65608650778914,1.5870894044494235,5.60276642069793,2.4219983269864445,0.3593925381832773,-0.007594475044431366,0.04949352488071417,0.10060005926913869,-0.013310921301935966,0.013310921301935966,214.1380682988249,30.048704758684654
754,753,19,B_optimized,False,140.00715328421435,83.9039309664367,607.6170730419626,1761,44.10200416106032,0.5954100143638575,0.04123726765523685,111.65033674271855,0.4299556363907732,8.401576587522046,0.20887086711937394,0.1729341164122409,0.8453271796187518,0.6723930632065109,89778352.73390298,2.340192947909916,0.050594893236953695,1.18825,0.060119381888810226,3.4180152451815555,13.289741714790415,2.876511883174042,11.184297677080089,2.531638615219663,0.3850041551109191,-0.010776379487009432,0.0443286185073514,0.03764759804391234,-0.0035896696113245086,0.0035896696113245086,101.20852434856366,49.90512065728009
755,754,12,A_standard,False,113.69817193812226,61.63789774881221,186.60760704527866,1004,87.32710942769356,0.594847301070132,0.08994560290111152,219.9475844079894,0.11196770571627825,9.696639678142235,0.24163263505075985,0.0960367261541789,0.8237132612419091,0.7276765350877302,11548109.004616244,0.3010169203527006,0.14285092097325836,1.1885,0.16977831957671755,0.6722863632930791,5.0939576037031715,0.5656595400025908,4.286039212202921,2.5186632862284877,0.381936529459105,-0.009210517231661036,0.0597662451032521,0.09269563090572899,0.0027500280046174747,0.0027500280046174747,196.78824695618576,22.99105233918059
756,755,9,B_optimized,False,141.29699163517992,71.36834250361093,652.6135614354763,1657,65.04461892735506,0.7030003843418263,0.031141327252794237,224.35673337269404,0.1967409580137858,8.933256768230258,0.2075343488259391,0.15661611013527846,0.8363859285775066,0.6797698184422282,77176346.12602207,2.0117047757033397,0.06643007441266434,1.18875,0.07896875095805474,2.3576085307744425,10.232862516749428,1.983266902859678,8.608086239116238,3.4492743146557037,0.6104666819100344,-0.004855664555405545,0.035900692216308455,0.036932384201877166,0.00579105694908293,0.00579105694908293,206.5498067055829,43.92117608211849
757,756,15,B_optimized,False,140.06362134932013,66.97566228839031,627.5114966822996,1804,55.24197251884763,0.5934041548602939,0.05624035695680767,494.31676971822066,0.2118745567837811,7.677579941729677,0.20881191767270163,0.20125748099708193,0.8576565089807339,0.6563990279836519,75818508.5433124,1.9763109214088375,0.05421725637295566,1.189,0.06446431782744429,3.712055800327662,12.106828561525536,3.121998149981212,10.18236212071113,8.94820997837411,0.9973962878080784,0.003082015646732295,0.019537705734013536,0.04817029732227481,-0.008070059634532861,0.008070059634532861,498.5542094652314,61.28665995967093
758,757,8,B_optimized,False,143.87677286311316,77.2146416733066,466.52505440848324,1634,53.04650464718665,0.5540111023483554,0.036159365904634325,98.08908983296182,0.3803155893120024,9.01402884760071,0.2049224529382133,0.15768168936600369,0.8350358867158376,0.6773541973498339,58860871.05929765,1.5342873996482487,0.062186683767436045,1.18925,0.07395551367042331,2.535618235500338,10.892270761421907,2.132115396678863,9.15894114897785,1.8491150450977738,0.2403274795475286,-0.02584962012098088,0.045682503211385256,0.007515019355965873,-0.028644346548668452,0.028644346548668452,98.20205691868772,35.90555270813795
759,758,3,B_optimized,False,133.85956996259554,86.11291524401432,750.960573588613,1636,48.24915939836529,0.93341337010499,0.07780778862968492,193.87817342182825,0.40085990797968607,8.346650866838882,0.2155402735094428,0.1654577488482615,0.8462562939391279,0.6807985450908665,105795873.31215335,2.757711064012178,0.0430204968144164,1.1895,0.05117288096074831,3.8460213409905513,15.824981009115803,3.2333092400088703,13.303893240114167,4.018270490913401,0.7346355751840623,-0.0027588670308715414,0.025991229121211903,0.06581884451317639,-0.011988944116508526,0.011988944116508526,195.04765767696455,62.08538098360534
760,759,15,B_optimized,False,122.67143215394825,93.50042431589311,642.7003559105575,1622,59.97806998616165,0.7606743259501957,0.06879477913752566,392.79203327034674,0.6469545476040574,7.959295649063157,0.22911980053276695,0.16143830341693197,0.8528377906134436,0.6913994871965116,97470450.20866372,2.540697765796523,0.050236180090063455,1.18975,0.059768495262153,3.213586365991707,13.762978911950912,2.701060194151466,11.567958740870695,6.548927522358974,0.9720483013157155,-0.0019977452804855215,0.03276932972633072,0.07292451431308127,0.004129735175555607,0.004129735175555607,421.8438005370687,61.229229663297325
761,760,4,A_standard,False,130.26156180202616,65.45822285397838,343.4210197050765,1008,89.62164543146245,0.4551239781215616,0.10259141585223266,197.3207097371218,0.21160921954782327,7.896877274352596,0.21969067881685928,0.1764230757711217,0.8539031104060288,0.6774800346349071,22659567.477720164,0.5906519600690419,0.10544446731916764,1.19,0.1254789161098095,1.6731373419253037,6.4249936659479445,1.4059977663237846,5.399154341132727,2.2017081787236488,0.3103910333891384,-0.010939814775457392,0.05304846966058246,0.10450187088603471,0.0019104550338020498,0.0019104550338020498,153.68133385662995,28.854846352107355
762,761,12,A_standard,False,121.05355346234765,65.03342891455529,541.7652893175814,976,94.46104109943138,0.10070519942640077,0.02628531902356281,203.6746477061842,0.0929675403562397,7.800059862011736,0.2312590555763797,0.16466626707619356,0.8555581660617457,0.6908918989855521,34387265.924859405,0.89635011965273,0.08006981851032233,1.19025,0.09530310148191115,2.056533537102564,8.62861827139629,1.7278164562928497,7.249416737152943,2.1561761900527077,0.3007300571091692,-0.020713738014543962,0.04283224476627331,0.0016536773002556945,-0.024631641723307115,0.024631641723307115,144.14020341658448,31.538288696268758
763,762,19,A_standard,False,126.92359911985666,76.28959414922332,410.64563644895276,811,85.69707881522697,0.1,0.03869504255593802,151.20869748732807,0.25858572515982275,8.65106612273727,0.22371925392329606,0.14436505854786216,0.841119679917105,0.6967546213692428,25406999.03345433,0.6622674414830407,0.10324808820599662,1.1905000000000001,0.122916849009239,1.3982346894388062,6.748353732023635,1.174493649255612,5.668503764824557,1.7644556801446158,0.22521251350738375,-0.017862445846381723,0.058427856429375494,0.0066294083934203794,-0.032065634162517634,0.032065634162517634,164.91736318082172,22.879198561539926
764,763,19,B_optimized,False,133.86848320196395,86.25702591275792,606.3679640447987,1237,48.56401744366071,0.8104732646380273,0.029328439078586826,144.59765974160544,0.3211148625805697,8.139670082276421,0.21553022762832713,0.17302054303751177,0.8497667306888383,0.6767461876513265,64699426.02066346,1.6864771506349923,0.06295801917867996,1.19075,0.07496726133701316,2.748189115455895,10.749165816838456,2.3079480289362966,9.027223024848588,2.977464949421734,0.49436647575876497,-0.011866759399885388,0.04122622539600784,0.0256651974267217,-0.0036632416518651255,0.0036632416518651255,113.69819128966236,44.5982412190547
765,764,8,B_optimized,False,139.87041425997901,68.25388992104922,599.570549045321,1586,47.11697596744095,0.911247826994656,0.013941306522027968,96.73674807499447,0.642867510682843,7.27157720242301,0.20901378246422622,0.21874254035523835,0.8646490784234445,0.6459065380682062,64903913.295545615,1.6918073851964894,0.06576507783141064,1.191,0.07832620769721008,3.326119995113315,9.821421328261685,2.7927120026140346,8.246365514913252,2.0531187770166333,0.2795124655486818,-0.01154652072578131,0.05389282536106315,1.184156111674363e-06,-0.013940122365916293,0.013940122365916293,80.28009049847591,40.660853130528366
766,765,16,B_optimized,False,129.18119762930957,78.14106208498583,682.2613618730092,1480,64.50679936484279,0.4285226332570171,0.019573157898599366,165.7500092565611,0.18741339166901072,7.223147890899648,0.2209751884084529,0.202678060823941,0.8654869713352537,0.6628089105113126,78902688.60573258,2.0567042034459058,0.05414260523858849,1.19125,0.06449737849046853,3.743411679781681,12.241910184974175,3.142423235913269,10.276524814249047,2.569496717998652,0.3940061588793116,-0.01598246705447728,0.03279382249845631,0.01918378901666777,-0.0003893688819315948,0.0003893688819315948,140.40316978197438,50.37477555421756
767,766,13,A_standard,False,135.29102551913365,77.80787240235242,293.2377739333988,903,79.63292804381004,0.6908633240426074,0.05153337280972626,140.9517694962491,0.6561389793192849,8.305903981281668,0.21394135165031772,0.16914882598843523,0.8469462211920372,0.677797395203602,20603035.18987706,0.5370456929611572,0.11038116017465431,1.1915,0.1315191523481006,1.5324066690438278,6.140517042320758,1.2861155426301534,5.1536022176422644,1.7700186714056845,0.22618469367994254,-0.018683850190064206,0.062230711057298785,0.0696268990299728,0.018093526220246535,0.018093526220246535,114.20689777504539,24.178414172025754
768,767,10,B_optimized,True,133.941804297064,82.05307504865223,569.5619295534975,1386,57.83696928620018,1.057353200791411,0.03243927832511938,232.00177476775087,0.1892087345959875,8.428651215683276,0.2154476324503979,0.16268605974340988,0.8448695651460951,0.6821835054026852,64773750.542204514,1.6884145187852264,0.06050186568507369,1.19175,0.1722211984061978,2.6889428598818546,11.275412711297356,0.9446343495979019,3.961089062878889,4.011305876345533,0.7332756335631657,-0.001704201410324757,0.026455555198082868,0.08494855549229027,0.052509277167170895,0.052509277167170895,189.3571211734128,17.01738763608013
769,768,3,A_standard,False,124.86765823373723,68.7589576837408,391.377456010139,861,90.09111906255055,0.6845387686819544,0.0560101515158,154.34291616335102,0.3183827958876346,7.686867355683216,0.22629140062979608,0.17561310330572524,0.8574972155548547,0.6818841122491295,23170117.811043467,0.60396013796731,0.11022880720003538,1.192,0.13139273818244215,1.593168861811551,6.18607902570963,1.3365510585667375,5.189663612172509,1.7131868020885639,0.21639269856139703,-0.015557808822090674,0.05645461395963702,0.04483053737480806,-0.011179614140991938,0.011179614140991938,128.01030286689036,25.128038574022998
770,769,8,A_standard,False,131.85025618194692,81.44735215059482,298.05906025771816,876,90.73009285961656,0.783101141938392,0.03859231481594437,177.29439563564338,0.40144311825346307,6.867994377253756,0.21783433934025176,0.2240054229635064,0.8716564713696502,0.6476510484061437,21265882.2084175,0.5543236878351452,0.10803177799269445,1.19225,0.12880088731178996,2.0735141744927548,5.995004992419365,1.7391605573434723,5.028312008739245,1.954085905213,0.2600104783170845,-0.010394901168474554,0.061957862185485296,0.0659003193832656,0.02730800456732123,0.02730800456732123,180.40807394028351,26.359884399692252
771,770,14,B_optimized,True,130.84938154198613,81.42072893538874,447.0341997373361,1858,53.12056457401382,0.7301811673320165,0.028899743434905336,179.4928042671145,0.20580693970499,9.250965117085132,0.21899936492394778,0.13186778520752535,0.8310882417480738,0.6992204565405484,67627206.04628813,1.7627936563444027,0.06029823651835186,1.1925,0.1621404792587784,2.1869260665258623,11.59603492430064,0.8132934219163284,4.312436103168186,3.378970191798772,0.5936247017265995,-0.011414919823392003,0.02934211794004848,0.001984217463410022,-0.026915525971495314,0.026915525971495314,172.10037408966735,16.959987374677162
772,771,20,A_standard,False,127.60529673798622,80.94775515012104,255.23347363171996,1144,86.48565837966035,0.4973707627576734,0.05521561986367846,215.28295105759364,0.03958285217252509,9.0386046095271,0.222881969212633,0.1333814788552397,0.8346255547032787,0.7012440758480389,23635699.77872571,0.616096155217185,0.09963027382813797,1.19275,0.11883400910851155,1.3387645514788258,7.038463801250648,1.122418404090401,5.901038609306769,2.4892329559720823,0.37501372972664243,-0.009935750673390573,0.04228216514274983,0.038526084120304754,-0.016689535743373708,0.016689535743373708,214.44074040677376,27.703847344565364
773,772,1,A_standard,False,135.3769145207715,71.94719133120431,325.61414457361496,689,65.45372402963898,0.30610477970031635,0.03212908316060807,173.43320349113557,0.09844828557047658,6.0126234990265015,0.2138463290177874,0.27643558161905724,0.8866965441960273,0.61026096257697,16141218.957091382,0.4207424799384928,0.12075389470724844,1.193,0.14405939638574738,2.289247748813718,5.0537580096813075,1.9189000409167796,4.23617603493823,2.6497071948511435,0.4133114183981056,0.0019379213154317905,0.04843454750648805,0.023163734992168117,-0.008965348168439954,0.008965348168439954,150.85602553912565,31.09236339700639
774,773,15,B_optimized,False,144.01217551105879,84.31443642354299,686.6416822887448,1691,60.131463877869734,0.9064802612475715,0.029985759317874425,136.4316567212788,0.04541466230535395,9.33958292331353,0.2047875638551338,0.1476913827179921,0.8296165619683331,0.681925179250341,97898426.73584746,2.551853546898398,0.05126835595602722,1.19325,0.06117596574452947,2.8807512931498476,13.301093170126757,2.414205986297798,11.146945879008387,2.2688896614654004,0.3249511185768928,-0.017107113802348414,0.03674083851444468,0.004262899748634001,-0.025722859569240426,0.025722859569240426,149.793002764787,43.34633078551911
775,774,17,A_standard,False,133.80102453878408,63.42486582765568,356.4068507467203,872,71.58539846905353,0.4370624236023498,0.016646566281775476,228.6568586939424,0.0867925361348136,7.7910242026669865,0.21560628681575705,0.18641241053404753,0.8557127906754414,0.6693003801413938,19711609.43251853,0.513809487267578,0.11570429304351106,1.1935,0.13809307374743043,1.6111105787919762,5.784576894564325,1.3499041296958327,4.846733887360139,3.1941829421092223,0.5483937656365206,-0.003544921948620983,0.04238737693271926,0.013011645372735388,-0.003634920909040088,0.003634920909040088,205.62152551873868,32.05193248667197
776,775,20,A_standard,False,124.46453043060312,82.60301319548432,218.9491148296623,1045,77.25145895969516,0.5017136773041969,0.030705717096133508,355.66703337263095,0.07116799822721756,8.189987080027143,0.22680420590791606,0.15605862889592814,0.8489120066189283,0.6928533777230002,18899720.16937785,0.49264650676918315,0.11055553786169206,1.19375,0.1319756733223949,1.4115858139206168,6.267016479896089,1.18248026297015,5.249856737085729,4.6040170394476965,0.8325790732384339,-0.002822345806062102,0.039266038047691375,0.033944566137675374,0.0032388490415418657,0.0032388490415418657,296.99849042490536,37.508418492181754
777,776,9,A_standard,False,128.65078597279637,69.51186119177274,269.5588496622955,724,87.796210207359,0.34894426635723363,0.05992900487234315,233.09295778626475,0.3328563795518638,9.138223060052628,0.22161253252798432,0.13197473778290325,0.8329643280504836,0.7009895902675803,13565977.034695338,0.3536153518231494,0.13516453481819607,1.194,0.1613864545729261,0.9764006361610812,5.186194671630772,0.8177559766843226,4.343546626156425,2.6549318841410208,0.4145788988349877,-0.010161387401463298,0.06331696683342969,0.0198998024703706,-0.04002920240197255,0.04002920240197255,227.36279900731768,21.135104812865663
778,777,3,A_standard,False,138.34994718176395,71.0093215714478,350.7234894227648,823,79.7865358092944,0.7472862084460801,0.05745523615930646,167.20295085429942,0.4605835401845335,9.652538786629053,0.21061908856427192,0.130940936800238,0.8244401115256829,0.6934991747254449,20496516.286455974,0.5342691351494545,0.11036938028709278,1.19425,0.13180863240786056,1.1863882578631364,6.283438150341292,0.9934170047001352,5.26140937855666,2.0956286566188,0.28815301399458476,-0.010686976349023956,0.06112823675001827,0.03762090968242325,-0.019834326476883206,0.019834326476883206,174.48527841833194,23.63804368659975
779,778,6,B_optimized,False,139.49674209243938,72.66360842831392,696.719269816114,1595,55.07145498488559,0.9241425678457095,0.05751651823513411,208.1401527437028,0.08150271465572183,9.00286528504553,0.20940554717704973,0.15179111735567336,0.8352223470378212,0.6834312296821479,80748687.24917434,2.104822629276661,0.05693378215027063,1.1945000000000001,0.06800740277849827,2.6660993108632223,12.003966781590307,2.2319793309863725,10.049365242017837,3.779456213764954,0.6855629037225979,-0.00619800128630929,0.032788457277247884,0.05364486907456918,-0.0038716491605649273,0.0038716491605649273,187.61447890847563,49.83818408329104
780,779,18,B_optimized,False,138.90924372386377,80.51954470040594,632.033135779013,1498,58.06410520361347,1.0741593121527682,0.08497542528917962,87.4303782666363,0.3934088747067935,8.24103049895056,0.21002511183764308,0.17713850253583474,0.8480458214010445,0.6709073188652097,76234748.45208697,1.9871607718403776,0.048213513521578114,1.19475,0.05760309527990545,3.6740425992093657,13.915337627591546,3.075155973391392,11.647070623638038,1.5057560597901936,0.1832855895082124,-0.01818661939062426,0.040729517434613595,0.07552700168227651,-0.009448423606903109,0.009448423606903109,110.26996996733567,47.29176389600155
781,780,18,A_standard,False,133.14701496203278,67.28315979514745,321.42787768077324,837,91.36868633450564,0.8359254319465605,0.011071829106197894,206.62308933065728,0.12181414899314409,6.624359313697002,0.21634707272242973,0.23855372160943855,0.8759141577583641,0.6373604361489256,18101533.885783054,0.47184071277646733,0.11184049185756936,1.195,0.1336493877697954,2.1329816924736034,5.698834344904475,1.7849219183879523,4.768899033392866,2.2614212551354753,0.3233150112763532,-0.009653555569917482,0.05402285435426728,0.0009514665162570885,-0.010120362589940805,0.010120362589940805,171.37391035066045,29.33776315028315
782,781,13,A_standard,False,118.82430353799094,62.88167738962242,377.63678898022636,873,93.15236628744282,0.5717421051095266,0.03712463771884913,183.7301454462386,0.10375105148883017,5.973768176015262,0.23428761599978026,0.24670057998075098,0.8873858696137087,0.6406852896329577,20730637.52374886,0.5403718186113873,0.10199952745676795,1.19525,0.12191493519270188,2.418644342105545,6.281257429398478,2.0235468246020036,5.255182957037003,1.9723615488123774,0.26354219574581017,-0.0192058896745953,0.04820523502117005,0.021847605396181448,-0.01527703232266768,0.01527703232266768,186.96736581885796,29.929350128215237
783,782,3,A_standard,False,135.24494448937105,58.25088455747766,264.9732170884007,708,91.99170468677207,0.4983704379952706,0.023828297436428485,144.54203794086175,0.3762643081770424,8.878158939024503,0.213992375323192,0.14958981162697896,0.8373080975601384,0.6877182859331594,10927926.389843447,0.2848510302766226,0.1500573316774637,1.1955,0.17939354002040786,0.996884390484234,4.583036884937786,0.8338639820027052,3.83357330400484,1.571250782154993,0.19329364539367713,-0.00813537897349332,0.06867183527755069,0.0,-0.023828297436428485,0.023828297436428485,176.50113844332634,17.66377517381891
784,783,3,B_optimized,False,138.72960787872583,83.36258263820903,546.6887412328992,1653,48.46521678099636,0.7790285224433934,0.029341877879448048,156.83327333607122,0.5639660287003145,9.342030345744476,0.21021544251526736,0.140318696045489,0.8295759545185201,0.6892572584730311,75332806.01397517,1.9636504347845627,0.05258485117422489,1.19575,0.06287833579157942,2.668424325868738,13.10752513474601,2.2315904878684827,10.961760514109145,3.235996530145862,0.5587268224612868,-0.014002147005913006,0.043561720589974005,0.0021000645054176127,-0.027241813374030435,0.027241813374030435,150.8309162584794,46.393247216875736
785,784,10,B_optimized,False,134.77650448468725,86.60536762642927,658.0041986800356,1778,71.56318887128498,0.3752725081914139,0.01,182.91508351847267,0.12114001473753207,7.185355139161952,0.2145127426126832,0.21409183134990747,0.866141401315992,0.6520495699660845,101322344.64597209,2.641102550733933,0.046745112608739654,1.196,0.055907154680052626,4.5799832196763175,13.949042660861506,3.8294174077561185,11.663079147877514,2.5559940299399946,0.3907868418429155,-0.01759647335924307,0.03285638248699086,0.0,-0.01,0.01,166.10957879741147,56.01364049716169
786,785,12,B_optimized,False,136.18533769516503,73.55425466709767,518.192086851777,1451,50.3630402585902,0.8114255226907122,0.028127719118271863,343.85971554660296,0.2559928749925041,7.73022003526127,0.2129569317810178,0.192780326940684,0.8567540417466727,0.6639737148059887,55305202.68073985,1.4416041434821438,0.06065816209162546,1.19625,0.07256232640210696,3.1781432257951563,10.946156162843215,2.656755047686651,9.150391776671443,6.827620290217732,0.9787021304407935,0.005131656542690693,0.03401840557194301,0.0390487539615429,0.010921034843271036,0.010921034843271036,340.4855757229136,55.834317777424566
787,786,1,A_standard,False,121.3231150205101,75.0629465884583,399.98796239873104,971,92.05540564480287,0.30575495322883517,0.04632078185011032,359.6224509984309,0.07086093625208467,7.442734111614545,0.23089925980968246,0.17933103970271344,0.8616943252968899,0.6823632855941765,29153571.080892913,0.7599268573362038,0.08975452699111716,1.1965,0.10739129154487168,1.9980166540286208,7.602550071504568,1.669884374449328,6.3539908662804585,3.9065870002902314,0.7123012500355241,0.004817491692381415,0.031735148901236326,0.053585088348737576,0.007264306498627256,0.007264306498627256,389.9835427110849,39.68459599439092
788,787,14,A_standard,False,141.30010455968804,63.73279156882704,267.13686320578637,980,69.63006095341282,0.7319650844234077,0.054387335665378234,144.88947692177805,0.3776420049376419,7.416099926510997,0.2075311483426248,0.21458019651268026,0.8621534580955654,0.6475732615828852,16684870.46258375,0.4349134842010093,0.11568723282730121,1.19675,0.13844869588607273,1.8548304014930257,5.597620807039162,1.549889618962211,4.6773518337490385,2.0808466190876787,0.28513043017504075,-0.016206613877074637,0.06728728623253497,0.01914235863505138,-0.03524497703032685,0.03524497703032685,144.60133346263402,24.169205009463315
789,788,11,A_standard,False,138.1927907187282,94.47624983197458,464.9914011356341,961,84.82635499455776,0.511446021627357,0.06900768434371131,174.2502925228166,0.11663624230136924,9.074961183891965,0.2107867250602345,0.14765432957354918,0.8340188927705772,0.686364563197028,42217348.67585708,1.1004517084816838,0.08005089282110071,1.197,0.09582091870685756,1.8445057184250266,8.574102536631651,1.5409404498120522,7.162992929516833,2.054199930363577,0.27973024577608396,-0.014613283387351211,0.0482027482354076,0.05059342155067019,-0.01841426279304112,0.01841426279304112,215.30463791639795,30.509710799432987
790,789,1,B_optimized,False,127.8888925168061,77.23874506205682,557.5492462981107,1599,67.44813061559982,0.8401413716323203,0.029150592661590497,176.26033276174215,0.2989096072620465,8.218373132753642,0.22253588285099107,0.16059286257639477,0.8484301981786662,0.6878373356022713,68859982.14688435,1.7949276156911276,0.0621088135023976,1.19725,0.07435977696574553,2.585669464933433,11.074713825852085,2.159673806584617,9.25012639453087,2.6132723198258003,0.40450529265050644,-0.012272054264971634,0.04564008419589989,0.039878681483114624,0.010728088821524127,0.010728088821524127,172.74540793281489,41.52369909815252
791,790,2,A_standard,False,132.3190838073472,61.31141133910017,229.89692009351785,796,73.92470959044584,0.4566253402384082,0.08249784463954811,316.6898894522375,0.3276893049298679,7.770821688604331,0.21729377648247675,0.18478705127480477,0.8560586115289874,0.6712715602541827,11219862.48822295,0.2924607354879999,0.14868112795371513,1.1975,0.17804565072457387,1.2428413331134367,4.514840380166819,1.0378633261907613,3.770221611830329,4.283951755870909,0.7831217018410569,0.008017581202618671,0.049535115047289684,0.09950205723120185,0.017004212591653745,0.017004212591653745,293.4766565277894,31.34796760210007
792,791,10,B_optimized,False,121.8813481274966,58.369458559413275,582.4371857146255,1756,53.489049205564186,0.5931478281719766,0.10578801056951459,234.88722257954507,0.07778457974051652,10.657520020510372,0.2301584652556418,0.08604211000463832,0.8080345993418415,0.7219924893372032,59697929.81535465,1.5561064566732403,0.06262163333524365,1.19775,0.07500506132728808,1.3739997732734568,11.52944199765648,1.147150718658699,9.625916925615929,4.391314223531029,0.8008019685701503,0.0037699119226403564,0.031044935833616415,0.10787597985820761,0.002087969288693023,0.002087969288693023,215.6206419646278,44.932334011558986
793,792,15,B_optimized,False,135.90048678207015,75.0283042593778,725.9545163802401,1252,61.4567769252397,0.8294981308865877,0.10902576966845832,229.38068071011978,0.3085855278131534,6.56557910099244,0.21326928787489532,0.24653868039912105,0.8769444916822516,0.6304058112831306,68192854.68947454,1.7775380454478993,0.04981561206074739,1.198,0.05967910324877537,4.9490244162508885,12.654784016592739,4.131072133765349,10.563258778458046,3.7323903430398633,0.6753295975729061,-0.007371164163960785,0.029166497964482254,0.09168125023030183,-0.0173445194381565,0.0173445194381565,223.47355055592791,60.679591497840036
794,793,17,A_standard,False,131.25786274748955,59.94094020014904,273.52120107316114,910,63.50933668640802,0.5721761133011807,0.0982801385528648,280.0437167947686,0.49945579771304344,8.547911081495785,0.21852206583584938,0.15444655140290212,0.8428567859187857,0.6884102345158836,14919557.340869356,0.3888982345056469,0.12599282156751015,1.19825,0.15097089844326905,1.2258361189263924,5.463884576527369,1.0230220061976987,4.559886982288645,4.409488925660631,0.8036853212798184,0.008237382328847163,0.05711900076575957,0.09293517241964701,-0.005344966133217791,0.005344966133217791,223.5129821665094,34.4380998475656
795,794,9,A_standard,False,128.32774195178064,74.08110972490753,379.21595621222804,792,77.12528867944164,0.41214327065162215,0.046705595329159515,168.21476272562572,0.11873024884873709,6.951021714827805,0.22200289644722643,0.2137075144006101,0.8702102461423318,0.6565027317417217,22249449.178382285,0.5799616775823051,0.10124133407233346,1.1985000000000001,0.12133773888569166,2.1108721685544305,6.484532604762725,1.7612617176090366,5.4105403460681885,2.1810584518494607,0.30598838602183515,-0.007399754818252751,0.04783864774481091,0.03941093185004894,-0.0072946634791105774,0.0072946634791105774,144.66571691019348,30.35625901484737
796,795,6,A_standard,False,135.42819161120022,82.23450783173837,466.4963276048347,860,93.24736965627251,0.5220312759682728,0.0407501251757178,406.4156908165678,0.20295386062959464,7.842563128005758,0.21378964784817348,0.18699772848068857,0.8548311947659561,0.6678334662852676,32991402.479071394,0.8599650703328757,0.08750434159215448,1.19875,0.10489582948359517,2.1370108622982262,7.632003785571534,1.7826993637524307,6.366635066170206,4.358468151055554,0.7955106193276004,0.008001502622686663,0.03808606624692283,0.05225487429104646,0.011504749115328658,0.011504749115328658,386.7849756742611,41.58830585114471
797,796,20,A_standard,False,127.0337746443035,70.51671725554577,372.05301252813194,1158,84.60742010118463,0.283629972373151,0.018895582539209723,219.8273466989625,0.05233894735390443,8.148638384462673,0.22358341512130975,0.1617181298197346,0.8496143250608714,0.6878961952411369,30381238.30850652,0.7919276470695239,0.09299595720934517,1.199,0.11150215269400486,1.7389802166957375,7.397054838551736,1.4503588129238845,6.169353493370922,2.598204110656774,0.40088093474946923,-0.008526202181881826,0.04196697092201772,0.018281041909038995,-0.0006145406301707283,0.0006145406301707283,212.65181513735547,32.51368047685933
798,797,10,A_standard,False,131.88455896511914,74.5779393614982,389.40005441276736,911,100.17809371605892,0.663063078387865,0.06627892922766024,149.67510009587602,0.19490339520988625,8.844595719635091,0.21779467714619713,0.14568538651796814,0.837870341353643,0.6921849548356749,26456035.47092247,0.6896119805429162,0.09795893665869275,1.19925,0.11747725478793727,1.4872087375301273,7.066072565154282,1.2401156869127599,5.892076352015245,1.4940901203421735,0.18154573998586065,-0.01608716522631822,0.05380438589057087,0.057150206035486824,-0.009128723192173414,0.009128723192173414,185.97033327676104,25.37874619731364
799,798,7,B_optimized,False,136.94394153763287,75.80468085623166,617.3650144606775,1590,60.87378799220909,0.7277963130547417,0.05096168289208322,198.40084157342918,0.3177432356128997,7.738818104838978,0.21213046838876964,0.19366234822767694,0.8566067257961253,0.6629443775684484,74410661.04986125,1.9396134918439165,0.06375756667124531,1.1995,0.07647720122215874,3.0374802292293057,10.397893335340173,2.532288644626349,8.668522997365715,3.2592162918926855,0.5644436292416366,-0.009864423683510754,0.03363208926284523,0.036946651747181966,-0.014015031144901255,0.014015031144901255,191.12977873254587,45.547597387882554
800,799,9,A_standard,False,136.9754749321556,55.251620660330325,351.2275831171141,757,81.77230145268112,0.484338343829649,0.08858707633436833,382.98479637576463,0.20111242046717262,7.633051902203158,0.21209628272643585,0.1981081997193458,0.8584206444434133,0.6603124447240675,14690261.143188389,0.38292132216035146,0.12643958045137152,1.19975,0.151695886646533,1.5668210777995892,5.222355550112116,1.3059563057300179,4.352869806303076,4.6835516375601225,0.8433742539112283,-0.0004195528751518582,0.05090240262448793,0.07949536766847329,-0.009091708665895037,0.009091708665895037,328.9197912503045,36.155777589855276
801,800,1,A_standard,True,125.50554765179528,64.57990763446587,278.1521082119365,922,104.47802753592907,0.6738201290951018,0.030372471251240752,181.69211616398692,0.31240506092533493,7.720914902186492,0.22548568781911302,0.175352717083958,0.856913500791505,0.681560783707547,16561920.535039427,0.431708629749758,0.11870831208447687,1.2,0.2986364854714606,1.4771730303028068,5.741474811153285,0.5871778085223807,2.282242180259923,1.739046194201021,0.22080974356189892,-0.014990856857018875,0.0686617004169157,0.003157680662044089,-0.027214790589196663,0.027214790589196663,144.68715225840307,8.737951805034122
802,801,7,B_optimized,False,142.25558741055227,71.84332393466046,609.6920229401186,1523,64.17481404120036,0.531449210143498,0.055426509880381745,337.28509634253834,0.3083946327881205,6.9200473136988245,0.20655442065060597,0.23946060510124142,0.8707494979797248,0.6312888928784833,66710905.19130077,1.7389090479314941,0.06585625618810666,1.20025,0.07904397148977502,3.636110203672448,9.585860621583455,3.0294606987481343,7.986553319378008,5.255723781700413,0.9051431145213689,0.0028721448755956312,0.026018670916769984,0.0534724747142514,-0.0019540351661303454,0.0019540351661303454,340.64291151356986,55.47049798265817
803,802,11,B_optimized,False,144.4280148964942,81.32489720186122,825.9223263870122,1576,48.27501034268684,0.9342969790018568,0.042844095839247344,166.0388736582535,0.19750765924212652,8.632309802091687,0.2043746461016573,0.17131946297990383,0.84143526531397,0.6701158023340661,105856844.10526983,2.759300349354743,0.04899152784879667,1.2005,0.0588143291824804,3.496920192173835,13.678197675366548,2.9128864574542566,11.393750666694334,3.4394373502895923,0.6081249544201905,-0.008274898349222178,0.031214551546999376,0.02112921362991657,-0.021714882209330773,0.021714882209330773,161.8570935319361,52.95955767060639
804,803,19,A_standard,False,125.07045808007445,61.41107416689947,315.69031562324346,738,81.77521225517052,0.4698295733237571,0.04005384704533489,155.8788156800214,0.33763402281959204,8.281334370781908,0.22603448846811294,0.1538361539509305,0.8473625062386538,0.6935263522877233,14307518.46324505,0.37294462184014937,0.12976395569608046,1.20075,0.1558140698020686,1.1855075866462443,5.344522279453534,0.9873059226702013,4.450986699524075,1.906186622831608,0.25090087498213004,-0.00970098532359035,0.06019051429363809,0.0,-0.04005384704533489,0.04005384704533489,184.8133352943634,19.093638881504948
805,804,15,B_optimized,False,144.4199909099937,79.55243654363785,681.7216247469843,1510,63.605083210230895,0.6872549698204409,0.11816079508199537,296.02573144989697,0.25363967297668205,8.43516867131505,0.20438259458584634,0.17835101808973586,0.8447594443252172,0.6664084262354814,81891250.60259634,2.1346050726028767,0.06398854313880413,1.201,0.07685024030970376,2.7872336099738404,10.414495994851864,2.3207607077217656,8.671520395380403,4.654120653713431,0.8394471911300356,-0.005514193912620708,0.03434958502803175,0.10860263726623536,-0.009558157815760013,0.009558157815760013,315.2748876409746,50.25890622706072
806,805,16,B_optimized,False,129.01185844023672,61.92628897937911,680.5095059427343,1625,69.77151880729153,0.7187241570525862,0.020103050483298888,148.4636124279525,0.3234521494296976,7.930456997466919,0.2211781827490169,0.17307260904580887,0.8533298263345026,0.6802572172886937,68479821.01711445,1.7850182069320486,0.0627668424452739,1.20125,0.07539866948738527,2.757389129407139,10.837843529914805,2.295433198257764,9.02213821428912,2.1278541010123058,0.29480798132741326,-0.01686231024571491,0.048294107722005694,0.01837263353499278,-0.0017304169483061092,0.0017304169483061092,161.2469638176462,40.736621652647656
807,806,11,B_optimized,False,132.88640979030137,81.72406375441405,616.7269329312103,1946,52.93045616606514,0.7074842305425831,0.03953269483004899,318.5472000733203,0.1619301693589342,7.807122040109907,0.2166439820626466,0.18426764106738197,0.8554373325125856,0.6711696914452037,98081185.08782847,2.556617387996544,0.04908034522277112,1.2015,0.0589700347851595,3.7544080065249807,13.67491790041058,3.1247673795463844,11.381537994515673,6.018221325618346,0.9533905502249906,0.01050722216109265,0.02343366046720425,0.04554106279151085,0.006008367961461862,0.006008367961461862,311.63414179722884,62.88569017765745
808,807,3,B_optimized,False,137.8820057752883,72.57340695368778,596.32654991269,1542,55.277648537136976,1.0470957194928294,0.04131186212759601,257.71626866469825,0.3833687279090299,9.17560033823085,0.21111919084591171,0.1441147648163913,0.8323418819448408,0.6882271171284495,66733826.95028568,1.7395065342641869,0.057226721142169486,1.20175,0.06877221213260218,2.518312458586682,12.026324475565762,2.095537722976228,10.007343021065747,4.6622147555997735,0.8405350836580886,0.003776585239125111,0.027986489986119835,0.058871929344201615,0.017560067216605607,0.017560067216605607,281.08462425621366,50.50117300567405
809,808,8,A_standard,False,120.44507615420433,54.839633200416955,265.16631960131065,756,80.22480296153736,0.47957004368240325,0.05397982576193645,148.48891007759613,0.47053499066700566,9.021786470157016,0.23207624665330398,0.12322512128908347,0.8349063389013258,0.7116812176122423,10993467.520254549,0.28655944757896173,0.15607798729340688,1.202,0.18760574072667507,0.78950993298905,4.559779568879061,0.6568302271123544,3.7934938177030455,1.8509102496491892,0.2406553831386365,-0.00782933900551747,0.06918571895032948,0.0459825604445922,-0.007997265317344245,0.007997265317344245,114.81540646956049,19.220147474977324
810,809,20,B_optimized,False,150.19142806645306,83.88551167352412,453.2234203984565,1653,50.812426860158766,0.7918167676453216,0.022611870354548067,213.03965275557198,0.16782270871296603,9.414800586184388,0.1988526691253154,0.1537913868360223,0.8283694638641665,0.6745780770281442,62845206.19777392,1.6381444287564557,0.0635398603094316,1.20225,0.07639079705701414,2.4203922716713016,10.616612528624218,2.0132187745238523,8.830619695258239,4.1926683278065005,0.7672179528248415,-0.000337543090410267,0.025476126357577424,0.03169674110064091,0.009084870746092846,0.009084870746092846,232.2878298381227,47.286223394706724
811,810,1,A_standard,False,121.48421803099062,70.93584187219109,260.490302255619,775,67.20609912078504,0.3181523857562064,0.07276371091110102,171.85981502984413,0.045909354569964984,8.37259435149587,0.23068487658239076,0.1449406552247464,0.8458173110928704,0.700876655868124,14320526.639783984,0.3732836973753378,0.13106202345427997,1.2025000000000001,0.1576020832037717,1.1058936174238747,5.347671563400055,0.919662051911746,4.4471281192516035,2.5572056298189834,0.39107532857628496,-0.009244505695963719,0.05304650225233676,0.05012105329404844,-0.022642657617052586,0.022642657617052586,154.3343743111111,23.41743828920662
812,811,18,B_optimized,False,143.8805952222835,69.74519001817067,737.1866478731203,1959,52.2285099825192,0.8158199641091644,0.040623622111914615,257.40918977941385,0.15946441176601986,9.352664094655418,0.2049186421169128,0.14711580305488367,0.8293995432302603,0.6822837401753766,100722421.53331256,2.625464751701296,0.052754083642959575,1.20275,0.06344997410156963,2.78870928837596,12.933287682392194,2.3186109236133525,10.753097220862351,4.928518731734226,0.8730853752241694,-0.006603393058865005,0.020416231916785238,0.02896913943647363,-0.011654482675440985,0.011654482675440985,217.9424555569302,54.56016166739215
813,812,14,B_optimized,False,141.71638297199027,80.24005230824753,690.3478735180742,1501,68.69138239145992,0.7118727691227207,0.07950059493855569,514.4697489624365,0.20529068881273702,7.583917360279586,0.2071042379611948,0.20790762143286082,0.8592646211624396,0.6513569997295788,83145717.77244855,2.1673044387070184,0.058741739658905744,1.203,0.07066631280966361,3.539350768978124,11.088486713396605,2.9421037148612834,9.21736218902461,7.489582114253651,0.9888992755995522,0.00619483180234702,0.024852223815481703,0.08644965613976752,0.006949061201211831,0.006949061201211831,528.7295677882483,58.34716659124379
814,813,6,A_standard,False,115.37283750846798,52.05737902711653,378.12242435238227,847,91.10562740292768,0.6139635459527215,0.01747003173781937,186.1979723321528,0.29548146494062205,7.799148213858669,0.2391721049147726,0.15484375621959484,0.8555737655643965,0.7007300093448017,16672400.821600044,0.4345884463159912,0.12410245659226966,1.20325,0.14932628089464847,1.2477090339019128,5.6463830659452885,1.0369491243730835,4.692610069349918,2.043759289518589,0.2776314982355202,-0.021536571790711494,0.05933880521764652,0.0054781990648099434,-0.011991832673009425,0.011991832673009425,207.68620776699632,23.508369592318868
815,814,16,A_standard,False,135.83863031212422,59.42243227130041,271.37754125384265,1012,74.97874871059521,0.3686240068965363,0.01,279.73056431564453,0.16603625390977753,9.195100753681961,0.2133372643337984,0.1406251217755786,0.8320173249890039,0.6913922032134253,16319424.5278898,0.42538764670042684,0.12707834984127672,1.2035,0.15293879403397653,1.106601729965978,5.440676591071472,0.9194862733410702,4.520711749955523,3.730797981110025,0.674980359611738,-0.0008865446747968297,0.04618275243702498,0.0063585426484578204,-0.0036414573515421798,0.0036414573515421798,260.4737247907978,31.34899790056207
816,815,17,B_optimized,False,132.67327226670426,77.73469336890795,633.8750606107928,1927,46.96612379095836,0.8925733644509811,0.040882979386602285,222.4329782991637,0.5266636893816529,8.84342153826024,0.21688754799963372,0.14689635434595238,0.8378900178196667,0.6909936634737143,94951158.84818907,2.475029063977195,0.05310791131607345,1.20375,0.06392864824672342,2.765997583141502,13.011124827735046,2.297817306867291,10.808826440486017,4.736030149926598,0.8501821184301036,-0.00026054029982033996,0.02761917558513788,0.04331499063176164,0.002432011245159356,0.002432011245159356,258.16957829524387,55.10671185797118
817,816,1,B_optimized,False,129.70080221306927,82.42481507960264,637.6495968347369,1601,47.46304942519382,1.0698636096901344,0.05657837635807317,222.3946514231269,0.5269935915655078,7.709549593085104,0.22035512911816763,0.1828957800990643,0.8571083046669218,0.6742125245678575,84145598.31760287,2.193367663630044,0.056791926567820825,1.204,0.06837747958765628,3.2204538770251165,11.871626220721955,2.674795578924515,9.860154668373717,4.685637651108817,0.843649606708432,-0.0019359194149494285,0.03204617991675842,0.060928699190707494,0.004350322832634326,0.004350322832634326,177.51897944349355,55.29698415423228
818,817,3,A_standard,False,144.47131633666217,65.70244964789265,372.3687804706353,969,73.52952360591273,0.4270366440201157,0.020462073154152976,204.23784917825606,0.35510471211126726,6.95374176398029,0.2043317650629891,0.2415037378362873,0.8701629071371376,0.6286591693008503,23707109.276790213,0.6179575393782382,0.09810967710614005,1.20425,0.11814857865506916,2.4615689803465184,6.407718258217635,2.044068075853451,5.320920289157264,2.777630523936003,0.44463558234603984,-0.00012662612058667554,0.058318843613535995,0.0,-0.020462073154152976,0.020462073154152976,162.97537484166907,33.22101382673352
819,818,14,B_optimized,False,139.73344730029945,80.99757822121077,716.252983603495,1921,67.88720749131501,0.9295721634973013,0.07127725233001285,149.57376694139992,0.44160479097109945,7.796035793007527,0.20915717434951192,0.19581267479731787,0.8556270253346002,0.6598143505372823,111446348.32301699,2.9049982593114385,0.055988955378480906,1.2045,0.06743869675338024,3.497344672241868,11.784723363331027,2.9035655228242994,9.78391312854382,2.20326881114583,0.31072518313457514,-0.008901756935284024,0.047923208238672264,0.056929223270111184,-0.014348029059901665,0.014348029059901665,135.59587281595594,44.77865010812273
820,819,20,B_optimized,False,128.39603241459383,77.95868659982837,510.0760934228132,1735,59.9963874071069,0.9373733922669713,0.06896114133202758,255.81141773042228,0.35844495808127574,7.315131558722965,0.22192023561222224,0.19723177498341957,0.8638962216922311,0.6666644467088115,68992036.10648605,1.7983697789252806,0.053487116572475214,1.20475,0.06443860369068952,3.6874632177296354,12.464019177505653,3.060770465017336,10.34573079685051,4.26378035055024,0.7796761875858347,0.0018005018880801141,0.03534187639116284,0.06465123861067915,-0.00430990272134843,0.00430990272134843,240.90618590088602,57.28174619989579
821,820,1,A_standard,False,141.40263154776244,63.34971331239139,258.87240734452314,963,92.81230563762571,0.5001570779123805,0.024665342516150292,193.19378622962137,0.1842014197699223,9.724503482488675,0.20742580446918873,0.13303900036498628,0.823254353419987,0.6902153530550007,15792711.55654287,0.4116581680055778,0.12623401516399987,1.205,0.15211198827261985,1.0539076982709101,5.467744586578279,0.8746121977351952,4.537547374753759,2.0815535709663635,0.2852745508177475,-0.015044349326637096,0.053155865800996335,0.0012910764159899512,-0.023374266100160343,0.023374266100160343,162.70740001392215,21.113267424765677
822,821,14,A_standard,False,116.99132409098787,73.17126801765654,370.74681140817285,768,91.58222668795958,0.5181836275534035,0.036648956434015265,146.41828754779377,0.16571411740914863,8.760040643519751,0.2368511338073698,0.12557833164058158,0.8392884639200522,0.7137101322794706,20834314.985655535,0.5430743104462545,0.10187379568736905,1.20525,0.12278339225220154,1.2326853121872199,7.005826448930093,1.0227631712816594,5.812757891665707,1.5987631317010067,0.19761991247884206,-0.008235837662783393,0.049959871767976435,0.03518897181857261,-0.0014599846154426527,0.0014599846154426527,138.01191868051967,25.08061046093285
823,822,3,A_standard,False,135.7988373724496,72.44464153521984,315.79222017259264,835,91.32051367210678,0.24408545896733613,0.02115839319457474,347.23629526081476,0.2638538621884442,7.234077422613234,0.21338102215066798,0.21360754814685598,0.86529780466502,0.651690256518164,19102674.24866227,0.49793677653497714,0.1128805932957399,1.2055,0.13607755521801446,1.8923319049822667,5.773271006919475,1.5697485731914282,4.789109089107818,3.802390955745091,0.6904856972969972,0.0022208949378639113,0.04775577472396744,0.015343751276203566,-0.005814641918371173,0.005814641918371173,323.27407383497336,35.885364928014226
824,823,14,B_optimized,False,133.56938189411818,67.70982148764604,596.9106801601575,1655,71.9629619923402,0.9212460411768691,0.0655541876381054,230.02359176825618,0.14312968760023637,6.955009039334987,0.21586795935724376,0.222826105288926,0.8701408526964935,0.6473147474075676,66889664.31421609,1.7435686437703808,0.057729278112631885,1.20575,0.0696070770843059,3.8598456896374884,11.212936807292712,3.2011989961745706,9.299553644862293,3.196416398101291,0.548946838968611,-0.012681171220943165,0.032549626095181805,0.03111817396699351,-0.03443601367111189,0.03443601367111189,210.6739383553013,48.21926349081657
825,824,13,A_standard,False,141.37685079938845,77.15038996748365,448.4630873555451,933,76.37808865945019,0.4653791201767975,0.014820820059128558,198.5384959433587,0.30725252558059907,7.221686726215444,0.20745228130981092,0.22354212895290074,0.8655122640847637,0.641970135131863,32280962.23644336,0.8414464943612573,0.08789087738810888,1.206,0.10599639813005932,2.5434053635143785,7.304172562722849,2.10895967123912,6.0565278297867735,2.599416919538137,0.4011722566057131,-0.010802694465594927,0.04335585347708082,0.0005999695890250645,-0.014220850470103494,0.014220850470103494,193.61008675185224,34.81280773939321
826,825,2,B_optimized,False,134.31133230598846,68.18233629231175,547.7327423396723,1588,51.39649089739317,0.5239514713377673,0.014961159557741483,402.08078373225084,0.26976302247544487,7.441174761533666,0.21503253135670478,0.2018774103544505,0.8617211993782656,0.6598437890238151,59304968.48198372,1.5458633934720076,0.06605225130251013,1.20625,0.07967552813365285,3.0563289876355615,9.989724438033493,2.533744238454352,8.281636839820512,7.823117429066434,0.9920224740405792,0.008879153739570718,0.025143774167893738,0.014919251673011181,-4.190788473030192e-05,4.190788473030192e-05,385.071600681466,54.94500033454018
827,826,14,A_standard,True,126.34552015409069,76.01906986170142,372.66032269053454,825,79.49024134694749,0.619284532796557,0.024768578718155562,96.2925405594978,0.1394633949159873,7.8332996062028055,0.22443528381001596,0.1723774343972033,0.8549895843861712,0.6826121499889679,23371665.161869153,0.6092137394726769,0.09771391265678121,1.2065000000000001,0.2697798337529903,1.7641032859125874,6.985823527368449,0.6389559664234638,2.5302563964583276,1.2113756220617582,0.14324146158397272,-0.02028115850250755,0.051319512667384604,0.017684710335626703,-0.007083868382528859,0.007083868382528859,85.39214089551132,9.693334425478382
828,827,18,B_optimized,False,144.55747253473686,75.32890448726225,809.4358354238071,1488,56.010249097900555,0.6247762336601723,0.047689027362629734,390.09757807862815,0.08807687466362404,9.114546490880887,0.20424651028251475,0.1554215286612689,0.8333588562044563,0.6779373275431874,90729185.12598845,2.3649776670637404,0.051873660445353305,1.20675,0.0625985397424301,2.9961550298729906,13.069008851946462,2.482829939816027,10.829922396475212,6.964753493539636,0.9813805485745104,0.004153439511554743,0.027802503453220148,0.05930926467360519,0.01162023731097546,0.01162023731097546,373.2327616290148,57.8751908494895
829,828,18,A_standard,False,130.8115794452004,79.12650231489104,436.5048025095899,867,79.40145602304149,0.4432492948214146,0.020501961164141685,148.04895102408352,0.25327579784460835,7.033483108646997,0.21904366370460104,0.21424396097360912,0.8687762539610515,0.6545322929874424,29945398.196826722,0.7805668911109869,0.09751763496600414,1.207,0.117703785403967,2.196976588370885,6.711937725065015,1.820196013563285,5.560843185637958,1.8645621684962708,0.2431589650132927,-0.01363791474360025,0.04986331381336352,0.0,-0.020501961164141685,0.020501961164141685,106.7034884729064,28.267327737522397
830,829,1,A_standard,False,113.93685559356264,69.98465279992757,297.10472985023654,953,87.82518180672398,0.46629023686800175,0.06858133565379203,241.97083178766434,0.14778064234613,10.28953724484655,0.24127819021565083,0.08352235782415328,0.8140033928263607,0.7304810350022074,19815511.109687183,0.5165178235733997,0.10475204441725076,1.20725,0.12646190562272597,0.7973339163812889,6.973429865411871,0.6604546832729666,5.776293116928451,2.755141826181097,0.43908947973064294,-0.012850568860860646,0.046698505505802776,0.04367893993108235,-0.024902395722709678,0.024902395722709678,247.49098763970414,25.018339753274265
831,830,5,B_optimized,False,132.87181618224193,79.9337609285633,728.8089978667971,1614,49.714584449825566,0.7590025212801748,0.06738632131073462,168.84799241354256,0.12099282729587205,7.056699763171346,0.21666063793262866,0.2167720209534365,0.8683729460399611,0.6516009250865246,94025900.93568556,2.4509109778695524,0.046830356923019144,1.2075,0.056547655984545614,4.628878257532214,13.914071296907723,3.833439550751316,11.523040411517783,3.396347254676389,0.5978097332973067,-0.009399650838270874,0.02545987399697982,0.060985614689192016,-0.006400706621542601,0.006400706621542601,204.7519515244912,60.31905386878884
832,831,5,A_standard,False,132.13388934381314,72.42773520653336,353.9300338170917,858,95.5356466849423,0.524360907626409,0.10019803579713951,145.22395645613548,0.2930239809806036,6.590952268905401,0.21750691790027168,0.23845427311009357,0.8764995873813586,0.638045314271265,21994272.961469706,0.573310167890842,0.10996001653209787,1.20775,0.13280420996664122,2.168554358488002,5.802521083515992,1.795532484775824,4.804405782252943,1.5201023020763698,0.1854428719144367,-0.019741762820171822,0.0694818208749416,0.04782586971722297,-0.05237216607991654,0.05237216607991654,160.00893544297014,22.002533047330637
833,832,10,B_optimized,False,120.36450216856431,75.13401642240706,451.7576622978172,1762,56.14640934918157,0.6548271915013549,0.036717998004818106,397.3734358584609,0.18772385313597723,9.68830482532347,0.23218498470738372,0.10545416159773488,0.8238505832631259,0.718396421665391,59806451.74297312,1.5589352259920433,0.0644609057968174,1.208,0.07786877420255542,1.6359398040438553,11.144683941144061,1.3542548046720657,9.225731739357666,7.077450552307728,0.9833319092167799,0.008131501803075666,0.02026490911215021,0.05013635032179135,0.01341835231697324,0.01341835231697324,405.0039922546209,47.8392563158878
834,833,3,B_optimized,False,138.0266678859748,85.00169544463573,513.7614536024022,1598,40.807226421725574,0.5870925950488004,0.029609629785019406,507.2099404856333,0.3660635801948502,9.321255599836956,0.21096427856522867,0.13995253312897715,0.8299207107291093,0.6899681776001322,69785610.18726698,1.8190553496774193,0.060071115456857616,1.20825,0.07258092525074822,2.329780828349849,11.485855928472969,1.9282274598384845,9.506191540221781,12.429414713066535,0.9999196802517241,0.0011710579417914709,0.02881550603425756,0.040859550040867075,0.01124992025584767,0.01124992025584767,491.1676555197599,52.43794734409194
835,834,18,B_optimized,False,130.80586888137645,77.76623264630653,638.0888893978263,1543,60.47963645324006,0.4255648518258852,0.10191407143860703,199.15352377767732,0.08518085831271716,7.817651202243715,0.21905035758041078,0.18042153744894668,0.855257210711181,0.6748356732622343,76566389.60084528,1.9958054423419769,0.061739467712984164,1.2085,0.07461214673114136,2.922304712565622,10.930377249111146,2.4181255379111475,9.044581918999707,3.2929021313091593,0.5727064738073628,-0.006712433552214822,0.03140896974986605,0.0935053898384062,-0.008408681600200835,0.008408681600200835,183.4708545302435,46.34096525604079
836,835,16,B_optimized,False,135.2557861466265,72.27989820176391,607.4803809134818,1555,57.58779266793871,0.5306941573731718,0.011991265270960345,255.8499557606461,0.2817317598284901,8.381332315124526,0.2139803681332199,0.1663867178760638,0.8456695095900717,0.6792827917140078,68277904.24305259,1.7797549759154938,0.05599631907761088,1.20875,0.06768555068506214,2.971386702141115,12.130847221806171,2.458230984191202,10.035861196944094,4.442781080982245,0.8088849483565661,-0.006814369296668538,0.02617410541727544,0.0,-0.011991265270960345,0.011991265270960345,277.3858095215127,52.755505805883054
837,836,17,A_standard,False,121.49152216452227,74.09210961535354,281.3238989318605,927,83.68146555198408,0.48110593511795013,0.025332169682660652,225.71510565334137,0.15497884694516245,8.406569119102015,0.2306751682684657,0.14382086510844214,0.8452427773798373,0.7014219122713952,19322277.832611352,0.503661037928106,0.11012847048773794,1.209,0.13314532081967517,1.30593718837179,6.369124252474693,1.0801796429874193,5.268092847373609,2.6973130090930835,0.42490075768524893,-0.012976447162988734,0.04849345080716698,0.0,-0.025332169682660652,0.025332169682660652,155.69707785373294,26.30228960829178
838,837,4,B_optimized,False,134.47977179494725,77.77522965609673,530.80560127308,1779,54.53956270027265,0.7486948885314799,0.09082872686827116,479.3138601163682,0.11121732082751554,8.136712428743559,0.21484396214281817,0.17410032995463517,0.8498169984870336,0.6757166685323984,73443395.49678448,1.9144004203502172,0.054606192782657756,1.20925,0.06603253862242889,3.188289113060584,12.374359648581793,2.6365839264507622,10.233086333332059,8.788370063590042,0.99694638258306,-0.0004506379365783065,0.022560046491186786,0.09649957176329702,0.005670844895025853,0.005670844895025853,470.08599039137874,58.67681826957727
839,838,1,B_optimized,False,133.3577760250934,81.80687869053241,825.0286013885441,1821,51.877085403202685,0.7861147266362232,0.04642673543302336,85.00498016906506,0.15849028555435066,6.703520461529527,0.21610767274067824,0.234879607150686,0.8745284875576248,0.6396488804069388,122904779.78693229,3.2036776145168226,0.042954668329709345,1.2095,0.05195367134478345,5.468081032492408,14.891254089012007,4.520943391891201,12.311909126921874,1.6385843481449172,0.20401031809697737,-0.02160161760623425,0.042485900593416566,0.05318498016368389,0.006758244730660536,0.006758244730660536,96.59156945017705,58.067915905123066
840,839,19,A_standard,False,131.59708014329212,71.13325357912821,321.04763300789074,1091,99.74891085357359,0.34542267464185933,0.0362956593130083,260.69029535839417,0.12688794281079918,5.518032817333747,0.21812761463985114,0.3001012575976101,0.8955111052849789,0.5954098476873688,24915344.49449454,0.6494518077601564,0.1059672675840987,1.20975,0.1281939019598634,2.83201845663748,5.6188091026772415,2.3409947977991155,4.6446035153356,2.6134650807473423,0.4045517259025364,-0.008664540336314164,0.04702222194957184,0.05577628870740421,0.01948062939439591,0.01948062939439591,216.71052715927019,33.081871354295075
841,840,6,A_standard,False,117.51037662248896,66.82244552066341,331.65270440787594,879,88.97194418033061,0.4945480814499643,0.019589529292940028,158.6056138711466,0.15876345600450834,7.155273817676583,0.23611831466239047,0.18461343237892155,0.8666626516581564,0.6820492192792348,19480261.554654785,0.5077790951317885,0.10376171862628776,1.21,0.1255516795378082,1.7792056147781483,6.5732259286850265,1.4704178634530152,5.432418122880187,1.7826475000892494,0.22840269697127952,-0.013387960419992068,0.05006245127559918,0.0029479514664810962,-0.01664157782645893,0.01664157782645893,156.95235458646587,26.02851010584912
842,841,14,B_optimized,False,139.74204349070823,82.59907775059668,678.1285922584321,1480,47.8419681010552,0.6413892447738849,0.030623200577030364,76.2062695365335,0.5925353433343444,9.816154411370947,0.20914816789727186,0.12834533593944425,0.8217466951010333,0.6934013591615891,82898938.54894823,2.160871807889678,0.04845102966230836,1.21025,0.058637858648808695,2.6489702455031265,14.311385413156836,2.188779380709049,11.825148038138266,1.5928748870774967,0.19668789755161542,-0.02731222122730804,0.057867894312736645,0.0,-0.030623200577030364,0.030623200577030364,79.50925944556164,40.1216996085051
843,842,19,A_standard,False,134.34286579582076,67.34045972528183,299.1899245519003,1042,77.65200605885582,0.6491109755008844,0.022727045624489885,187.0524394687072,0.09796197838313721,9.855413502726655,0.21499719881109045,0.1201653826583275,0.8211017277709979,0.7009363451126703,20993785.72120624,0.5472311286476297,0.1013161227772577,1.2105,0.12264316662187043,1.1860440309437195,6.918309997448981,0.979796803753589,5.715249894629477,2.4088552113764075,0.35637222976843924,-0.011878100820884873,0.04890025467224641,0.024502290799301364,0.0017752451748114795,0.0017752451748114795,138.6549142589831,27.776755983078488
844,843,1,B_optimized,False,125.80281072988376,95.02703305594504,692.7334690576782,1480,60.821703296262086,0.8157850425366452,0.07712955961940549,505.3491124755157,0.26482037324322333,7.738163035507691,0.22511259086039254,0.17517708026842937,0.8566179486055432,0.6814408683371138,97426041.26939315,2.5395401873453656,0.057209478279396646,1.21075,0.06926637582677948,3.062028977312269,11.911328137081213,2.5290348769872137,9.837974922222767,8.308697144076412,0.9950759962577987,0.0014267497112452864,0.022772622699434135,0.07759326440676775,0.00046370478736226795,0.00046370478736226795,507.27473113699426,57.82772715213037
845,844,1,B_optimized,False,131.89791465027383,74.64872527997264,587.7186545691007,1668,45.63128011437275,0.7132332718183247,0.04348027509022667,163.76056813668922,0.3928215582344054,7.042035777476329,0.2177792395334896,0.21575555620193565,0.8686276595584627,0.652872103356527,73179243.90925568,1.9075149556085518,0.05485166239439434,1.211,0.06642536315961155,3.9334369604080615,11.90250349501255,3.2480899755640475,9.828656891009537,3.5887787440157437,0.6430848838276243,-0.004182606522538691,0.03148760936892251,0.04431607688134584,0.0008358017911191673,0.0008358017911191673,142.47957421655514,55.1177317106246
846,845,1,B_optimized,False,139.10422747870427,79.4121707072768,715.0046732460203,1875,59.095167296393946,1.0181147174747698,0.03838001789706694,314.0248190378452,0.359855752682553,8.27812121972938,0.2098189925065085,0.17606411611594702,0.8474169620629589,0.671352845947012,106462637.19058806,2.775091157082706,0.046389861023951984,1.21125,0.05618971916526184,3.795314584474433,14.471973640972529,3.1333866538488615,11.947965854260085,5.313883239603035,0.910020334553285,-5.8746405802338275e-05,0.025190589015890226,0.04086343606846929,0.0024834181714023518,0.0024834181714023518,321.6017011190345,63.5182298318159
847,846,4,A_standard,False,138.1961014034135,63.459532813360276,264.91479988080135,967,88.28711406128974,0.34232360790993643,0.05984721708960474,377.2960036824332,0.06999740056436875,8.438981195467026,0.21078319025991663,0.1688414147405755,0.844695033465246,0.6758536187246704,16256594.24439973,0.42374989125202334,0.11482210450266163,1.2115,0.13910697960497456,1.4704608966356447,5.886093288849307,1.21375228777189,4.858516953239214,4.273511572940427,0.781343278642413,0.002302742697011376,0.0411023580192984,0.06342418034720058,0.003576963257595843,0.003576963257595843,385.79089011506267,35.90833632305889
848,847,2,A_standard,False,123.73456110627866,73.37293463927864,251.0537873443143,724,97.05940278708773,0.4438277165771273,0.024527089496895894,218.74660063738105,0.23426458431098834,8.600719519294058,0.2277399976858799,0.14103772891767838,0.8419670568504736,0.7009293279327952,13336480.4659446,0.34763321653768886,0.13437229331548475,1.2117499999999999,0.16282562642503864,1.0496042408574828,5.216323325576685,0.8661887690179351,4.30478508403275,2.253739404488505,0.3216366436895717,-0.012580912978086306,0.05618506952596417,0.031208549704502882,0.006681460207606987,0.006681460207606987,213.88110616272274,23.21605817359633
849,848,17,A_standard,False,120.90461934871652,69.24787860731875,186.2176319004822,768,99.98288983341334,0.2927553014097384,0.04446543363720767,232.25422627857938,0.07576719656286172,5.472971317162402,0.23145842927586824,0.2817414860718889,0.8963185305447482,0.6145770444728593,9903495.143721184,0.25814785846749483,0.1617873430107113,1.212,0.19608625972898208,1.7414309477425312,3.7986719667691844,1.436824214309019,3.1342177943640137,2.3229397216418746,0.3369177335053578,-5.088971562035999e-05,0.058798451376534985,0.06530108796839487,0.020835654331187205,0.020835654331187205,218.6686685082808,23.247862176763174
850,849,13,A_standard,False,112.75181565960015,64.69460999490587,276.05574755475794,800,91.86891344599081,0.6412072925735517,0.04114558854174328,101.62539842574864,0.7243285750344121,11.157756183825162,0.24305051551320667,0.0664106135635054,0.7999907421637328,0.7335801286002274,14287455.139925806,0.37242164445959425,0.13235568076358148,1.21225,0.16044817400565164,0.5017586943028948,5.542490691507037,0.413906945186962,4.572069038158001,1.1062000693574503,0.13081181056551677,-0.020621508914880786,0.06881565735707854,0.008534380754903963,-0.03261120778683932,0.03261120778683932,100.01402063048951,14.247049269626144
851,850,20,B_optimized,False,131.3154913479338,83.40899157455542,615.7610515116189,1806,71.59561115847566,0.7676748471950325,0.06289288382924407,159.3899647419333,0.3926502045805091,9.132474668043633,0.21845493160146703,0.13600901224155323,0.8330600976653338,0.6970510854237806,92756175.09359445,2.417813874047124,0.050909871231744834,1.2125,0.06172821886849061,2.67156464848304,13.691865026543901,2.203352287408693,11.292259815706311,2.226253287916299,0.3156691750562801,-0.018056071011327588,0.040308560853954886,0.03243370107527501,-0.030459182753969062,0.030459182753969062,119.08079091307344,41.616479215775534
852,851,17,B_optimized,False,125.34715974438016,79.81261632639348,624.4991143663251,1375,66.88417190915439,0.9392661762803431,0.04733281181228091,330.888340074758,0.19131985957167583,7.802136296260334,0.2256850956760527,0.1719028346705678,0.8555226365939433,0.6836198019233756,68533998.79025154,1.7864304231152157,0.05203008982779014,1.21275,0.06309949143865248,3.3039119332588895,13.138931802463329,2.72431410699558,10.833998600258363,4.947184522583131,0.8751393180070578,0.0008469805395268186,0.026811907644752202,0.025844437990622054,-0.021488373821658857,0.021488373821658857,325.9880510976528,56.13208557267235
853,852,20,A_standard,False,127.86869172739858,64.70204144540325,393.92457276702913,797,80.25674453657999,0.4861462689743182,0.05499022366932189,226.08999772345854,0.25779878915674487,7.281522369839147,0.2225604917348903,0.19778410950174574,0.8644771139293457,0.6666930044275999,20313716.054727465,0.5295042023996269,0.10830012533100564,1.213,0.13136805202650984,1.826259285455521,6.155976296333334,1.505572370532169,5.0750010687001925,2.8170840846953324,0.45439809691662353,-0.008709488914881767,0.04908979178598408,0.040616405057222804,-0.014373818612099083,0.014373818612099083,193.8424032528049,30.350306494050077
854,853,5,A_standard,False,125.34724852574716,60.31681017773769,238.10510275907018,889,77.8330674594408,0.37247005495912056,0.10466118019225777,259.5452847275871,0.06616833720726233,8.987305694079605,0.22568498378174648,0.13155898934040264,0.8354823018453382,0.7039233125049356,12767587.113782441,0.3328042497511333,0.13940873746607682,1.21325,0.16913765073071768,0.943692567134938,5.049348593923143,0.7778220211291473,4.161836879392659,3.334640316763019,0.5828880071755211,-0.004416404718275709,0.050265290766111005,0.08192600647582318,-0.02273517371643459,0.02273517371643459,274.5078084706713,25.846561623688213
855,854,6,B_optimized,False,139.01133205954042,75.99505483209077,704.9901763842734,1552,42.95897645863477,0.8406427524589386,0.01,233.5855654273105,0.5128632401636106,8.495394615034542,0.20991713190875563,0.1680777057949661,0.843742528200492,0.6756648224055259,83149590.55535352,2.167405387977828,0.04938091057205498,1.2135,0.05992373497918872,3.403697984663784,13.682712906227566,2.804860308746423,11.275412366071334,5.437409935784439,0.9196358751675533,-0.0057071850448546305,0.02872516530590704,0.008306648553118138,-0.0016933514468818623,0.0016933514468818623,248.78932937294073,60.541397839903965
856,855,17,A_standard,False,117.59184470121556,77.8307307298976,254.23140076226866,974,85.7606950356139,0.5138398400214766,0.014525619363762052,589.9450053509543,0.18566529479477623,8.092147488034511,0.23600379419044076,0.1481133366179652,0.8505747770234456,0.7024614404054804,19272553.287721682,0.5023649011006267,0.11614492815974457,1.21375,0.14097090655389,1.2752458412497496,6.04814563610838,1.050665986611534,4.983024211005874,6.878967166788555,0.9797465182593714,0.005917953996993677,0.038105093531631384,0.016177493038599913,0.0016518736748378608,0.0016518736748378608,605.7601950645659,39.327358878464565
857,856,5,B_optimized,False,141.73856778264923,67.60594258924606,503.39021914457305,1432,50.70609551725358,0.519585792151189,0.025676132752865195,181.25295957977846,0.2071341039707538,8.458334633640812,0.20708154637217255,0.1735021972053478,0.8443681416720109,0.6708659444666631,48734067.80584163,1.270318716363869,0.07540495760241073,1.214,0.09154161852932662,2.3009388602825878,8.896841345683818,1.8953367877121812,7.32853488112341,3.574579303155065,0.6398191525993069,-0.008610568179832724,0.03792302139193976,0.014190637382911035,-0.01148549536995416,0.01148549536995416,217.5618640163452,40.95483808986696
858,857,2,A_standard,False,133.62415005049738,70.6289413562543,475.36289998630406,1051,96.73974495271047,0.3194599677656821,0.01372387002234955,453.07698945818214,0.09297172640281447,7.887280395775385,0.21580602151144304,0.18229617074486595,0.8540670222252893,0.6717708514804234,35286671.683761306,0.9197943347691538,0.08077184628749008,1.21425,0.09807721435458483,2.256927124038019,8.316893600393866,1.8587005345176193,6.849407947616938,4.6834627244434115,0.8433625086525837,0.008479521333428858,0.031200047553040695,0.03064785162208357,0.016923981599734017,0.016923981599734017,437.7306685365765,43.304041028559226
859,858,14,B_optimized,False,134.73002875414196,75.91332352757587,793.7325073865884,1552,58.371605924442704,0.781868364852565,0.027009179625944086,233.62189994990598,0.5855437311116104,8.401862265717302,0.21456453792893884,0.16484630982100054,0.8453223498016881,0.6804760399806875,93515562.31802292,2.4376083186233974,0.05486903168995306,1.2145,0.06663843898744798,3.004359740709351,12.401823378729096,2.473742067278182,10.211464288784766,4.002320927272594,0.7315146558426547,0.005393745924868099,0.03271780976105923,0.03673535990015702,0.009726180274212935,0.009726180274212935,213.62431052356038,51.8821133160349
860,859,17,A_standard,False,126.40023694508281,63.09759984341384,305.4452765106222,937,84.33769122214451,0.344975670280939,0.01,471.54620117258247,0.37693808051967975,8.726362850953503,0.22436727109538254,0.14115309190006467,0.8398539620017665,0.6987008701017019,18058673.40995446,0.47072349709781225,0.11605358353887953,1.21475,0.1409760906038539,1.2162751687264914,6.020502330008859,1.0012555412442818,4.956165737813425,5.591168009692549,0.9302910002279264,0.006989849977965744,0.04774954841473208,0.015132550755811278,0.005132550755811278,0.005132550755811278,459.4190318631403,37.59878200574078
861,860,20,B_optimized,False,123.2349264091828,71.4103806982576,666.4150293251488,1889,54.4377446238852,0.5528751801342633,0.02630196386114175,126.77164614899962,0.39494758367953187,8.343316874082028,0.22838593801318233,0.1487488076438132,0.8463127240675722,0.697563916423759,89895528.33916517,2.3432472869209513,0.057997076184092757,1.215,0.07046644756367271,2.56476390588482,12.0275703935414,2.1109167949669296,9.89923489180362,2.3287453774008315,0.3382159667568901,-0.020832781063762372,0.047023660674703524,0.03190315237680843,0.0056011885156666795,0.0056011885156666795,78.32619082410918,41.680119740383745
862,861,19,A_standard,False,121.39411233083814,76.46838199681615,372.4732206415385,847,84.54531871868811,0.2809799705222329,0.08410982482251232,239.06154752081204,0.19672231005065918,8.290921898321919,0.23080472256061535,0.14755062695297794,0.8472000395883877,0.6996494126354098,24124613.568102513,0.6288403476332198,0.11105417116637267,1.21525,0.1349585815099344,1.3286365149844677,6.300073246121029,1.0933030363994796,5.18417876660854,2.8276142445716426,0.45700996913905595,-0.0044531908096690186,0.046728556952034546,0.09115417857149356,0.007044353748981241,0.007044353748981241,187.99116579306278,28.90639035277518
863,862,3,B_optimized,True,139.2358184801929,66.18714655100977,765.2849787902383,1344,43.80475425374063,0.7783758323566158,0.022524761593339628,184.28223966410675,0.234870159605112,9.392860133211181,0.2096801636822346,0.13952709737392313,0.8287330396538347,0.6892059422799116,68076327.03577562,1.7745005961617561,0.054587051606744715,1.2155,0.16274846331395781,2.556047510664293,12.625813668140195,0.857317448858252,4.2347923184403005,4.206900433606936,0.7697500570586108,-0.006464840124973692,0.02640231864253827,0.033195363544209475,0.010670601950869846,0.010670601950869846,195.56671737153235,20.507056240394775
864,863,16,A_standard,False,125.56342075487642,65.51640952164502,394.96220025503465,650,80.51397854317092,0.33998311436639006,0.057843582905387624,234.2502755639791,0.36128684550439644,6.402892880581543,0.22541293318144703,0.2361483983373077,0.8798024744021687,0.643654076064861,16819728.41736123,0.4384287373230532,0.1246678808301425,1.2157499999999999,0.15156497611924574,1.8942200409988132,5.162950326731123,1.5580670705316169,4.246720400354616,2.909436097961251,0.4773744865765226,-0.007902019150671586,0.05744892870366449,0.04283219628582053,-0.015011386619567094,0.015011386619567094,187.12925523726184,29.517180788420017
865,864,17,A_standard,False,138.57043631143694,58.74799498390214,396.37682908468963,908,76.72108937368787,0.7036006375999709,0.08186395497064548,381.3420969623247,0.4182687147307283,7.202117721441569,0.21038444098269382,0.21976125845442646,0.8658510746548499,0.6460898162004234,21144000.321856562,0.5511466733018839,0.11428452733476628,1.216,0.1389699852390758,1.922930982692819,5.653344606377679,1.5813577160302787,4.649132077613222,4.970498986333594,0.8776646991248747,0.0029573049157943848,0.04896395032817036,0.09768865460392978,0.015824699633284298,0.015824699633284298,349.8041228202496,38.32366045413991
866,865,14,B_optimized,False,125.04067271148188,73.63456926663531,553.2122219043064,1309,58.08252761178793,0.6509738365538622,0.050269793944474256,260.8881753983224,0.16175895479271532,8.026560685981023,0.2260721769730756,0.16290598106277782,0.8516912387055188,0.6887852576427409,53322826.6679071,1.3899308589534436,0.0630034003520107,1.21625,0.07662788567813301,2.585669664694198,10.932509258141318,2.1259360038595667,8.988702370517013,4.491680822536635,0.8163304208232196,-0.002471837987958392,0.024695205171164997,0.049467728003039085,-0.0008020659414351705,0.0008020659414351705,253.55345633193764,50.17378150007392
867,866,17,A_standard,False,134.82349555004177,78.16977831375306,243.43800385743583,903,78.37865493356082,0.39003225030761063,0.014487061454307136,381.0001454421231,0.3758476415272166,7.270132417070759,0.21446040383789391,0.21031359889054818,0.8646740634308894,0.6543604645403411,17183633.799594525,0.44791441826145195,0.11665867549413635,1.2165,0.14191527873861687,1.802811475440755,5.609188187407729,1.4819658655493257,4.610923294211039,4.861019186474751,0.8654156983058459,0.0038762839827432807,0.04364609484624096,0.0020519310853768097,-0.012435130368930326,0.012435130368930326,365.5667915217115,37.77866739950031
868,867,17,A_standard,False,128.95979150801207,65.7032240834711,333.8258224070357,922,81.3542598524553,0.5699337683977218,0.0710641422293132,162.71953170534223,0.3118815915468551,7.603967461756059,0.22124068874722583,0.18594450714800279,0.8589201233822216,0.6729756162342188,20222625.054930728,0.5271297935488184,0.10725532924630575,1.21675,0.13050292186044252,1.7336621728230568,6.274519140105091,1.4248302221681175,5.156785814756598,2.000135358621068,0.26896803532249547,-0.018604540397937734,0.053358030731155554,0.06837297356485472,-0.002691168664458482,0.002691168664458482,172.96552275484794,27.60310970554894
869,868,9,A_standard,False,134.95284014771883,66.72880727832968,236.72409113371253,1153,97.18099996239822,0.37455478700661177,0.020332884654127213,151.91969220471898,0.2882231467260357,9.287741782890045,0.21431649950078596,0.13662486683294137,0.8304771734157584,0.693852306582817,18213152.64247534,0.4747502050907223,0.11544282717751943,1.217,0.14049392067504116,1.1834851083718676,6.0103544199923515,0.9724610586457416,4.938664272795687,1.5632653735143758,0.19205151973003326,-0.01781108288053649,0.056484998017890704,0.02619338788564041,0.005860503231513197,0.005860503231513197,141.156896385768,22.54454268743687
870,869,1,A_standard,False,120.71270434890609,70.32944016279342,521.2422501237227,1049,77.60286221469198,0.6139300618644828,0.03495453585209865,221.60019376513102,0.6125103295581299,7.851029026042275,0.23171595669260367,0.1621540123602672,0.8546864687439929,0.6925324563837257,38454950.74677557,1.0023797698378096,0.078123151238285,1.21725,0.09509540584480242,2.0756204760056076,8.864625215532058,1.7051718841697332,7.282501717422106,2.8555672747232395,0.4639544585111882,-0.005751737154147814,0.05451406257360009,0.05067023425602592,0.015715698403927267,0.015715698403927267,189.75969719974051,35.71977839629004
871,870,10,A_standard,False,130.25896080581626,79.14071378232092,238.35873151890797,994,80.52612075911381,0.34608769986030263,0.09568128063657713,216.2065208787049,0.0852995661826041,6.170788972286026,0.21969374953871643,0.2577709789074865,0.8838960803271946,0.626125101419708,18750696.867763042,0.48876201491905,0.11343893692654336,1.2175,0.13811190570806656,2.272332462657019,5.519490206657625,1.8663921664534033,4.53346218205965,2.6849240822796623,0.42187625092595,-0.008402825279594656,0.04595085066515429,0.11090866501778482,0.015227384381207687,0.015227384381207687,227.99793367981653,30.798780999010493
872,871,5,B_optimized,False,136.852795661089,71.62326623386836,566.9151388374626,1451,54.919864839069604,0.8763926066969617,0.01367539679217178,202.34837292225188,0.12647153758136553,7.576658270665721,0.21222935581339686,0.20028993163449807,0.8593893797963024,0.6590994481618043,58916859.49932171,1.5357468132877161,0.06874498476591599,1.21775,0.08371420519869421,2.913520634508927,9.58760046869031,2.392544146589141,7.873209171578984,3.6844295504948636,0.6647266090435253,-0.004057347581465877,0.036403495550641304,0.034726730844946985,0.021051334052775206,0.021051334052775206,213.7839550288046,44.435583603699975
873,872,3,A_standard,False,131.17857864389177,70.16029832693049,276.6511846791126,785,71.34622339593491,0.5058841891642635,0.0709317905419872,142.91403130598982,0.2859126900660227,8.058113174133872,0.21861450950455547,0.17176629792192005,0.8511539486973323,0.6793876507754122,15236794.774924444,0.39716745290163563,0.11746230556463048,1.218,0.14306908817771993,1.462309947827563,5.783878049299801,1.2005828799897889,4.748668349178819,2.0031057637471616,0.26955248960405753,-0.02144543338811302,0.056541709372511545,0.08209130415440015,0.01115951361241295,0.01115951361241295,97.20032552983156,24.542621130459956
874,873,3,B_optimized,False,129.67521705154704,84.67029236234359,545.4289800560169,1652,70.31460326883025,0.5315291325067597,0.04499941164604545,377.2925049403138,0.22723254533552192,8.039689532456327,0.220385561751343,0.17002131049815264,0.8514676335932289,0.6814463230950762,76292054.74940088,1.9886545371942859,0.051860210341923674,1.21825,0.06317870124904852,3.278453931774893,13.140060917651093,2.691117530699686,10.78601347642199,5.365777340701625,0.914180151547939,0.005365356007887435,0.02603269927705574,0.053320882893845165,0.008321471247799715,0.008321471247799715,380.361252497207,58.08831252110869
875,874,14,B_optimized,False,128.04096428539822,84.80873469931436,672.5267905398355,1712,52.974170379060425,0.8029403650558875,0.04452301071988201,186.85834306413224,0.5494748960160942,8.556037441346415,0.22235083878914413,0.14920380306960138,0.842719809899353,0.6935160068297517,97645882.22091113,2.5452706360419355,0.05349410552798311,1.2185,0.06518256758584741,2.7891634339329574,12.964344388690993,2.289013897359834,10.639593261133356,3.5273481722706395,0.6288644031691405,-0.00959661902333961,0.04015129614871185,0.03213684191439083,-0.012386168805491177,0.012386168805491177,162.04644505691033,49.202252188609606
876,875,11,A_standard,False,126.24130793201019,60.407062990838156,277.15794016109464,838,87.16631066473155,0.5079276964803423,0.03093372270542545,417.95037331432025,0.43915053679041255,8.474388574755475,0.2245649577134998,0.14911302374908414,0.8440970764624788,0.6949840527133946,14030045.0114672,0.36571190487320576,0.13505187690189205,1.21875,0.16459447497418092,1.1041166340650472,5.146052529268166,0.9059418535918337,4.222402075296957,4.794861341807684,0.8575222576665383,0.011025692099618293,0.047411170105170056,0.013044895711285025,-0.017888826994140426,0.017888826994140426,393.4595659345909,32.77404860753619
877,876,11,B_optimized,False,132.34853989752185,72.768965683353,655.9384971726422,1679,64.34402708261273,0.9144831165126388,0.09475396498351933,221.26521739165636,0.2463963824257993,7.8611739014740145,0.2172599220315853,0.1812427422312828,0.8545130725802406,0.6732703303489578,80141970.89913437,2.0890077554177755,0.0500575867020592,1.219,0.061020198189810165,3.620684778713615,13.449915881007938,2.970209006327822,11.033565119776815,3.4387841020203638,0.6079692684912266,-0.007139215792307681,0.03980134421430588,0.08775893414362068,-0.00699503083989865,0.00699503083989865,259.3288074213192,54.27617063611403
878,877,15,B_optimized,False,133.90021466143645,77.91817095549503,608.2029362691937,1812,44.86329277496019,0.9815191138617991,0.05115319398516643,294.5416929974186,0.2989293334665704,6.806960241754567,0.2154944731503903,0.2306480528437941,0.8727211370305769,0.6420730841867828,85870789.37930903,2.2383370781209537,0.05627061001672179,1.21925,0.06860794126288804,4.098907987229088,11.410451814828019,3.3618273424064706,9.358582583414409,6.565315980591884,0.972490154174659,0.0014281397103962125,0.026966473200502956,0.057247756568917264,0.006094562583750837,0.006094562583750837,296.8381980523639,60.93883720934827
879,878,11,B_optimized,False,131.13475049768132,65.13405870309971,558.7337726403249,1283,46.775925616827934,0.6471664484231554,0.08172180233921486,282.7595488237721,0.22369983907143356,7.558860748362438,0.21866565301806334,0.1915008136370005,0.8596953342784718,0.6681945206414712,46691703.67863557,1.2170817613295297,0.07914971189527804,1.2195,0.09652307365629158,2.4194758142692008,8.442159859350477,1.9839900076008206,6.922640311070501,6.044980299054682,0.9545653162957117,-0.001742221941711127,0.031026133198678585,0.08043000647916325,-0.0012917958600516116,0.0012917958600516116,276.03637754440587,48.171208328376046
880,879,13,A_standard,False,133.48366668765934,74.35101603289745,245.23376662939836,889,93.66679178718283,0.8491708004639887,0.014477622588273932,151.8212608104963,0.1289029180659934,7.377223443378202,0.2159649822349544,0.20326963503286496,0.8628240686590137,0.6595544336261487,16209474.566164033,0.4225216537609458,0.12282863668704207,1.21975,0.14982022959901956,1.6549042675673458,5.369712238251433,1.356756931803522,4.402305585776949,1.6208653879749004,0.20114802081331015,-0.005439884610925025,0.06376226902352032,0.0,-0.014477622588273932,0.014477622588273932,141.81676997477848,23.11312026276096
881,880,2,A_standard,False,123.7565323628444,66.12008220590621,444.6815736829582,807,96.24497845956756,0.5945637931970248,0.01,259.52910674874084,0.19196747416541515,7.7148961973137435,0.22771169447666756,0.17260110715158392,0.8570166571893143,0.6844155500377304,23727722.44134673,0.6184948491067007,0.09668384687947168,1.22,0.11795429319295545,1.7852114155816787,7.0789027549859345,1.4632880455587531,5.802379307365521,2.6965469877243393,0.42471358340091125,-0.006310895655425392,0.04906300241764047,0.0,-0.01,0.01,266.45475633700863,31.34011637292289
882,881,18,A_standard,False,134.07856566220894,85.10339177223572,519.5713530758447,960,82.03364524695711,0.411064397850609,0.07688070220534705,523.9401034332973,0.30581925149027994,8.691168535257887,0.21529377791260482,0.15394582742358034,0.8404453318154473,0.686499504391867,42448593.03786646,1.1064794023381552,0.0804281162908012,1.22025,0.09814240890385016,1.914079733845359,8.535566118566226,1.5685963809427241,6.994932283192973,6.386892863970736,0.9672923842613038,0.008905318429859227,0.028260075628747595,0.09186506480398778,0.014984362598640721,0.014984362598640721,504.6863083771423,44.499108803383805
883,882,9,B_optimized,False,138.5322196692909,76.04528039853845,536.0063357242242,1814,60.77329567847592,0.803550194441435,0.04936329980524884,246.3745798754596,0.21520297244811,8.404102749563751,0.21042506617424686,0.1705999602011462,0.8452844720289443,0.6746845118277981,73940004.30131276,1.927345193637288,0.06624013374680017,1.2205,0.0808460832379696,2.575477290750297,10.18543402111397,2.110182130889223,8.345296207385475,4.053994063098311,0.741541131044855,0.004820755452900165,0.0300452039756226,0.04390944642909943,-0.005453853376149412,0.005453853376149412,226.73556111404352,46.86562007618567
884,883,4,B_optimized,False,132.323583729247,83.19185520561877,645.6364489576409,1544,63.669846244858995,0.8368293945823148,0.015388685235213688,330.03611212466075,0.2599254636909192,8.824005713741686,0.21728860380661147,0.14699512125134906,0.8382154475114719,0.6912203262601229,82930855.50072567,2.161703765964134,0.04998094868262516,1.22075,0.061014243104314664,2.941023032290879,13.829675996134329,2.4091935550201753,11.32883554874817,5.183554407457194,0.8987629396452353,0.0018577121328825189,0.034711620609874455,0.01916353458244667,0.003774849347232982,0.003774849347232982,343.11170999807734,57.576537825209286
885,884,17,B_optimized,False,140.88114523003094,86.59950311691283,608.097189837026,1732,47.34085819140486,1.1094252559085538,0.0601347395702132,300.545716271444,0.551742669810094,7.615916796397206,0.20796297236550507,0.2051879902865117,0.858714877429038,0.6535268871425263,91208703.89092538,2.3774769655908794,0.05208006651853265,1.221,0.06358976121912836,3.9398565325083776,12.548503310954283,3.2267457268700883,10.277234488906048,6.3485481200256455,0.9660572599821716,0.008557723326474772,0.030981777394347515,0.07314998678289823,0.01301524721268503,0.01301524721268503,261.6158494980974,60.92470771852297
886,885,15,A_standard,False,134.41487017225035,69.99104222401688,316.6975616481168,943,85.74354283279236,0.6027573445475771,0.09235369879896785,252.5981516568368,0.04052132261682159,9.508360768284733,0.21491657240122503,0.1295738480098155,0.8268208652300143,0.6972470172201988,20902530.842211805,0.5448524480661524,0.11383112431578206,1.22125,0.13901626057064884,1.138298938789018,6.125275678433489,0.9320769201957159,5.0155788564450265,2.9459728780909598,0.4864965040094756,-0.008212915965440484,0.043126237904904774,0.10021202898581451,0.00785833018684666,0.00785833018684666,264.396444283916,28.107511504401607
887,886,2,B_optimized,False,136.68703899386088,74.29562334646948,588.2953706877564,1362,55.19261925187129,0.5037339878499727,0.03941936251488211,239.25812004244995,0.015372481964952446,8.67283851259672,0.21240947841123903,0.15846950450024042,0.8407534959381024,0.682283991437862,59529984.47939549,1.5517287366674957,0.0647985361636986,1.2215,0.07915141192395785,2.445572290397173,10.529311799794804,2.0021058455973577,8.619985100118546,4.334965857492584,0.791660859527558,0.0018840228102554582,0.03898392144414138,0.06355807669096927,0.024138714176087164,0.024138714176087164,194.1439435637913,45.637482039946995
888,887,4,A_standard,False,106.66272095442346,52.11971601681067,257.5703797208913,769,78.46449677829962,0.8207261705727812,0.07679946680901067,281.4400751353993,0.3501830689275726,8.112234681841958,0.25268191907861765,0.1287587182170078,0.850233132446973,0.7214744142299652,10323436.689908713,0.2690941970334878,0.14548249635090987,1.2217500000000001,0.17774323991672417,0.8850461151452638,4.959183629140778,0.7244085247761519,4.059082160131595,3.5868461111858583,0.6426411703987006,-0.001602552009665015,0.052150832459834984,0.06862893356928967,-0.008170533239721,0.008170533239721,265.23839533568525,28.147448300186934
889,888,1,B_optimized,False,130.81465676042214,88.41483888422016,789.2380537518449,1601,43.94736661176738,0.6177794909857902,0.08132561815539589,310.16508632568093,0.42740104660999545,8.60334658437797,0.21904005670705923,0.151908407239585,0.8419228199674783,0.6900144127278933,111718348.93738754,2.9120883194450182,0.04909710076997906,1.222,0.05999665714091441,3.094040276457037,14.054076552516314,2.5319478530744983,11.500880975872597,7.057648961442684,0.9830042304630531,0.0014024597935526632,0.024688048746936836,0.08424028168203467,0.002914663526638772,0.002914663526638772,269.6671150639376,60.426730548686756
890,889,6,A_standard,False,139.52244562808093,72.85891977724539,193.4152150891785,1044,85.28018679694523,0.25555458642735573,0.03270355424925347,119.7197650730617,0.1131470999115569,7.324239585368969,0.20937854200114753,0.21577078708275338,0.8637388682283306,0.6479680811455772,14712072.68003589,0.38348986906680765,0.12429123933548172,1.22225,0.15191496727779255,1.7360096193131833,5.213304530632355,1.4203392262738255,4.265334040198286,1.4038403241085549,0.16851903771065221,-0.014613127420024788,0.05965154494376167,0.02236682963350621,-0.010336724615747257,0.010336724615747257,83.35900297790272,23.055080244164984
891,890,2,B_optimized,False,129.80436069700627,67.87446462789222,642.590688962654,1643,53.55024138955616,1.3608924985472162,0.0861915068686438,245.8972698424444,0.21250728842777003,5.891245784039579,0.22023205418960626,0.27323005106559817,0.8888516629800426,0.6156216119144444,71660264.83762665,1.8679207326895266,0.05218073237954977,1.2225,0.06379094533399958,5.236224916856096,11.797872199963864,4.283210565935457,9.650611206514409,4.5918984389564566,0.8308830325040119,-0.0059686460743545566,0.031808550419186246,0.08710808511289153,0.0009165782442477344,0.0009165782442477344,274.18040124843856,64.85092669024752
892,891,15,B_optimized,False,125.11502220571536,70.01897760684966,764.3038640534232,1808,61.69538228499301,0.7453805432088051,0.0445761539125463,202.5106545078517,0.2444769409694838,7.393303630930221,0.2259781283508392,0.1881106516198369,0.8625466258177656,0.6744359741979288,96756521.45670944,2.522088257159341,0.041735655472509445,1.22275,0.051032272729010925,4.50719293827174,16.159707247012523,3.6861115831296183,13.215871802913535,3.2824280684797875,0.5701413964805423,-0.008239208778284253,0.02781082600675494,0.04131881970435028,-0.0032573342081960235,0.0032573342081960235,219.9170066392641,62.36831158066891
893,892,11,A_standard,False,105.61893947717797,85.55678233808183,332.9123897034529,912,83.13965152499215,0.373627693614691,0.08155608828038685,184.46144412482744,0.19791379715106888,8.747456957242168,0.2544273331345212,0.1080034459588941,0.8394997173569342,0.7314962713980401,25976416.531520203,0.6771100708342368,0.10317309613231557,1.223,0.12618069656982195,1.0468179206368275,7.089990499654328,0.8559426988036203,5.797212182873531,2.218693977438401,0.3140384765804386,-0.013572830851498673,0.046583718231446886,0.09011060992863805,0.008554521648251198,0.008554521648251198,200.59115629687614,25.571244235070033
894,893,20,A_standard,False,125.071607795551,82.60736230836312,327.85442037869893,693,80.58264387251488,0.46446536613300593,0.11600700250221684,394.18152120302574,0.1226377347383815,8.080216039688963,0.2260330339973599,0.160992782079817,0.8507777730231668,0.6897849909433498,18768649.899814747,0.4892299847327258,0.1102020613633224,1.22325,0.13480467156268414,1.4608872110753348,6.259274848491399,1.1942670844678804,5.116922009802901,4.891642942699143,0.8689427443698687,-0.003065795290988867,0.034923250113971904,0.08580238761143223,-0.030204614890784603,0.030204614890784603,352.79077927566766,35.05501465863473
895,894,15,B_optimized,False,136.74439906720093,85.67729492510301,602.0073035585573,1315,51.52033200691084,0.4218012380193451,0.023272908578623467,158.17653741954496,0.21013250492589297,7.863165527322127,0.21234710501192436,0.18829970010661923,0.8544790358516713,0.6661793357450521,67825539.84167907,1.7679634922254612,0.061832985856908794,1.2235,0.07565265819592791,3.0452952820744286,10.77385034076626,2.489003091192831,8.805762436261755,3.0701769817463025,0.5175370488096113,-0.01135789721019465,0.0402539767450195,0.01752401495566759,-0.005748893622955876,0.005748893622955876,124.2687015592523,45.521974789020476
896,895,13,A_standard,False,138.20278427406203,84.64763431005252,304.4092711547899,894,81.3775369227713,0.43743676592870734,0.03594620190219989,117.4463306970958,0.1838130909646081,7.152159929222272,0.21077605543326158,0.22146204519317905,0.8667166271553712,0.6452545819621922,23036167.050778445,0.6004685320846705,0.1061340268318867,1.22375,0.12988151533552134,2.08662623857633,6.079620280348518,1.7051082644137532,4.968024743900731,1.4432278874273918,0.17411031588903586,-0.017666187189391558,0.054833811133301005,0.027188882450517166,-0.008757319451682722,0.008757319451682722,116.24337362193248,26.38914858566233
897,896,11,B_optimized,False,132.87247471649187,93.36896982850598,672.0298655418791,1606,53.007722352449576,0.6834899713303668,0.11657679165494628,314.72519076233095,0.5550561100312309,6.044174174083464,0.21665988627213653,0.2699468775474228,0.8861372031996462,0.6161903256522234,100771258.40085323,2.6267377500303635,0.05016983123606019,1.224,0.061407873432937674,5.380661463206102,12.282088866372924,4.395965247717403,10.03438632873605,5.937346046859283,0.949662008323995,0.005914792607957636,0.030114057976512676,0.12013034868084459,0.00355355702589831,0.00355355702589831,331.02386461353234,68.33528219248196
898,897,2,B_optimized,False,120.76682683161891,83.94745590546957,645.0071585369299,1405,45.961636813631586,0.24622535570712756,0.04359177113575857,116.09981681747927,0.2995122517275614,9.424845620814791,0.2316432602370914,0.11268015427448004,0.8282030605809679,0.7155229063064878,76076127.54998755,1.9830261056855598,0.05829298234786794,1.22425,0.07136518363937733,1.932996901789179,12.27459768718898,1.5789233422823599,10.026218245610766,2.52601571367549,0.3836736510474215,-0.01268556007077281,0.03944921869441083,0.0011350725789907416,-0.04245669855676783,0.04245669855676783,88.95643706869564,35.4714635758629
899,898,2,B_optimized,False,131.7857107633836,79.6772609077279,497.21399214336896,1691,49.8131326910006,0.8481841424912306,0.05553096056276779,92.3931795261372,0.27836198390165756,7.792105258188393,0.21790901680761274,0.18305474906369235,0.855694289414709,0.6726395403510167,66991753.423455484,1.7462297330666896,0.06244480565885323,1.2245,0.07646366452926577,2.931464789301325,10.771745275752203,2.3940096278491834,8.796852001430954,1.8547956037872169,0.24136610945646658,-0.011973542795505158,0.04573671617437582,0.04262749716519781,-0.01290346339756998,0.01290346339756998,70.91088523817909,38.60486608460914
900,899,13,A_standard,False,127.46170619798048,61.84191851694829,365.496267778336,934,84.51922283393648,0.4500864952505188,0.049644238342524565,331.0760167444136,0.2584748854629233,7.570462018102809,0.22305769913594975,0.1847688232887893,0.8594958862685181,0.6747270629797288,21111193.043123595,0.5502915076634749,0.10853389096020051,1.22475,0.13292688295350558,1.7024067012998199,6.216740752684817,1.390003430332574,5.075926313684277,3.9171682564440085,0.7144647672518382,0.0021970926768704927,0.04159857189775029,0.041988560027901994,-0.00765567831462257,0.00765567831462257,293.3389388431027,35.596692091428025
901,900,1,A_standard,False,118.27051214024367,77.29721916781423,377.66211999708406,1017,77.05847565154436,0.30436516016101356,0.024850106387243782,236.28827388280925,0.10597147966513916,7.328353732908128,0.2350549997169282,0.17860722021622968,0.8636678001694316,0.6850605799532019,29688499.599029496,0.7738704852560598,0.08713938993136398,1.225,0.10674575266592089,2.04967260336469,7.861663714799876,1.6732021251956652,6.4176846651427555,3.0663502215031646,0.5165814726989341,-0.009747248905460004,0.041601454220866495,0.03837131920531613,0.01352121281807235,0.01352121281807235,266.3217932094539,35.21174166189544
902,901,1,A_standard,False,121.25010350626664,64.22404368210631,372.615828055653,860,77.57503207921967,0.7105934080325018,0.08760372163033832,272.14945400997965,0.2385041712745012,9.25452247762663,0.23099657723263037,0.11791832959094455,0.8310291142411234,0.7131107846501789,20580569.887213808,0.5364601047735346,0.10497811765946949,1.22525,0.12862443866226497,1.1232658026261322,6.792946954558516,0.9167645808007611,5.544131364667225,3.5082093647355563,0.624386614042549,-0.0031035896078720885,0.049217094863346564,0.09065704900587081,0.0030533273755324886,0.0030533273755324886,250.05326124292577,32.29133534052233
903,902,5,B_optimized,False,129.59379582447028,62.43853002782233,778.5504475637522,1740,69.06488732971471,0.9619569520556438,0.059990689085607084,180.28431593306263,0.14295721560970176,8.881350812379385,0.22048247735204843,0.14111470208457938,0.8372546476380818,0.6961399455535024,84584089.16718791,2.204797514620554,0.05335236848997309,1.2255,0.06538332758446203,2.644956654756576,13.047967039820046,2.1582673641424526,10.647055928045733,2.6103613993082777,0.40380430325568384,-0.015009873570777807,0.036255396424601447,0.035367276257975915,-0.02462341282763117,0.02462341282763117,170.3181501884033,42.553202168959565
904,903,18,A_standard,False,138.21524597056495,71.7943151953354,327.8712589622059,999,97.07362013671553,0.2866087102285071,0.05034525674872742,117.99529928782384,0.37902859856746285,7.032760535789047,0.2107627525308411,0.22712744929573486,0.8687888091345864,0.6416613598388516,23515753.21691462,0.6129695875142964,0.10155026789860692,1.2257500000000001,0.12447524087671745,2.236601182800529,6.318657479855393,1.8246797330618225,5.154931658050494,1.2155238376980568,0.1437512982657474,-0.015611548195686347,0.0553416763354379,0.0,-0.05034525674872742,0.05034525674872742,109.98308216079515,22.225048709536555
905,904,10,A_standard,False,114.62796375561089,59.81638057008214,272.8864719298017,922,107.10546768846383,0.46996807855662515,0.018598507493578515,129.02720843526575,0.30078886754808437,9.164542965043534,0.24025897671981755,0.1105968451808519,0.8325259725958428,0.7219291274149909,15049880.73490441,0.3922952882316433,0.12987381313767193,1.226,0.15922529490678577,0.8515715563353361,5.5586966300105045,0.6945934390989691,4.534010301803022,1.2046743384806962,0.14242102217304986,-0.015098175693941838,0.06801740102833666,0.016891091714927985,-0.0017074157786505298,0.0017074157786505298,145.60261761993297,19.56550478497992
906,905,15,A_standard,False,139.03192880769615,64.84435388093827,396.60831684647013,742,67.95633051465956,0.6568745887641046,0.02534426590542948,194.63821771557062,0.09912326733633839,7.854929581078733,0.2098953628482657,0.19229717932953974,0.8546197963124166,0.6623226169828769,19082615.056889124,0.49741390684870185,0.11893905825096159,1.22625,0.14584902018024165,1.6167706568164717,5.56858803762659,1.3184674061704151,4.541152324262255,2.8641660937472664,0.4660936408412434,-0.00901630465052146,0.0453849104972849,0.026859517538512165,0.0015152516330826857,0.0015152516330826857,160.43469538239341,29.881386751515997
907,906,9,B_optimized,False,144.45406555302395,63.82042355165217,637.8361753670825,1832,55.58339913373706,0.6176675247662494,0.04026863276960487,124.09485840507824,0.46008819277375357,7.389457812012773,0.20434884574495146,0.22090397490820632,0.8626129723319147,0.6417089974237083,74575177.95907936,1.9439018453171113,0.059098506439727964,1.2265,0.07248431814832634,3.737894376966985,10.85829466905665,3.047610580486739,8.853073517371914,2.232588512740979,0.3170393193652228,-0.01572653801961502,0.044899973914249096,0.021312636420625582,-0.01895599634897929,0.01895599634897929,144.82618836477124,43.53763921515469
908,907,4,A_standard,False,129.55918320766168,64.59002642109108,350.87596315950714,730,67.40528795623942,0.4954722714281221,0.09101849766880958,252.598520931936,0.14752910395837346,7.706387613202449,0.22052370807510166,0.18278564119158078,0.8571625095651839,0.6743768683736031,16544054.043628793,0.4312429157337414,0.11776850003867033,1.22675,0.14447250742243883,1.5520758193537447,5.726292413949108,1.2651932499317258,4.667856053759207,3.747458524261879,0.6786246723416919,0.0016249428355634187,0.04617020054393689,0.10193404652923374,0.01091554886042416,0.01091554886042416,212.51260979834325,32.99514550079646
909,908,8,B_optimized,False,124.78332832864014,81.03527629516695,717.1776397669664,1504,46.981537866795215,0.7058552155496987,0.10493216708021587,178.66659552772117,0.20012116067827776,7.216702749485103,0.22639844088165917,0.19517664653954236,0.8655985422444561,0.6704218957049137,87407499.03961268,2.2783934725692516,0.042094190847021554,1.227,0.05164957216929545,4.636664646883275,15.926708227777956,3.778862792895904,12.980202304627511,3.8029107526085477,0.6905967747864625,-0.009940247641851516,0.0229338132527873,0.09232952901795528,-0.012602638062260585,0.012602638062260585,202.28159988274433,63.863305651247785
910,909,2,B_optimized,False,126.35189520159568,77.13549864343061,582.3174149784596,1767,52.481824400656066,0.9847308310737826,0.039026247507760674,239.10284368162084,0.4439225345115596,6.67912289725121,0.224427357078915,0.2233583382017009,0.874955318985396,0.6515969807836951,79368947.15389772,2.0688578566717877,0.05177450406020766,1.22725,0.06354026010788985,4.314060409771602,12.585286766358292,3.5152254306552058,10.254868010884735,4.555917146787143,0.8257667092682672,0.00018299664944344883,0.030894266513797692,0.050199521870084494,0.01117327436232382,0.01117327436232382,192.0543865262058,60.04322284250488
911,910,16,B_optimized,False,141.6598178586342,71.15331854278305,635.1640056578212,1845,42.2205790306675,0.44995690703078595,0.01328204867377508,235.90854389614282,0.520800344368005,8.776130965508589,0.20716212255634647,0.16233682774535815,0.8390184189409695,0.6766815911956113,83382979.48563246,2.173488982877122,0.047541480890559165,1.2275,0.05835716779316138,3.414635486830095,14.233498379096295,2.7817804373361263,11.595518027777022,5.58752507218784,0.9300543863510403,-0.004609782322831356,0.03238703769693695,0.019388973416703,0.0061069247429279185,0.0061069247429279185,231.6445758126554,60.712978392080366
912,911,4,B_optimized,False,143.14057894478378,80.5242606466404,571.9832876068981,1304,46.8867224628783,0.5356857575600908,0.05944373137838335,261.8278811863781,0.39110607542383635,7.779295140968532,0.20565964832890218,0.20191931280500858,0.855913548383876,0.6539942355788675,60060324.8631613,1.5655527687229638,0.06028570974924356,1.22775,0.07401578014463378,3.349372739325544,10.848246430192745,2.7280576170438153,8.835875732187128,5.584264956751359,0.9298420077563323,0.007140402385195886,0.024858451505079492,0.05300375147509126,-0.006439979903292092,0.006439979903292092,300.62687988320545,55.20615117848872
913,912,8,B_optimized,False,130.53010236764615,80.92105094006247,761.2398634487054,1710,65.88271791237163,0.7543769636568721,0.042864406790921614,275.44684879116016,0.540771632585474,8.617209533645271,0.2193742011909555,0.15101238012601362,0.8416894216580588,0.6906770415320452,105336563.90283349,2.7457385493929256,0.0494906217766564,1.228,0.06077448354173406,3.0513332567836664,13.955715582822236,2.4847990690420736,11.364589236825926,4.180866508232442,0.7651035684798551,-0.0009789199603839416,0.03628590500981931,0.02501022059063039,-0.017854186200291222,0.017854186200291222,286.4081033118503,53.86232145522738
914,913,20,B_optimized,False,131.20748506314652,87.55532694832218,678.0268412705608,1773,53.86014060490716,0.6495330325066364,0.07292965714438568,188.45745537807295,0.5157043777142918,8.287213331129546,0.2185807942019404,0.1634209859789752,0.8472628798842775,0.6838418939053024,105253899.91321385,2.7435838018433985,0.04872014435106505,1.22825,0.05984051729919565,3.354279593291121,14.036122080790863,2.7309420665915907,11.427740346664654,3.499015287771134,0.6222278922827507,-0.0009184195409450797,0.03319583056434674,0.09448793223897635,0.02155827509459067,0.02155827509459067,191.86911558078378,52.21187765788364
915,914,12,A_standard,False,120.46083735646053,77.18844224114093,412.1850267384255,1035,70.4284717219185,0.3530908749645847,0.08544811554958907,238.98808958983557,0.4043093658704276,8.54854111135324,0.23205499069348645,0.13755497438949277,0.842846165486884,0.7052911910973911,32929477.33357926,0.8583509085180727,0.0956399356054507,1.2285,0.11749366089129618,1.438258751626065,7.374442345998352,1.1707437945674115,6.002802072444731,3.3933448184629365,0.597087636268391,-0.008902561822613916,0.04642133083581926,0.09097015211649206,0.005522036566902991,0.005522036566902991,203.148585441197,33.87425793441593
916,915,10,B_optimized,False,138.69741237931987,81.09281826410161,683.03481740128,1553,70.12584140880965,0.7412266205052824,0.02482301528996657,244.65063276512143,0.3389921038229554,5.954013194592913,0.2102495990924133,0.28598129078031687,0.887736544712321,0.6017552539320041,86019456.04408926,2.242212273754573,0.05584128036437893,1.22875,0.06861497324773061,5.1213240261364765,10.776172215346676,4.167913754739757,8.770028252571048,3.488737216554622,0.619808907748357,-0.0024046234231331386,0.03839464502005297,0.006262168344123662,-0.018560846945842906,0.018560846945842906,216.9792025318098,56.32006059613413
917,916,11,B_optimized,False,121.03740121832814,89.82715494667508,772.2365732394481,1382,54.23721729203155,0.5472499361186957,0.015463528271381486,73.74601112085703,0.34966649249853515,7.133239750642983,0.23128065794494368,0.19209209071424707,0.8670446578827248,0.6749525671684777,95866319.3900594,2.4988839486022005,0.06015357640805084,1.229,0.07392874540549449,3.1933610964573975,11.220489411800681,2.598341006067858,9.129771693898032,1.359693856043232,0.16242340982615497,-0.016571891338298762,0.045987123082078696,0.0,-0.015463528271381486,0.015463528271381486,101.17911339328302,38.607607150454406
918,917,16,B_optimized,False,123.83283789296667,80.0639522363905,754.0707167209121,1770,54.712170430468035,0.8428626971843016,0.07036898734956665,294.28954569312486,0.7693629267741157,8.569364755401848,0.227613464574006,0.14220255399716247,0.8424952160016715,0.7002926620045091,106861770.86813483,2.7854951106976356,0.0515091578777396,1.22925,0.0633176323212114,2.7607237209097777,13.59549817659027,2.2458602569939217,11.059994449127737,5.378868053994095,0.9152016279242823,0.0008478532791160778,0.03790405626896515,0.07384197531735111,0.0034729879677844605,0.0034729879677844605,303.6025055351814,56.441575880880634
919,918,6,B_optimized,False,133.31559959489573,79.07732004154131,718.8808282522657,1384,60.12715326833699,0.7701533829640023,0.06145075372553781,235.35653500812538,0.2804562450382338,6.725169305864032,0.21615552874859745,0.23370806517394382,0.8741499188974144,0.6404418537234706,78676482.34916687,2.050807834552202,0.06129195153562648,1.2295,0.07535845441305275,3.8130302481574434,10.449036744265,3.101285277069901,8.498606542712485,3.9143136206327656,0.7138820513085677,-0.005186755750112477,0.040274161947064,0.040928732946449276,-0.02052202077908853,0.02052202077908853,250.8787932823747,50.967662762853415
920,919,13,B_optimized,True,144.29934339677476,88.51449748997746,522.0445387666283,1568,35.0,0.9098380988466066,0.043869150622886405,283.5673144466008,0.1082816538522182,8.373065083812232,0.20450219743285708,0.18044843713029393,0.8458093480595136,0.6653609109292197,72454943.70558217,1.8886351011983205,0.05641794944239008,1.2297500000000001,0.14138844665943318,3.1984224686250746,11.793425984200969,1.276260128700231,4.705907212715163,8.10192326990288,0.9939517715197742,-8.595124975713068e-06,0.019083257361604457,0.06262151588366943,0.018752365260783027,0.018752365260783027,285.24065176788963,25.06836581800105
921,920,18,B_optimized,False,132.38561947099956,72.17247295966853,587.3888792434984,1593,56.6395145892286,0.8400799000960586,0.01175999687941358,123.2910633217341,0.10625430164987677,6.609295419981425,0.21721732397116952,0.2379598149145841,0.8761780910705302,0.6382182761559462,67532539.65039015,1.7603260500079272,0.05492413760576183,1.23,0.06755668925508705,4.332518001877937,11.619996307215459,3.522372359250355,9.447151469280861,2.176767654452691,0.3050779537587288,-0.02183696916966716,0.03394444346391219,0.0,-0.01175999687941358,0.01175999687941358,107.6800084207168,48.10397133268725
922,921,12,A_standard,False,125.33507942157847,76.40575297335724,405.3052884630562,1044,78.96711584961444,0.29769865154390635,0.035788384107723184,190.85798501385486,0.34475994154617806,8.016443983494694,0.22570032219191308,0.16376644370955087,0.8518635822778612,0.6880971385683103,32330232.602064125,0.8427307923980949,0.08490081884656674,1.23025,0.10444923238598873,1.9289147729600884,8.104717338614172,1.5679047128307972,6.587862091944054,2.416929920263597,0.3582264747245381,-0.015466077528430636,0.054319247591547666,0.018684791500451502,-0.01710359260727168,0.01710359260727168,197.77576558880935,31.31956176207808
923,922,9,A_standard,False,121.86220527118687,72.21455783464657,250.4766551667019,939,88.95780511037258,0.4655001205958327,0.02856625950555928,134.61775136874377,0.4051961191304988,9.609990393936057,0.2301837729433482,0.10947447665263507,0.8251419821503386,0.7156675054977035,16984689.18581798,0.4427286605814859,0.12017295599346964,1.2305,0.14787282234996438,0.910974318203374,5.955312487583262,0.7403285804172077,4.839750091493915,1.5132764483309762,0.1844140137556927,-0.019876845677463475,0.06576365834611553,0.033384506720417095,0.004818247214857817,0.004818247214857817,130.12234207853624,20.907012945301265
924,923,3,A_standard,False,136.92980160686824,59.196628655556914,249.60444547796777,1079,85.91252942048271,0.38644556512243006,0.02788264472302199,307.5686042602668,0.040852782737222905,8.774600115331625,0.21214580197246874,0.15544013919008617,0.8390441075641241,0.6836039683740379,15943025.26164456,0.41557629595002554,0.12095715435061574,1.23075,0.14886801771702032,1.2850842930672408,5.651620791214141,1.0441473029187414,4.5920136430746625,3.580020357158036,0.6410720905031619,0.0052916249975065895,0.04049409874355683,0.05793986982636362,0.03005722510334163,0.03005722510334163,292.2801086176659,28.620582192963283
925,924,5,A_standard,False,135.85942247810272,67.50688452840224,297.112149688163,1027,81.72031136780468,0.5307846637554468,0.026954568935299898,116.90072875026866,0.3297298773450709,6.149259052559266,0.2133144091508868,0.26935486675220044,0.8842767665158682,0.6149218997636677,20598657.701670755,0.5369315878710326,0.10417112531281573,1.231,0.12823465526007619,2.585696045265461,5.902997571708256,2.100484195991439,4.79528641081093,1.4304978382194955,0.172287374089714,-0.022505896445359087,0.06558587080735023,0.0,-0.026954568935299898,0.026954568935299898,71.87453142026251,26.416273594680174
926,925,19,A_standard,True,116.24671092899163,64.03106813645819,276.06142141965324,982,85.289355469579,0.28978232784137303,0.05725531466129949,144.8549496484581,0.25271225639881073,8.848371404316184,0.23791211386096975,0.12182925727639003,0.8378070730582327,0.7159778157818426,17358330.54644347,0.4524681228299734,0.12101544109759893,1.23125,0.34749585927420784,1.0067248953638466,5.916417023216125,0.3505919682923616,2.0603923663357,1.6983942351413943,0.2138948934015984,-0.013306335997719753,0.0552289617272759,0.0,-0.05725531466129949,0.05725531466129949,157.3155355179768,5.264957057161816
927,926,11,A_standard,False,126.77126305184532,76.95740605355593,402.86762431832705,791,73.07913843371631,0.6219553605331433,0.011481755412492923,279.79827695308114,0.47794627496726916,9.822238226729583,0.22390740429438422,0.1108838673215033,0.821646714080526,0.7107628467590228,24523885.05424306,0.6392478934136269,0.0950318243349577,1.2315,0.11703169166850041,1.1668077309625464,7.4792086938561155,0.9474687218534684,6.073251070934726,3.8287024580463775,0.6960805015208212,0.0002277814999616741,0.055230560371571744,0.01886826725847924,0.007386511845986316,0.007386511845986316,282.29531954337386,34.41476206710152
928,927,7,A_standard,False,123.09451470124579,79.42547882253747,374.59167731915426,1108,77.55877228247381,0.5173324284746696,0.055112867974592604,165.7381290391074,0.4489998843662128,10.79701601016174,0.2285682678501046,0.08476646728126173,0.8057833894274555,0.7210169221461938,32965352.654084496,0.8592860467723821,0.0786345892987625,1.23175,0.09685815536875071,1.0779793985977584,9.169208214552736,0.8751608675443543,7.444049697221625,2.136935954007613,0.2966995764070585,-0.013378248636095432,0.0506227931317541,0.06926464611583194,0.014151778141239336,0.014151778141239336,138.92520817454053,27.78387516159896
929,928,9,B_optimized,False,135.60562075041094,102.5155796261293,559.6500677589783,1729,54.608108095512385,0.8413380144992048,0.021942765287865994,144.87216759646446,0.2137375764653055,8.47507573746869,0.21359380070431583,0.16361754160730616,0.8440854759014481,0.680467934294142,99197659.52443343,2.5857197887813825,0.044140276499112376,1.232,0.05438082064690645,3.7067629517589533,15.416032437128608,3.0087361621420077,12.513013341825168,2.652942441131189,0.414096136779716,-0.012264739335083607,0.03778499936591767,0.00459953114390844,-0.017343234143957553,0.017343234143957553,165.86536968287925,52.23488312848845
930,929,12,A_standard,False,140.34807974767497,78.45108468824706,426.94287956497175,964,79.79905451624204,0.5284754591528715,0.03738019328790957,330.84543072419604,0.12580224594239245,6.635580076114645,0.20851557258139714,0.25066903916761996,0.8757176113199489,0.6250485721523289,32288343.249731023,0.8416388903533671,0.08603035181525252,1.23225,0.10601090102434493,2.913727932973282,7.265442474239801,2.3645590853911798,5.896078291125828,4.145981838128882,0.7587762181495338,0.003431315959504916,0.03826922695987836,0.05165903505936202,0.014278841771452451,0.014278841771452451,328.959964600138,43.21972982724565
931,930,11,B_optimized,False,141.80273563538407,83.00205982533389,715.478032426322,1487,66.88831114812118,0.5107385290939772,0.08066758648003942,337.0050235165983,0.22648838373728655,8.43467797802443,0.207015946677158,0.17445074399797877,0.844767734721728,0.6703169907237492,88307205.72087753,2.3018455316299025,0.04777469145163022,1.2325,0.05888230721413424,3.6515305216487373,14.030796858257384,2.962702248802221,11.384013678099299,5.038324600098151,0.8847625579948454,-0.0014188365937709026,0.019383934039292713,0.07383975618372667,-0.006827830296312759,0.006827830296312759,339.7064348086813,60.43727684759486
932,931,14,B_optimized,False,147.64130839966887,83.04663402270138,665.3586747575047,1477,62.71743515330894,0.8985183103289744,0.03461685152446742,304.46604887794507,0.26544613280060386,9.596033598341464,0.2012507501045237,0.14497282619231366,0.8253723410591928,0.6803995148668791,81612814.17242657,2.127347254315034,0.053708813108932336,1.23275,0.06620953936003633,2.6992371977812923,12.668302937301766,2.189606325517171,10.276457462828446,4.854567922519414,0.8646625378882508,0.0005867837681229583,0.025021289359454503,0.035381047644691924,0.0007641961202245057,0.0007641961202245057,322.4428720486327,53.93063555761712
933,932,6,A_standard,False,119.19920705498863,63.958244644663836,377.7540772187643,854,64.15783661128147,0.7161615167360025,0.03570656736448834,322.32066357453425,0.34956704480707534,7.812911820249696,0.2337715578473513,0.16098621036965452,0.8553382823659097,0.6943520719962551,20633056.484080523,0.5378282381832813,0.11208801290476925,1.233,0.1382045199115805,1.4362482320605463,6.19470409013479,1.1648404152964689,5.024090908462926,5.023870513705221,0.8832806357724858,0.0042912140536931955,0.03824758249991804,0.025183953650708774,-0.010522613713779563,0.010522613713779563,335.27622278918574,37.18276221859094
934,933,13,A_standard,False,142.83383283748012,48.08373502168416,364.6054707311358,820,68.38689795277404,0.4343306752442201,0.034733069919796536,198.22779928815265,0.23558587377400073,9.043108922882558,0.2059687172273742,0.15526878849432832,0.8345503697892365,0.6792815812949081,14375906.130515732,0.3747272379363169,0.13355920543275504,1.23325,0.16471189009994514,1.1625465125464804,5.08599597529738,0.9426689742927068,4.124059173158225,2.8986224733434014,0.47467730225251253,0.0001351578671965085,0.056743889700403616,0.03507311220201387,0.00034004228221733157,0.00034004228221733157,195.1563050373638,27.113906306107772
935,934,9,A_standard,False,129.7336420838645,55.86430481495957,433.9810846240919,931,68.78433938722341,0.3911274957900164,0.06889524704533985,200.64972130796988,0.07417956857453446,7.160397001122312,0.22031608222134733,0.20648022901432728,0.8665738547724612,0.6600936257581339,22571212.035286706,0.5883488571829253,0.10099304176315495,1.2335,0.12457491701485163,2.044499555707579,6.536030742654137,1.6574783589035906,5.29876833616063,2.9170843697197775,0.4792829602105525,0.0008573958412684754,0.04007029856597372,0.06819718096439892,-0.0006980660809409317,0.0006980660809409317,185.4869220779386,33.7157827464989
936,935,19,B_optimized,False,131.53890916111013,84.20076779178078,524.8538809732465,1618,45.9304665156256,0.7338267196391116,0.023660332546534397,164.34879546715985,0.3364436729019272,8.372353253126851,0.21819513457965067,0.16092662796239718,0.8458213896061875,0.6848947616437903,71504435.40592521,1.8638588299474996,0.05207838460119052,1.2337500000000001,0.06425170700171881,3.090084863321939,13.151228996226076,2.504628055377458,10.659557443749604,3.5782087127560134,0.6406551270939687,-0.011389810459731201,0.028718480218838882,0.01809197723687288,-0.005568355309661516,0.005568355309661516,208.0346096210825,51.55099588745657
937,936,4,A_standard,False,120.7045247489593,81.37301582465767,382.8809137814534,699,87.64108223683775,0.41783545574796904,0.050541421566376914,237.24792035497825,0.3341934755524544,5.510420484829872,0.23172694822084997,0.2788969494044149,0.8956474542299374,0.6167505048255225,21778166.08461222,0.5676770528490047,0.10330105054071967,1.234,0.12747349636724806,2.699846206254002,5.970418515563973,2.1878818527179917,4.838264599322508,2.707040058152739,0.4272793792174563,-0.017041937950636035,0.05720673790076275,0.06740518508897758,0.016863763522600668,0.016863763522600668,205.31522221087084,33.254088723592275
938,937,3,B_optimized,False,134.89897965759945,95.01709180265314,633.0130208289895,1781,64.93710894902064,0.7666803384700764,0.027554169993702752,173.48190483622187,0.472403213828545,7.049664618163282,0.21437639432262387,0.22062702297923767,0.8684951372280162,0.6478681142487785,107121907.29235391,2.792275914832641,0.05115344836690833,1.23425,0.0631361436468566,4.313043011230568,12.665189443374668,3.4944646637476753,10.261445771419623,2.67153724032302,0.418614704351147,-0.011072756724036839,0.04043156672478223,0.011240196216513117,-0.016313973777189635,0.016313973777189635,182.04521795778058,51.21282556354135
939,938,10,B_optimized,True,145.93233132805705,86.34005929338085,515.5298897853099,2012,52.901483795352036,1.009652875278162,0.023171045009526953,181.04538644737303,0.25621326746119893,7.993879352718144,0.20289762480382684,0.19751531889277074,0.8522481087824428,0.6547327898896721,89555893.0781664,2.3343942391822985,0.05680637270196021,1.2345,0.19109986011592103,3.4769922721356066,11.525692607144396,1.0335712374303052,3.4261290902699337,3.4223120687454105,0.6040363750212563,-0.0030529073962626586,0.043470771138288886,0.0,-0.023171045009526953,0.023171045009526953,171.78016853772695,17.16794738097541
940,939,11,B_optimized,False,125.86680434885143,67.15955216796861,645.2159160737216,1329,47.76437418963164,0.656112888696621,0.013291065746570088,288.17926708423045,0.43648845742839304,7.636643269423565,0.2250324680049601,0.17933626102708974,0.8583589885824526,0.6790227275553629,57588775.51498334,1.5011285263651148,0.06705961825776156,1.23475,0.0828018636437711,2.674280970967698,10.125657514860247,2.165848123885562,8.20057300251893,6.0333516762957276,0.9540583042502402,0.01181442784112195,0.039541413587042995,0.022441669097825526,0.009150603351255438,0.009150603351255438,298.2231633498325,50.774308525407896
941,940,14,A_standard,False,124.58180652792578,66.78996048544141,354.7670674406403,984,82.45354948572417,0.4711210145715113,0.03372451328533643,374.9040800933804,0.346888847119598,6.6993825057242535,0.22665473200666453,0.21905186593655968,0.8746008657572008,0.6555489998206411,23315760.361241955,0.6077565060060545,0.10862556600857236,1.235,0.13415257402058686,2.0165774410719557,6.034942085078824,1.6328562275886283,4.886592781440343,4.546851923679653,0.8244585866436024,0.006375364284860484,0.04570951173054917,0.04466043171086507,0.010935918425528636,0.010935918425528636,399.15854384337007,38.56074586137395
942,941,9,A_standard,False,123.5870492738524,63.9942030538791,453.63171237514797,786,86.11061200073944,0.4863552657813007,0.01465807678219145,263.1816980564997,0.13979607120952503,7.500343801915044,0.22793024280551605,0.1809462625302895,0.860702058184393,0.6797557956541036,22817422.73194348,0.5947666685870165,0.11237894798514525,1.23525,0.13881609549865068,1.610143766021086,6.048782337275099,1.3034962687885738,4.89680820665865,3.0563213051399494,0.5140766054607669,-4.262162616544031e-06,0.04489637285901803,0.017675341833789292,0.003017265051597842,0.003017265051597842,242.60362297225856,31.24440166441579
943,942,19,A_standard,False,119.80305278387596,83.14128234748988,358.0626618206953,944,61.603450101975355,0.375395339509734,0.027536934733635714,493.2764097109293,0.08111380884838174,8.329655048467997,0.23294613446523563,0.14365208991978032,0.8465439991995615,0.7028919092797812,28102680.688114636,0.7325339924493288,0.09105468963131308,1.2355,0.11249806903948731,1.5776462530533886,7.71944764323332,1.2769293832888617,6.248035324349106,8.007285450642513,0.9933554095047088,0.013725280387151552,0.033212489328784435,0.03951941398521849,0.01198247925158278,0.01198247925158278,507.9945562899193,42.184278507503755
944,943,10,A_standard,False,130.758614877843,80.12127956390661,328.6961576557455,837,65.16433313948397,0.19653721204504115,0.01074282479094135,160.15555135683817,0.18095809095031562,7.913772412889781,0.2191057674037433,0.17658495665673052,0.8536146229221809,0.6770296662654505,22042860.990641687,0.5745766799147163,0.11297254880849686,1.23575,0.13960582719009998,1.5630784515277685,5.992868828808171,1.264882420819558,4.849580278218225,2.4577179515368615,0.3676568794968145,-0.004073378623892347,0.048070242146927455,0.03050771865027649,0.019764893859335136,0.019764893859335136,156.66715725849338,26.126011382617015
945,944,3,A_standard,False,120.17667559446525,70.1955897753583,291.35237188556454,868,86.63215440256495,0.4158606498681443,0.05370322485626266,96.21054419753162,0.08855670589262728,8.06093756987087,0.2324389458448661,0.15355816920524695,0.8511058701435891,0.6975477009383422,17752033.568798434,0.4627305191474543,0.11630228724440765,1.236,0.14374962703408786,1.3203366231529616,5.997712662971583,1.0682335138778005,4.8525183357375266,1.1105639108368184,0.13130877956177006,-0.013231911592941693,0.060942343978644405,0.04323839104449335,-0.010464833811769311,0.010464833811769311,71.82028133477569,21.24072553621917
946,945,3,B_optimized,False,141.16548642332293,91.22776307814003,501.01647464115337,1657,56.57682600696962,1.0702368656918002,0.05184912685512871,303.4479500157946,0.2592008861808444,8.731968803085739,0.20766966253452637,0.16310436375913465,0.8397598036581558,0.6766554398990212,75735856.492961,1.9741564850723197,0.06203684905853801,1.23625,0.07669305464861763,2.629152934657098,10.907314768042598,2.1267162262140324,8.822903755747298,5.36346719023109,0.9139987356486339,-0.0027459282576320315,0.024280372496039832,0.04825503447973188,-0.003594092375396832,0.003594092375396832,332.290734247156,51.51209499980946
947,946,20,B_optimized,False,128.89010680583246,77.27282736443986,697.5944744046152,1404,53.37784515468945,1.0888950598746188,0.04344284617690122,155.44662850585084,0.2992257499386047,7.656837299266753,0.22132441192289476,0.18366441603790812,0.8580123840399568,0.6743479680020488,75682756.7370412,1.9727723688510344,0.060500438401402214,1.2365,0.07480879208333384,3.0357534737079086,11.146166636478778,2.4551180539489756,9.014287615429662,2.912193777312763,0.47806253721425546,-0.010851536234813584,0.04132390951054453,0.021878690738434597,-0.021564155438466626,0.021564155438466626,165.1129815096039,43.15138648565423
948,947,3,B_optimized,False,135.61483420261894,80.85724058271458,684.0166363430666,1783,67.3077225122282,0.9505568874728745,0.011856758591617606,194.50658870086107,0.2065154689068261,9.359177883051915,0.21358364274896274,0.13547511544265972,0.8292914996057312,0.6938163841630716,98613625.04790165,2.5704961483191107,0.04001252057862904,1.23675,0.04948548482561947,3.385818076030379,17.339981938894486,2.737673803137561,14.020603953017574,2.8898108781726184,0.47248055817905454,-0.011424427132101369,0.03564443954255717,0.0,-0.011856758591617606,0.011856758591617606,173.38223970287194,55.16626445867819
949,948,19,B_optimized,False,133.54428571559836,69.76596822259786,821.7153644012194,1431,57.72497622792968,0.6038758378465157,0.0428660004120053,99.20804569495594,0.6526472913537423,7.010728933898587,0.21589635529857698,0.22011815143463032,0.8691717096709078,0.6490535582362775,82036036.00919616,2.1383790980462862,0.0498764610219532,1.237,0.06169718228415611,4.4132672391841306,13.013223972538782,3.5677180591625954,10.519987043281148,1.7186329415403911,0.21731760983682602,-0.01988959335591344,0.05717832018608049,0.029251383412848615,-0.013614616999156684,0.013614616999156684,119.03305109311339,48.41611911025151
950,949,6,A_standard,False,112.55707033009449,67.65277527148821,399.21178213317876,809,52.213303583339496,0.5539738499430334,0.010571129255125015,146.78705558031174,0.09289748211813081,9.92800255305952,0.24334480599420552,0.08928445742998943,0.8199105327644496,0.7306260753344601,21849298.050750483,0.5695312027688758,0.09989975041397547,1.23725,0.12360096619969115,0.8937405454968883,7.31359259964927,0.722360513636604,5.911167993250572,2.811296077943426,0.4529635142376245,-0.008571538371148473,0.04210283861656927,0.005443854294554093,-0.0051272749605709225,0.0051272749605709225,117.97177682447992,28.128537369857277
951,950,2,B_optimized,False,129.2519303957926,84.20961614499116,726.3085960547608,1479,56.64527136708804,0.3627413508746137,0.020554453612050248,111.90219254239095,0.2743052282148587,9.113038630494263,0.22089053180962853,0.13358945515280654,0.8333839883595544,0.6997945332067479,90458846.58526011,2.3579309311046184,0.0431881722069124,1.2375,0.0534453631060541,3.093195389533645,16.20338387681856,2.4995518299261774,13.093643536823079,1.9754904485709324,0.2641499258597771,-0.01235153619290208,0.03565429183715776,0.0,-0.020554453612050248,0.020554453612050248,102.94451230238545,46.85131295687328
952,951,7,B_optimized,False,129.10138843405036,74.78900567945958,611.9377169759748,1494,62.20517666284352,1.0157669828519882,0.07415044188244342,180.9446308956956,0.3460669139988293,7.644002219487778,0.22107080280954713,0.18454430527460036,0.8582326654600533,0.6736883601854529,68374722.8052452,1.782278681347487,0.064320766086133,1.2377500000000001,0.07961302822311113,2.8691248022057763,10.473885825353909,2.3180164025092114,8.462036619150805,2.9088355761197877,0.4772246655717468,-0.013564925480710407,0.03660200278486342,0.06004414399243749,-0.014106297890005934,0.014106297890005934,160.75469603884332,42.10085785172104
953,952,13,B_optimized,False,136.65848618552252,80.8013571039478,723.6263083947038,1586,63.742972944741695,0.822277012266216,0.028712787277391322,184.2105458041534,0.09516238068322727,7.71068129576892,0.21244054335324225,0.1943564714937897,0.8570889050510943,0.6627324335573046,92733400.57849729,2.4172202258234767,0.0617993681125396,1.238,0.07650761772332403,3.1449588795124455,10.72393543491314,2.540354506875966,8.662306490236785,2.8898957374304484,0.4725017087773061,-0.0076847898362110405,0.032077888092582205,0.019489847378966852,-0.00922293989842447,0.00922293989842447,193.27627071596413,44.28045752323288
954,953,9,B_optimized,False,140.9732359689761,77.72720795711373,524.210250714934,1658,61.268840754378395,0.6509605058357075,0.04147449795584307,229.08880692616617,0.5203556725443048,8.206735591611736,0.20786786680478536,0.18160584615325495,0.8486276939881775,0.6670218478349226,67555871.82480572,1.7609342343682324,0.05899790808698783,1.23825,0.07305415968871268,3.0781743292574246,11.305855910203642,2.485906989103513,9.13051153660702,3.7390752641226532,0.6767936088747092,-0.003710592587282774,0.038295451496943266,0.029792062187784553,-0.011682435768058518,0.011682435768058518,209.69242638445738,48.63153953023942
955,954,16,A_standard,False,126.96258823321462,68.943190297495,436.5935379289728,881,92.24629357599804,0.5204387459380239,0.08983735571396324,384.3305079984054,0.6905877530302486,8.598670929871977,0.22367116013341917,0.1461276531718641,0.842001554453311,0.695873901281447,26518233.355290614,0.6912332516616307,0.10049351371897394,1.2385,0.12446121674094922,1.4541003470184573,6.92456533291721,1.1740818304549514,5.591090297066783,4.166351764385751,0.762484947046585,-0.0025161000480378518,0.04642622243416705,0.07504444912323405,-0.014792906590729196,0.014792906590729196,394.1641578265461,35.4029316903688
956,955,13,A_standard,False,115.57715042865694,71.81730238709973,346.4588818996599,1127,61.7668285647721,0.679933170473874,0.01,298.340474310437,0.39941040781199655,9.094548275233457,0.23887606678862544,0.11389595517779232,0.8336922366725183,0.7197962814947261,28041723.55641706,0.7309450632099352,0.10099549420871058,1.23875,0.12510816845104022,1.1277330347274948,7.127013805261875,0.9103798463995922,5.75339156832442,4.830108348489687,0.8617746337095524,-0.00037352744503089605,0.038255305992864634,0.014791980315041506,0.004791980315041506,0.004791980315041506,309.07815574108025,37.19594333527636
957,956,9,A_standard,False,123.98271305545984,82.80037825055686,441.5540936645887,1066,88.43344891924978,0.7933229815945683,0.08311379060481827,106.02248667503818,0.0678299105080296,6.659408751984917,0.22742082597827926,0.21992070291421173,0.8753003669293787,0.655379664015167,38973861.8077614,1.015905881294886,0.08041291393778992,1.239,0.09963160036892171,2.734892844255708,8.150179267501615,2.2073388573492396,6.578030078693796,1.198895756874181,0.14171669926630978,-0.02612072620090817,0.05145423430812077,0.053120075003547707,-0.029993715601270565,0.029993715601270565,87.54152500816431,29.43724105359127
958,957,13,A_standard,False,122.72717689117316,73.37973939389781,212.09894776198968,943,71.11415375243037,0.6139000657187702,0.07726309608931164,289.2335497513343,0.3659522982549288,8.437442622061248,0.2290469465354654,0.14477557862614432,0.8447210263714535,0.6999454477453092,14676630.878282547,0.38256603105910636,0.12921460441262325,1.23925,0.16012919851834337,1.120427364106846,5.416922111297583,0.9041173000660448,4.3711294018943585,4.067172770672949,0.7440588832777345,0.004601242971136986,0.05116034615981912,0.07178586015522234,-0.005477235934089303,0.005477235934089303,327.5738137660518,32.153707697955134
959,958,20,B_optimized,True,134.22158278086897,95.40010241388681,563.3774656687024,1687,66.35570778251963,1.0347124687511207,0.09467056426927728,231.34663269009303,0.25160747404663075,5.883485747537285,0.21513317085466638,0.2820325061798134,0.8889896241125969,0.6069571179327835,90669953.98520724,2.36343372808812,0.0508092818641095,1.2395,0.15082483420030549,5.550806778456647,11.945792100665843,1.8699341370086,4.024251849179584,3.486461683873978,0.6192725419736256,-0.007610060445266627,0.03483878914580218,0.07023324302172787,-0.02443732124754941,0.02443732124754941,203.90776490830035,21.316072933513396
960,959,9,A_standard,False,123.0302714237935,75.80823226431313,346.11826376344595,897,90.48903715171582,0.7073780963612339,0.03305611362518275,210.52526126591067,0.2879416385296075,7.822699514164516,0.2286518080814573,0.1671816408328536,0.8551708629669141,0.6879892221340606,23536036.516079195,0.613498298859736,0.10482484335269432,1.23975,0.12995659954650277,1.5948665935073543,6.563226808927801,1.2864421000260975,5.293992183043196,2.326527808146965,0.337719795477232,-0.014785528387374593,0.054167243327079465,0.015923607675792924,-0.017132505949389826,0.017132505949389826,161.357237805652,26.77956922844873
961,960,4,B_optimized,False,135.4206789523993,95.85808240116472,679.9828278867599,1599,59.86945930331031,0.6276882238244381,0.09200221524169647,217.7641851647477,0.7078935401859907,9.453912503787459,0.21379794998289023,0.13249278171964912,0.8277217348721136,0.6952289531524645,104225778.06516671,2.7167844295545875,0.052909293145541866,1.24,0.06560752350047191,2.5041495329599384,13.140015899287144,2.019475429806402,10.596787015554149,3.63731671705121,0.6541466492165084,-0.01364727756960562,0.03880467068527151,0.09031303115340282,-0.0016891840882936465,0.0016891840882936465,231.63521626947843,49.17521867874072
962,961,9,B_optimized,False,138.42704439774627,80.37210536171793,455.75753035268656,1361,56.341211717813614,0.7151689483538115,0.016929093181257883,241.2119816997087,0.22595100133791834,6.582390967781501,0.2105369684002715,0.2501144566771287,0.8766496797689041,0.6265352230917753,49853691.65075628,1.2995032106923285,0.07248707647369226,1.24025,0.08990209659649684,3.450469640169621,8.643405881035411,2.7820759041883654,6.969083556569571,4.281270749160047,0.7826660084042616,0.0010097899774187925,0.032026006371541765,0.020144835269802305,0.0032157420885444224,0.0032157420885444224,182.2344268996706,49.476268873499606
963,962,17,A_standard,False,146.00770481272122,79.35416087256137,347.1933561526895,1001,110.0,0.615016143839468,0.06462592242262968,161.14079571889167,0.4344215526406239,6.4007622139683376,0.20282429990733564,0.27301457009186325,0.8798399665161636,0.6068253964243003,27578788.67546304,0.7188780458192162,0.09649176303682411,1.2405,0.1196980320471803,2.829408039603057,6.2888828779376515,2.280860975093154,5.069635532396334,1.464916324717197,0.177251100618813,-0.017658035112890946,0.054803576101604606,0.04263617571752095,-0.021989746705108733,0.021989746705108733,185.17837514484498,28.680493013743796
964,963,5,A_standard,False,130.45129253735658,60.64259199180465,299.1103939314857,1036,57.268223698788745,0.7564848883891075,0.06076170269893699,202.66809895115284,0.07010329310538072,8.220795099547976,0.21946696450398345,0.16460724987318914,0.8483891017786693,0.6837818519054801,18791827.44456407,0.4898341384637816,0.11404904714472612,1.24075,0.14150635524481894,1.4433022808538296,5.99550692464597,1.1632498737488046,4.832163549986677,3.5389276262018825,0.6315629210165757,-0.0047839624853273565,0.0422448654010461,0.06032178570141113,-0.00043991699752585905,0.00043991699752585905,197.7449016262434,32.90503436392485
965,964,19,B_optimized,False,129.17028736192225,80.51182169095084,646.6555293559505,1731,64.91337649670423,0.9049780728633989,0.01,374.8028491427638,0.3723127024806464,9.387429164172602,0.22098825339056033,0.1256177673928893,0.8288230610123705,0.7032052936194811,90121770.80237949,2.3491445995894207,0.044230973713929075,1.241,0.05489063837898599,2.8400407417060807,15.898480964212416,2.2885098643884616,12.811024145215484,5.7738923681129615,0.9412486032577777,-0.0020802237037556553,0.020177895431121404,0.017096582347494973,0.007096582347494973,0.007096582347494973,336.92620318362265,60.07885707768279
966,965,12,B_optimized,False,139.43815505047755,77.01245626920388,558.1763037093422,1590,54.27283087934289,0.5772794336770246,0.02600534111796741,160.2716107785524,0.06186464532863267,8.325395451085322,0.20946713272334236,0.17483777868244033,0.8466161210036824,0.6717783423212421,68348579.80607532,1.781597229077184,0.06442423237302067,1.24125,0.0799665784330119,2.713851174354981,10.427417100317161,2.186385638956682,8.400738852219265,2.9530726181367175,0.48827030702897056,-0.011152252852982292,0.03299979440073943,0.020247609042378906,-0.005757732075588506,0.005757732075588506,128.35842399905002,42.334651415311
967,966,13,A_standard,False,131.96296807196265,76.03889513979234,516.8702726587311,800,86.95377147860648,0.7776280451436901,0.05876614299940362,138.40414014429962,0.21074986640964463,6.095382103118449,0.21770408335205862,0.26527465031009323,0.8852301227557084,0.6199554724456152,31441795.570858505,0.8195724918526196,0.08194513372280081,1.2415,0.10173488351685721,3.2372227398816475,7.565494670406717,2.607509254838218,6.093833806207584,1.5916979538760045,0.1965020064048864,-0.015669343167072306,0.0502086534662385,0.04745158013745357,-0.011314562861950053,0.011314562861950053,86.4311783653041,34.155558915713044
968,967,7,A_standard,False,115.78881362926164,67.64344996270711,345.36651571178675,891,61.918372864062604,0.6426747756168391,0.0655314935777067,213.97501156352087,0.4377081165868597,6.3168715869537255,0.23857031528841569,0.2215697044699023,0.8813174121372391,0.6597477076673368,20815348.31829117,0.5425799188712275,0.11170400605911465,1.24175,0.1387084495239056,1.9835430463670733,5.906213491736304,1.5973771261260912,4.756362787788448,3.455759601972872,0.6120077550670401,-0.0040233788009450214,0.058215207701872496,0.07389882401484929,0.008367330437142592,0.008367330437142592,215.2450208715008,34.138991338922395
969,968,19,B_optimized,False,139.9160585823585,88.8480503320223,659.1176349637938,1809,55.26597213075729,0.7781038180785865,0.14968275199355754,132.27361800090452,0.43766116960187007,8.09774643292942,0.20896605004785504,0.18412248078602106,0.8504795359299304,0.6663570551439093,105937422.10202985,2.7614007227079207,0.0519208097711931,1.242,0.06448564573582183,3.5462174337692356,12.834103668267902,2.855247531215166,10.33341680214807,2.3934007292579587,0.35283533997201616,-0.020015380328329967,0.04951705856991638,0.12705924651648495,-0.022623505477072592,0.022623505477072592,90.54048262367539,45.42671217882467
970,969,1,A_standard,False,124.76829493090463,49.87123843381787,321.45884598768964,681,84.26768922217504,0.6059570219636878,0.08848463817778592,101.32925261676074,0.15555584346711746,6.820757580704233,0.2264175357439367,0.213452890655171,0.8724803456681822,0.6590274550130112,10917486.064095078,0.2845788892098041,0.1442624027357635,1.24225,0.1792099697985022,1.4796155242619897,4.5682550859776745,1.1910770974135558,3.677403973417327,1.2024686276800853,0.1421518350885185,-0.014426952548625317,0.06378263864349158,0.07797112939517307,-0.01051350878261284,0.01051350878261284,105.18896704324544,20.014230647991518
971,970,6,B_optimized,False,150.62175779250245,77.36864103733298,553.0037277757463,1473,68.77261533837532,1.0178274367826723,0.04065635848390302,188.4094116678555,0.29768723546836623,8.136686293905656,0.19845480992134937,0.1989375083739022,0.8498174426837398,0.6508799343098376,63022521.39340518,1.6427663866977362,0.059377879923426406,1.2425,0.07377701580485731,3.350363950859337,10.96165668341832,2.696469980570895,8.82225890013547,2.739599341116267,0.435265219920721,-0.008009623139493792,0.03720193075179993,0.026583373404450432,-0.014072985079452587,0.014072985079452587,170.14867311520487,44.24583326970043
972,971,9,A_standard,False,131.7224210395321,52.9746436641135,351.81734794034537,1035,77.93227836448106,0.4692151742093949,0.013545572111709949,422.2119311149633,0.3572122160861688,8.195995113266939,0.21798230186674536,0.1675318358705049,0.8488100069161585,0.6812781710456536,19289707.594463,0.5028120510698548,0.1234276461967456,1.24275,0.1533897073110056,1.3573282893482108,5.519656187558544,1.0921973762608819,4.441485566331558,5.417677244598478,0.9181653874502926,0.00758024368422527,0.04354758478763693,0.0,-0.013545572111709949,0.013545572111709949,406.8726726299953,36.0155800450918
973,972,10,A_standard,False,121.80376869669595,61.855059107850515,209.80303830319193,1148,81.29782322461843,0.49379940785541354,0.01,216.21119901821427,0.4441620179667005,7.510242489342289,0.2302610704562124,0.1774056297230969,0.8605316786374493,0.6831260489143524,14898031.476867644,0.38833713404433884,0.12797908742486203,1.2429999999999999,0.1590780056691035,1.3862079601657868,5.337794343278338,1.115211552828469,4.2942834620099255,2.659495549110123,0.4156869451188316,-0.007017370483268933,0.05933252136517723,0.00976306802890468,-0.00023693197109531973,0.00023693197109531973,216.3113455699688,27.315580312967537
974,973,10,A_standard,False,137.26450274814388,74.24978582874066,296.80924522585593,910,70.88313723671763,0.4493244002974607,0.05510380581129967,238.4088933591029,0.28494844330844993,9.814754293948813,0.21178356696574432,0.12510477744059945,0.8217697062605028,0.6966649288199034,20054600.82990907,0.5227500171940532,0.10454677641061351,1.24325,0.12997777977249525,1.1966392626898719,6.663667238133786,0.9625089585279485,5.35987712699279,3.363407753284466,0.5898651040080755,-0.0052429805940213525,0.04876264446299703,0.055495837783855605,0.00039203197255593264,0.00039203197255593264,244.21869593166664,31.833657810125814
975,974,3,B_optimized,False,132.7433748566425,76.6293018028344,688.182332370967,1312,67.97539302364186,0.8422221487242261,0.04599298016891872,84.35725240358968,0.43921694776091236,8.590467204934292,0.21680736389633834,0.1552875764174001,0.8421397167704544,0.6868521403530543,69188230.31513493,1.8034838436136995,0.06357525470067739,1.2435,0.07905582922029233,2.4425789113786363,10.803765452248136,1.9642773714343675,8.688190954763279,1.240996905663351,0.1469152391623262,-0.02406517769133444,0.04657070636741798,0.0174614705783492,-0.02853150959056952,0.02853150959056952,105.80593555556212,32.149122551169555
976,975,5,B_optimized,False,132.25150918999122,87.82874290931971,651.7394681300651,1594,54.93459354461342,1.0494852673647361,0.04031076700554942,267.9456115534974,0.5134763095927682,9.211590878794176,0.21737148972083864,0.13501934263594165,0.8317429688374713,0.6967236262015297,91242884.3552621,2.3783679251502976,0.048010711123573746,1.24375,0.059713321959944846,2.8122754168006017,14.511837252488254,2.2611259632567653,11.667808846221712,4.877538801409237,0.8673281722545181,-0.0038308876078934208,0.03263724717952919,0.04774866214756264,0.0074378951420132206,0.0074378951420132206,248.54626974561359,56.26697584321969
977,976,2,A_standard,False,120.37842731279176,70.91039652272237,418.8267978611783,645,87.80541109496501,0.5931877416342584,0.08615862160065857,229.44014375120585,0.2407767540074922,8.920581758271622,0.23216618328337996,0.1260524209222718,0.8365979794533203,0.7105455585310485,19155967.430387467,0.4993259346588139,0.10361080386024248,1.244,0.12889184000214163,1.2165953378018393,6.857832697538784,0.9779705287796137,5.51272724882539,2.6130524405045756,0.40445232906461703,-0.01622498208624975,0.051752085485313654,0.057485480598503,-0.028673141002155567,0.028673141002155567,215.0306528616716,25.352608375673118
978,977,12,B_optimized,False,139.61379522944247,75.69360723746681,776.0329325193197,1833,51.37158738155507,1.0267204716011997,0.07405493522533316,163.10854080957728,0.2243466076816538,7.849926438050132,0.2092826348107007,0.19342735022886232,0.8547053162925526,0.6612779660636903,107671761.75133863,2.8066086073816647,0.0503516718143263,1.24425,0.06265006765497551,3.8415278631091536,13.133187881073301,3.0874244429247764,10.55510378225702,3.1750730145461943,0.5436568017717442,-0.004937258856152961,0.029281341438856034,0.05182817244142118,-0.022226762783911974,0.022226762783911974,139.78201517915338,51.11712175532672
979,978,8,A_standard,False,127.70907091307859,71.47493365740532,305.97382515470576,973,65.51642162029619,0.3919477943960977,0.01,238.56701554848235,0.18199726992356868,7.805552748660652,0.22275517674006193,0.1757439307911312,0.8554641815437487,0.6797202507526174,21278983.46478158,0.5546651896205794,0.10283428505030258,1.2445,0.12797726774510154,1.7090013384657075,6.609860227259074,1.3732433414750564,5.3112577157565894,3.641331587538615,0.6550544057293837,-0.0002718083199028851,0.047332312343477456,0.0,-0.01,0.01,234.41243834197837,34.48304707234441
980,979,12,A_standard,False,125.31158688019553,85.60754786149354,291.978738603981,792,92.4163726289874,0.4713340685330135,0.05256376738194533,237.50347954269137,0.2202074189880097,7.7023799631712295,0.22572994026346452,0.17575614772269724,0.8572312164658437,0.6814750687431465,19796502.400946423,0.5160223361336174,0.11297274064333325,1.24475,0.14062281891578907,1.5557394352109928,6.03220798984274,1.249840879864224,4.846120096278562,2.5699286044927043,0.39410928310921445,-0.008808954898245317,0.058307066096314905,0.013805595895597326,-0.038758171486348,0.038758171486348,203.65612206252035,24.440154336745007
981,980,12,A_standard,False,131.31456527505532,59.8472830811215,441.666794556008,820,75.90749693389817,0.14672451722325502,0.060954207194288665,136.57282360041253,0.28893881839016233,8.681102252500244,0.2184560100308174,0.15010218841270864,0.8406145520561116,0.690512363643403,21674697.298686456,0.564980000432929,0.10236885038095205,1.245,0.1274492187242853,1.4662877218423704,6.745336702265906,1.1777411420420645,5.417941126317996,1.7992007261067111,0.23133306063656098,-0.013688169083317447,0.05659344098533063,0.0536429182894238,-0.007311288904864863,0.007311288904864863,115.47250390618441,25.313650139109363
982,981,15,A_standard,False,124.87607942515659,69.7805331665302,443.817808066628,975,65.97309322596911,0.7584634842158764,0.018928744185120337,255.4334033463609,0.18611908423753412,7.349634822628136,0.22628071832986377,0.18955413031927779,0.8633002825478607,0.6737461522285829,30195597.19379782,0.7870886629018028,0.09370936146621532,1.24525,0.11669158236580462,2.0227875566905555,7.189742216645944,1.624402775900868,5.773733962373775,3.871781522680131,0.7051162605465707,8.354318593912016e-06,0.045348931374555396,0.00756845593651358,-0.011360288248606756,0.011360288248606756,237.42607488607524,37.72658620864431
983,982,11,B_optimized,False,139.91462501347283,79.69795972441176,650.606108069146,1629,66.70538800166798,0.8015476668843239,0.01,377.0351753795613,0.4749056775369179,9.725032942034568,0.20896754879565893,0.13104476509721968,0.8232456358686207,0.6922008707714009,84466874.43828492,2.201742155799447,0.05483213763701935,1.2455,0.0682934274269076,2.3899262502716323,12.623999366095635,1.9188488560992631,10.13568796956695,5.652244693788955,0.9341492062877361,-0.0005271379614260577,0.03510622184116612,0.02099576778402578,0.01099576778402578,0.01099576778402578,381.8863924246229,52.26554208667371
984,983,13,A_standard,False,127.83285098343251,72.43548418251052,386.1893330512799,931,95.94936823340699,0.4669288126120522,0.08358898017500323,198.55256623801046,0.5217179334202571,7.254130696327607,0.22260416969934896,0.19893050416618194,0.8649508331743859,0.666020329008204,26043618.344217643,0.6788617760434806,0.08414950321878542,1.24575,0.10482924363480194,2.3640128171519965,7.914726808030906,1.897662305560503,6.353382948449453,2.0693473015373103,0.2827923149028702,-0.016085319612584276,0.05146526471535265,0.0840377140644398,0.0004487338894365728,0.0004487338894365728,184.38609777870911,33.24303779475698
985,984,12,B_optimized,False,131.78947707973973,67.34951374791206,580.8221475534681,1564,61.403346863321715,0.33265172472852234,0.07476170332250591,148.8903539101944,0.34254890898652784,8.214475072297029,0.21790465756375352,0.1669647815554864,0.8484963454012057,0.6815315638457192,61180691.527167775,1.5947566256254442,0.06525950259804551,1.246,0.0813133402371647,2.5584746268122327,10.44340726964307,2.053350422802755,8.38154676536362,2.4247921573658,0.36003601283083186,-0.015874994116761867,0.044316227789089835,0.04522292166742811,-0.029538781655077798,0.029538781655077798,152.01944760047277,36.27205489029602
986,985,14,A_standard,False,128.1109592657761,64.10981506769332,318.1417866172933,841,79.32657347190847,0.5683370656004865,0.031067614559564194,203.10366524782233,0.3882248915998376,7.770919187954052,0.22226579295905655,0.17777981027990808,0.856056942227456,0.6782771319475479,17153045.339591127,0.44711708910350284,0.11819215548835713,1.24625,0.1472969737773651,1.5041591342956835,5.738766072460398,1.2069481518922234,4.604827339988283,2.5603483972460555,0.39182398847350425,0.0012557881607737128,0.06828404903466286,0.01392979982841342,-0.017137814731150773,0.017137814731150773,188.07647298849105,26.09287722254068
987,986,13,B_optimized,True,132.58102393841972,85.63352276098533,627.7802729755446,1443,57.5246500335789,0.5788455409569387,0.02181214835734292,323.1780740427273,0.03866671625154838,7.549206685613473,0.2169931724542519,0.19434384181847628,0.8598613413584261,0.6655174995399498,77574289.37332262,2.022077699160304,0.063342466298721,1.2465,0.2280176511106461,3.068144535167877,10.50665593602546,0.8523192870019105,2.9187104432411064,5.618079794559,0.9320161391439186,0.007108689644039578,0.020758722930850175,0.030201101032094953,0.008388952674752034,0.008388952674752034,306.4871680507449,21.169382902128905
988,987,7,A_standard,False,124.12489794086959,70.22661396066353,333.2370254418573,822,99.07635970442027,0.7186680042067104,0.05591298737481038,126.69518312753367,0.2973060215091016,10.172346852463612,0.22723843747743,0.0991076937699615,0.8159134979517596,0.7168058041817981,19236532.72923241,0.5014259770238372,0.11495213761429919,1.24675,0.14331657757062752,0.8621648611920483,6.235689209946738,0.6915298666068164,5.001555412028665,1.2787630016434808,0.15171189906397436,-0.015580942879635266,0.06593386935252353,0.06186692054064079,0.0059539331658304065,0.0059539331658304065,120.72985392967075,20.129801422748375
989,988,5,B_optimized,False,138.24678502930826,95.52693551345494,529.0187242684942,1916,52.42501831848044,0.9526668224768979,0.040337469823106986,285.42484736698196,0.16455376523703266,7.560945658587537,0.2107290935894915,0.2032514847955885,0.8596594872739968,0.6564080024784082,96826089.96229035,2.5239016533868215,0.054137084663449374,1.2469999999999999,0.06750894457532136,3.7543854837978308,12.124923360004678,3.010734148995855,9.723274546916342,5.444439630579325,0.9201538797079775,0.007399520264834012,0.023854043246633417,0.03173394371836636,-0.008603526104740626,0.008603526104740626,260.21624211249144,58.148603612707774
990,989,16,A_standard,False,133.8807509479769,57.20040532732524,293.70950268975287,915,92.21356129313342,0.545044015616177,0.04635823697852891,162.14987145804125,0.18969013060802917,7.695278819007574,0.21551640282908688,0.19043224635828992,0.8573529715606379,0.666920725202348,15372276.881142003,0.40069897536650023,0.12282802932387718,1.24725,0.1531972595742058,1.5503973108300193,5.429711189485817,1.2430525643054875,4.353346313478307,1.7584167576240823,0.22416051971861203,-0.008490189084497798,0.054917401166171956,0.043024258616110415,-0.0033339783624184924,0.0033339783624184924,163.79858965255505,24.030123019334848
991,990,7,A_standard,False,131.9071069986994,81.27924973820022,280.36588166799487,851,72.01854295213565,0.7166515553140147,0.01,245.3181483844846,0.4057900925057086,7.33586640154411,0.2177686157958041,0.20239754483035483,0.8635380409181734,0.6611404960878187,19392527.165553264,0.5054921808321566,0.10857044950366844,1.2475,0.13544163575582638,1.8642047238048518,6.08950685117574,1.4943524840119051,4.881368217375343,3.4063192384706515,0.6002049737671037,-0.008830312056953428,0.048463663764230364,0.0,-0.01,0.01,228.3738211284855,33.32491213132847
992,991,11,B_optimized,False,130.03449455559203,85.76980298239833,686.5523529234896,1415,57.65357262971675,0.4899497159429426,0.014876276516950806,170.6608873444406,0.40282552794820875,8.041040615688923,0.21995914643280567,0.17055449232211994,0.8514446258312274,0.6808901335091074,83322925.96699984,2.1719236075219097,0.054155237403437716,1.24775,0.0675721974701394,3.14936284096676,12.572932298989151,2.5240335331330477,10.076483509508437,2.960109487759233,0.49002869414391154,-0.011858133307707467,0.036564099242908606,0.0,-0.014876276516950806,0.014876276516950806,167.07065702916867,46.53410912236592
993,992,4,B_optimized,False,132.53679607190992,91.69439334037844,703.0865221683745,1469,54.82633232089838,0.7346614822826101,0.03753027400309221,170.454758686415,0.27067236739681505,7.898693632657306,0.21704385773955356,0.18007840544347628,0.8538720910893342,0.6737936856458578,94705096.31844166,2.468615114741943,0.04911397655159887,1.248,0.06129424273639539,3.666540933705234,13.718980480800083,2.9379334404689375,10.992772821153913,3.1089943731552885,0.5272216497039726,-0.010319529971987255,0.03723370808247878,0.04078437680697957,0.0032541028038873612,0.0032541028038873612,167.89662684885946,52.80518571540185
994,993,9,B_optimized,False,135.5375566042106,73.23118291058135,872.2276433023536,1703,49.685294563416036,0.8676961227378065,0.04400146838380634,436.60122883089286,0.39960536378629524,6.880746869295695,0.2136688787094162,0.2298791671685346,0.8714341838737615,0.6415550167052269,108777868.33303696,2.8354407561491892,0.05419946194429533,1.24825,0.06765447837196664,4.241355152285421,11.836925934146707,3.3978410993674513,9.482816690684324,8.787333006019216,0.9969432238485162,0.006690365466927378,0.03098069421268046,0.08177342323537495,0.03777195485156861,0.03777195485156861,476.50640671813153,58.34877733197719
995,994,11,A_standard,False,129.29108843797465,64.54708357975653,276.89084581840973,767,79.1501019906325,0.313739328177295,0.08869545945190374,116.69206949149488,0.12805634562619828,7.575630135652344,0.22084369931938808,0.18767750579518086,0.859407051344219,0.6717295455490382,13708204.867280453,0.3573227106761094,0.13306531499458749,1.2485,0.16613204577074248,1.410416424466547,5.0481190051394025,1.1296887660925485,4.043347220776454,1.4743135707557964,0.17862568953563152,-0.014891975095533786,0.06410364791443851,0.06870032469708273,-0.01999513475482101,0.01999513475482101,116.6468752190407,19.99364647547472
996,995,13,B_optimized,False,140.97563210893355,81.89059425622561,594.0347608456036,1266,56.03233862869788,1.0939141391523022,0.030009522598073105,273.70265769497826,0.5304365823767712,8.609686542783962,0.20786539363098389,0.16701763351069956,0.841816071622229,0.6747984381115295,61585658.2213187,1.6053126246266656,0.057016705249096494,1.24875,0.07119961067980925,2.9292754251763116,11.835100522968618,2.3457661062472965,9.477557976351246,4.884726648814136,0.8681530963572732,0.0002118048502944121,0.03706539679873339,0.014813045819771962,-0.015196476778301143,0.015196476778301143,271.92444672813576,51.85787717936087
997,996,11,B_optimized,False,131.37240830292276,72.45472060504488,625.8984883692335,1829,57.12339236511686,0.6849960607091172,0.012012415740573741,479.49023601379605,0.48349265708352757,9.026986849421954,0.21838867553977007,0.13926290879682834,0.8348195068247416,0.6955565980279133,82943869.88639842,2.1620430033487077,0.050269476708422765,1.249,0.06278657640882004,2.770327401747043,13.836559351161322,2.2180363504780165,11.078109968904178,8.393938387780397,0.9954765130644941,0.0020404582194432867,0.02667654790023506,0.00948680776429057,-0.0025256079762831715,0.0025256079762831715,461.96406873545357,58.016558460991995
998,997,8,B_optimized,False,123.94569322781597,78.17787563534925,598.1817328005606,1712,51.99683946463815,0.6713024581833742,0.04045903024342274,299.49939971563515,0.21013687156652625,8.02400061296548,0.2274683717355763,0.16118437961816265,0.851734847657086,0.6905504680389233,80060956.01954453,2.0868959941287946,0.060203550911528785,1.24925,0.07520928597622734,2.677323466435206,11.470261431152313,2.1431446599441313,9.181718175827346,5.759953927955905,0.9404730548021129,0.007226216367326122,0.02221181736005524,0.04817442255867788,0.007715392315255143,0.007715392315255143,317.7762001535305,52.350559596031765
999,998,20,A_standard,False,126.55633333230433,86.25120131822803,306.73619152503545,860,81.21037939663574,0.8596064884396553,0.06293566296096015,120.86012531391525,0.1951029616768484,8.058994790653209,0.22417351878092853,0.16420933699040693,0.8511389410020096,0.6869296040116026,22752473.90585865,0.5930736904898438,0.10304460229769688,1.2495,0.12875423057097227,1.5935753385316052,6.6663327209226955,1.2753704189928812,5.335200256840892,1.488234954840293,0.1806773608497009,-0.022109472761605443,0.060120490751366884,0.02739444611839415,-0.035541216842566,0.035541216842566,104.20264361957892,21.59634851382453
1000,999,11,B_optimized,False,123.50041519489073,86.17769181882004,669.0902331018102,1762,62.23060550887614,0.7895108467009,0.034327492603099995,123.58341057176648,0.36461723626359255,7.639004928234724,0.22804215428874441,0.17516705849326294,0.8583184465185549,0.683151388025292,101598068.66053972,2.648289666278067,0.0480559170503823,1.24975,0.06005788233371528,3.6450674390339084,14.215760096911048,2.9166372786828636,11.374883054139666,1.9858943933004058,0.2661771459862352,-0.01987963134265171,0.04581767526299466,0.0003234376399243871,-0.03400405496317561,0.03400405496317561,76.37757381815237,44.73883160026384
