sample_id,time_index,batch_id,protocol,is_outlier,voltage_kV,current_uA,exposure_ms,n_projections,voxel_size_um,filter_thickness_mm,true_porosity,true_mean_pore_diameter_um,true_heterogeneity,sample_thickness_mm,mu_matrix_effective,intensity_matrix,intensity_pore,attenuation_contrast,photon_signal,photon_signal_norm,relative_noise,detector_drift,relative_noise_drifted,snr,cnr,snr_drifted,cnr_drifted,pore_detectability,detectability_score,segmentation_bias,segmentation_abs_error,estimated_porosity,porosity_error,abs_porosity_error,estimated_mean_pore_diameter_um,quality_score,relative_noise_drifted_rolling_mean_50,relative_noise_drifted_rolling_std_50,snr_drifted_rolling_mean_50,snr_drifted_rolling_std_50,cnr_drifted_rolling_mean_50,cnr_drifted_rolling_std_50,segmentation_abs_error_rolling_mean_50,segmentation_abs_error_rolling_std_50,abs_porosity_error_rolling_mean_50,abs_porosity_error_rolling_std_50,quality_score_rolling_mean_50,quality_score_rolling_std_50
1,0,2,B_optimized,False,139.77926418311998,79.74020540866036,556.875110838373,1661,67.21042559989152,1.0174220396977531,0.0445425941585326,302.33365999143007,0.1443402460065982,7.831549295117089,0.2091091816753136,0.1944366522489947,0.8550195148649992,0.6605828626160044,73757262.63959435,1.92258178759318,0.0551840399153562,1.0,0.0551840399153562,3.523421854348293,11.970541910835742,3.523421854348293,11.970541910835742,4.498314916070373,0.8173230173980297,-0.0008163820429668,0.0409114257666834,0.0286407293990552,-0.0159018647594773,0.0159018647594773,287.16913177243384,68.53512975025407,0.08639690435021034,0.032041211599645944,2.4682948097553696,1.1459243569156254,8.916510379154904,3.4094723308944395,0.07491457679350451,0.022103053476957252,0.0167631501960961,0.011890009324650149,46.79894187192312,15.7597314414576
2,1,16,B_optimized,False,133.5849945371149,88.22442852319347,509.26653933111663,1568,58.50014170693692,0.8418404984973282,0.0554708172536064,158.70370665763946,0.1530634113856978,6.257702009071632,0.2158502984669751,0.2590519012645164,0.8823609730711798,0.6233090718066634,70449847.0568044,1.8363695728782004,0.0544371858648379,1.00025,0.0544507951613041,4.758730583680728,11.450060503757072,4.757541198381132,11.44719870408105,2.712877302976181,0.428708423942285,-0.0188456876029484,0.058534392608344,0.0245712657686026,-0.0308995514850037,0.0308995514850037,155.735321097827,60.56509495732684,0.08624688546947444,0.03140316573884491,2.424212601898503,1.1450507385218904,8.911598418420825,3.340680892190087,0.07396728922996941,0.022188609037381266,0.01716297953465927,0.01182682881714406,47.105830705763076,15.52040815723992
3,2,14,B_optimized,False,133.15981627304438,79.57357704807076,669.7462402778515,1346,56.41034096877168,1.085015866525089,0.0487266943215623,89.63746010604554,0.2175309475377333,7.784073210460602,0.216332513553406,0.1856395992605691,0.8558317600035762,0.670192160743007,71733864.05588357,1.869839194838716,0.050721062166241,1.0005,0.0507464226973242,3.660010089144528,13.213291128376122,3.658180998645206,13.20668778448388,1.5890253199438755,0.1960803692491461,-0.0261896168133594,0.0728012186009317,0.027155258721129,-0.0215714356004333,0.0215714356004333,77.60192366533103,53.10384005865845,0.08525793033514303,0.031219168855943565,2.4237969436927975,1.1228167041744483,9.012783786101162,3.3177328483943533,0.07350213646897985,0.02189155876418105,0.016725761870824682,0.011817589262197505,47.415210457864504,15.30368136650114
4,3,9,B_optimized,False,135.62814017932877,79.75404934191576,671.1136022804093,1778,53.40096330321354,0.5662730228021257,0.0230569496707175,170.3094160804013,0.2913185032775557,7.624673374642248,0.2135689748005775,0.1962445534527785,0.8585645025168314,0.6623199490640528,95165720.628838,2.4806219040179767,0.0472814491200446,1.00075,0.0473169102068847,4.150561311150294,14.008029816989392,4.147450723107962,13.997531668238212,3.189257375627763,0.547173621103861,-0.0192352023011619,0.0527600900056762,0.0073688534883791,-0.0156880961823383,0.0156880961823383,143.42288853746814,66.90307157923392,0.08435936668736091,0.031002363157875298,2.3982482409060433,1.110090415209022,9.110300479955237,3.2963521859037797,0.07304992481228485,0.0216151931155416,0.016351030553450017,0.011764984183691013,47.753263130315084,15.123766717055332
5,4,9,B_optimized,False,145.1795200978251,75.32776533422394,803.0713482585485,1107,54.59554371316289,0.7422770242461013,0.0469880801540196,560.4467962080041,0.2585541619247216,6.960954795570949,0.2036335243994218,0.2423229936533384,0.8700373859404749,0.6277143922871364,66966382.06556246,1.7455683946592435,0.0650712966967991,1.001,0.0651363679934959,3.723961346312899,9.64656344888872,3.720241105207692,9.636926522366355,10.265431170582543,0.9993011889911364,0.0056203246600391,0.0382264008407311,0.0502139665820721,0.0032258864280525,0.0032258864280525,546.9985486473596,72.2475402910635,0.08349561058682918,0.03079701322093023,2.416734610124716,1.09462350566017,9.189445872626106,3.2648926982358963,0.07211052537561027,0.0218202184905564,0.016058397515979365,0.011659968009601979,48.38448807065601,15.235299602722453
6,5,18,B_optimized,True,126.95786275187278,80.95299143493023,589.8495468480768,1520,65.4367366854266,1.0888500792804758,0.0734061635481808,149.1798708595747,0.1282535318052182,7.4326058242471955,0.2236769877645638,0.1896636797275221,0.8618688927319729,0.6722052130044507,72580129.67711255,1.8918982411294007,0.0560401520896174,1.00125,0.094371953477089,3.384424785718256,11.995064037825651,2.0097462512902986,7.122934179460894,2.2797571886374115,0.3273395164558857,-0.0209700149241157,0.0886124052656333,0.0605667939734729,-0.0128393695747079,0.0128393695747079,128.86101137807205,25.894562677066627,0.08500935304084281,0.0313766334989561,2.3829227278425393,1.0914122309735121,9.05801217921473,3.2878867072010998,0.07317945245289285,0.022225707865313925,0.016819028863166684,0.01219112615640522,47.74074467912274,15.379940746574595
7,6,2,A_standard,False,137.70368458599555,59.92469546635093,357.1274429172309,946,85.58117011949653,0.6933248588466483,0.0328506243643547,153.8859496387918,0.1940264182996046,8.135091414290978,0.2113105277856392,0.1792398438329065,0.8498445502463812,0.6706047064134746,20245112.583479136,0.527715961083891,0.1083959083575273,1.0015,0.1085585022200636,1.653566509555982,6.18662379950346,1.651089874743866,6.177357762859171,1.7981286002974914,0.2311424722045198,-0.0209156551712711,0.0921285578764036,0.0368841728950207,0.0040335485306659,0.0040335485306659,119.6994571908985,36.02846708210859,0.08429326504400757,0.031105834415198964,2.3912650143907874,1.074072642831203,9.116698916310495,3.249096360402803,0.07204374694485216,0.022748640783014158,0.016651883010535308,0.012022292136427892,48.38883954162524,15.546017504945544
8,7,14,B_optimized,True,139.61914135833212,82.54398955531238,676.6490530660943,1488,55.0296428063798,0.426587963821007,0.0587704573820577,140.43088720202687,0.3241388678855388,6.866753214314924,0.209277025258537,0.237626851651841,0.8716781089923604,0.6340512573405194,83109728.80492276,2.166366338090981,0.0525256387967318,1.00175,0.1031623615065493,4.524016405996118,12.071271703981072,2.303425863673692,6.146149119514544,2.551913478634213,0.3898158089370424,-0.0155651215836654,0.114572959520774,0.0498708193557011,-0.0088996380263565,0.0088996380263565,116.0053423973569,24.7753706988325,0.08355492671869748,0.030883741612038555,2.4278672584150454,1.076702968232524,9.167529337817859,3.2091697080754114,0.07121846412975127,0.02286049043820991,0.016222365346009845,0.012073798326841917,48.98446089434419,15.65998237276068
9,8,5,A_standard,False,124.2031115878582,59.494658254400505,251.1151284179145,894,78.3887648254363,0.6454846540483119,0.023845995511801,380.0415393403527,0.2891389364346208,7.289214528584191,0.2271382598072283,0.1909660713961427,0.8643441302550873,0.6733780588589446,13356367.820473948,0.3481516070561706,0.1418067086983478,1.002,0.1420903221157445,1.3466645770784154,4.748562779856619,1.3439766238307538,4.739084610635349,4.848163383957714,0.8639113189856038,0.0119122439347295,0.075784310662602,0.0395540157243509,0.0157080202125498,0.0157080202125498,386.7079371340864,45.86422631219187,0.08394426010679899,0.030479521490411034,2.406912194296241,1.0665609580552913,9.104607189159335,3.1792431709657727,0.07114320402389297,0.02250461340727703,0.01609946126320146,0.011904602712666584,48.91317360515007,15.41879225583662
10,9,2,A_standard,False,123.1699262193007,68.76311393104072,257.9479626123573,1030,69.36851289844577,0.4585627422179008,0.026925633389784,197.2191360238457,0.1038855219119583,9.54790201555272,0.2284702992566566,0.1128820251611103,0.8261672531448816,0.7132852279837713,18269424.29563516,0.4762170010597031,0.1112858724440072,1.00225,0.1115362656570062,1.0143428153282092,6.409485879195097,1.0120656675761628,6.39509691114502,2.843064205694749,0.4608463774940572,-0.0145692150969362,0.0761697073020356,0.0054623827517839,-0.021463250638,0.021463250638,179.85294740556603,37.64791812687015,0.08325322875091637,0.03028341964235888,2.464049024835908,1.1018520716771067,9.138079444545443,3.1367801874973753,0.07007203395329976,0.023024382831029012,0.015792562659579318,0.011858641703410208,49.70502464266704,15.869905231370675
11,10,11,A_standard,False,133.6776476401199,60.48895877121916,253.31852479564583,826,78.59924558775039,0.6133732256282558,0.0389569260287273,165.99700455183182,0.3634710621034384,6.397293674119694,0.2157455622144287,0.2515313310721488,0.8799010038329286,0.6283696727607797,12656776.360741,0.3299158191336907,0.1406651572893404,1.0025,0.1410168201825637,1.788156611908967,4.467130914788359,1.7836973684877475,4.455990937444748,2.1119414481721472,0.2915106366056784,-0.0113423431866151,0.1052286128675202,0.0408078879125171,0.0018509618837897,0.0018509618837897,116.81441192051643,34.064243808212154,0.08968494338444181,0.04835241215894753,2.414122274516756,1.1249949447245136,8.936312894416412,3.312829160862026,0.07196659280806157,0.02530133868185219,0.017117553265151512,0.01406901870132752,48.7244227421464,16.676382332359626
12,11,20,B_optimized,False,123.64097303257137,73.72593192867856,678.1441321347321,1627,51.8400218296146,0.912091554991761,0.0364418697182139,415.5865326441831,0.31968304806553,7.816817840392895,0.2278606529152615,0.168445130567978,0.8552714656046164,0.6868263350366384,81344806.81709404,2.12036128382395,0.0545972137976763,1.00275,0.05474735613562,3.0852330888567594,12.579878848430708,3.076771965950396,12.545379056026636,8.016712145880529,0.9934173413544416,0.0031274601868571,0.0383406006244334,0.0304131307078622,-0.0060287390103517,0.0060287390103517,435.7572269116321,72.81833447743372,0.09026225930676074,0.04778237748179982,2.386501182186368,1.1211237786462829,8.863414519758653,3.2943255008007837,0.07269349459319072,0.025315793911408084,0.016956351656848105,0.013900267287416786,48.27365477409725,16.657456811989533
13,12,15,A_standard,False,137.90842593972252,64.37796032143036,384.4016812957713,1018,70.24763688247366,0.511694209619006,0.0396220258832302,285.5450716815337,0.2873527571848855,6.833690634235915,0.2110908780376115,0.2363291467017498,0.872254698152237,0.6359255514504872,25192442.117297392,0.6566747282417544,0.0990618365200343,1.003,0.0993590220295944,2.385672979664115,6.419480738395932,2.3785373675614307,6.400279898699833,4.064835264982065,0.7436134858787214,-0.0001101351056231,0.0648676331565702,0.0628102015025298,0.0231881756192996,0.0231881756192996,285.0942794108825,50.38117807724202,0.08904581164551781,0.04769156288851491,2.405729983201307,1.1116135815518489,9.039488109591302,3.4202617692201978,0.07199217608412029,0.025323611522276617,0.016663732690655297,0.013820941958015013,48.95368456304929,16.937344607716685
14,13,16,A_standard,False,130.3220520160037,63.8073129201436,494.4726174959668,965,84.86155310076384,0.3146381032151072,0.0530192884703399,145.4666626360674,0.2126390605355138,7.24836320217389,0.2196192937904959,0.2035425087721362,0.8650506109064218,0.6615081021342855,30446685.11878236,0.7936336057912736,0.0910225017175039,1.00325,0.0913183248480858,2.236177922288356,7.267522751542604,2.2289338871551023,7.243979817136909,1.7141645105568786,0.2165585315239014,-0.0212382579440784,0.0850108995270287,0.051163265052678,-0.0018560234176618,0.0018560234176618,104.1282494663333,40.92006376380882,0.0888559165303917,0.047057229884973205,2.384284422723168,1.1044295033495983,9.027763595808404,3.3744995033008656,0.07206506548109033,0.024983097370440972,0.01635518882832939,0.013764931896932456,48.74406112339423,16.75679253796312
15,14,15,A_standard,False,119.70885331933042,66.47593711321605,445.3720770800149,899,88.06779830548102,0.6009094067746619,0.062894070575189,126.85120512249246,0.2013017083629593,7.802262770381886,0.2330744338174792,0.1622676774020941,0.8555204725672017,0.6932527951651075,26616267.04297018,0.6937886309660973,0.0963311866603962,1.0035,0.0966683458137076,1.684477094361444,7.196556164195142,1.6786019874055245,7.171456067957291,1.440381246758132,0.1737013602533198,-0.0262594441714855,0.0895782520131512,0.0151550809879945,-0.0477389895871945,0.0477389895871945,106.9655876110614,29.84007152226925,0.08946057286759934,0.0465872129752882,2.376989267607179,1.0907524987753447,8.940552370370263,3.3740492915168656,0.07189438783935911,0.02467521270468872,0.01638657536926113,0.013584021084254933,48.72603204308181,16.535221799698515
16,15,16,A_standard,False,119.11793306968538,80.58003465218498,217.2810360597755,862,94.76808631198207,0.5219197461435422,0.0515149786343542,370.4816924957521,0.3010907255516838,7.012423877371231,0.2338831978096675,0.1939629493604431,0.869142246231981,0.6751792968715379,15092338.563694969,0.393402008376239,0.1315125360127323,1.00375,0.13200570802278,1.4748628171968696,5.133953897795498,1.4693527444053498,5.11477349718107,3.909350783723802,0.7128672946527234,0.0038943423893474,0.0814212555327701,0.0425607460409381,-0.008954232593416,0.008954232593416,341.8744266368431,44.16416934183246,0.08871462297521923,0.046227433309230306,2.363342586815621,1.0801315242201857,9.014036149821084,3.3627816566217437,0.07166296845305327,0.024400745223645326,0.016647116414178265,0.013509606503559146,48.65784684789597,16.32755109308355
17,16,11,A_standard,False,118.58290878251007,75.29558071544413,449.4753156648849,1191,83.71767640552864,0.8890322003103961,0.0847423330111849,221.668322090241,0.1247202501735823,8.573930615366429,0.2346213654735201,0.133770811079686,0.8424182852107354,0.7086474741310493,40307614.34810189,1.050671926718028,0.0779007508614698,1.004,0.0782123538649157,1.7171954005625614,9.096799020477093,1.7103539846240652,9.060556793303878,2.647807865766353,0.4128509353714105,-0.0184800569807631,0.0676207882270347,0.0719593107232968,-0.0127830222878881,0.0127830222878881,219.5881545150648,45.723106251085056,0.08770591324317438,0.046100634582018,2.388830370658735,1.0789586271069112,9.148625095798666,3.430491876963491,0.07143100110504987,0.024139544758645468,0.016731739722859552,0.013350668015617843,48.926661055976595,16.213787521641233
18,17,3,B_optimized,False,136.30363894937173,78.99964467312093,627.154619498702,1701,50.4839426750905,0.9064352319690308,0.1132819169354598,109.56836993921436,0.1557012138714771,9.351150619772412,0.2128275335684559,0.1366705050747758,0.8294246491177628,0.692754144042987,84276031.55445199,2.1967675805560325,0.0626975382585356,1.00425,0.0629640027961344,2.179838457312468,11.049144245287412,2.170613350572534,11.002384112807976,2.170360794607212,0.3037213637027303,-0.0242486197705606,0.0718781823266213,0.0841707222643487,-0.0291111946711111,0.0291111946711111,92.98051159395035,44.95143484691585,0.08685344192545584,0.04586888270027673,2.412118333768567,1.0763529170890827,9.239675141985956,3.4393935643307056,0.07061386122064855,0.02442435536625216,0.016506631250584967,0.013267302355935871,49.530005790913904,16.485268410044178
19,18,17,A_standard,False,115.85902309648496,70.12903532220803,415.5480291910253,802,89.24575356595186,0.718590629491784,0.0861244082058112,98.61520782095698,0.2459130592128932,8.84167813610273,0.2384691061459781,0.1214239568184427,0.8379192339143142,0.7164952770958715,23371869.8986035,0.6092190762097333,0.1027175319368146,1.0045,0.1031797608305303,1.1821152098274237,6.975394205700095,1.1768195219785202,6.944145550721847,1.1049848746930149,0.1306737048101466,-0.0230284605920301,0.0927712888366612,0.0732005880207354,-0.0129238201850758,0.0129238201850758,86.87228595151336,31.55029861758696,0.08607655646287657,0.04560496619592307,2.4694140860096128,1.1278794083555508,9.294381384989178,3.4170841781555077,0.06987306740933884,0.024615908056984135,0.01658075853413702,0.013117416167775477,50.13734993213661,16.767670628335193
20,19,10,B_optimized,False,144.45049696565238,75.1192090715431,716.9900229874709,1803,50.56987876931071,1.1938451633644327,0.0587491472980336,133.14118739307074,0.1282255067748185,9.024613117720868,0.2043523795770693,0.1581516074229101,0.8348591405160923,0.6767075330931822,97109081.3605284,2.5312782030149785,0.0417655343480073,1.00475,0.0419639206361603,3.7866535144774383,16.202535024563105,3.7687519427493785,16.125936824646036,2.632816028696316,0.4092216482264533,-0.0230415622172534,0.0532945573211551,0.0318768112373675,-0.0268723360606661,0.0268723360606661,119.91846724727544,63.55120099416599,0.08548064270599963,0.045244559672387955,2.4922883903500925,1.124966776347731,9.33174192583286,3.38619760796536,0.06918894950773445,0.02474760583936795,0.01620567530202602,0.013200579717761897,50.600306048344734,16.853686337640397
21,20,11,B_optimized,False,137.93201114680383,98.3973125569187,719.7706268165643,1472,43.78323203165788,0.4834089160555527,0.0429832613232468,125.94678565940136,0.169457947388375,6.620264320971186,0.2110656110614076,0.2472611695696504,0.8759858979381684,0.628724728368518,104252185.1348257,2.7174727651756934,0.0517212272368729,1.005,0.0519798333730573,4.780651635299437,12.156028809778308,4.756867298805411,12.09555105450578,2.876598638682826,0.4691887489614639,-0.0193561188222269,0.0567791410063268,0.0409426428655007,-0.0020406184577461,0.0020406184577461,88.32161856167562,66.98267911194442,0.08580228647951772,0.04477947431517766,2.4684322183508627,1.1235648644662157,9.278356802271711,3.3665983497478895,0.06918356989539028,0.024464793385423483,0.01592609930306613,0.013183788541630992,50.545184063943076,16.665169211883228
22,21,8,A_standard,False,130.8758828755767,66.31178975535329,241.82900381298697,936,77.02855262769857,0.6066725235401786,0.1000129771546339,87.60980399636252,0.3882533923662935,7.756928978180866,0.2189683220306529,0.1829537807106403,0.8562965040650878,0.6733427233544476,15009802.757907348,0.3912506021098895,0.1298581083294038,1.00525,0.1305398633981332,1.4088745251590422,5.185218944098711,1.4015165632022306,5.158138715840549,1.1373679110888428,0.1343965554364181,-0.017883870337459,0.1124113723891718,0.0823158669071709,-0.0176971102474629,0.0176971102474629,106.61748558149064,26.7814872034487,0.08625218589742302,0.04438414274240548,2.4500664060187707,1.1179716707282372,9.214714207683022,3.356849058322695,0.06925301075255443,0.024196019270761007,0.01564319966099494,0.013176921747384522,50.46301989265415,16.488380098677624
23,22,4,A_standard,False,139.00035137366422,66.53413874701583,328.7758868302652,810,75.21722861991805,0.537375575193227,0.0515114750445941,134.1353550387795,0.2403750905374067,8.467421067353433,0.2099287398271883,0.1690509662203008,0.8442147097109596,0.6751637434906588,17718604.58154081,0.4618591478440853,0.1178786481030274,1.0055,0.1185269806675941,1.434110154305028,5.727616954858158,1.426265692993563,5.696287374299511,1.7833062650657074,0.2285188151258351,-0.019130548461488,0.0965332115553077,0.0791137186916967,0.0276022436471025,0.0276022436471025,134.96400786578977,30.099214862783874,0.08640704785919957,0.04391189184512797,2.4364931093420004,1.1096615649370658,9.173530927958813,3.332144136724182,0.06926684019028999,0.02393176176518455,0.01547933242956028,0.013081236182021883,50.36381204930988,16.32235020819642
24,23,19,B_optimized,False,136.02375047123877,79.28215384070705,679.4669985677785,1706,48.99699753338817,1.1219262114063266,0.0639019474279547,145.48038894040363,0.2937003317260797,8.871190914114537,0.2131339853728796,0.1509582040988796,0.8374247933649646,0.686466589266085,91901549.72988878,2.395536919877818,0.0503900035397149,1.00575,0.0506797460600682,2.9957966559756604,13.62307086811466,2.9786693074577784,13.545186048336726,2.969169464746661,0.4922929766515366,-0.0187377446673963,0.0556042786413773,0.0518664677907456,-0.012035479637209,0.012035479637209,121.66934709246516,60.42344939096963,0.08654864089366783,0.043453307026521754,2.423251381967732,1.1016198794528669,9.13450930720545,3.307572455644699,0.06976434404703734,0.023925383534526366,0.015493086369290145,0.012941676707237256,50.07213419552849,16.273729476090832
25,24,16,A_standard,False,129.89267370460152,72.62197175961559,426.68656880470667,1114,84.73671890816802,0.5245583382587027,0.0865116887555504,178.64863906911492,0.8009372048627297,9.753352992609823,0.2201272296676634,0.1168366382377513,0.8227794807355792,0.7059428424978278,34519317.42423615,0.8997922187578263,0.0737640448762383,1.006,0.0742066291454957,1.583923962328535,9.57028378368163,1.574477099730154,9.513204556343569,2.108278929972759,0.2907547867269962,-0.0135998130402399,0.0910228773626681,0.0483465425967079,-0.0381651461588424,0.0381651461588424,167.281194434921,36.157392994772486,0.08613426619930788,0.0430960115917126,2.4525379168688173,1.1091938881592076,9.139561666143297,3.273128309778369,0.06922137817274883,0.0239779953882532,0.015391407273423831,0.012825922066906751,50.47450830155936,16.347789806358733
26,25,13,A_standard,False,111.91668194129718,74.67335258681832,388.53034576543496,1006,76.1352712728309,0.3494465894550338,0.0350195755403281,471.2727750720808,0.332262178085896,9.069039591628943,0.2443186664925607,0.10907324396962,0.8341176730162779,0.7250444290466579,29186940.68102089,0.7607966806345384,0.08198401336753,1.00625,0.082496413451077,1.330420889261062,8.84372939631928,1.3221574054768317,8.78879940006885,6.189940184008458,0.9604539485709852,0.0061747750697302,0.050285100141592,0.0621782885390667,0.0271587129987385,0.0271587129987385,488.51869608101725,54.778051551762005,0.08633306605849517,0.0426771471887298,2.4421775588141057,1.1002588527532318,9.095815853909805,3.2542915595225517,0.06905034049151311,0.02376285759067594,0.015375727003384807,0.012694854873910946,50.479801724679895,16.180159029227156
27,26,9,B_optimized,False,131.63730318718154,92.36185721357248,626.9924265456984,1635,66.98736220520259,0.6881058513702195,0.0147401143938279,195.10698983225635,0.2373996197878499,8.896488623673884,0.2180809568079472,0.1436817131278918,0.83700120194892,0.6933194888210281,94683152.43347938,2.4680431180047044,0.0591605532464247,1.0065,0.0595450968425264,2.4286742642416894,11.719286767537588,2.4129898303444506,11.643603345789954,2.9125940089204367,0.4781624033793013,-0.0188516742500677,0.0614081646832513,0.0093820117827024,-0.0053581026111254,0.0053581026111254,184.00411056845252,55.45908401250177,0.08743496865533794,0.042567605365790885,2.392935924466784,1.1059605986382852,8.985429011441658,3.248393466829929,0.06995422327151248,0.023529065218188917,0.015523149227881452,0.012743794590860258,49.79530179084911,16.124588949690946
28,27,17,B_optimized,False,135.18628320293132,78.43502135353849,617.8222902300919,1292,53.34720591546003,0.7105981080176291,0.0542435279575796,204.0201716039652,0.4392037063601281,10.63359558053936,0.2140573713831958,0.1026736755849573,0.8084213273623052,0.7057476517773479,62608904.64874098,1.631984912550293,0.0596952055597155,1.00675,0.0600981481972436,1.7199651902069202,11.82251815970983,1.7084332656636902,11.743251214015226,3.824383453695373,0.6951660326081996,-0.0108589372587177,0.0608402100815196,0.0480102429732454,-0.0062332849843341,0.0062332849843341,227.6921819367679,56.88068528648071,0.08828460363075602,0.04231905166508881,2.327830144604182,1.0587277183541128,8.898481899292298,3.239324948128669,0.07059759687691772,0.023649927445150525,0.015437586289034631,0.012652483987757025,49.273505477410225,16.190963180001233
29,28,11,B_optimized,False,133.48762310757985,82.07430113227926,526.9021491082647,1942,60.63529334844878,0.5555991226080415,0.0625705467726355,276.6608699906138,0.3480485529254327,8.096309081607297,0.2159605015471144,0.1740377638066538,0.8505039850390564,0.6764662212324026,83982034.01843055,2.189104141212926,0.0588981527030198,1.007,0.0593104397719409,2.9548934188852845,11.485355485482296,2.934352948247552,11.405516867410425,4.562703579262745,0.8267409567746796,0.0019405606015493,0.045807341148722,0.0704352192394366,0.0078646724668011,0.0078646724668011,329.26580711307486,66.05878640020208,0.08946567658772807,0.04207337084531739,2.2835115782926456,1.048230014274704,8.761109587631697,3.198276264470547,0.07040286589039234,0.02367148779266061,0.015601921488692945,0.012786430769081128,49.20860866078386,16.181797474763034
30,29,9,A_standard,False,128.4739163173236,62.7390599511952,258.363346332841,819,82.69185788827657,0.2391519159200134,0.0466122488170931,197.7165450577876,0.3863866469254742,7.710941561758431,0.2218260537685122,0.1807775990997927,0.8570844436408663,0.6763068445410736,13275558.775834598,0.3460452111307202,0.1279800289970094,1.00725,0.1289078842072377,1.412545383186443,5.284471724544439,1.4023781416594123,5.246435070284874,2.3910037832856377,0.3522882084459798,-0.0141027548559284,0.1041783376940883,0.0077349108854941,-0.0388773379315989,0.0388773379315989,179.82650982524984,29.072186324657817,0.08938330669110497,0.04216151158385258,2.2605488595273986,1.0187253214817138,8.803550932906244,3.282161955377001,0.07002887816580902,0.02409975833855989,0.015307731444084618,0.012952546571664107,49.37906491720437,16.41519745612669
31,30,10,B_optimized,False,130.28414035241187,69.42908742683784,577.4673999244078,1341,35.16994785679333,0.582429592506615,0.1111648830954048,263.4059504818783,0.2137605973487357,8.177357903660448,0.2196640270831845,0.1659163774222997,0.8491264548898664,0.6832100774675667,53764759.392566085,1.4014504270253028,0.0623430522470975,1.0075,0.0628106251389507,2.661345112919527,10.958880786902352,2.6415336108382403,10.877301029183476,7.489517799526664,0.9888985695625448,0.0020658564231707,0.0379725817036311,0.0995273756638107,-0.011637507431594,0.011637507431594,251.40445368073063,67.83168541670007,0.09000074113110779,0.04202501013025318,2.2344077518335252,0.9970435013377542,8.74459062147639,3.293345608112412,0.07070696100051563,0.02365963964551145,0.015332891042092085,0.012929801124350259,48.91799439192794,16.08010206911262
32,31,5,B_optimized,False,133.26074630715078,76.42341926505708,594.0193228488481,1676,59.54649047172703,0.8807044694907845,0.0458400403799137,249.611133527849,0.1924709085040281,7.084947244313199,0.2162178072278504,0.21612642156433,0.8678824976239824,0.6517560760596524,76085351.48847984,1.9832665399902032,0.0601998894905331,1.00775,0.0606664386340848,3.5901464835465737,10.826532765681328,3.5625368231670294,10.743272404546095,4.191869773523691,0.7670753049377521,-0.0025262706965434,0.0456346968616238,0.0429327226341931,-0.0029073177457205,0.0029073177457205,222.8460768281006,67.44872282863163,0.09030132368700762,0.04211057372488565,2.2336234494015392,0.9972392376650971,8.721561843591962,3.308905458485553,0.0705706069710272,0.023573832061190278,0.015302231572378512,0.012937649623144885,49.3277005715028,15.73886723260743
33,32,2,A_standard,False,128.69760802693915,70.29184604491385,392.7519509057336,962,69.38807810664579,0.3691161336377652,0.0872109369078321,232.4772569962977,0.0888474033653639,8.067633785767807,0.2215560913527852,0.1673892386830896,0.8509918940026953,0.6836026553196056,26558183.799562983,0.6922746134721907,0.0956378259186978,1.008,0.0964029285260474,1.750240943634457,7.147827219543232,1.7363501424945011,7.0910984320865404,3.3503919310027945,0.5867126179369242,-0.0067873923239597,0.0687348806364276,0.0993774675211653,0.0121665306133332,0.0121665306133332,176.6761745024074,46.63198035093839,0.09024876428588385,0.042088955848784505,2.2209129070774765,1.0087987132259735,8.732704435357906,3.3010919470254145,0.07033162953989872,0.02341083213110901,0.015482059382730722,0.012839942504535217,49.37253193392354,15.70336439056272
34,33,12,B_optimized,False,136.19028696375864,81.68427736631398,548.8425413813509,1670,53.70917836504709,0.577533617043729,0.0514046987331934,763.9766946686852,0.1639350570688432,6.273147806222518,0.2129515144287509,0.262927664233986,0.8820884397962055,0.6191607755622195,74869116.65564695,1.951563750931086,0.0599545688140738,1.00825,0.0604491940067899,4.385448339214242,10.327165849233442,4.349564432644921,10.242663872287071,14.22432287971597,0.999986654565615,0.0029168357390382,0.034723421623724,0.057069607473242,0.0056649087400486,0.0056649087400486,788.938372225576,75.83610888072697,0.09072300951319978,0.04237008405410445,2.1986825519670505,1.0191372942326895,8.718727950073047,3.3137218657359497,0.06989288642844346,0.022761335876892823,0.01551758527510769,0.012823805614369488,49.59419699934128,15.424824679674074
35,34,18,A_standard,True,146.76799000180353,53.74704345069578,200.37495827435885,931,71.18372317523699,0.4928424472744354,0.0174127983750338,331.5021105168509,0.3036749655879709,7.470480963432195,0.2020882601115578,0.2209770342916457,0.8612162718588148,0.640239237567169,10026461.83917589,0.261353149996777,0.1564180634675632,1.0085,0.3083632409243066,1.4127334745930429,4.093128526040964,0.7166127636655906,2.0762501900293864,4.656993140142072,0.8398339548419074,0.0118873282808074,0.1363815938699624,0.0795800322296401,0.0621672338546062,0.0621672338546062,318.0607884752199,15.383958124444618,0.08909599186352034,0.041916834923952026,2.2361658446405985,1.0215227166156609,8.841799243710433,3.27696949129627,0.06908413433758866,0.023260664804982942,0.015475983400247854,0.012826548950069551,50.06987547821725,15.672197183043087
36,35,2,A_standard,False,118.34289669664356,71.69371027336477,334.4024476969952,838,86.35409301018291,0.1841691082686524,0.0155236591711107,135.2131812398701,0.4299958317056291,7.884666117934408,0.2349543503356817,0.1568388231092023,0.8541116787625433,0.697272855653341,20090674.74350982,0.5236903320432487,0.1095101031850538,1.00875,0.110468316587923,1.4321858764407418,6.367201156545951,1.4197629506227925,6.311971406737002,1.5657993330313331,0.192445015330529,-0.0146173200266146,0.098135057072711,0.0268379545373395,0.0113142953662288,0.0113142953662288,139.61724676887857,32.49677589237693,0.0891908967404917,0.0419740122677496,2.2444612304774063,1.0130281835685884,8.832088508572166,3.285077212003098,0.06918354101898977,0.02330214726774387,0.015505726445613157,0.012842430380638887,50.067187114610704,15.674382872566031
37,36,18,B_optimized,False,130.39669758881615,92.68803064767891,689.5931570018898,1650,51.14847981687593,0.9480568667305832,0.0896675908789108,259.8819605746407,0.5282454105886678,8.949635290853044,0.2195312815062805,0.1401944481852784,0.8361119981286648,0.6959175499433863,105463102.25652435,2.749036940975418,0.0448500454318852,1.009,0.0452536958407722,3.125848521116769,15.516540579658752,3.0979668197391166,15.378137343566651,5.080932248721402,0.8890360338839239,0.0059367803042813,0.0467447097575846,0.0957970407866252,0.0061294499077143,0.0061294499077143,277.950500024331,73.43475696532306,0.08883543061788841,0.04159974592341914,2.239644504212549,1.0158324058430652,8.85264666820944,3.260255072747841,0.06835865906508096,0.022722942847277095,0.01549441265779512,0.012854948385174314,50.46243636158903,15.51092855939306
38,37,17,A_standard,False,126.87457917920644,76.0971939356695,429.6569738580034,991,88.86690075406096,0.4183517311590876,0.0514811628698492,154.0605925822484,0.0204416403729398,9.11109054438636,0.2237797565740842,0.1301747338947085,0.833416459067513,0.7032417251728045,32401428.854895998,0.8445866180366938,0.0810798090371325,1.00925,0.081829797270726,1.605513572868576,8.673450684260208,1.5907986850320297,8.593956585841179,1.7336105037421177,0.2198759372307376,-0.0226390665604433,0.0747619731689821,0.0465420969475785,-0.0049390659222707,0.0049390659222707,118.01882293587953,40.98799385615695,0.08944446738925593,0.04131241926331974,2.2150524113371755,1.0100199610161706,8.76372787209049,3.217838085058687,0.06886658618045229,0.022318497524455395,0.015524564769576856,0.012834044023149296,50.02399662701333,15.172240335047869
39,38,6,A_standard,False,143.6468214443565,67.75945098495299,351.2875950899924,947,70.1434383103332,0.4628580450313361,0.0404954290421578,268.92711372148733,0.0543493551351459,7.036382935248918,0.205152027326045,0.2360932973771541,0.8687258694122831,0.6326325720351289,22541492.68832287,0.587574182619811,0.111379409293204,1.0095,0.1124375136814895,2.119721220244968,5.679977798856307,2.099773373199572,5.626525803720957,3.8339596717754607,0.697191530048295,-0.0023389139917037,0.0654086374535731,0.0580746929668252,0.0175792639246673,0.0175792639246673,240.5388208864397,48.040926991209375,0.0884738413149522,0.041643514439952206,2.2365470907248626,1.0248965450590901,8.900642468567465,3.260578698694554,0.06879960027089506,0.022335764324883024,0.015302759302052125,0.012794667906435062,50.240293327966654,15.254302921442216
40,39,13,B_optimized,False,130.1623090758919,81.77586222141016,757.6965082088309,1511,56.44767965936905,0.6674067906060493,0.0528335706105354,118.48581024693895,0.0588333237665824,10.076033433963593,0.2198079299935302,0.1091762149001957,0.8174866810154657,0.7083104661152699,93623502.02926362,2.440421911692916,0.0590468701880612,1.00975,0.0596225771723948,1.8489754757953325,11.995732608000012,1.83112203594487,11.879903548403082,2.0990377454296825,0.2888527939115665,-0.0258037357209215,0.0626376123871252,0.0260253534445888,-0.0268082171659465,0.0268082171659465,143.26824568575944,45.99862423564844,0.08765255159132927,0.04198976651955061,2.2629994243540095,1.0416276839236907,9.023732815326978,3.312517702797562,0.06798265440682436,0.022477284668705234,0.015354207623436944,0.012744567945672225,50.859983451763064,15.49540256600488
41,40,4,B_optimized,False,126.83853937444697,91.069762889544,568.2743810903764,1749,51.03339796950378,0.5573932388302705,0.0368699160810088,133.63694999928964,0.4512022330611301,8.148373478439503,0.2238242639025124,0.1614106248810544,0.8496188264318374,0.688208201550783,90515320.38553804,2.359402996308842,0.0468886375855252,1.01,0.0473575239613805,3.442425141627117,14.67750476425094,3.4083417243832845,14.532182934901922,2.6186175194359502,0.4057935028842616,-0.0174593432085893,0.0621523071849136,0.0167532440108977,-0.020116672070111,0.020116672070111,122.70669373010054,59.6792293792016,0.08700692388053553,0.04209635341296392,2.2994107807633792,1.0525453199113488,9.081226202237163,3.3046503598283814,0.067033770068149,0.02254833818419565,0.014668898885883764,0.01185805241842503,51.582652618105605,15.336855426392596
42,41,16,B_optimized,False,137.34435015653338,85.12583288162337,675.5097292170174,1319,38.00900064089315,0.6944381707280212,0.0726497694393442,256.8226963852586,0.3654732483650027,8.24004496603077,0.2116973727335993,0.1747505290306995,0.8480625371072723,0.6733120080765728,75846890.05307555,1.9770507234543888,0.0513755188309786,1.01025,0.0519021178989961,3.4014358006897205,13.105697487780436,3.3669248212716854,12.972727035664867,6.756891579752509,0.977176834444221,0.0062347287420081,0.0371111259601952,0.0799269533266713,0.007277183887327,0.007277183887327,242.91356481271467,74.26713992334362,0.08567647450037995,0.04169444714681319,2.3281990763495024,1.0490580018517779,9.179644075013373,3.2570454013787105,0.06629340637943319,0.022673679817529546,0.014838616889598031,0.011835297490001744,52.02412158466793,15.436325398269572
43,42,15,B_optimized,False,138.27193957180236,93.01921071571748,556.9299974423261,1588,62.3779835293755,0.8673414383512612,0.064175391246826,344.666970342677,0.2564763319297739,6.382306515011673,0.2107022576527774,0.2606005791962363,0.8801647876915352,0.6195642084952988,82266639.79215488,2.144390094352276,0.0528920010237969,1.0105,0.0534473670345468,4.927031954774936,11.71376004883133,4.875835680133534,11.592043591124524,5.525458676944309,0.9259074075165726,-0.0009971264916891,0.0387597273343306,0.0444812868035027,-0.0196941044433233,0.0196941044433233,320.699032119461,75.64580386349009,0.08519673618549914,0.0419194724541767,2.3667240569192676,1.0612044703743742,9.243343730921685,3.2856880241112747,0.06609553132595111,0.02270500938463094,0.014596260115479529,0.012001158931644199,52.37810379199973,15.491719680469389
44,43,8,B_optimized,False,136.3899626654191,79.52766226155956,622.5570046154754,1499,56.94414049078554,0.7445293476137962,0.0352187561161688,275.83903892432926,0.1892227330072353,7.379942609879943,0.2127332328917214,0.2080537019910117,0.8627771466888239,0.6547234446978121,74216244.29923993,1.9345457589784216,0.0592197389664025,1.01075,0.0598563511602913,3.5132492243683813,11.055831317818871,3.4758834769907305,10.938245182111178,4.844028490849983,0.8634244536813092,-0.0023077570941295,0.039771879738746,0.0351416597949157,-7.709632125307148e-05,7.709632125307148e-05,268.48917922385345,70.50741904529434,0.08604404482407385,0.04188906654170935,2.3608519698049206,1.0631223635267066,9.150783708550135,3.300277936824141,0.0661361816230059,0.022717389836881274,0.014473030987285656,0.011880099094709029,52.30885994036182,15.533274167936746
45,44,2,A_standard,False,133.59982673077238,84.53221596912084,315.0743715026638,926,86.7061431050642,0.4676860169771813,0.0625635758773081,323.10596902481296,0.310240733822952,9.04982381153248,0.2158335236643679,0.141811671059764,0.834438299058712,0.692626627998948,24663023.64165152,0.6428747269555667,0.0988670746926941,1.011,0.0999546125143137,1.434367017538987,7.005634890602564,1.4187606503847554,6.929411365581172,3.7264484090048455,0.674025417041875,-0.0063096330045878,0.0689468669522463,0.066188331226139,0.0036247553488308,0.0036247553488308,340.6249374238812,48.119816750270296,0.08596740897310662,0.04186057247156111,2.364267473442194,1.0595089640283568,9.152204671176612,3.2993236177549474,0.06584555391616513,0.0224611947329322,0.014653841511453089,0.01192475225484117,52.468679366763325,15.35542454590966
46,45,20,A_standard,False,134.5065045881314,62.9500924205116,412.2542377640645,895,74.67264326964725,0.4007414602717782,0.0867968335543854,260.30288564858245,0.1791018315223227,8.169778462713099,0.2148140715042733,0.1729101169221472,0.8492551827229033,0.6763450658007562,23226540.9193559,0.6054308818175929,0.1053128896941031,1.01125,0.1064976597031618,1.6418704056492055,6.422243922517938,1.6236048510746162,6.350797451192029,3.485920335089969,0.619144897733926,-0.0050045961678422,0.0723778493249413,0.083884117786594,-0.0029127157677914,0.0029127157677914,262.1151234277836,46.76563218465219,0.08622094670284972,0.04162635149079115,2.328435610463489,1.0411775455160814,9.088804651105336,3.191269125011337,0.06589615703011555,0.022435176404937314,0.014625546878732392,0.011896814661445643,52.36889971476443,15.298042571585965
47,46,9,A_standard,False,130.91667549619103,71.7395233224261,418.2326270560607,952,80.1650517620031,0.4487729278427899,0.0629338690431721,237.75739164148365,0.0819726377281417,8.107814726252874,0.2189205596166119,0.1694889854042169,0.8503082956228187,0.6808193102186018,28563626.456349187,0.7445491609542424,0.0924673238763434,1.0115,0.0935306981009213,1.8329608590259905,7.362809711342589,1.8121214622105688,7.279100060645169,2.9658484141861017,0.4914629332840605,-0.0127601945937424,0.0699029943261259,0.054992429259606,-0.007941439783566,0.007941439783566,226.8836249834524,45.80025125547332,0.08783408901194381,0.0418346560243324,2.2483751761455144,1.0038706012214262,8.955412876585587,3.202396916260863,0.06699482283802899,0.023307692329226328,0.014664150720968218,0.01185821357039678,51.59503148252887,15.520754871223948
48,47,18,A_standard,False,132.63954830925812,69.71340202667236,441.7027785006865,928,94.16944415790648,0.7585840742185792,0.0161395215365938,175.38184581140513,0.6193640138343575,8.22717217057548,0.2169261474922263,0.1678492936614771,0.8482809039274498,0.6804316102659727,28575535.93099457,0.7448595973537724,0.0921210906979742,1.01175,0.0932035135136754,1.8220506551728013,7.386273926096005,1.8008901953771206,7.300493131797387,1.8624071468163172,0.2427625901382541,-0.0192064194868974,0.0931470253141624,0.0,-0.0161395215365938,0.0161395215365938,191.21558132414603,36.3632750678035,0.08629778880689694,0.041644371371264956,2.280133957078056,1.001648159197807,9.105588155758525,3.1967463982417597,0.06574568140156775,0.022483044075314425,0.01439355040374312,0.01194167146079236,52.42149927885541,15.270692435761875
49,48,14,B_optimized,False,140.791022956372,99.12178168521444,587.8703378740001,1478,52.48846036201719,0.8068420236665598,0.0519518840271753,317.1828305918028,0.2671545485467677,6.556795694913951,0.2080561473955289,0.255589751906931,0.8770985564055606,0.6215088044986294,86124176.31856072,2.244941947894927,0.0654587755632703,1.012,0.0662442808700295,3.9045910912263606,9.494659793901878,3.858291592120909,9.382074895159958,6.042905972173065,0.9544752670880288,0.0067270893509738,0.0431590162069008,0.0414410733553345,-0.0105108106718408,0.0105108106718408,343.3655742535784,69.788465391041,0.08621544276109729,0.041583367986556506,2.285138876901498,0.9979128124487233,9.107889114247683,3.19428282182918,0.06532703397581878,0.022089504911115738,0.01392471218648289,0.011872478076828109,52.689008355459926,14.986178439353237
50,49,16,A_standard,False,136.2208762422283,69.19761866045273,411.2039699912471,907,88.07487234022949,0.5993217922235905,0.0343674677124772,348.91320713780584,0.1299555867760447,7.903391446598512,0.2129180395535762,0.1858575771854765,0.853791868213844,0.6679342910283674,25808082.304956537,0.6727222138742883,0.0949115921547771,1.01225,0.0960742591586731,1.958217884306368,7.037436374885938,1.9345200141332357,6.952271054468696,3.961552232400281,0.7234324802506013,-0.0055663628396361,0.0606694941109626,0.0489748614839498,0.0146073937714726,0.0146073937714726,344.0158841155469,50.73917945758591,0.08626418021583523,0.04154227642622452,2.2953315073329543,1.0076957835840907,9.088528870320504,3.1696786874554026,0.06499729934960978,0.022359006817050855,0.01374282145948322,0.011971267315937532,52.97174289396145,15.265822260691355
51,50,16,A_standard,False,123.52410944885789,69.08542265596202,425.6962355756002,823,87.95871988022193,0.4159548834652775,0.0891912050105203,213.83944688715368,0.2097316413477267,9.408330355297622,0.2280115334572589,0.117043709136706,0.8284766656340339,0.7114329564973279,24203939.78646308,0.6309080917066935,0.1089176985259209,1.0125,0.1102791697574949,1.0746068886945055,6.531839784771218,1.061340136982228,6.451199787428363,2.431134140860056,0.3614985630993084,-0.0169385538557112,0.0861055647666521,0.0659182290262107,-0.0232729759843095,0.0232729759843095,252.97742474545677,34.310133058714534,0.08584837415015764,0.04176885571190597,2.320737288733774,1.0051608004703085,9.157849149396966,3.216707460655773,0.06389446760040118,0.022408969372376776,0.013265687406674775,0.011441722750715,53.665449176644664,15.274233816436569
52,51,4,A_standard,False,137.0244686312656,70.85684024007577,401.3035990206274,1103,99.08790358456966,0.4897478317457055,0.0917649202892794,208.7235872437537,0.4124797108819106,9.086707622065491,0.212043194710261,0.145617127882749,0.8338229807569721,0.6882058528742231,31363920.818939943,0.8175425821949964,0.0957122132137323,1.01275,0.0969325439322074,1.5214059208679616,7.190366096094857,1.502252205251011,7.099843096613041,2.106448715666005,0.290377511035062,-0.0154146747627436,0.0907030728786058,0.0651435157466168,-0.0266214045426626,0.0266214045426626,186.0013299536112,34.475279285383024,0.08538969164445176,0.041932022554590775,2.3641768841242636,1.0080534798410838,9.20074085116047,3.22597076230312,0.064023500173607,0.0223474964949989,0.013157062703271138,0.011332393272132903,53.73017994481642,15.285898766025298
53,52,8,A_standard,False,119.01597586491567,76.7836699477096,368.587005438153,774,72.96120658950203,0.4957529996521599,0.0905926216104265,450.2307196142988,0.3768288017628762,7.874800557884401,0.2340234320066308,0.1583594463459614,0.8542802211907758,0.6959207748448144,21905332.340775207,0.5709918115499888,0.108390987705752,1.013,0.1098000705459268,1.4610019679482782,6.420467140072785,1.4422526830683893,6.338072201453885,6.170823382176357,0.959721425463227,0.0126600486225986,0.0630646692746626,0.1203808171937755,0.029788195583349,0.029788195583349,470.0151313656351,49.85899922734006,0.08550620784049434,0.04186678609824459,2.3572166418261045,1.0089106499844327,9.180492984830304,3.213478142042418,0.06363614213524008,0.022560594060988717,0.0131836009028756,0.01131529772419397,53.921122142364055,15.367347299565298
54,53,10,B_optimized,False,135.52720582248438,76.11683037668702,704.1706083745797,1677,47.2705170234205,0.9392414923672168,0.0453709568278042,217.98750517491052,0.1435440803124807,9.563668674361557,0.2136803017311117,0.1295656459183293,0.8259067762715525,0.6963411303532232,89885916.68228424,2.34299674621748,0.0426335212195706,1.01325,0.0431984153757299,3.039055705744829,16.333183617814157,2.9993147848456245,16.119598931965612,4.611489759397113,0.833618117200645,-0.0056884513965157,0.03406070377651,0.0463495507797263,0.000978593951922,0.000978593951922,205.77527248953973,75.42588440025972,0.08529681099321328,0.04202235147167498,2.430268599772422,1.0899568111951716,9.196088058882786,3.2280282180699302,0.06342034323274359,0.022639350868315773,0.013386820845668057,0.01127911093620411,54.223207225187295,15.573782587003942
55,54,10,A_standard,False,132.62694378265232,81.02188989019795,356.26562998346697,951,70.14125025007453,0.3848066849389773,0.038548895856485,227.62196121954037,0.1755354697350575,6.740901493231606,0.2169405785621124,0.2316853518264686,0.8738749163573692,0.6421895645309006,27450914.226617526,0.7155448271279232,0.0947292451836576,1.0135,0.096008089993637,2.4457637277409474,6.779211248710436,2.413185720514008,6.688910950873641,3.245193953743339,0.5609932177840791,-0.0084231439985317,0.0721305425760615,0.0340650295280592,-0.0044838663284258,0.0044838663284258,233.68761977712867,49.19401402724181,0.08536204503732027,0.04198370175895233,2.436611787328871,1.0938661550166386,9.176934815000884,3.217475066315158,0.06338104198241012,0.022672232284286782,0.01331762529013732,0.011324202279015023,54.30045405933483,15.643110194462398
56,55,1,A_standard,False,131.4299277062906,69.98199804396674,333.3918196631819,862,72.7787772977141,0.3846304673384218,0.0969225997804717,273.5622510281602,0.5282484405664621,7.02830233514374,0.2183217677363257,0.2155782362684893,0.8688662772848111,0.6532880410163218,20111688.92887033,0.5242380949158032,0.1079172195039018,1.01375,0.1094010812720805,1.997625932724248,6.053603345411446,1.9705311296909964,5.971495285239404,3.758819001714013,0.6810972713799965,-0.0012796776323422,0.0817947037912125,0.1082289958695011,0.0113063960890294,0.0113063960890294,258.12573756082736,46.37987165580968,0.08470234663032036,0.04154232222433832,2.435640160898674,1.094824717178183,9.219778822054202,3.1780900127919907,0.06246247739259652,0.021902937469410102,0.012712807747886577,0.010722819918350049,54.78225282916966,15.2153666477788
57,56,11,A_standard,False,125.06965529446312,76.52252857737307,265.1342194858192,1111,77.45498946593385,0.6515786030490069,0.0130249390482763,210.527172683303,0.3182136895127462,9.863622377157307,0.2260355040617188,0.1075791034580328,0.8209669324169208,0.7133878289588879,22540791.12594929,0.5875558954573806,0.1044679804377469,1.014,0.1059305321638754,1.0297806371603004,6.828770174072615,1.0155627585407303,6.734487351156425,2.718058244341984,0.4299777932188323,-0.0123181899121422,0.0801796863199792,0.0,-0.0130249390482763,0.0130249390482763,205.35391937440303,38.27003520314524,0.08586217394080929,0.041727771575866844,2.4157827679540267,1.100005941779126,9.112745595613115,3.21107467767977,0.06297025985241,0.0216160164953404,0.012900037072096198,0.010785209086115754,54.42009775826993,15.113585478225534
58,57,4,A_standard,False,129.81851779739483,64.38586442986573,283.1281943826134,792,56.45449385708106,0.4370323433724776,0.0318122247227734,152.09029661133135,0.3610914777687359,8.577973118308524,0.2202152420363804,0.1512228917203238,0.8423501783960636,0.6911272866757399,14437727.203514962,0.3763386869622733,0.1250920610030519,1.01425,0.1268746228723454,1.2088927986935505,5.524949234459236,1.191908108152379,5.447324855271615,2.694033481131896,0.4240995699348936,-0.0091771895707706,0.0926358039480119,0.0211362920775684,-0.010675932645205,0.010675932645205,189.3823507417189,35.858623969719815,0.08571765357638966,0.041829205652655826,2.4177822184458138,1.1022215316521642,9.145078959547027,3.2358716899744957,0.06301779006618868,0.02157970268596401,0.013133452781641504,0.01069040513763166,54.4472078867755,15.138627612886147
59,58,15,B_optimized,False,137.35206562419455,73.86830532641865,588.9090643542039,1794,43.24113987114292,1.0164842903233895,0.0554779811187167,260.7891053820064,0.1640661776452417,7.711112657897686,0.2116890485005995,0.1954680966369359,0.857081510769098,0.661613414132162,78042075.94793008,2.034271182440934,0.0598713056991358,1.0145,0.0607394396317732,3.2648043057420306,11.050592707245931,3.2181412575081625,10.892649292504617,6.031041414707123,0.9539569367556336,0.0044746557884276,0.0353467061198613,0.0691059075882747,0.013627926469558,0.013627926469558,278.3852378969264,69.6481502559898,0.08567622235020349,0.041819430833261576,2.413426031833831,1.105395483314512,9.151424077178845,3.2320707255327283,0.06309022342233746,0.02160534693202724,0.013178329803539541,0.010690972970724808,54.391677846540276,15.172933089365955
60,59,14,A_standard,False,125.01967877867556,76.12764362180987,330.25898626453534,812,77.9257176330319,0.3357955419453693,0.0716607289614362,216.1965163190316,0.0661910043967079,7.944681433964753,0.226098750527086,0.1659145228962819,0.8530870981443289,0.687172575248047,20415172.78830836,0.5321488079778524,0.1145912880074635,1.01475,0.1162815095055735,1.447880775067959,5.996726166506571,1.4268349594165648,5.909560154231654,2.7743923686034573,0.4438361131935958,-0.0119617398624661,0.081140041372091,0.048710326055171,-0.0229504029062651,0.0229504029062651,211.30445519322896,37.5134999465439,0.08672603390994495,0.041832066581692855,2.350830935303992,1.0818846038954524,9.068563610960275,3.256538362017671,0.06395197270208101,0.02130806671362422,0.013246493525054843,0.010652888267505874,53.721700773213804,14.944577234281933
61,60,19,A_standard,False,121.42638938510603,63.90406780938408,366.90165117217,784,74.55429268105088,0.4935289483895836,0.0444146480778573,504.0320900435912,0.219180785013568,7.193368886872816,0.2307617747667702,0.1901476181429719,0.8660025916667027,0.6758549735237307,18382062.268770967,0.4791530606149566,0.121422181332414,1.015,0.1232435140524002,1.5660039710735405,5.566157403098051,1.5428610552448676,5.483898919308426,6.760604546271803,0.9772594954721492,0.011490302007145,0.0639845151720791,0.0431293755849694,-0.0012852724928878,0.0012852724928878,487.1626009169251,53.826706157127546,0.08135797719403659,0.027615929589368895,2.4485948815787735,1.1499162549481698,9.352617668335238,3.2536008206244893,0.062104766925804265,0.018750904564757736,0.012053891525935223,0.008095166063718563,55.167469603766556,14.653852397466444
62,61,15,A_standard,False,127.17108206709084,78.72527948870506,450.8568818602984,939,87.837597673978,0.5177014629693686,0.0497820449885364,313.69757786492664,0.2874273299257895,8.276592601807446,0.2234144046400671,0.157377168333421,0.8474428699941013,0.6900657016606803,33328710.157792725,0.8687574465235945,0.0839194234956867,1.01525,0.0851991947039959,1.8753366238450135,8.222955698642856,1.8471673221817424,8.099439250079149,3.5713360357288093,0.6390714012321206,-0.0085383399422924,0.0637369563929999,0.0422457003890978,-0.0075363445994385,0.0075363445994385,303.87546068911126,50.8963477486493,0.08022912876342116,0.027555233845788795,2.5164238955775056,1.1874040955875826,9.45436206038299,3.236070095176383,0.06154039993257394,0.01805611648233598,0.012175457762721305,0.008129399821574382,55.75388283061968,14.310765040916625
63,62,8,B_optimized,False,136.82302455382538,70.31957720248772,741.0494372335982,1538,56.79114165654446,0.7379809382821139,0.0196277053686056,168.2852603014154,0.3759752259959936,8.197388446311471,0.2122616798152716,0.1755219027774978,0.8487863537451041,0.6732644509676063,80145615.42688364,2.089102754912393,0.0500519136527894,1.0155,0.0508277183144077,3.506797042668432,13.45132287324811,3.453271336945772,13.246009722548605,2.963230803126893,0.4908087362873975,-0.0133535777773018,0.0615183376787095,0.0075298031255425,-0.0120979022430631,0.0120979022430631,137.84248414707525,61.19601312490832,0.08157982504065094,0.027460869399200297,2.4928548646548934,1.1873210163211545,9.262399935295962,3.161317391985009,0.06185074208333046,0.01792953108501127,0.012306538743193297,0.008082627774311825,55.350064259078074,14.084754674614826
64,63,20,B_optimized,False,134.45075988349075,98.64819737246457,627.8851303704021,1741,67.90752768180288,0.5911555968847684,0.0410272585904191,305.4251208560573,0.2415689550678919,8.01988470986269,0.214876412555146,0.1784790492925265,0.8518049637049995,0.6733259144124729,107837080.84261423,2.810917870804048,0.0494746135042474,1.01575,0.0502538386669393,3.6074874900680896,13.609523485305589,3.5515505686124444,13.398497155112567,4.497662207453649,0.8172255438331016,-0.0012913843697795,0.0441636063234929,0.045455698077322,0.0044284394869028,0.0044284394869028,316.46577857709696,71.90456995362901,0.08203975930005206,0.027657023675350653,2.506475853758338,1.1806491698226769,9.212742742626759,3.1913884673589283,0.06187280478129881,0.01794641365409309,0.012425636243051534,0.008015445906980525,55.48468778843066,13.976431107929711
65,64,9,B_optimized,False,131.81506903122212,86.55558058094319,591.5356661364652,1609,56.62533181392831,0.8152188957845032,0.1086846897455097,252.6909427845912,0.0301349561062793,6.840243784788904,0.2178750423041424,0.2253009074116378,0.872140385316342,0.6468394779047041,82381947.24399374,2.147395737443485,0.0633729923956899,1.016,0.064386960274021,3.555156524799997,10.20686342008202,3.499169807874013,10.046125413466555,4.462507056293064,0.8119158230581959,-0.0018601280824566,0.042134035079384,0.0952111370359743,-0.0134735527095354,0.0134735527095354,264.2252354190734,65.97352983939618,0.08138202777815051,0.02730820957324206,2.526026663680937,1.1818700856800493,9.25928061381391,3.154781637705665,0.06202120038973498,0.01800682221729484,0.012399543826530962,0.008000436488197555,55.44928119145582,13.997899193319846
66,65,7,B_optimized,False,148.28491569475148,77.32703413295754,537.2025263889353,1439,43.93790715125739,0.8941299172208144,0.0870706231450939,396.5766671783624,0.3345906001652627,8.26475611106891,0.2006389032664818,0.1904755189942717,0.8476435087353928,0.6571679897411211,59776460.17782465,1.5581534556975352,0.0644361515522762,1.01625,0.0654832390150007,2.9560349959718097,10.198746726951397,2.9087675237114974,10.035667135991533,9.025843352373084,0.9975903070669956,0.005199898818688,0.0444030710969795,0.0696304903659645,-0.0174401327791294,0.0174401327791294,392.86928290101537,66.2376176699488,0.08206699263425415,0.02718050569123837,2.5281762805772665,1.1806775233088869,9.168033619614132,3.1433962183980606,0.06177966083705164,0.01807923840564918,0.01206995430853099,0.007729600023190234,55.697398400273805,13.936780081355455
67,66,19,B_optimized,False,132.28829412087896,89.99218157498797,672.7884059265815,1554,56.80093381630722,0.50785493880561,0.0719254372361744,173.75098449363983,0.3197165302109759,7.470488567577968,0.2173291773591695,0.1971963916577109,0.8612161408825433,0.6640197492248323,94088012.1864728,2.4525299907680065,0.0533452416339153,1.0165,0.0542254381208749,3.6966069628286986,12.447590991933335,3.636603013112345,12.245539588719469,3.058945915494032,0.5147322133824089,-0.0113011812275146,0.0577270355529305,0.0712602536542114,-0.0006651835819629,0.0006651835819629,196.90373355117129,63.42221661767482,0.08355351165372438,0.02727578207655637,2.4836561613692076,1.1887522589538158,8.990389359867896,3.0844933083012194,0.06223443318243034,0.01837241441003285,0.011850268277642462,0.007651938187905712,55.05676608588611,14.47578771653605
68,67,8,A_standard,False,121.1680909170267,87.68512701914591,347.0741940487141,735,83.5241937901004,0.2040943663709247,0.0229497382614175,239.4948259609206,0.1094250329375051,7.014022739510812,0.2311060111033594,0.1977042964015921,0.8691144539037162,0.6714101575021241,22368434.920818456,0.5830632002419629,0.1035942313497613,1.01675,0.1053294347248698,1.9084488955190024,6.481153909383881,1.877008994855178,6.37438299423052,2.867370699354256,0.4668911940731934,-0.0157893885081195,0.0739106971793607,0.0,-0.0229497382614175,0.0229497382614175,254.63153126507947,41.489242265020486,0.08474335741296432,0.027164263785576345,2.44929820244056,1.1875277335408312,8.851907992664575,3.0573656830708877,0.06336756468576538,0.018537717768261668,0.012475056416336108,0.008499360587992876,54.190115387908754,14.598825148689956
69,68,2,A_standard,False,132.582379712746,69.02332889622886,420.2433403614365,843,73.99303372230663,0.493888046327421,0.0319559958084668,210.40524394811604,0.3083163081857081,9.26674249153736,0.2169916191863375,0.1338807958945304,0.8308260353116826,0.6969452394171523,24452558.993397165,0.6373886841553718,0.097687284446577,1.017,0.0993479682821688,1.3705038138074848,7.134451974640528,1.347594703842168,7.015193682045751,2.843581799034756,0.4609749849587259,-0.0124192289951543,0.0782399034946232,0.0099916494150191,-0.0219643463934476,0.0219643463934476,199.7885331429676,39.54126993766246,0.08562134944959719,0.02683959633151108,2.392068632831072,1.1360351042099663,8.75474366489851,3.0456815827974943,0.06436672834487946,0.018530658537031595,0.012405766892098422,0.00845330450181752,53.41858217710349,14.460485943290315
70,69,10,B_optimized,False,131.0047337332774,85.50153748094226,730.5696562003562,1546,54.573256302026174,0.621878340598483,0.0311338656457424,225.86631252130584,0.6643783736795574,10.16972135783526,0.2188175420264378,0.1080335523049644,0.8159563426067553,0.7079227903017908,96570625.38981529,2.517242627321608,0.0537142365429486,1.01725,0.0546408071233145,2.0112647830074493,13.17942571399581,1.9771587938141555,12.955935821082145,4.13877286836776,0.7574542649224539,-0.0010819055781774,0.0558247130186754,0.0056762612211112,-0.0254576044246312,0.0254576044246312,230.60258565842707,58.56221839422098,0.08557507568910115,0.02688687679888299,2.3993422280751444,1.144250515791007,8.761079756067941,3.0506422314120796,0.06431891562528193,0.018598373575238546,0.012635786715501904,0.008265372779733366,53.47971429489224,14.540443733011434
71,70,16,A_standard,False,120.79931604678109,52.45965207354073,425.5520959502484,642,85.89960845362904,0.6301969901522391,0.0571554643113616,147.71548416761874,0.5108383495061202,9.942620128819636,0.2315996478381607,0.0999877780040277,0.8196708657130853,0.7196830877090575,14332210.161123708,0.3735882439994779,0.1303557236636485,1.0175,0.1326369488277623,0.7670378806075452,5.520916669267443,0.7538455829066782,5.425962328518371,1.71962930712728,0.2174871300555639,-0.0188836019946654,0.1117124314019989,0.0611262748808991,0.0039708105695374,0.0039708105695374,122.07562771464848,28.289267500166247,0.08595354745785289,0.02722448930758896,2.3964182442112265,1.1469909176424817,8.738599408921859,3.0685045351390086,0.06427265182897587,0.018589501455035247,0.012564411633560615,0.008359646228375794,53.56502316979777,14.520854911663752
72,71,4,B_optimized,False,137.60405894070064,95.72901977100472,674.5989130883187,1475,61.91234900859384,0.6561626208074118,0.0351782546961705,285.08511845198353,0.5513620117911844,8.650122763762285,0.2114176086640893,0.1606080636239383,0.8411355496227946,0.6805274859988563,95253571.71558169,2.4829118601978712,0.0527878684802653,1.01775,0.05372485314579,3.0425184469037854,12.891740196959644,2.989455609829315,12.666902674487492,4.604656793306483,0.8326682302980761,0.0006669141971846,0.0499543005661106,0.0393453490823785,0.0041670943862079,0.0041670943862079,273.9170522197014,68.10487701977588,0.086101507905782,0.027358196850481582,2.3840692818444524,1.1587447622554214,8.735586526274913,3.0709698677940844,0.06405418333556083,0.018556461225147907,0.012610251168973014,0.008311788698479174,53.58536653440868,14.51184444493435
73,72,10,A_standard,False,135.6958161839284,65.61541653404142,333.7987241617846,929,87.23263059823769,0.567684407828275,0.0195992874676847,265.52565645217044,0.1515217132884019,7.73441492092081,0.2134944094692449,0.1918091625817015,0.8566821650569904,0.6648730024752889,20347276.019374188,0.5303789878039787,0.1123867174632725,1.018,0.1144096783776114,1.706688894480648,5.915939334134984,1.676511684165666,5.811335298757351,3.0438799636237808,0.5109682310629405,-0.0088505264194424,0.0756008402678588,0.0154389546835936,-0.004160332784091,0.004160332784091,228.38344439614156,43.4746686930097,0.0852004828556358,0.02784604548525991,2.444328220767176,1.2057817958407033,8.85134826873753,3.123588049665568,0.06322611650633113,0.019202679298675446,0.012755340023237803,0.008291919951804455,54.28687188443716,14.96842031603638
74,73,3,B_optimized,False,136.51112649177003,67.61733733808072,851.4948499772981,1677,59.85386541929381,0.7584355622559247,0.05003858067125,392.28090359568034,0.3731363375940899,7.929644417395379,0.2126010436387721,0.1852867453847555,0.8533436944234183,0.6680569490386628,96554640.93755203,2.5168259711754044,0.0521646145808646,1.01825,0.0531166187969654,3.551962319160384,12.806707274776333,3.4883008290305755,12.577173851977738,6.553977773158643,0.9721851920229924,0.0005668595635065,0.0391175473309268,0.0529795239584755,0.0029409432872254,0.0029409432872254,381.4048176404731,74.56017631604603,0.0845781278176053,0.028010779906654674,2.448821324548317,1.2037520796368382,8.930025282877814,3.133255871636812,0.06211185544483863,0.019046825626825303,0.01248213647342133,0.00840244411441984,54.905447297527246,14.851217347026905
75,74,14,B_optimized,False,126.57125071433803,77.87711913348596,778.6808707223377,1642,35.0,0.6477932192746428,0.086284647749896,219.00967632182,0.0402490778893544,8.405602263462274,0.2241550240691585,0.1519569567245987,0.8452591220927919,0.6933021653681932,99573216.46125694,2.595509183087802,0.0524460735018326,1.0185,0.0534163258616165,2.897394343911921,13.21933405260486,2.844766169771155,12.979218510166774,6.257419323480572,0.96293880233259,0.0004758115804644,0.0358812899022386,0.0719762042314755,-0.0143084435184204,0.0143084435184204,215.9478877280752,70.84270712893344,0.08560804433034344,0.02826844214483828,2.399909762062308,1.194965889707279,8.857828303311742,3.1640649819539624,0.06254117246702982,0.018851831619282073,0.012478582984492548,0.00840333234798919,54.145109148922366,15.045604877934935
76,75,10,B_optimized,False,141.73606952738243,76.2998289284574,622.3225011754686,1314,59.36193763542765,0.94140814501938,0.0217274778285566,182.78302024450383,0.2241109373730212,7.579752247538811,0.2070841013946059,0.2081188053081999,0.8593362028242812,0.6512173975160813,62392793.896715626,1.6263516964970175,0.0584660497332831,1.01875,0.0595622881657821,3.5596522470325827,11.138385447398564,3.4941371750013075,10.933384488243988,3.079128268471775,0.5197717518167636,-0.0181819369861465,0.0567367288018827,0.0,-0.0217274778285566,0.0217274778285566,139.0423669582438,58.01458996034982,0.08479853207090446,0.028540838289359025,2.4234851390601992,1.1972226584913148,8.962947744293134,3.186693249175473,0.062080884467341724,0.019176626226361453,0.012265327969014363,0.008483123876189125,54.571836745309646,15.248243086255544
77,76,7,B_optimized,False,134.434832547895,64.21053858873118,621.3775309573638,1303,46.97216472396733,0.4789733597083165,0.0666195554163016,313.8170009295618,0.2624583186606553,9.318810060122397,0.2148942326654259,0.1349894654590909,0.8299613038029814,0.6949718383438904,51988378.666409925,1.355146685404257,0.0641520182970116,1.019,0.0653709066446549,2.1042122920297737,10.833203019838011,2.064977715436481,10.63121002928166,6.680914170630891,0.9754194995547312,0.0104831578755864,0.0420402627649056,0.0733045680076501,0.0066850125913485,0.0066850125913485,324.4276269577544,65.00619388988349,0.08492897624874582,0.028674265490922987,2.4304043638818085,1.1901685633664998,8.950528022875028,3.197872735430938,0.06189465190490573,0.018982785536966956,0.012426054439704263,0.008767308282944643,54.689368991868974,15.110910012793967
78,77,5,B_optimized,False,128.3344134287057,88.48261763823756,692.2727047536818,1676,43.62617006841041,0.4840562605611151,0.0520093765052946,153.88961730016712,0.3250126726801347,5.964272505671461,0.2219948177947624,0.2660588941376183,0.8875544120911522,0.6214955179535337,102661873.33651792,2.6760191592445564,0.0486910040060743,1.01925,0.0496283058331912,5.464231012866912,12.764072761284623,5.361031162979556,12.523004916639318,3.527461087206419,0.62889075645029,-0.0088993273080002,0.0500502649566954,0.0356150943813376,-0.0163942821239569,0.0163942821239569,167.47899957472225,71.98493942764284,0.0843511878869519,0.02871848437960242,2.4506289859087396,1.1826426924858007,9.006784474494243,3.1893814457603913,0.06102841278650262,0.01862622141553935,0.012266360864475998,0.008574057220678477,55.221266634601314,14.850685274905484
79,78,12,B_optimized,False,142.13270468612325,77.83682755357313,574.5782737616884,1453,53.49221271701149,0.7332222376977076,0.0998646610037761,358.4791814700201,0.3976636719299837,7.704274446012567,0.2066794100097761,0.203454090907765,0.8571987368845546,0.6537446459767896,64983027.56571895,1.6938696045567334,0.0613753231753711,1.0195,0.0625721419772909,3.314916816428392,10.65158783944499,3.2515123260700256,10.44785467331534,6.7015208992470265,0.9759087621101676,0.0067856316925459,0.0438422786320487,0.1042695556940403,0.0044048946902642,0.0044048946902642,357.284481903112,69.92112810757874,0.08319313744205604,0.028838521205308228,2.469868223224493,1.173694387834062,9.148359837143659,3.2254091170433967,0.060874479611930335,0.018640847800167035,0.01204329031081502,0.008247771527029022,55.35701533524284,14.831678458627739
80,79,14,A_standard,False,120.54816745656944,79.85500107431443,391.6283147959128,840,72.3145421020859,0.8344692672792456,0.0202921224684176,358.133723214543,0.3366376146182695,8.80107149206732,0.2319373007095138,0.1298602034492565,0.8386000120793021,0.7087398086300456,26269722.77895804,0.6847554908150018,0.094065176619016,1.01975,0.0959229638572416,1.380534307347531,7.534560972554087,1.353796820149577,7.388635422950808,4.952444042430198,0.8757128953084252,0.0057682289549244,0.0582501082034074,0.0289285832874794,0.0086364608190617,0.0086364608190617,298.847513619683,53.16212481639896,0.08365549814933614,0.028365655739063217,2.458515084042158,1.1712113820438583,9.031667883506953,3.069842990153024,0.061046077075447826,0.018427244401784577,0.012102169323090122,0.008177378817574651,55.160701176739266,14.624131897818783
81,80,19,A_standard,False,125.46964067535195,74.42461429620195,332.9530370792597,721,75.06975744617581,0.6876664223468268,0.0445763145954924,387.3788101443051,0.1587772845926694,7.154840352720179,0.2255308566201436,0.1991618887385942,0.8666701650484945,0.6675082763099003,17866308.88299188,0.4657092581892401,0.1184333241798017,1.02,0.1208019906633978,1.6816372428779662,5.636152501271602,1.648663963605849,5.525639707129021,5.160251255934208,0.8966228398563703,0.0082450441645561,0.0633617046943056,0.0655752882375677,0.0209989736420752,0.0209989736420752,377.5134203008988,49.7239318717133,0.08270463308336858,0.028737552677057174,2.4734468306360733,1.1753734022500288,9.182563523034887,3.1370301275429795,0.060153359617533535,0.018952996540683262,0.012093555320113816,0.00818579019288251,55.72325860140051,14.92777826745912
82,81,9,B_optimized,False,138.7540534295769,85.9170496398925,754.9659475879238,1654,58.28776887224009,0.7648694391720288,0.1020016198789146,260.6315930892755,0.2113701876563663,7.759851108822167,0.2101895169470887,0.1957260393110228,0.856246461322365,0.6605204220113422,107285794.99949256,2.796547867311338,0.052379730863125,1.02025,0.0534404204131033,3.736675162048464,12.61022939841685,3.6625093477563966,12.359940601241703,4.471462849445295,0.8132796301226459,-0.000364826671101,0.0480112075505582,0.0874235166559289,-0.0145781032229857,0.0145781032229857,226.92404154632348,68.8042292539107,0.08165344706167804,0.028702356075826527,2.5038580767378225,1.1817495445426907,9.29568008375593,3.1208092437648176,0.059845899870942576,0.018717996230180476,0.01206133313008021,0.008192120471047512,56.04696807285892,14.89649014600013
83,82,4,A_standard,False,125.00317273427856,71.99130878940024,442.5495125854934,1030,57.74636812902017,0.717340103712628,0.0573325396708779,176.7443210088668,0.2385553144964443,8.593643416243202,0.2261196487604087,0.143246030960507,0.8420862221957313,0.6988401912352242,32815510.173595045,0.8553802019282684,0.0924364205945505,1.0205,0.0943313672167388,1.5496708985392271,7.560225577107898,1.518540811895372,7.408354313677509,3.0607002091278663,0.515170394605283,-0.0142825220896542,0.0723565484438656,0.0429221579626427,-0.0144103817082351,0.0144103817082351,154.26903482887343,43.85547833917731,0.08112807388395687,0.028488531751751475,2.5211721006345673,1.1657324843853956,9.33374495186587,3.100473330739545,0.05946866818091714,0.018488493432403576,0.012088416509155517,0.008197607815967345,56.26519328507884,14.709501660541
84,83,17,A_standard,False,140.6011738309987,78.06934684763871,394.50903367861525,743,69.09340025630715,0.920012890387149,0.0503494636053642,231.07954992054064,0.2818786891364231,9.518269107037796,0.2082527595340986,0.137765018794836,0.8266570330391829,0.6888920142443469,22883703.50049347,0.5964943655475797,0.1106439108438522,1.02075,0.1129397719938622,1.2451206554806145,6.226208103006728,1.2198096061529409,6.099640561358538,3.344451844363336,0.5852715222095987,-0.0020000739457659,0.0778108856109015,0.0594225584211778,0.0090730948158136,0.0090730948158136,248.61804353466675,42.33725521440316,0.08089619398791045,0.028153800419841387,2.536340720103262,1.1529472637417677,9.33648624598993,3.097025689001092,0.05896605224814198,0.01790068280159364,0.012211687406275857,0.008222239137771797,56.521636938327845,14.456062352539615
85,84,13,B_optimized,False,127.41274804831252,98.87817547463688,682.5440469659226,1741,41.87412311770541,0.5090712254283793,0.0327296331030158,261.0360575042635,0.7878038255176737,6.706061717833755,0.2231176923795187,0.2239704813635736,0.8744840406664992,0.6505135593029256,117497844.18845868,3.062738600021263,0.0391384966982267,1.021,0.0399604051288895,5.722511089030175,16.620811073011858,5.604810077404677,16.27895305877753,6.233827434917462,0.9620876059623996,0.0106730033231375,0.0440213050561257,0.0352667670016412,0.0025371338986253,0.0025371338986253,211.15901562245804,87.6723996520822,0.08070010165627471,0.028330647506274006,2.5360209732631414,1.1527565222682843,9.388463167005163,3.1451102798662625,0.05943341850392467,0.017573493339057993,0.012361656484573557,0.008316441898965963,56.388760196411084,14.363180056883452
86,85,15,B_optimized,False,145.66309704154634,77.17405046537914,673.0813019772679,1371,60.63661133646041,0.6786502314704871,0.1025681239032913,170.98294351780228,0.4663427144448328,6.63192551224514,0.2031600681102341,0.2599301237826537,0.8757816209780386,0.6158514971953848,71215786.61191867,1.8563348127252308,0.0529017332260962,1.02125,0.0540258950571508,4.91345194063379,11.641423818068535,4.811213650559402,11.39919100912464,2.819797144814907,0.4550708028619567,-0.0146961606809694,0.0699167074111944,0.0851755166977583,-0.0173926072055329,0.0173926072055329,143.47486124380046,61.81743723503254,0.08037647775026276,0.02800646749609529,2.5219641611427734,1.1707036044262011,9.416509720021418,3.119603204616144,0.05957401152984114,0.017777630633030197,0.012957103314123081,0.00998791627710591,56.15897485699998,14.757796365481148
87,86,2,A_standard,False,132.64231956493273,73.87562751398738,266.66613717181514,996,72.57530439576422,0.6137234392661897,0.0661632728072226,400.82698540890766,0.1661637043995734,7.053969812160159,0.2169229749618287,0.2164992670610319,0.8684203596463601,0.6519210925853282,19621327.70741769,0.5114561732450725,0.1104145958906138,1.0215,0.112788509702262,1.960784851991077,5.904301757633355,1.9195152736084944,5.780031089215227,5.522911529562961,0.9257324761903766,0.0068738224166617,0.0622618172954111,0.0788467717385365,0.0126834989313139,0.0126834989313139,413.846166324118,53.24382838824307,0.07941154124484325,0.027322172002557,2.5686926315443923,1.1774349313351635,9.468165720439494,3.074209464902665,0.059139654065888746,0.017932311831520734,0.013097940811152849,0.009868914507126021,56.45749502675367,14.860262182605263
88,87,7,A_standard,False,128.30612957964485,79.7418014996091,361.3067256507693,816,80.74166176606022,0.5244605311899052,0.0720879218393408,285.6209041982105,0.376046836695144,6.46246414949184,0.2220290722940546,0.2381499123346214,0.8787548795957981,0.6406049672611767,23509979.345010974,0.6128190838137987,0.1025950675221738,1.02175,0.1048265102407811,2.321260837253703,6.24401331109532,2.2718481402042605,6.1110969523810335,3.537466259064181,0.6312228084167506,-0.0110640131823278,0.0758651080673991,0.0611939809241581,-0.0108939409151826,0.0108939409151826,258.9427248183151,47.71917032378661,0.07888998314980537,0.027458001059340528,2.5915010026239997,1.1742141058080737,9.533353850242861,3.079147152146531,0.05904541567115549,0.01792003580435201,0.013126952441825233,0.009854352824011226,56.61611338344641,14.842007179665236
89,88,16,A_standard,False,133.9897555285578,77.35538941317589,465.3678513276716,1092,70.54617320640185,0.6460610440146998,0.0858832884583919,147.24932175713076,0.0401524317522437,6.53362154458853,0.215393657624161,0.244803203552837,0.8775051709036636,0.6327019673508265,39310592.80492888,1.024683225508915,0.0778384907890532,1.022,0.0795509375864124,3.145014774454808,8.128394589066284,3.077313869329558,7.953419363078555,2.0872758232585227,0.2864427100434603,-0.0260947943460691,0.0728284178753819,0.0696086453597532,-0.0162746430986387,0.0162746430986387,119.07221897597744,46.27059714246736,0.07919246254631371,0.027224869845595162,2.5663851726605698,1.168823094367036,9.48149858843884,3.0368892175114826,0.05869043816433692,0.018045404996956126,0.012972267553045593,0.00993123831323627,56.640537312580335,14.850699899663367
90,89,17,A_standard,False,113.1424612213625,82.17360362189567,337.3138275817309,990,74.86548012950891,0.4161145349907509,0.072733734024702,513.3309176038476,0.2314074374358447,7.0273388023053,0.2424627865942543,0.1819782420279561,0.86888302106995,0.6869047790419938,27441109.836246755,0.7152892625680316,0.0918276546613612,1.02225,0.0938708199775765,1.9817367948582487,7.4803694113188115,1.9386028807613096,7.317553838414097,6.8567104186848535,0.9793001234172436,0.0093711415809964,0.0505606347529582,0.0830624752906498,0.0103287412659478,0.0103287412659478,552.7039345791367,58.40448467654752,0.07945195259554973,0.027004355594898558,2.5558184785198153,1.1621038674648423,9.423841624137117,2.9879775521456127,0.05910901938609923,0.017944014190256465,0.01313984375231821,0.009854524881228184,56.27940443587889,14.690624682863715
91,90,9,B_optimized,True,138.95278421019717,76.63077613874276,711.8258300993734,1346,61.1067107802528,0.7197912365161822,0.095605038428779,229.85592972994013,0.1312157383269356,9.233493548245992,0.2099790421039127,0.1438707243009287,0.8313787008014139,0.6875079765004851,73421292.81541729,1.913824284372108,0.0563060132100828,1.0225,0.1216834749348926,2.5551573641723464,12.210205221515684,1.1823357639803391,5.649969947590172,3.761549702070042,0.6816900962811671,-0.0054605481674454,0.0848909244538486,0.0864726679030943,-0.0091323705256846,0.0091323705256846,228.6438273347658,27.647613659816724,0.08026128020275002,0.027149642683985363,2.5157862863745755,1.1634190865090914,9.356174256755715,3.011813102536043,0.05946012377569303,0.017776054452933548,0.012981737920429656,0.009912308366382575,56.0295833071047,14.628483852362626
92,91,17,A_standard,False,129.65493128287275,72.87036867125003,381.3400521066548,779,67.746693184174,0.5161529479242454,0.04686922977581,134.461938931076,0.2675137005353276,7.687923181931242,0.220409698202581,0.1836923689715371,0.8574791083846798,0.6737867394131426,21647155.954991862,0.5642620984406628,0.1089165542517662,1.02275,0.1113944058609939,1.6865422362419096,6.186265660366463,1.649026874839315,6.048658675498864,1.9847749404614043,0.2659585440064849,-0.0165241312614631,0.0937677011269467,0.0083526389538007,-0.0385165908220093,0.0385165908220093,141.3039106602741,30.934605024475943,0.0804119815526626,0.027086779069355083,2.504736589039943,1.1622335721567232,9.341314459510123,3.010224653223986,0.05951614851174159,0.017731990422386462,0.012884718640916885,0.009891498296700977,55.969948239429314,14.592052495327694
93,92,17,A_standard,False,145.9801134224381,77.24207521195164,388.21151864174016,790,81.7111389853127,0.4028408535382529,0.1019651921124869,151.41330109131152,0.2996721719990738,8.031375106156606,0.2028511339188205,0.1960915676006027,0.8516092346639415,0.6555176670633387,23689148.02364629,0.6174893552707885,0.0951583273374287,1.023,0.0973469688661895,2.060687415251296,6.888705228486116,2.0143571996591363,6.733827202821229,1.8530313366275255,0.2410432045494787,-0.0206152837943241,0.0887179102900351,0.0857355638810477,-0.0162296282314391,0.0162296282314391,147.5167569946143,37.069143323227,0.08058342112472802,0.02694440787769506,2.4965810586039243,1.1555404768381456,9.304592973053147,2.9851679946115803,0.059408346404645644,0.017759452739282144,0.013236533683328736,0.009759965533553171,55.88132513687794,14.559287605827064
94,93,8,B_optimized,False,134.93882330624973,80.94931335779197,805.0546895032153,1901,55.37580957039598,0.721340410595571,0.0146409737729361,429.71842347985705,0.3400562482135264,7.044535743245821,0.2143320828256104,0.2209386940603671,0.8685842298558928,0.6476455357955258,123885554.85276656,3.229242829545373,0.0562351948551078,1.02325,0.057542663135489,3.928833084505608,11.51672964705128,3.8395632391943386,11.25504974058273,7.760038666948635,0.991507462746262,0.0108306661384885,0.0373812437588693,0.0262190612643633,0.0115780874914272,0.0115780874914272,432.51444334543015,73.5640249347315,0.0806258776048518,0.026985836721979656,2.490035475860412,1.1600398595262682,9.304016936229237,2.985747688421174,0.05981168394646878,0.018315830691760005,0.013104879672793866,0.009670253681650559,55.71755316627989,14.769027149458017
95,94,18,A_standard,False,131.05877205122138,67.54298341531371,277.43639705847795,973,84.25714594584908,0.5596976836344323,0.0779820762766066,500.1313473629789,0.3590120897690376,8.633537075064583,0.2187543819324931,0.1512798166313414,0.8414146121522504,0.690134795520909,18232932.152261388,0.475265784491601,0.1161487063526137,1.0235,0.1188782009519002,1.3024666514328085,5.941820767471495,1.2725614571888697,5.805394008276985,5.935773657517507,0.9495867885326442,0.0131752085066367,0.0666336771369435,0.0779260750248403,-5.600125176628834e-05,5.600125176628834e-05,522.3862582772938,52.3852604955469,0.08294764774357608,0.03296175381591114,2.4799482190082123,1.1723048542955394,9.22673227332275,3.0942425761974937,0.060705397691257185,0.020224173646207738,0.012698171757158037,0.009717554846892873,55.27644719997163,15.569683354833893
96,95,6,A_standard,False,130.5433053533547,65.18831350752795,385.749556444946,869,84.02365348419822,0.402213636797027,0.0222891349090086,346.50450514911256,0.025645209681262,9.875764027832773,0.2193586698937777,0.114596907374079,0.8207675987461079,0.7061706913720288,21852189.46518208,0.5696065713566952,0.1112534135283196,1.02375,0.1138956820996172,1.0300529551383906,6.347406960167315,1.0061567327359129,6.200153318844753,4.123892389590955,0.754710000761739,-0.0019492886280855,0.0614544246541889,0.02749382744742,0.0052046925384114,0.0052046925384114,374.4121464619687,47.7828004151976,0.08403104728543873,0.03290255259323029,2.4631784764853513,1.185566249508467,9.095259802494084,3.0721329237817714,0.06111332612127625,0.020329148425793628,0.012707215941375954,0.009729875103734416,54.87187881097383,15.744393370225977
97,96,5,B_optimized,False,144.54131283373067,87.89797882386728,665.3859816968754,1663,48.05901095818361,0.8303762966578583,0.0506312504384467,398.3441930514612,0.066565724881419,7.112370115960578,0.20426249432879,0.2339166413879024,0.8674066315253134,0.6334899901374109,97262355.91074422,2.5352735093509318,0.0473432085875115,1.024,0.0484794455936118,4.940870050147089,13.380799676186626,4.825068408346766,13.067187183776,8.288647333963292,0.9949767754822972,0.0079688065388835,0.0284996528646411,0.0658271329352521,0.0151958824968053,0.0151958824968053,364.4337378812058,80.87551875689758,0.08237288253691291,0.03248954665673749,2.52260300924766,1.1725325146132222,9.256687880050828,3.0874131566569516,0.059704039570063205,0.019158571738567116,0.01281553722676895,0.009660530067796914,55.67836217362349,15.38358825760373
98,97,14,B_optimized,False,135.95578670297783,75.4662957975188,639.8263666215754,1525,47.16497596648566,0.6676842231152876,0.1206301589767414,380.35480056777607,0.2044756285352785,9.724748371074734,0.2132085611760795,0.1257575278725717,0.8232503213179696,0.6974927934453979,73635121.90983616,1.9193980259654757,0.0606158277882852,1.02425,0.0620857616121511,2.0746648600066773,11.506776676902808,2.0255453844341487,11.234343838811624,8.064348444448425,0.9937216407307704,0.0024626370705649,0.0374339722395375,0.1181508149309712,-0.0024793440457702,0.0024793440457702,379.36189295350624,67.29204572230762,0.08340413192801427,0.03237980904973124,2.490905033791974,1.1810461481897876,9.13529525231104,3.069866723026392,0.06024736058004453,0.019261362027986357,0.013442656503162603,0.010095602431670467,55.03975029252644,15.519365239306248
99,98,13,B_optimized,True,134.83150154937582,74.95230722294295,785.784766099032,1432,63.20745705264182,1.0955672600016548,0.0288761145200384,282.65860172858646,0.2881740672159747,8.364424383167846,0.2144514898260612,0.1663330341649637,0.8459555283977314,0.6796224942327675,84339617.87806064,2.1984250432022177,0.0544557608360112,1.0245,0.1177401065069362,3.0544616696452245,12.480268089163088,1.4127134678204565,5.772225916856376,4.471918582220078,0.8133488259407661,-0.0054840570623711,0.0646248673164607,0.0185429782946366,-0.0103331362254017,0.0103331362254017,275.46359957614806,31.77155796079713,0.0821677336133669,0.03235198542145427,2.538960113098611,1.196020771343699,9.265920811900493,3.064493933870578,0.05963024783576678,0.019253703292850054,0.013689333702282855,0.0100145262781485,55.52057189917893,15.526162341208307
100,99,3,B_optimized,False,131.03819930386803,88.45751416193093,737.0795374392022,1508,42.91021850803276,0.8976409279467145,0.0972637549567484,255.11038934260296,0.2100745790815603,8.01686349928871,0.218778422180881,0.1730946460281534,0.8518564349033034,0.67876178887515,98321937.22121856,2.5628929146418558,0.054255814771139,1.02475,0.0555986461867247,3.190342763412514,12.510397120350891,3.113288864027825,12.20824310353832,5.945213010156229,0.9500367536683648,0.0018101741699456,0.0376550941265575,0.093319111959185,-0.0039446429975634,0.0039446429975634,244.99530744941995,72.0755592769497,0.08374445549512895,0.03282488210314279,2.486891346015896,1.210431294068043,9.123450928169826,3.072986093264821,0.06043663218454275,0.01922135498160917,0.013686950838663493,0.010017149782263632,54.93322234308078,15.34563262509085
101,100,17,A_standard,False,134.38502703713758,83.65414112335179,252.43153935757616,880,80.1236113190526,0.3969607250207423,0.0382030965286015,280.497828631,0.2582491258474617,8.40012383232524,0.2149499801370074,0.1643747411331493,0.8453517410446313,0.680976999911482,18582910.383315176,0.4843884355905978,0.1139525645361578,1.025,0.1168013786495617,1.442483912514248,5.9759690594361645,1.4073013780626813,5.8302137165230885,3.500813605543269,0.6226505124661686,-0.0055270937414411,0.076793936644852,0.0068937970097969,-0.0313092995188046,0.0313092995188046,287.4175557938776,40.18674538668141,0.08371712800138473,0.03285120449028062,2.4877710060435145,1.2107126304022373,9.128756479833038,3.0799999837778893,0.0607049707246702,0.018963478896356124,0.013592254812763731,0.010033521250982542,54.80570581868495,15.236837416811928
102,101,4,B_optimized,False,138.49110263584248,83.02911459070428,621.111814365465,1386,63.51576368655343,0.6385772958717356,0.028487997969252,306.3825534374119,0.2104461830872713,8.390526498967015,0.2104687958315413,0.1710252609338708,0.8455140190677712,0.6744887581339003,71476524.51590633,1.863131295235589,0.0663673502487316,1.02525,0.068043125842512,2.5769487600891448,10.162960485932478,2.5134833065975566,9.912665677573742,4.823724626053335,0.8610124527013971,-0.0003621994315046,0.0473911169584506,0.0471247237505013,0.0186367257812493,0.0186367257812493,306.4103039313112,61.07016142199966,0.08496234147125331,0.03309601080488206,2.440998826010345,1.2162013868495736,9.02570876665536,3.104484749984796,0.06141708967829633,0.019473113265487,0.013182531615565318,0.010112505915335239,54.43941844606326,15.377607567903695
103,102,17,B_optimized,False,137.85961780394388,63.64217389596144,650.4667803793118,1759,53.67840672695651,0.8189022986735146,0.0483485589033396,157.57608853442974,0.2594466347497889,9.857104419063244,0.2111431898293672,0.1247728406755484,0.8210739599540212,0.6963011192784727,72817533.99283507,1.8980865024255724,0.0506070680654655,1.0255,0.0518975483011349,2.465522019851884,13.758969762439776,2.404214548856054,13.416840333924696,2.9355582280220203,0.4838951299006428,-0.0136638898038273,0.0553680105460483,0.0297138910030395,-0.0186346679003001,0.0186346679003001,186.3264514188261,56.64643425941623,0.08483754500165505,0.033183042604416124,2.476024501735202,1.2302875100250517,9.03096455032612,3.107479279998416,0.061863485415806066,0.019274674621599184,0.013412092105925024,0.010092256881415561,54.27696787120219,15.306439888065023
104,103,1,B_optimized,False,135.08808083933826,70.19686560424714,667.5842824344919,1460,54.233324002857145,0.824803063721121,0.0601575158363127,305.8237557871078,0.231761414458213,8.520220731821725,0.2141662859059236,0.1612589164158371,0.8433236951782037,0.6820647787623666,68418993.26420021,1.783432650123839,0.0646516702312784,1.02575,0.0663164507397338,2.4942730147413914,10.549840032321146,2.431657825728873,10.285001250130293,5.639037647240583,0.9333321086417968,0.0033984517167484,0.0426405769523847,0.0562349712706356,-0.0039225445656771,0.0039225445656771,325.38244898196115,65.61017647508143,0.08573953330167138,0.032817381972942546,2.403170215259793,1.161914593636717,8.928780294323504,3.07413092400196,0.061795866810094156,0.019322833290422132,0.013151853782050858,0.010181159620471319,54.02720336028322,15.112248294033268
105,104,16,B_optimized,False,130.26008187679437,92.00988691061768,682.5631650144485,1797,41.3352983566934,1.0429442948995562,0.0571291999688509,424.115204747589,0.0144390874110944,8.541107171140972,0.219692425995688,0.1531378848724968,0.8429714881631133,0.6898336032906164,112856199.64133182,2.9417479212538984,0.0472366829388487,1.026,0.0484648366952588,3.2419271495152344,14.60376894337934,3.1597730502097803,14.233692927270312,10.260363940953926,0.9992976414618824,0.0021428953645954,0.0274946696803471,0.0530760337892404,-0.0040531661796104,0.0040531661796104,451.3735077911416,77.32188526030365,0.08588201201338423,0.032730095013624026,2.3758616139600486,1.157606946199052,8.918523959640588,3.06981177983209,0.06202230767910774,0.019173911227237415,0.013233981848203655,0.010125571551848074,53.74622473996715,14.940331721358879
106,105,16,B_optimized,False,135.77957912499645,83.2154262646305,527.9060134154797,1528,53.82626695897131,0.6799235142167298,0.1255470739656626,200.48911452046977,0.5480493313173603,7.578500180037455,0.2134022070739958,0.1984399656338901,0.859357722032361,0.660917756398471,67124923.7711992,1.7497009964522436,0.0553878491474339,1.02625,0.056841780187554,3.5827346374413915,11.932540558475376,3.491093434778457,11.627323321291474,3.7247449219038575,0.6736510242125263,-0.0045413935775149,0.0664217164616643,0.1158517873783134,-0.0096952865873491,0.0096952865873491,168.65430005910994,62.565345228730216,0.0849333076221982,0.03311828072887525,2.4343217722182175,1.1785560782259832,9.04211170355509,3.130746328637493,0.0617144447534981,0.01935840624541857,0.013135775453439982,0.010194648831390237,54.19805557576003,15.26048709658526
107,106,16,B_optimized,False,134.58120728542718,73.902432551702,511.1763852978596,1412,59.90868412809101,0.9534677395441148,0.0143791080020417,191.07500417090088,0.1581334233427901,8.839077136464404,0.214730597970937,0.1498650106561221,0.8379628236005591,0.688097812944437,53341375.811135046,1.3904143672029263,0.0776053319803379,1.0265,0.0796618732778168,1.9311174481425049,8.866630621704875,1.881263953377988,8.637730756653555,3.1894375072963146,0.5472182527855183,-0.0171437049782738,0.061318101818707,0.0,-0.0143791080020417,0.0143791080020417,164.57145278205806,49.18129581414156,0.08382914841296113,0.032816960601676916,2.451945443351152,1.173143903813994,9.13751636335851,3.093865869854106,0.061389517870071124,0.019466238511136134,0.013032892396824534,0.010139482789520746,54.44404529635571,15.28600388264071
108,107,14,A_standard,False,137.16484194651477,71.7296374105815,306.2063125519023,1053,64.58927003498606,0.5620209939658256,0.0408195059593425,272.6185009668106,0.1595096545359078,7.043153026377015,0.211891269159015,0.2248363142748743,0.8686082503093582,0.6437719360344838,23128163.36410464,0.6028665391445436,0.1122772126321156,1.02675,0.1152806280700247,2.00251065201954,5.733771982244063,1.950339081587085,5.584389561474617,4.220801703117892,0.772204603510503,-0.0025759506954807,0.0675050073092539,0.0576589834605644,0.0168394775012219,0.0168394775012219,250.69252312724228,48.68080663217007,0.08419146626390844,0.03257370801635651,2.4374127536516856,1.1622921328010436,9.074317075916094,3.058772832432833,0.06153620975785091,0.0193908557433948,0.01281251104500532,0.010224604517277207,54.260472225042484,15.164662360295885
109,108,10,B_optimized,False,126.9991540875948,78.63672274212014,570.1348980197791,1523,44.30871929718416,0.8083708951564955,0.0237314125910693,164.23226052970455,0.5421000290435996,8.109003989579595,0.2236260782879606,0.1631011430649212,0.8502880710538953,0.687186927988974,68281481.2695098,1.7798482158985718,0.0495957381207263,1.027,0.0509348230499859,3.2886120712206983,13.855765717534396,3.202153915502141,13.49149534326621,3.706544967553184,0.669637274966901,-0.0064624474879301,0.0587150189089962,0.0026050322066261,-0.0211263803844431,0.0211263803844431,184.18389051948083,63.00431316015186,0.08778442799238365,0.04220031678593185,2.416900638439275,1.1876134329733463,8.977254267169975,3.1870294720821444,0.06275782448207616,0.021854027206499177,0.013180214591220813,0.010606691245779551,53.6679679430391,16.127668472773948
110,109,15,A_standard,False,114.02026645688112,76.43904452689904,425.3006077245934,810,73.8004633610715,0.4793432838829149,0.0941183807031954,121.63918575196344,0.1080945486444418,10.883283555780828,0.2411546226930383,0.072472062257785,0.8043943289742685,0.7319222667164834,26332753.39385371,0.6863984681696705,0.0974449396008528,1.02725,0.1001003142049761,0.7437231995282675,7.511136747731919,0.7239943533981674,7.311887805044457,1.648217100708965,0.2055790424376244,-0.0255923263173895,0.0881696926679144,0.0413956363194541,-0.0527227443837413,0.0527227443837413,90.6997338186654,26.02423297598861,0.08853084945935276,0.042977242256696885,2.4187877845211774,1.1857459058817525,8.943967839328575,3.226148902834213,0.06319513002874613,0.022373970850982913,0.013233381430579139,0.01059233670682523,53.47898649953506,16.31739496167472
111,110,6,B_optimized,False,126.1691258920549,80.10589338241336,563.1735401289792,1128,58.989086938014765,1.0983133032897534,0.0280915978422101,368.7434387958359,0.1033252202862699,5.495810080353708,0.2246548823774052,0.29093349799029,0.8959092079028321,0.6049757099125421,50888050.06522344,1.326465147433603,0.0729894781327729,1.0275,0.0749966887814242,3.985964901147284,8.288533161068083,3.879284575325823,8.066698940212245,6.251045031148022,0.9627106462263528,0.0036627352937266,0.0422666419744595,0.0364187451865864,0.0083271473443762,0.0083271473443762,348.3347272667044,68.75271464481175,0.08980756002920437,0.04244986466303975,2.346497365599888,1.0941892173425654,8.745972676872597,3.0666399483836018,0.06413124132480333,0.022533963606179302,0.013489818406694552,0.010482738700029352,52.452915063347206,15.725670184649731
112,111,16,B_optimized,False,138.3909202728586,85.88586688224132,592.0558387424747,1578,55.71209802943218,1.0581782905278816,0.0362398230927067,179.59413139176314,0.3428501551726141,8.233146996335451,0.2105754363588607,0.1766299308413855,0.8481795433717575,0.6715496125303719,80240083.28797588,2.0915651861733835,0.0575249719796663,1.02775,0.0591212899521021,3.0704913842256154,11.67405370953936,2.987585876162117,11.358845740247494,3.2236109883509543,0.5556709691085939,-0.0077213526581669,0.0590250366563374,0.0272528969596489,-0.0089869261330577,0.0089869261330577,147.59115668114174,58.82726558328598,0.09083776565654705,0.0421880036942049,2.2911961293162015,1.0353715872342204,8.640871460024197,3.063902579171565,0.06406991724109763,0.022522066734519782,0.013288622468064346,0.010502823449787542,52.233426089653406,15.668782985740505
113,112,12,B_optimized,False,119.38867010968988,69.13389284112968,707.1239577881004,1569,49.84995508934155,0.8393958609185201,0.062961516100135,221.83401161405536,0.1577926458405985,8.271622920878897,0.2335118084368984,0.144927505020392,0.8475271045936037,0.7025995995732116,76702497.8873722,1.999353287034856,0.0641553386574166,1.028,0.0659516881398243,2.2590092742599497,10.951537538053165,2.19747983877427,10.653246632347434,4.45003433235762,0.8100037177116238,-0.0024120226810968,0.0437694623377806,0.0585978582960538,-0.0043636578040811,0.0043636578040811,271.83683949261604,62.41720958160492,0.09006000836642195,0.04213349549642773,2.3084943954614854,1.0362598755210548,8.702769578885306,3.0360630452670914,0.06437012193497221,0.022597386521858175,0.013296872781862132,0.010502500421772264,52.06360398301337,15.703584200346508
114,113,10,B_optimized,False,136.23246316176755,73.27240689063633,634.7963759307736,1748,61.83738469193044,0.7475434757967879,0.0338683414654498,167.18003370812602,0.2631882805314802,7.771910957512797,0.2129053629350388,0.1911529238014652,0.8560399621715425,0.6648870383700773,81304825.99562693,2.119319130191144,0.0614912143240852,1.02825,0.0632283411287406,3.108621709664196,10.812716022582284,3.02321586157471,10.515648940026532,2.703543083864321,0.4264238470904179,-0.0200928926609691,0.0650926674116084,0.0210610920149161,-0.0128072494505336,0.0128072494505336,152.8285378454914,53.84792611855678,0.08898751382143794,0.04243139494425518,2.330876759792069,1.0474774951398176,8.842902293459105,3.075444335685117,0.06349431527743608,0.02298799813451039,0.01337352023986625,0.010498589525117563,52.59054680667419,15.994187003803987
115,114,11,A_standard,False,116.5413881456718,70.98992011529113,374.972940321585,911,75.92693327681515,0.2108718296424879,0.0962905931263168,390.78878142423065,0.2417604635504553,7.795480738932569,0.2374908581167466,0.1570241898347472,0.8556365237726626,0.6986123339379154,24250181.46080971,0.6321134428510421,0.1019478275488921,1.0285,0.1048533406340355,1.540240666329467,6.852645620161694,1.4975602006120243,6.662757044396397,5.146905907545207,0.8953792914724099,0.0039362179711755,0.0596892545590736,0.1018588542414246,0.0055682611151078,0.0055682611151078,396.4803898517436,53.48247340068688,0.08867828207332393,0.04255772285050314,2.3266631969614338,1.044834013241713,8.892056111066855,3.0805738487242453,0.0628372531764198,0.02318443633843655,0.013258967927721793,0.010497536304385777,53.00721199086895,16.09721789509125
116,115,12,B_optimized,False,132.13150165347705,82.18364603890711,667.6755144509169,1260,37.381945848171554,0.9013211819358912,0.0206309501868143,322.96915315052394,0.4393692260944978,8.091409773161484,0.2175096692232052,0.1720517692730364,0.8505873267492993,0.6785355574762628,69138730.267084,1.80219355859685,0.0709776977017053,1.02875,0.0730183065106294,2.4240257833680423,9.55984174533122,2.3562826569798707,9.292677273712,8.639709512775969,0.9964586848630403,0.0130311671605429,0.0472043078994079,0.0332201189903052,0.0125891688034908,0.0125891688034908,300.0195585245212,63.25586428617896,0.08795642621347964,0.04277340353711282,2.373492050296518,1.0789988970254565,8.961607774694867,3.0835561715024205,0.0626708410058175,0.02330390703686326,0.013358265240098048,0.010492733816465606,53.30378332682598,16.333549470304064
117,116,1,B_optimized,False,142.84947964127946,79.2013233560364,539.8126930961964,1809,57.77344598994967,0.7639099945745669,0.0182559357025554,197.41236272670423,0.0939017032147291,7.747996724535469,0.2059529246354275,0.2027619627048465,0.8564494908812509,0.6536875281764044,77341768.30060688,2.0160167261301725,0.0610276158640878,1.029,0.0627974167241463,3.3224624595594494,10.711339758580868,3.228826491311419,10.40946526587062,3.4170086160525424,0.6027672168395309,-0.0076384606116765,0.0523369301981332,0.0,-0.0182559357025554,0.0182559357025554,207.18729125195827,58.99106149010667,0.08701938298152427,0.04253197854026268,2.3962940611472283,1.0652723056583107,9.030037574391468,3.046304569581633,0.06245946438705827,0.023145642534683215,0.01353771875472775,0.010495712681471342,53.64817259481278,15.958789944994216
118,117,3,A_standard,False,131.68233032868918,65.30787479264029,328.6865534577431,1015,75.96704687079375,0.2816664618031865,0.016367037734674,129.36963987055597,0.3993437616121464,8.221979728821005,0.2180287550731901,0.1665219736306336,0.8483690014854866,0.6818470278548528,21787807.5834314,0.5679283714225455,0.1043985996901229,1.02925,0.107452258731059,1.5950594560167095,6.531189401761315,1.549729857679582,6.345581153035041,1.702970501019875,0.2146653718847901,-0.017984170964726,0.0940775742705175,0.0,-0.016367037734674,0.016367037734674,81.70449240364924,33.30064373511835,0.08616744353646728,0.042460329236952095,2.4259099941988636,1.0646571857046965,9.099924158620768,3.0164477559475418,0.06186249105185982,0.022702343422796117,0.013555013580915924,0.010538338750086829,53.991692076955545,15.641600965070873
119,118,5,A_standard,True,124.28098750481992,70.08786314065921,381.2522714871631,997,80.74981217989837,0.3279100262807805,0.026656452907804,188.2007353016392,0.3005941864673924,7.512389294183101,0.2270386212015638,0.1816628999756912,0.8604947315591692,0.678831831583478,26640993.554979566,0.6944331606023482,0.0932390419745288,1.0295,0.2154364752183823,1.948356569615099,7.280553480685937,0.8432318612321534,3.1509605367213886,2.3306646817005148,0.3386456901228564,-0.0205546217543396,0.1229255907340438,0.0250275022961478,-0.0016289506116561,0.0016289506116561,153.68459630797594,17.48597162224874,0.08614508125326209,0.04245461528506615,2.419664313219936,1.0680314227330077,9.10604892760747,3.0118528529263195,0.06122238671468844,0.022378581068983248,0.013314952343918043,0.010612620029575024,54.3477361488879,15.44997663563202
120,119,3,A_standard,False,140.49620209775932,81.48795214214171,345.7935426571408,881,94.2554137237102,0.3675542140829038,0.061607769868712,284.3472667206352,0.1603809228071601,10.02239281874708,0.2083616645616091,0.1238997571243439,0.8183641613871955,0.6944644042628516,24824824.744149026,0.6470922892910106,0.1056671854493302,1.02975,0.1088107842164478,1.172547149784325,6.572186069968357,1.1386716676711095,6.382312279648805,3.016773843401071,0.5041933625297185,-0.0093795084298017,0.0762211345196288,0.0356979562331849,-0.025909813635527,0.025909813635527,252.80203726880043,38.333798944331335,0.08754591855326037,0.04264670616029537,2.365035694172577,1.0637693270037938,8.990175337539773,3.0388161181441418,0.06180421497154903,0.022122793985637226,0.01354598276049149,0.010699417789291522,53.84940309095009,15.217604419065598
121,120,9,B_optimized,False,132.03919074507675,84.57487346109367,608.4522017371149,1748,67.95548126458634,1.136061421195667,0.0752502183626147,239.49046721250124,0.0133892794587593,7.747986256702648,0.2176161034346162,0.1852430414288456,0.8564496701846714,0.6712066287558258,89951674.40988252,2.344710809415456,0.0482803023315252,1.03,0.049728711401471,3.836824387652781,13.902287192546272,3.725072221022117,13.497366206355602,3.5242259013667967,0.6281353912558291,-0.0116077205856226,0.0412481038413462,0.0658633435234275,-0.0093868748391872,0.0093868748391872,233.1809345161145,68.61343563264906,0.08635087447589734,0.042587942451051394,2.3975529681225454,1.0545023932921942,9.104483780003424,3.0240321653160764,0.06115121012830266,0.022456685746611665,0.013640921594937058,0.010597853060348278,54.22606740008508,15.412455807532087
122,121,14,A_standard,False,127.4786048809182,74.4419205942354,350.8804951646283,865,88.120962126846,0.5621634994217958,0.0355230582058907,231.0702244696733,0.096217509213976,8.569611407624716,0.2230370006084966,0.1478820289536539,0.842491059945567,0.6946090309919131,22593988.53463124,0.5889425571286364,0.102195896821992,1.03025,0.1052873227008573,1.447044681365626,6.796838743944919,1.4045568370450143,6.597271287498101,2.622193617644103,0.406656079726411,-0.0149781418462097,0.0771203510651768,0.0,-0.0355230582058907,0.0355230582058907,198.75608464648937,36.17428296492355,0.08505329315052754,0.0427197449557707,2.449276967321657,1.0482696473793789,9.254445534977986,3.062734540783729,0.060620669844005846,0.02276066965891754,0.013702456671058159,0.010556722078347987,54.779937537785706,15.671607178849802
123,122,14,B_optimized,False,138.95690528551137,70.16394082112322,702.8531895570356,1825,66.51954511280529,0.8156940156354024,0.0913710882845251,241.98893164674035,0.0301854417096441,7.330963900156783,0.2099746829084751,0.2145276122739698,0.8636227149981257,0.6490951027241559,89999783.01638202,2.345964824645581,0.0510332485640406,1.0305,0.0525897626452438,4.203683251807169,12.719062983216114,4.079265649497495,12.342613278230097,3.6378620935601744,0.6542700241742513,-0.0124925389088997,0.0447452030539713,0.0748768955444214,-0.0164941927401037,0.0164941927401037,262.4293543700545,67.5157490256342,0.08678450787699957,0.04296059925930652,2.366651646044904,1.0196092931329814,9.10108572583107,3.0599012370364,0.06178027151108358,0.022566931678379122,0.013860483116431984,0.01063835669384042,53.901192246426255,15.40812199554091
124,123,10,A_standard,False,114.52375411429506,56.30821472215633,395.9772968704097,691,70.12482220151306,0.5328408270607454,0.0117260030586047,309.53954375135214,0.3905337523234242,8.933143030401148,0.2404119905655041,0.1167600040925692,0.8363878311540668,0.7196278270614975,15407071.288179144,0.4016059381642736,0.128016214295481,1.03075,0.131952712885067,0.9120719959978606,5.621380315156692,0.884862474894844,5.453679665444279,4.41412233262922,0.8044153296107216,0.0055715014680282,0.0794367647697258,0.014547803164862,0.0028218001062572,0.0028218001062572,312.339065083434,45.192698511138026,0.08677983582386135,0.04296335272980931,2.3879434051523045,1.0234491278815536,9.091008210329512,3.053555312408483,0.06243777675636165,0.022320686445986317,0.013828190865716072,0.010675992634556151,53.6924191135192,15.293270593134357
125,124,18,B_optimized,False,132.61851695257326,82.85702941017057,703.5457212359122,1591,58.11845376430818,0.7188714734974326,0.0626463934425435,215.89472498024563,0.3152905984217941,8.733467787351335,0.2169502278389077,0.1503592533135717,0.8397346283008811,0.6893753749873094,92745290.24870723,2.417530145993885,0.0504849186948656,1.031,0.0520499511744064,2.9783003954577727,13.65507547222058,2.888749171152059,13.24449609332743,3.71473621538141,0.6714468443932071,-0.009182655309048,0.049298216908611,0.0530727512191112,-0.0095736422234323,0.0095736422234323,193.59070927802549,64.4668809091419,0.08549869843901797,0.04297636157024023,2.442237602673641,1.0424880147412943,9.216538776781753,3.0433327990291734,0.06183173230677632,0.022668755766271396,0.013813451326501924,0.010681423832852284,54.56372742473916,15.25987523653924
126,125,12,A_standard,False,119.85588866524802,68.27804434739076,299.0842581538608,773,86.78402875296634,0.6597919057548799,0.0286177249390541,269.3828492172838,0.6312900098312939,8.41926023653217,0.232874247218562,0.1407698643572834,0.845028263098354,0.7042583987410705,15785346.610939054,0.4114661908391569,0.1181313567604469,1.03125,0.1218229616592108,1.1916384287598094,5.9616550427775366,1.1555281733428455,5.780998829360035,3.1040601950399327,0.5259915987704632,-0.0061269675993122,0.0923426764831887,0.0298590429076901,0.0012413179686359,0.0012413179686359,274.0124227175168,39.70022132926536,0.08657524973962753,0.04288617579577105,2.4090339240396443,1.0471071053487648,9.097265714359537,3.0405515525541777,0.06296557200197526,0.022851878955629543,0.01424749755818008,0.01071311094001897,53.74628527720837,15.396761820979695
127,126,2,B_optimized,False,135.68248892091685,88.73266895501978,584.7883554630882,1783,52.58655379095323,0.7080769827852149,0.0455767929911696,141.10635585271652,0.2651890019742542,6.97266464378148,0.2135090884302121,0.2256596762342051,0.8698336496840755,0.6441739734498704,92519569.660883,2.4116464367060795,0.0573253351088142,1.0315,0.0591310831647419,3.93647373898226,11.237160188023449,3.81626150167936,10.893999212819628,2.6833162791700538,0.4214841624194574,-0.0139598084968015,0.0643600496403927,0.0274137558818357,-0.0181630371093338,0.0181630371093338,123.44479302996668,56.88366514683022,0.08600717653456182,0.04266517645376445,2.432613357838979,1.0373177474454467,9.126150971638431,3.015639327108289,0.06326867814969048,0.02313776228180766,0.014048395422061202,0.010479508188230378,53.71493551873865,15.426501291080859
128,127,16,A_standard,False,108.0025918429554,84.2583503416377,352.8235483888283,938,86.40302367665737,0.6129202734412657,0.0515516682008038,694.2696265890884,0.099173605289495,7.247596959436479,0.2504834884306013,0.1627722378489722,0.8650638677829634,0.7022916299339912,27885173.679692265,0.7268643811039337,0.0918126686057736,1.03175,0.0947277208340069,1.7728733988539824,7.649180016207779,1.7183168392090935,7.413792116508631,8.035246881952029,0.9935374442367102,0.009612647474871,0.0466693346710998,0.0549340341310523,0.0033823659302485,0.0033823659302485,681.9224831030953,59.49671388169432,0.08568477990894503,0.042864131269171324,2.4506379574497044,1.0465405923663196,9.189220403045656,3.0649964071782243,0.06345581904227872,0.023044373888718807,0.013943386426023925,0.010458878450526092,53.655479469755356,15.403285958904357
129,128,12,B_optimized,False,139.4210191855203,83.89454837719427,664.5496147741599,1335,49.91357954761895,0.5573928829602586,0.0508376808197128,193.61871773026172,0.3057722845181467,9.68617298574618,0.2094851539230473,0.1314525355585017,0.8238857103575573,0.6924331747990555,74429039.89063162,1.9400925609318629,0.0675349588788127,1.032,0.0696960775629347,1.9464368934374427,10.252959153222903,1.8860822610827928,9.93503793916948,3.8790789898276894,0.7066313288089995,-0.0052188827710905,0.055164322082728,0.059348978817617,0.0085112979979042,0.0085112979979042,204.71883076757976,55.8721970917751,0.08574410397387985,0.04281844360521043,2.4800037797816152,1.0656371901660382,9.15781726851682,3.028625263621307,0.06303264195426882,0.023387645408600145,0.013600544817430012,0.01058219146898752,54.04833906880461,15.728196412024564
130,129,13,B_optimized,False,132.2246657020525,81.11289391809274,847.8963068134099,1728,52.57659364875487,0.9113118256186646,0.0579128517286855,241.1078635355435,0.2885704928413831,7.23652629228932,0.2174023794332921,0.207372614308733,0.8652554256717423,0.6578828113630093,118843758.4690346,3.097821657484241,0.0469728692641694,1.03225,0.0484877442979389,4.414731685699155,14.005591348128204,4.276804733058034,13.568022618675906,4.585840329373515,0.8300300614470513,-0.000983015331458,0.0428569619229253,0.0541867106478074,-0.003726141080878,0.003726141080878,187.13364136780723,75.7536666060432,0.0865650614752266,0.04283185879093329,2.4695661467255148,1.0686719148258725,9.074904271702858,3.0537793330955596,0.063931874751596,0.023451866747400168,0.014033324423821894,0.010620727216688637,53.480335431955226,15.814714350207876
131,130,12,B_optimized,False,140.97932930699042,79.23293117947223,648.4161863669925,1461,59.35045798334325,0.6359977594720996,0.0256432762709078,283.87586073313827,0.3504846718780336,8.640902170212504,0.2078615777113771,0.1659428946487489,0.8412906793066994,0.6753477846579505,75060211.91737483,1.9565449047421843,0.0635293270717135,1.0325,0.0655940302015442,2.612067564660778,10.630488559962236,2.5298475202525696,10.295872697299988,4.78304414791219,0.8560723496394842,0.0024822530320232,0.047115360522957,0.0414980970822105,0.0158548208113027,0.0158548208113027,293.66929179218573,62.02341790149757,0.08660825978280014,0.042793720608815734,2.476628491700943,1.0744772748717693,9.058311717105305,3.027316488080303,0.0642185721419529,0.023082039221615665,0.014115079944261913,0.01055788214632742,53.36040760682006,15.65212729952117
132,131,12,B_optimized,False,129.0378127373611,73.32119077782798,587.61317484718,1303,48.54204955632467,1.0196296504375495,0.0495254654741488,182.86932299558867,0.250925148368088,7.055328669818698,0.2211470408057949,0.210080380494081,0.8683967587739331,0.658316378279852,56139100.498585455,1.4633408064211912,0.069287158518973,1.03275,0.0715563129604694,3.032024764539223,9.501275450624576,2.9358748627830766,9.199976229120868,3.767235307676912,0.6829225320525867,3.985003855420423e-05,0.055345801939547,0.0459664298421237,-0.0035590356320251,0.0035590356320251,161.64937808323162,59.625575688249214,0.08716178500111557,0.04257929693632424,2.442942885318319,1.068408570572575,8.987680015493764,3.007286715400258,0.06455290166485976,0.02323515790424988,0.014255861830274472,0.01054466697833525,52.96105980957285,15.667196283217782
133,132,2,A_standard,True,128.1269957017367,68.28962510520036,328.1412263775343,883,71.93932527048435,0.6607854434273986,0.0286654231910972,220.77602007332013,0.424745924322674,9.00838323560177,0.2222463193685024,0.1350540760285311,0.8351301778114787,0.7000761017829475,19786830.295169245,0.5157702197487436,0.1179692958627769,1.033,0.2739794536404994,1.1448239564439495,5.934392476134494,0.4929350512748359,2.555213876371724,3.0689198048942683,0.5172231343593502,-0.0034951083359523,0.1334372846551288,0.061460982210107,0.0327955590190098,0.0327955590190098,193.69360740271892,14.230264239008074,0.08646825557973671,0.042984425107349226,2.4729126280056146,1.073337004361751,9.11789807152636,3.1302733238206097,0.06435894703959195,0.02330308777383477,0.014107676262462107,0.010594842035656886,53.28427709431091,15.754087572033232
134,133,12,A_standard,False,128.49292698188492,55.59617046612655,239.0077637779821,909,88.48865922635439,0.5912594287188684,0.0197142066486755,219.57226853576847,0.1793840922876385,7.313602642502615,0.2218030796790086,0.1974678308547734,0.8639226385950424,0.6664548077402689,12078715.987355117,0.3148479016672905,0.1454254491578198,1.03325,0.1502608453423173,1.357862960013799,4.582793531667303,1.314166910248051,4.435319169288461,2.481360554623182,0.3731704318586515,-0.0089654761401927,0.0996761629443998,0.0079827698649456,-0.0117314367837299,0.0117314367837299,242.2188804027719,32.88818303920123,0.08658166909242272,0.04306939439803407,2.454798118957111,1.0898521905815861,9.123638779269077,3.1239176103296615,0.06489913520583271,0.02368738815271489,0.014065266758764182,0.010587925606221758,52.946192837095076,16.033794628662495
135,134,16,A_standard,False,126.60429832174482,85.14439108338036,285.568097062549,1025,78.39623364054736,0.5314518963637235,0.0545748522370564,145.81087491601298,0.3073200653475032,7.03681211246,0.2241140645267925,0.2065839185641226,0.8687184126973692,0.6621344941332465,24922384.78066115,0.6496353222437337,0.1004314790725399,1.0335,0.10379593362147,2.056963817240117,6.592897966333825,1.99028913134022,6.379194935978543,1.8599219394207995,0.2423060292682814,-0.0195591551994406,0.090826869858985,0.0392158695326605,-0.0153589827043958,0.0153589827043958,121.92901698569922,36.3688278426897,0.08688673670645902,0.04286528647395713,2.449206975757706,1.0866522630810251,9.051121722606796,3.0619243747839393,0.06512594345503661,0.023681258203106452,0.01379889900190427,0.01057417997920913,52.70563316306623,15.969912443353302
136,135,7,A_standard,False,138.63103231223792,75.45914007850234,459.7744512944682,758,65.90046509985555,0.6649027613431483,0.0458248481968712,268.0015563701229,0.185295583202128,7.287657523303099,0.2103200650338864,0.2159430411945562,0.8643710464416813,0.648428005247125,26298192.021357343,0.6854975797291597,0.1020906180646051,1.03375,0.1055361764242855,2.1152094608527383,6.351494559831009,2.0461518363750795,6.144130166704725,4.066762745362025,0.7439807921869236,-0.0017193976525658,0.0668505032259102,0.0384920379228484,-0.0073328102740227,0.0073328102740227,278.8862234868247,50.84298855034246,0.08710282943112795,0.04296038697368476,2.472250308971225,1.0612402950078617,9.02182587260571,3.0858187855695633,0.06528540900993936,0.0238657245619156,0.013178726149395234,0.009043212367677363,52.82453082334532,15.788310235687502
137,136,13,B_optimized,False,136.76755705535027,79.42401126048169,634.3613849574056,1398,61.05939054440304,0.5414129891996854,0.0130960146212033,104.73964705660276,0.2325180656615019,7.446197403338977,0.2123219355950812,0.2057710686286916,0.8616346413874258,0.6558635727587342,70436169.04333629,1.83601303714676,0.0714706433230235,1.034,0.0739006451960063,2.8790991526223566,9.176684891367906,2.7844285808726856,8.8749370322707,1.7153732803873132,0.21676368280529,-0.0209565747983859,0.0772720519891398,0.0,-0.0130960146212033,0.0130960146212033,100.48023418891675,44.75272305624105,0.08801980425787653,0.04318543545007208,2.439981354484224,1.0419380885817455,8.963015327183392,3.1320675882632854,0.06616242461414604,0.023808212848518775,0.013308201548118343,0.009018643161941902,52.24134421979361,15.726370112035815
138,137,1,B_optimized,False,140.53583833672712,90.07764682304324,658.2959396774149,1601,72.06528414402659,0.8254482897946501,0.0210782157420516,484.1265528842234,0.1902871048811611,8.40467335492422,0.2083205269017844,0.1736235235292155,0.8452748256069702,0.6716513020777547,94935696.40404822,2.4746260146715,0.0495061957859127,1.03425,0.0512017829915802,3.5071069544515674,13.567015025397618,3.390966356733447,13.117732681070938,6.717888628825341,0.9762905984909624,0.0049062106630563,0.0320747751905926,0.0358045295574401,0.0147263138153884,0.0147263138153884,490.4089712923927,74.0663115068278,0.08804932423938386,0.0431657783379712,2.4362945089024155,1.040285705895575,8.95896120152935,3.129032874584487,0.06625326051208585,0.023789082211769348,0.013328463025457187,0.009009870493912407,52.13293155802629,15.69870201278996
139,138,7,B_optimized,False,138.960224950742,79.047771947199,636.3948457378506,1452,54.50493411898084,1.0300447516994908,0.0145008030836929,314.3366183310104,0.2990530689446907,8.069383706137783,0.2099711715892716,0.1837208209993747,0.8509621111628743,0.6672412901634996,73043723.40894334,1.9039824323502093,0.0619520059745893,1.0345,0.0640893501807126,2.9655346604068145,10.770293546865618,2.866635727797791,10.41111024346604,5.767122250709143,0.9408730976832866,0.0021613918112464,0.0399753128245682,0.0250478305751088,0.0105470274914159,0.0105470274914159,307.0954831112739,67.10385635220517,0.08883203896147719,0.04311169540888769,2.4485629713283035,1.0410286948459857,8.859420538005116,3.1531063473115215,0.06669121517502508,0.023567243467849386,0.013311303211907908,0.009028091548265858,51.965132206916095,15.631226730558321
140,139,9,B_optimized,False,146.49866926041247,72.88156808521272,647.1780769391148,1668,44.24484157373356,0.3695505870752728,0.0959602914423904,293.31074416088114,0.329538808361913,6.904843920087169,0.202348249465775,0.24729258714293,0.8710143051844649,0.6237217180415349,78675144.93359548,2.05077297302497,0.0558376680216107,1.03475,0.0577780269853617,4.428777130291704,11.170268031253332,4.280045547515539,10.795137019814767,6.629264197320763,0.974150239285824,0.0063747238209706,0.042240026222843,0.1112538983271511,0.0152936068847606,0.0152936068847606,286.3465926078485,73.23305147439898,0.09002674568426475,0.04321525357913033,2.4265004999476028,1.040290521755318,8.754742091410888,3.1837304030849745,0.06690907371861927,0.023602486156448943,0.013152415439467477,0.009106708959399613,51.913587103351276,15.629140577685654
141,140,20,B_optimized,False,130.41936409613604,76.0620232898769,520.0897882756844,1275,44.2420420294687,1.2036531087584372,0.0181050462571697,100.6992745631247,0.3513942603881838,7.97205298620118,0.2195045730798434,0.1737909589584021,0.8526202195865152,0.6788292606281131,50437829.02553164,1.314729533335066,0.0723007858329711,1.035,0.0748313133371251,2.40372157724389,9.388961030054922,2.322436306515836,9.071459932420217,2.276099156907157,0.3265345697577421,-0.0166472209695111,0.0743220935158865,0.0,-0.0181050462571697,0.0181050462571697,123.120944734114,44.867077059156735,0.0899067784242467,0.043181567096338344,2.430089737700912,1.0373254246190255,8.760907658598185,3.1798926053504126,0.06748315425881175,0.023771770799571327,0.01339592405527322,0.009062448711704602,51.531906253762806,15.821882936383005
142,141,5,B_optimized,False,126.72510449190848,81.60680237820745,563.3632572422644,1217,61.212524413692606,0.7149429605603781,0.0525535067103934,154.00570441300636,0.161252093384042,6.856498592708904,0.2239644906558842,0.2153238263329573,0.8718569019096701,0.6565330755767128,55950691.45911077,1.4584296725890973,0.0664548984381973,1.03525,0.0687974336081437,3.2401498067626613,9.87937820997928,3.129823527421069,9.542987886963807,2.515918202820547,0.381288732632187,-0.0242949067092571,0.0639190343670248,0.0131721745789753,-0.039381332131418,0.039381332131418,161.18069806166173,48.11057913161416,0.08958186385504256,0.043371935670114416,2.444835905815351,1.0414870828252587,8.811793547567156,3.208801844580326,0.06768418891478566,0.023638907203880698,0.01359021305111946,0.009148524597516989,51.425963632225596,15.759388988852088
143,142,6,A_standard,False,139.58815869213356,69.4398971294976,376.9306320209664,872,84.55202724637142,0.6379119187610149,0.0470154474621517,411.0985022876496,0.2617386374390539,8.64355736500098,0.2093095396286409,0.1637885499188013,0.8412460046803626,0.6774574547615613,22823749.20049339,0.5949315764588458,0.0929298452012845,1.0355,0.0962288547059301,1.762496747563046,7.289987982807884,1.7020731507127436,7.040065652156334,4.862077417609074,0.8655389042785779,0.0017567181161977,0.0567126934314658,0.0512420138436967,0.0042265663815449,0.0042265663815449,394.4716725075846,54.87134691984457,0.08960509694727252,0.04335760397128536,2.4407513374996292,1.0387465031377627,8.811992468630152,3.2089032159343884,0.0675090817980642,0.023786878267931195,0.01358781628642561,0.009147292923183378,51.59161697075076,15.883573606679542
144,143,9,A_standard,False,128.6368926131511,67.02865811134345,257.34881890190275,923,82.16961823614524,0.5564143051330986,0.0789667229642253,900.0,0.2030846812214458,8.826902898872406,0.2216292868577307,0.1413805349263519,0.8381668796119701,0.6967863446856182,15921515.555723583,0.4150156166707222,0.1231808140336978,1.03575,0.1275845281354025,1.1477480160804536,5.656614223177668,1.1081322868264094,5.461370237197844,10.952953406860331,0.9996485014483488,0.0128830088303211,0.0664726566018989,0.102096331284325,0.0231296083200996,0.0231296083200996,879.0445153426332,48.64737203784129,0.08870128659724597,0.04344889175570014,2.446555719724169,1.03446802119837,8.913732741870621,3.209751564971229,0.06691043113304353,0.02347924665729036,0.013588396364293686,0.009147473682902271,51.95104075834189,15.66302737586336
145,144,20,B_optimized,False,129.0339893490293,77.01188802255322,636.5598286635652,1847,54.52203056831645,0.8282190764324279,0.011119242432436,376.6209167207588,0.1210813043503741,7.976052661450638,0.2211516277296215,0.1713722772435069,0.8525520182345948,0.6811797409910879,90544879.3299501,2.3601734897647173,0.0570714257565146,1.036,0.0591259970837491,3.002768460256051,11.935565512192104,2.898425154687308,11.52081613145956,6.9076832391422105,0.9803085577499444,-0.0012745411161626,0.0339834349746249,0.0063162994583913,-0.0048029429740447,0.0048029429740447,364.04149696933314,71.21847595229626,0.08668260546073742,0.03961617898615455,2.4600756341285694,1.0173618437396297,8.96780263828557,3.1325356726287255,0.06608848878397819,0.02216061342039291,0.013595263547482575,0.009138436689542588,52.53070111117057,14.878146207542489
146,145,18,B_optimized,False,138.9626553992906,83.88242626450513,635.1258826979807,1763,62.014647168512425,0.9142898451032688,0.0853547799780852,350.81256604497486,0.1526854185743518,8.271653402992762,0.2099686009142465,0.1760851679340324,0.8475265879054071,0.6714414199713747,93925411.74247438,2.448291592526284,0.047301921188059,1.03625,0.0490166158311262,3.7225796228015264,14.19480230627237,3.592356692691461,13.698241067572855,5.656930774623481,0.9344368822598969,-0.0034084797739284,0.0349274104393484,0.0770733336336188,-0.0082814463444664,0.0082814463444664,367.68242757731286,75.47630730022922,0.08645772683978152,0.03951980187432342,2.4738415799556317,1.0036817071085684,8.979169469736386,3.123981877779581,0.06639933396000629,0.022413209274182416,0.013399926289058443,0.00897271938520132,52.57454392199118,14.838634525875142
147,146,1,A_standard,False,112.92245066018516,78.65881543833389,242.17519369061125,816,77.72322370814172,0.6906607806290214,0.0724181488476048,278.6247652021744,0.3273501434110051,9.75212411066441,0.2427933688449995,0.0936911948171024,0.8227997029610641,0.7291085081439617,15544158.513230084,0.4051793002002602,0.1302847871849634,1.0365,0.1350401819172145,0.7191261300837096,5.596267406944888,0.6938023445091265,5.399196726430186,3.5848328454367446,0.6421786842219573,-0.001010630274743,0.0864797362185278,0.0955153536131015,0.0230972047654966,0.0230972047654966,290.2348550843437,36.93825418892442,0.08740116323832181,0.03918674553294362,2.427457617167198,0.9982522926598895,8.852175266490372,3.065069294275506,0.0669335531927715,0.02211787734996893,0.013237403806108723,0.009119288024352405,52.22403193316065,14.657929507494567
148,147,5,B_optimized,False,137.98753760561627,84.18275008599224,599.0429652626,1411,50.730926006725205,0.9452258112231108,0.0633821545870493,150.2429737031312,0.5259937226409407,7.842397007607881,0.2110061542178074,0.1911314185264536,0.854834034868638,0.6637026163421844,71155437.85625267,1.8547617416215167,0.0596596662215959,1.03675,0.0618521589552395,3.2036957400419857,11.12481276507601,3.090133339804181,10.730468063733792,2.96156576529303,0.4903926239544449,-0.0105094241906187,0.0703092345034405,0.0625174230770745,-0.0008647315099747,0.0008647315099747,152.1540544316738,56.853389076955175,0.08643829931490896,0.03932949987773528,2.442708560875409,0.98807897286563,8.96594035885429,3.0851653579274765,0.06620748688583437,0.02237106706738651,0.01262959470763746,0.008601702600776796,52.811178774378334,14.58972975103654
149,148,17,B_optimized,False,135.61353995788448,87.11186544323718,634.0687772531206,1599,61.64498838031865,0.8547767876519364,0.061181711855888,344.2802079490516,0.1224639565245314,7.05574204994911,0.2135850696004154,0.2215734466620428,0.868389579244304,0.6468161325822612,88320627.495325,2.3021953881482493,0.0517678276420134,1.037,0.0536832372647679,4.28013800761111,12.494558146328734,4.127423343887281,12.048754239468405,5.584885600513305,0.9298824851788612,0.0023335790476621,0.0343226448371944,0.0707778711205823,0.0095961592646943,0.0095961592646943,309.0479806148642,75.33697352179533,0.08665962406380577,0.039165928800653275,2.408653418919168,0.9594511449373211,8.936561358053604,3.0592394322824066,0.06657623180863563,0.022161047841299797,0.012371292587931824,0.008676870110697092,52.53988776193488,14.436027644873965
150,149,2,A_standard,False,134.93825264393806,65.66413279819047,342.1485269922591,1072,79.625469150167,0.1481317636244905,0.0638633937706341,134.0327595946412,0.2128825346527849,8.57919523593779,0.2143327173218582,0.1590077672456814,0.8423295896276229,0.6833218223819415,24084502.127669957,0.6277947892422232,0.1054964677919526,1.03725,0.1094262112172029,1.5072330910572025,6.4772009592729285,1.4531049323279848,6.244589982427504,1.6832900455740682,0.2113661921127418,-0.0173170498839807,0.0943470788865049,0.038216439189163,-0.0256469545814711,0.0256469545814711,136.42400933552435,31.203451900410084,0.08518604593543078,0.0388114879066201,2.458758748108545,0.9435344604223799,9.056717223177891,3.037558066029937,0.06589013857350313,0.02228544468023092,0.012490800533202517,0.008583304764696178,52.99023611730965,14.552901229339621
151,150,18,A_standard,False,134.4428818280686,79.18605139612791,459.2830573223538,1009,72.80914521111538,0.4564305238789325,0.0213541927128608,127.59538748739604,0.500110462214668,6.867346234234655,0.214885226375332,0.2286206383635331,0.8716677706040247,0.6430471322404915,36696131.08854116,0.9565337809606804,0.0852026201409878,1.0375,0.0883977183962748,2.683258308080508,7.54726945223537,2.5862730680294046,7.274476580467826,1.7524637477534448,0.2231269167128258,-0.0198275300684562,0.0919492440306131,0.0,-0.0213541927128608,0.0213541927128608,141.7719009085875,38.619257463195225,0.08498346434513193,0.039013883098524646,2.5057591753852946,1.0207613043784305,9.098099533805,3.1090283347424683,0.06547257879279299,0.02279249595452938,0.012505677879969378,0.00857878877774978,53.371676303003206,15.099528195629627
152,151,6,B_optimized,False,128.26225770535723,91.38847577812028,655.4913369872785,1784,53.7336066124022,0.9994769167412736,0.042106033585936,124.03196937362488,0.1036627482211427,7.789431036727057,0.2220822308179632,0.1773031638515095,0.8557400569592856,0.678436893107776,106869367.84468476,2.78569313606128,0.0500344924708966,1.03775,0.051923294561673,3.5436187137231507,13.559383929044534,3.414713287133848,13.066137247934988,2.3082755317041608,0.3336495665457165,-0.0241558354519111,0.0567481615878622,0.0287197576065507,-0.0133862759793853,0.0133862759793853,117.58524950066924,58.09735897283501,0.08518442453610937,0.039232780217046154,2.5190454583377546,1.0070593713307265,9.079115864500572,3.1325050504812904,0.06569586969185606,0.02311353286336883,0.01261581360908161,0.008465828770396106,53.29154175912456,15.183960523108356
153,152,19,B_optimized,False,139.60120375997437,87.96686979497889,730.0472110872073,1675,49.1399675574084,0.9038141425843624,0.0766848905037387,341.2798234064292,0.16454178125168,7.401009953916483,0.2092958481507661,0.2124601886970822,0.8624136948043367,0.6499535061072546,107568446.33617552,2.8039155527798307,0.0528552519729067,1.038,0.0548637515478772,4.0196608807387335,12.2968575845673,3.8725056654515737,11.846683607482948,6.945055936549503,0.9810171860335046,0.0003049385247893,0.0342091561455534,0.0751923030331343,-0.0014925874706044,0.0014925874706044,380.09847035067344,76.28941421187932,0.08493082523403789,0.0394450322621554,2.522111558692049,1.0113138769590049,9.149055087254883,3.2118852058587013,0.06568070177222764,0.023114676180777848,0.012848213227061176,0.008775061277668491,53.31554493561678,15.190702051425678
154,153,6,A_standard,False,132.47513256125555,74.33756228579405,336.9269305636953,935,86.10130503797109,0.4541314301522403,0.0649254519389518,214.3888069909624,0.3157874371375974,7.29818016679113,0.2171145723423055,0.2050418312483787,0.8641891562147511,0.6591473249663724,23418315.451915,0.6104297417322285,0.1034089340785659,1.03825,0.1073643258070711,1.9828251115381983,6.374181600842909,1.909776172923861,6.13935140943213,2.4899600174052634,0.3751841527247859,-0.0148590388984603,0.0876022168187435,0.0393639270536805,-0.0255615248852712,0.0255615248852712,171.8949709824189,37.209994632611846,0.08529563179864715,0.03962144093414613,2.5258538410266023,1.0086214163012472,9.116736975882013,3.2377275105331704,0.06604808338624425,0.022951749069634975,0.012797367806738538,0.008838167113576463,53.22286376871025,15.166337068491774
155,154,9,B_optimized,False,127.65177133409676,72.52608748681632,641.0709438296554,1627,51.79201216958092,1.1521762280064607,0.0546970247647511,230.2150083831917,0.3097567930482001,7.74991240435549,0.222825164355073,0.1778392004488543,0.8564166778497165,0.6785774774008622,75646335.69056383,1.9718230055187125,0.0487479557765384,1.0385,0.0506247520739351,3.6481365754919577,13.920121707492193,3.512890298981182,13.404065197392578,4.444990621901425,0.8092262883818347,-0.0005012249753265,0.0418295391981925,0.0465560825631395,-0.0081409422016115,0.0081409422016115,238.64088219779495,71.32549400354564,0.0860195587031061,0.03966125665717069,2.5264544385087073,1.0082415501310606,9.041721914742896,3.2617429547367305,0.06625814901933376,0.022898105531012625,0.012934008265428659,0.008823351034719137,53.11874763029934,15.165647139858562
156,155,14,A_standard,False,137.85183799446492,71.9574554038988,441.4899687382811,1115,79.56549365491074,0.6729024316222355,0.0335369619240845,218.4802834810654,0.6760026391949023,8.899891326214082,0.2111515310160769,0.1527083051743047,0.8369442425647801,0.6842359373904754,35421871.631480195,0.9233185023950324,0.0813651418563903,1.03875,0.0845180411033254,1.8768271238786167,8.409448097542231,1.8068131156472844,8.095738240714542,2.745917525864316,0.436818919479182,-0.0082327501283005,0.0831381926070069,0.0168025810361075,-0.016734380887977,0.016734380887977,183.3105808570021,42.59795536637005,0.08735028838243805,0.0394921434686113,2.4686410959924783,0.9885102927061025,8.890036172016144,3.2230763690857107,0.06738191713261127,0.02310406007866474,0.01349721170902462,0.009117453313437295,52.16671331987553,15.209777139920504
157,156,3,B_optimized,False,141.9536974942614,72.77172442738983,685.9192884768428,1797,45.42356515661411,0.9044655085709196,0.0389262597655778,132.56261539415013,0.2450679096908727,9.105668788324186,0.2068618150826552,0.1520394620479859,0.833506835582204,0.681467373534218,89698206.4045212,2.3381038265448137,0.0432968259950662,1.039,0.0449854022088738,3.5115613801647028,15.739430267056338,3.3797510877427364,15.148633558283292,2.9183665997394246,0.4796029758448585,-0.0160042570500555,0.0516203705553173,0.0319564301541542,-0.0069698296114235,0.0069698296114235,145.45523069558453,65.34216005104392,0.08856416049848663,0.03974175524445138,2.455731158937459,0.9919038907444658,8.786846321555032,3.2595354386622293,0.06840064510112455,0.023314223371907247,0.013373099476728451,0.00912693748126575,51.61862775598611,15.340536893511477
158,157,12,A_standard,False,120.68137522831168,71.16411844268477,374.6351539573061,720,81.66448843948228,0.7357092495426154,0.0147190023163256,162.6822055662148,0.269676996109448,8.92620586309067,0.2317580627933874,0.126347380314442,0.8365038824509765,0.7101565021365345,19195617.93768804,0.5003594782106864,0.1163832607210247,1.03925,0.1209513037043249,1.085614714106539,6.101878377843424,1.0446136291619332,5.871424948610463,1.992080140032604,0.2673871347842788,-0.0159439698573323,0.0945144156212912,0.0,-0.0147190023163256,0.0147190023163256,160.63745347229803,31.77659377137853,0.08886589673004698,0.039667191925944326,2.4467223630037456,0.9894966718939984,8.75487506408083,3.2632382172087206,0.06884183660472881,0.023270819658759788,0.013423094933736557,0.009078800635383587,51.32181579999854,15.326017777791348
159,158,11,B_optimized,False,152.14463053883918,79.39382818832141,601.2559728709471,1468,70.91487646865289,1.1929271039766176,0.0582156818770307,166.40686000656115,0.2678964676688803,8.336354089128415,0.1970622270223397,0.1934414295394985,0.8464305861438884,0.6529891566043899,70076467.68194284,1.826636939639363,0.063673115682349,1.0395,0.0661882037518018,3.03803932737538,10.255335389303184,2.9225967555318717,9.865642510152172,2.3465719506698908,0.3422174505681633,-0.0166217009461852,0.0700554313691915,0.0504076893355831,-0.0078079925414475,0.0078079925414475,189.2988329076482,50.97632945870985,0.08606343263324417,0.030123972495263183,2.4667163178802576,0.9588374514122319,8.802537582596502,3.187360292992439,0.06842236425410483,0.022249290595571264,0.013370179265966762,0.008970650451784759,51.55903406098312,14.823755426765887
160,159,16,A_standard,False,146.07004308948112,68.60025570628657,382.9875320492126,899,83.57141924428872,0.2824730944684606,0.0217141017582896,116.8925801977026,0.2912858401463532,7.742283438612344,0.2027637045338293,0.2080755442803889,0.8565473592890488,0.6484718150086599,23619465.32517515,0.615672982452757,0.1066650160504179,1.03975,0.110904950438422,1.9507384143835564,6.07951734336348,1.8761610140741107,5.847095304990123,1.3987147909503888,0.167802065816509,-0.0218955272327012,0.096142970413052,0.0,-0.0217141017582896,0.0217141017582896,115.21342036043832,31.969115989942782,0.08544214830327547,0.02907500273133637,2.470500779302272,0.9545594671452398,8.826894876549016,3.1578221134141664,0.06863361109075544,0.022599473572816924,0.013669231143040216,0.009162097463981967,51.4476787687308,14.986887011593254
161,160,20,A_standard,False,122.32457797486504,78.36512096167412,256.4995643486801,944,68.45414385573675,0.7116750761223913,0.0309796542493208,175.3410620913848,0.043414200744789,5.642175004600043,0.2295743794998924,0.2738160288353184,0.8932904490503454,0.6194744202150269,18974984.701140173,0.4946083775442015,0.1161975289604363,1.04,0.1208454301188537,2.3564703250148216,5.331218535860169,2.26583685097579,5.126171669096317,2.561438244862228,0.3920837275231502,-0.0111788117038323,0.0861174221847934,0.0161787369687893,-0.0148009172805315,0.0148009172805315,154.4698195447294,39.59338446722625,0.08462665043839053,0.02912149995235563,2.4954401440682035,0.9580402923416129,8.907681860559457,3.1455701602729134,0.06818353342571144,0.02237140181545652,0.013543804016391443,0.009181399465123209,51.82101572592806,14.835331025506715
162,161,14,B_optimized,False,137.1987068794293,76.39059714208469,701.4886151238634,1606,54.2289454915321,0.9802157680475312,0.01,135.23846681098289,0.2967773258476956,8.367660993277275,0.2118546568276086,0.1698689624661533,0.8459007696057722,0.6760318071396189,86060937.52148362,2.243293543993011,0.0582526210309714,1.04025,0.060597289027468,2.916074151853842,11.605174070711598,2.803243597071706,11.156139457545397,2.493842828496462,0.3760948053914616,-0.0205444656398333,0.0635668315533282,0.0,-0.01,0.01,115.29194472805034,53.40663249492026,0.0849501129770534,0.029446495818736554,2.480993947495073,0.9703204442889151,8.899111438669781,3.1538263386431513,0.06866574696277418,0.02260075809773584,0.013406041780521325,0.009327015743899726,51.52628971941658,15.000616086595226
163,162,9,A_standard,False,135.99378341760683,63.07725734318532,415.62660452248303,790,71.05716978117948,0.3242832220960596,0.022521180162106,285.31150384833,0.2505334908072838,5.720668275241113,0.2131668600412846,0.2953905518748298,0.8918892034420633,0.5964986515672335,20711103.17078979,0.5398626295513888,0.1009970439639508,1.0405,0.1050874242444908,2.924744529951436,5.906100101109331,2.8109029600686557,5.676213456135829,4.015238782053192,0.7340441349572915,-0.0006065277990048,0.0656671954847417,0.0190155130354888,-0.0035056671266171,0.0035056671266171,271.2023268905605,54.02724202609521,0.08619339625618654,0.030271237593077996,2.453346505652901,0.9811320083927405,8.820608771982686,3.202909142999081,0.06928734424244733,0.023260075029537794,0.013843993124643496,0.009813572037996156,51.13561216177427,15.428885348231228
164,163,9,A_standard,False,116.5012184446932,57.02459898535832,326.5547573908475,936,57.90055540383791,0.3288177131658766,0.0307540073092711,296.2087745525312,0.5233982121149523,6.076632723526987,0.2375481760614442,0.2361016089848498,0.8855621353140597,0.6494605263292099,17429868.225407716,0.4543328481977708,0.1181491013866139,1.04075,0.1229636772681184,1.998336053460663,5.496956969685361,1.9200922925396708,5.281726610315023,5.115819226371309,0.8924312427553422,0.0092263735650567,0.0759855945913188,0.0356168681377832,0.0048628608285121,0.0048628608285121,282.1707565563846,51.27067094031534,0.0862986740874007,0.03015599365515906,2.4713807251252624,1.0066729006950255,8.783105173096866,3.162287129624143,0.06956206592083986,0.02288976238823472,0.014049678439744808,0.009939410785836031,50.95082289501438,15.202309349707912
165,164,9,A_standard,False,122.5578825018396,74.9155209831398,410.4164717527636,767,85.64742258490406,0.4648571446508953,0.0177436919053949,122.91461670153409,0.1698651370732021,7.838332344213053,0.2292683752409008,0.1657819810269399,0.8549035299455443,0.6891215489186043,23582614.435689416,0.6147124146870026,0.094961553922318,1.041,0.0988549776331331,1.7457799938968512,7.256847855315533,1.677022088277475,6.971035403761319,1.435123357970128,0.1729479939364403,-0.0223153111976167,0.0883932815686971,0.0,-0.0177436919053949,0.0177436919053949,137.65798248037532,34.39843092126365,0.08623398873997028,0.030208029332734986,2.4798597458915212,1.0118421617200892,8.792139252870276,3.167673591559066,0.06962267801808628,0.022813703922374085,0.014372361376590228,0.010084219195818473,50.95118321350415,15.202700223631552
166,165,17,B_optimized,False,138.49864881394646,70.89338618431246,683.8157267851121,1597,60.15611270945757,0.4388499748463474,0.0884443208493023,192.5090667157513,0.1903061825136388,8.264577244630498,0.2104607685070217,0.1756311400633275,0.8476465410403257,0.6720154009769981,77419385.79941957,2.0180399301412133,0.054523484322134,1.04125,0.056772578050422,3.221201694038277,12.32524680569966,3.0935910627018264,11.836971722160538,3.200158022934976,0.5498731102996602,-0.0157601099927808,0.0572560406981027,0.0661407022534996,-0.0223036185958027,0.0223036185958027,207.6234113582006,57.95873320931841,0.08647538323485199,0.030023657410577585,2.450917307800046,0.9794782598079327,8.764620872893882,3.1558724264055535,0.06992121144478539,0.02254414036080414,0.01446261683438854,0.010112787341552408,50.71218000258935,14.93686646834471
167,166,7,B_optimized,False,132.04284138662663,76.46646564661604,727.9235302861838,1551,50.70504693703361,1.3222205356775685,0.0105077749427058,507.1741790149298,0.3876538471821645,7.54891509617074,0.217611891853187,0.1934504840741808,0.859866355902835,0.6664158718286541,86331358.15370952,2.2503424197769104,0.0614105341676863,1.0415,0.0639590713356453,3.150118895659644,10.851816888759718,3.024598075525342,10.419411319020371,10.002439789568626,0.9990911668517868,0.0066325356722316,0.0435815743620609,0.0286438724105688,0.018136097467863,0.018136097467863,477.187517711386,67.27372841636516,0.08718509134683564,0.030161883248974727,2.436435216499662,0.98674287577909,8.706677484102443,3.1766520602084465,0.07011951767828524,0.022627098769735978,0.0143183304109679,0.010111223419506616,50.58270706432762,15.016410901849426
168,167,4,B_optimized,False,124.1387200734791,76.20389653104769,714.2114416200039,1530,46.58457742416142,0.6851311783045563,0.0318828404600975,141.49781034885024,0.4130414649729799,9.535531148593968,0.227220725996329,0.11455842657797,0.8263716865375084,0.7118132599595384,83271313.04170682,2.170578247531292,0.0597664902613205,1.04175,0.0622617412297306,1.91676683835841,11.909905648587287,1.8399489689065611,11.432594815058591,3.0374389588315,0.5093586465845009,-0.0167173995094409,0.0641450410194831,0.0154867988320196,-0.0163960416280778,0.0163960416280778,133.93405194951646,51.271833114674,0.08672605893604635,0.030618626880011282,2.4504226098424655,1.0016172506098655,8.810146945515564,3.2867935590973736,0.0704313100488155,0.02264731523517812,0.013897089858536478,0.009463772677490698,50.728773600451525,15.027389630799123
169,168,7,A_standard,False,142.1309491738027,75.04990662453719,293.00810126097207,983,67.87789976253234,0.4522690291801123,0.0206502720769043,266.5640531773512,0.5236949078773261,8.462101657518506,0.2066811969485562,0.1739552321655555,0.8443045289693218,0.6703492968037663,21616396.71899112,0.5634603177777295,0.1098871577667519,1.042,0.1145024183929555,1.5830351398731726,6.100342482482431,1.519227581452181,5.854455357468744,3.927111093742044,0.7164888216739448,0.004033541080484,0.081828473280777,0.0226225818480049,0.0019723097711005,0.0019723097711005,258.7450168554725,46.468989263683696,0.08785724689322931,0.03199089356356182,2.4363175971479647,1.0172150603381973,8.760024288863729,3.3331200941413273,0.07105239452461834,0.022689195045383987,0.01414392421809416,0.009366850544426354,50.43448244738741,15.088565133486561
170,169,1,A_standard,False,127.9128014159932,73.84192922009413,362.3934543256939,1027,81.32569709895652,0.2662374080424685,0.0475865421048811,230.69867381885243,0.7242763489663678,7.750592093204743,0.2225067652335059,0.178251612168802,0.8564050359915202,0.6781534238227181,27482347.26285517,0.7163641712960298,0.0936117564582898,1.04225,0.0975668531686525,1.9041583975429923,7.244318977444674,1.8269689590242195,6.950653852189662,2.8367254391701056,0.4592717992909488,-0.0043118464509866,0.0917633933210337,0.0314435913905605,-0.0161429507143205,0.0161429507143205,200.1033347268356,40.52593948536164,0.08708674573926097,0.03147430151723817,2.4435897482586744,1.0087908228327633,8.810135736511148,3.301196723820509,0.07123993453083491,0.022689321493911375,0.013789349338213268,0.009355309501072507,50.362341389924566,15.105897016432161
171,170,3,A_standard,False,136.7193808410624,73.2618269569443,374.6402067756342,933,83.70988224939553,0.597481696023885,0.0636016949129042,359.7563322361107,0.3698651900068509,9.386309945181797,0.2123743043850895,0.1362299454880308,0.8288416139102154,0.6926116684221846,25607888.657916352,0.6675038984702579,0.092950149955382,1.0425,0.0969005313284857,1.4656237300684718,7.451431425927256,1.405874081600453,7.147656044054923,4.297656651389072,0.7854403371510744,0.004283945478743,0.0679590654796074,0.062340944221203,-0.0012607506917012,0.0012607506917012,359.2586283953061,51.08783619112255,0.08688246227782505,0.03169187938888485,2.4721650614792474,1.0416385991963497,8.84605960149467,3.340831762177658,0.07133474691032445,0.022539872355499264,0.013871092857053983,0.009292834453058472,50.491179313273406,15.313454322581086
172,171,2,B_optimized,False,131.38368382181866,74.62521808191035,702.9862060593032,1613,53.12895591265652,1.099108803040347,0.0465283046303696,251.28496778756477,0.1179646829487949,9.565113347564091,0.2183755556904345,0.1238372664633374,0.8258829133085466,0.7020456468452091,84618784.78336518,2.205701902302316,0.0548013680462382,1.04275,0.0571441265302149,2.2597477194155187,12.81073213816237,2.167104022455544,12.285525905693952,4.729717787051468,0.849376318565122,0.0001015383403215,0.0408170357183205,0.0413957013480421,-0.0051326032823274,0.0051326032823274,275.9600485116359,65.53162502580759,0.0872199412509744,0.03136862093329608,2.4763047534447145,1.046580907453332,8.763043769416468,3.268590121187172,0.07144973403031064,0.022364331550854082,0.013733099214867041,0.009427780167504072,50.43019091399506,15.217689067971985
173,172,16,B_optimized,False,128.4426285534075,77.47368411075996,641.1424332207998,1606,63.80954026703359,0.8053586886238877,0.0679283863333242,181.1897058996352,0.2685862913040981,8.51255869347467,0.2218638771251053,0.1512790285801749,0.8434529366503106,0.6921739080701357,79772696.14421174,2.0793821145923923,0.0610316395878085,1.043,0.0636560000900843,2.47869841940792,11.34123075743817,2.376508551685446,10.873663238195752,2.8395394347206198,0.4599707100014597,-0.0132503506064095,0.0631824491940341,0.0643492995785023,-0.0035790867548219,0.0035790867548219,187.28415579085757,53.95119840346131,0.08570667395859306,0.030835142230621455,2.5076509847279116,1.0151013938244962,8.889659016512178,3.258226436721904,0.0707291610330297,0.022450436987849726,0.013610986938918294,0.009343178927177894,50.819668438097445,15.114185507475563
174,173,15,B_optimized,False,126.3179725415099,89.42760680254665,672.0445304340021,1411,50.83414566881373,1.012218051520516,0.0992976808880932,226.7099395397207,0.0767571379763031,7.224742340242503,0.2244695443172573,0.1975557174169732,0.8654593722726552,0.6679036548556819,84800160.30427164,2.2104296980573443,0.0558579501234774,1.04325,0.0582738064663178,3.5367520107749084,11.957181625520452,3.39012893436368,11.461472921658713,4.4597963938795,0.8115015317856532,-0.001994895049555,0.045132103013101,0.0905004835183012,-0.0087971973697919,0.0087971973697919,248.52317015869625,67.71011627987691,0.08561320972641123,0.030915899860237815,2.4992333037104357,1.0119126827473057,8.917437843596865,3.280088546217653,0.07084310197270165,0.022462715803165074,0.013949090380708976,0.009176910349149596,50.621471661238836,15.098415908009946
175,174,14,B_optimized,False,145.3341596519739,81.59390432999392,745.7158035606374,1744,48.03574421816468,0.6623042178268412,0.0103175095617755,228.2049254543087,0.07395817879118,7.449729568978268,0.2034818300007801,0.2196138272506772,0.8615737748118808,0.6419599475612036,106115186.69931102,2.7660343949048083,0.0401733317292417,1.0435,0.0419208716594637,5.4666570532616,15.979753730356602,5.238770534989555,15.313611624682895,4.750731547280019,0.8520450477052923,-0.0022496830001321,0.0284202278731036,0.0,-0.0103175095617755,0.0103175095617755,209.78388264051435,83.53889019381947,0.08553080972356553,0.03100809250514164,2.4973457831273254,1.008897165877979,8.946291550449203,3.314362023114966,0.07153634898079347,0.02183882783632146,0.013908234406981239,0.0092012004364728,50.318720497161074,14.740229585019248
176,175,10,A_standard,False,131.89564310975396,67.43567697329962,339.21766783968934,678,86.0235283889252,0.6019103637089903,0.0446989467790819,211.106915637565,0.5287320580570352,6.553261287006663,0.2177818649815647,0.2399843743113361,0.8771605590784267,0.6371761847670906,15509502.942865722,0.4042759563662198,0.1263434454688217,1.04375,0.1318709712080826,1.8994604225080916,5.043207286319646,1.8198423209658363,4.831815364138583,2.4540601808742277,0.3668069139922585,-0.0079551650133267,0.103507221436342,0.0379508423548345,-0.0067481044242474,0.0067481044242474,195.7964983660833,35.69349413533343,0.08542116829448654,0.030931473861841512,2.4978775223682086,1.0083424205808922,8.954859648755974,3.307782416054753,0.07125198158469673,0.021627288919530554,0.014028375116933712,0.009394782516044718,50.50276223469931,14.552949173699368
177,176,15,B_optimized,False,136.63717510815465,99.77447260844376,591.3132887537485,1424,56.24371395495315,0.9251489086179177,0.1155599963032022,121.5137459116418,0.1498677714893283,7.957583120199486,0.2124637366142167,0.1843908030440335,0.8528670013003312,0.6684761982562977,84013111.46124001,2.1899142163623035,0.044493408104567,1.044,0.046451118061168,4.144227446247404,15.024162605958736,3.9695665193940655,14.390960350535186,2.1604858101825366,0.3016371111009163,-0.0262290742781894,0.0636016536589717,0.08577697829489,-0.0297830180083121,0.0297830180083121,96.01750945002247,58.08382397144055,0.0861414485377718,0.03141769669063579,2.4666398908338247,1.0295186635376004,8.922974964937978,3.3319063623653453,0.07131078353621317,0.021688620597174364,0.014273034846334584,0.009742313853251876,50.36243270109902,14.702932615482085
178,177,4,A_standard,False,129.16033475199862,76.2998616350842,378.31816351603095,784,67.9598308616394,0.6581062394245506,0.021095759045608,384.9130327351508,0.3068328453671632,6.949958558555467,0.2210001732197163,0.2152528177192264,0.8702287497286819,0.6549759320094555,22630648.84776486,0.5898981572666536,0.1081810381273354,1.04425,0.11296804906447,1.9897462757369853,6.054443027608133,1.905430955936783,5.797886547865103,5.663831528933642,0.9348583888551004,0.0084598423870557,0.0650384153719304,0.0219358539597246,0.0008400949141166,0.0008400949141166,386.6927715343977,54.86265553636833,0.08709931480411484,0.031081448018088535,2.4235777547861237,1.0340732834035367,8.80135805651112,3.288283743751438,0.07201310700610762,0.021775820946750124,0.014709677290021827,0.010181125347342565,49.79323009191944,14.946257855952053
179,178,19,A_standard,False,140.9108025994615,69.63553498596367,331.3522047365244,968,79.34838381859309,0.4349817005333202,0.0341356154221788,355.49907984205936,0.2821374128441584,7.670925230803482,0.2079323325527835,0.2029017563244886,0.8577706657001898,0.6548689093757012,22335523.62814704,0.5822053233410074,0.1013809696370331,1.0445,0.1058924227858811,2.001379125203901,6.45948555947216,1.9161121351880332,6.184284882213653,4.480230884787826,0.8146074519571738,0.0033713797186206,0.0656676037372034,0.0494789363545891,0.0153433209324102,0.0153433209324102,354.1792723955484,50.66639017122952,0.0878608305001581,0.030740103924660814,2.383357339733131,1.0155097483465052,8.709653817808304,3.2654794565817737,0.07325140400456671,0.021338219183127127,0.015132756820389044,0.010059479483331996,48.95020397006713,14.606149802001887
180,179,11,A_standard,False,128.1067294027848,66.10309151347857,304.56581728711046,903,96.70280420787748,0.4940625927541327,0.0318863132606762,137.5163039502537,0.3500092768687421,8.260600303055162,0.2222709301164876,0.1594394085419927,0.8477139645370882,0.6882745559950956,18179866.109082557,0.4738825470380395,0.1100973709160446,1.04475,0.1150242282645376,1.448167265170883,6.2515076451729525,1.3861376072465978,5.983735482338313,1.4220508399595253,0.1710861270970053,-0.0217924450861946,0.0990453675868009,0.0,-0.0318863132606762,0.0318863132606762,143.0343634069066,28.15195108485216,0.08669220996964758,0.031092169805018516,2.402899694991458,1.0156119819884095,8.870113065299321,3.3330201286382324,0.07251741804300015,0.021465317300163,0.014668877269140726,0.01010343991184897,49.496236651100034,14.66848546728791
181,180,19,A_standard,False,115.75409513949224,67.5048695019568,462.3838367955775,577,97.14314679984317,0.4954359252646036,0.0483418799628921,192.1547451757127,0.2238692863141319,6.016291357996061,0.2386204016366546,0.2379701912012848,0.8866315010242902,0.6486613098230054,18009993.644677643,0.4694545938495608,0.1208494124439935,1.045,0.1262876360039732,1.9691464475391611,5.36751728208543,1.88435066750159,5.136380174244431,1.9780576551800864,0.264649228024637,-0.0212614914240302,0.0980517589486211,0.0579910891593863,0.0096492091964942,0.0096492091964942,201.4684454282091,34.61913970702667,0.0880923596543926,0.031011015504383274,2.3695118850863266,1.005769367453204,8.709900899233581,3.3030263025338344,0.07383385275871478,0.021563018450697972,0.01491865299222001,0.010093131447492338,48.69807631198305,14.541657896939265
182,181,4,A_standard,False,123.57407926438636,86.16511759020665,423.42670064530097,1049,89.87323094026951,0.7531993162202697,0.0287393786217113,198.80789269966627,0.233127335144023,6.736258731478763,0.2279469886119104,0.215345859964202,0.8739560639855706,0.6586102040213686,38272357.41308043,0.9976202301621908,0.0828922502162038,1.04525,0.086643124538487,2.5979010028383325,7.945377309743038,2.485435066097424,7.601413355410703,2.212092417505226,0.3126181285132571,-0.0223863544398828,0.07740537711976,0.0226805701392809,-0.0060588084824304,0.0060588084824304,196.18860301655369,44.78497788887098,0.08751442177007691,0.031346442802965946,2.3988394008791882,1.010395215638176,8.789152457473577,3.3353695247677924,0.07295604122207991,0.0220640689831294,0.014679300382064163,0.010190625537723465,49.26254055662772,14.8446510696065
183,182,10,A_standard,False,134.40953382961357,56.12019134363653,296.73946784662763,916,83.3749313881884,0.1,0.0576428198666092,130.73783861672956,0.5103502696833694,7.493151945164675,0.2149225452152382,0.1997982267885386,0.8608258680065489,0.6610276412180103,15254217.354721649,0.3976215957671954,0.1280308453375021,1.0455,0.1338562488003585,1.560547587277507,5.163034263153344,1.492632795100437,4.938339802155278,1.5680713187999216,0.192798351228173,-0.016023141004912,0.1124636671239299,0.0274930442360891,-0.03014977563052,0.03014977563052,100.87062549331723,26.091177288237088,0.0879826491070408,0.030869435263884006,2.384056969150259,1.001115447258956,8.684218969066748,3.211441886277095,0.07270951574796612,0.022374005863303816,0.014745593454335822,0.010150150630594388,49.25227161709979,14.833474206534092
184,183,14,A_standard,False,133.16407285090006,73.9983048343664,389.7911013916229,802,69.94893611154623,0.3564583476516345,0.0490725852831415,94.97077625038987,0.5383586775892997,7.947472631276828,0.2163276729953822,0.1791990176144411,0.8530394767852413,0.6738404591708,23132792.355485585,0.6029872000015959,0.1139819544287666,1.04575,0.1191966288438827,1.5721700729954768,5.9118170288255465,1.5033899813487708,5.653183866914221,1.357715807127385,0.1621544916609238,-0.0167452738199442,0.1102385047769304,0.0223885546457389,-0.0266840306374025,0.0266840306374025,58.37882136732176,27.32041842658509,0.08699142498528321,0.030583587020865735,2.409965274375854,0.9823300371760536,8.757088704784863,3.1875629831558583,0.07228393142404548,0.02215206138848031,0.01452782334101383,0.010266867428977427,49.57903372726819,14.61905520243676
185,184,10,B_optimized,False,137.2781254836839,81.3640654881572,593.443299917282,1561,58.99218080574195,0.7493618909211189,0.0665216176732056,162.6923270482958,0.2903425917987334,7.506109200261892,0.2117688553711424,0.2040153274033405,0.8606028181016214,0.6565874906982809,75372821.80756342,1.9646935000125223,0.060249560590079,1.046,0.0630210403772226,3.3861712086400617,10.897797166779633,3.23725736963677,10.418544136500604,2.7578625646004307,0.4397596808004119,-0.0159798709578419,0.0683229866067851,0.0574339913012482,-0.0090876263719573,0.0090876263719573,162.15511151397908,55.03567570255286,0.08777039568190852,0.03053889209283834,2.373651565612072,0.9964515317604066,8.694599339556278,3.196002299825867,0.07265462011225397,0.02226877751184308,0.014644228057180672,0.010222020463726998,49.2168005599047,14.80690601092156
186,185,9,A_standard,False,117.46353399811647,56.56711657901026,298.0124801709193,1019,87.18621625391053,0.5008311264187697,0.05100430852547,187.4002105318379,0.1634964851879054,7.729482068613623,0.2361842229298859,0.1611238885147289,0.8567666869581508,0.6956427984434219,17178003.13527711,0.4477676474583975,0.1163290832568027,1.04625,0.1217093033574298,1.385069700575558,5.979955991811206,1.3238420077185742,5.715609072220985,2.1494247437700054,0.29931219832834,-0.0101087051430761,0.0909611800790468,0.0505596100449531,-0.0004446984805168,0.0004446984805168,201.653547723019,36.1066882247685,0.08797737682866272,0.03073334132401496,2.363281266399465,1.0044011343839272,8.690358954360905,3.199995563907946,0.0725349547015073,0.022155771979730256,0.014535252985835367,0.010174043156846928,49.27149527496636,14.74682414785529
187,186,4,A_standard,False,124.2052598447344,69.13413329341621,267.0720749436373,819,78.41978771253159,0.3371644647626746,0.1082557514708002,115.0161492009524,0.3134654598808468,7.293812803874442,0.2271355097882957,0.1907705485649392,0.8642646440650086,0.6734940955000693,15121849.274616083,0.3941712445616042,0.1300189289561986,1.0465,0.1360648091526618,1.4672521154916367,5.179969569869008,1.4020564887641056,4.949803697915918,1.466672539621944,0.1775073601530947,-0.0212571190736569,0.1083519159727973,0.0732621696434883,-0.0349935818273118,0.0349935818273118,103.16831931782951,25.21884517412588,0.08701389536496551,0.03043558794668741,2.3787205614902787,1.0087962515606137,8.766038981416685,3.15845842899755,0.07178256349399423,0.022323240911201213,0.014282367653356842,0.010323351993052324,49.76046263052991,14.824491943915904
188,187,8,B_optimized,False,133.1458658088225,77.67947380850198,666.3288258155326,1547,68.14278535082546,1.1158006223179775,0.0253820684635101,238.23737252631065,0.098066496004303,6.550600158191374,0.2163483797921374,0.2423889210936166,0.8772072450655779,0.6348183239719614,80072832.27010232,2.0872055644980056,0.0539438018173289,1.04675,0.0564656745522891,4.493359995545424,11.768142077224365,4.292677330351491,11.242552736779905,3.4961496114338786,0.6215540498591885,-0.0101973931536635,0.0458108591102189,0.0003714888930561,-0.025010579570454,0.025010579570454,196.87030502707785,64.82684816883321,0.08714818859009903,0.030331284275893527,2.385792067512334,1.0130630546779236,8.739451616881466,3.143488089130594,0.07166081444886148,0.02238547672385498,0.014581861999066723,0.010413404868718001,49.81135751540528,14.841623664349953
189,188,5,B_optimized,False,133.96277350533938,80.03306306123893,687.3751721238908,1664,57.83000382697996,0.887733633483402,0.0865376432045782,371.2638080569757,0.3253694733575243,7.465249222608302,0.2154240250662801,0.2002489301424958,0.8613063897800224,0.6610574596375265,91541200.18754268,2.386143926666187,0.0581232882609272,1.047,0.0608550828091907,3.445244344117935,11.373366501046974,3.29058676611073,10.862814232136556,6.419916712572767,0.9683212168589548,0.0085009152970088,0.0430059176868893,0.1132188175382651,0.0266811743336869,0.0266811743336869,411.5475849115093,67.12187227669386,0.08638612058130538,0.030350030584845377,2.3651380902076706,1.0147449203915415,8.836556765590338,3.1218479140188937,0.07142376375165235,0.022512636327341386,0.014652478583298132,0.010348530569097396,49.950167839080585,14.914137954704048
190,189,7,B_optimized,False,140.787304093436,82.05193582754832,575.8304150662395,1219,60.15194142824988,0.9871885282603132,0.0175542876280712,321.3657273532853,0.5531202617668072,7.786831475069695,0.2080599944076167,0.1978733472806804,0.8557845490966909,0.6579112018160105,57595312.32250547,1.50129891700383,0.066696349228406,1.04725,0.0698477517294482,2.9667792850707637,9.86427607248712,2.832923642941765,9.4192180209951,5.3425661703141385,0.912341530538399,0.0088746888965955,0.0571666975577986,0.0373606674027474,0.0198063797746762,0.0198063797746762,327.77336702084983,61.28289092865871,0.08496255587419757,0.030268544983649833,2.3904844976916104,1.0192194203902203,8.99291499034446,3.1359190745853196,0.07060540811049959,0.02307997653083595,0.014603201932841701,0.010401825958764174,50.3484660522724,15.21305228500383
191,190,14,A_standard,False,125.34622920638202,66.5309801187665,422.36666089792834,817,85.60528275272844,0.4612519464093323,0.0247576569448128,207.8089197499689,0.2169868018412173,7.689609896393752,0.2256862684742072,0.1763227134936662,0.8574501824243126,0.6811274689306464,22958082.2898474,0.5984331482610034,0.1053142901539922,1.0475,0.1103167189363068,1.674252499217764,6.467569291258489,1.5983317414966718,6.174290492848199,2.42752448292504,0.3606658086470156,-0.0135333035061072,0.0842374051908791,0.0138669318586751,-0.0108907250861376,0.0108907250861376,195.28862835123743,38.39343014607008,0.0842446933073189,0.030357839094738354,2.4100517285487917,1.0146237086060597,9.068657418059345,3.131820457276328,0.06978281938213296,0.02316584749811416,0.014435617964427666,0.010417683504266369,50.86844185752137,15.100659634595882
192,191,13,B_optimized,False,134.8059772878287,83.48203165736851,643.2713692928022,1760,60.75420189536257,0.3671846257053859,0.0648675294309509,96.10509025789202,0.6626311631228375,8.111795918796453,0.2144799120993545,0.1755524754017151,0.8502405934972809,0.6746881180955657,94514817.43542168,2.4636552409347314,0.0437564429192839,1.04775,0.0458458130686798,4.012037169601531,15.419171968346232,3.829193194561233,14.716460957619883,1.581867381344496,0.1949544970024553,-0.0211144351656674,0.0795086528935381,0.0465482249211038,-0.018319304509847,0.018319304509847,63.46139075048978,55.413905937809375,0.0855832918077855,0.030596428585836832,2.376380112297658,1.0194012877049938,8.942441267887787,3.1451155445611736,0.07071680118460567,0.023588036837081185,0.014525268391979844,0.010505689857929549,50.29430166548049,15.368928751222226
193,192,13,A_standard,False,127.0762432470862,53.31977362656097,230.7130262046816,943,73.67156545147883,0.4810886695445135,0.0271170878059834,303.59470347929766,0.2877519377213056,8.418894570475198,0.2235311077368069,0.152302770335286,0.8450344430840121,0.692731672748726,11600377.049126305,0.3023793569027008,0.14579031733309,1.048,0.1527882525650783,1.0446699967551132,4.751561594903648,0.9968225159877032,4.533932819564549,4.1209210313204165,0.7541595183336328,0.0056620683177432,0.0877669172216075,0.0436853721654125,0.016568284359429,0.016568284359429,294.9627237610417,40.15678926663854,0.08557145673348643,0.030605077030736092,2.366114759947436,1.0153166438671566,8.951343156145553,3.1500073428309543,0.07089561679021732,0.023411360058114963,0.014320177150043648,0.010533817680254576,50.088741031060835,15.2050539267706
194,193,8,A_standard,False,118.99269129118758,73.1123007234701,414.8799139503579,1114,78.2706688716007,0.4013470836811297,0.0560217749305915,234.9808502277892,0.3873404887124294,8.68172622689667,0.2340554867749298,0.131072370981763,0.840604061682414,0.709531690700651,33790767.08661269,0.8808015789166481,0.0849601435125069,1.04825,0.0890594704369854,1.5427512897558588,8.351347600963045,1.4717398423618977,7.966942619568848,3.002157176058685,0.5005392938055417,-0.0058410148733713,0.0758496569127273,0.0614226392566466,0.005400864326055,0.005400864326055,234.63488930406672,45.04031916469936,0.08634996576705807,0.030494921232035805,2.368276060416518,1.0142882367129475,8.855517845453475,3.145859593559482,0.07072050671069038,0.02349547601597829,0.014210168268846723,0.010540415769793284,50.20564762093827,15.236774275857906
195,194,20,B_optimized,False,138.18416362814838,96.61369060687218,641.5401103194093,1478,45.77587694453896,0.782885464042275,0.0325542441229195,266.2898948205731,0.4224415081869711,7.36644916448861,0.2107959368350518,0.2116507956444389,0.8630100148356216,0.6513592191911827,91608742.32538052,2.3879045029058004,0.0466493314372468,1.0485,0.0489118240119533,4.537059570278167,13.96288433559649,4.327190815715944,13.317009380635662,5.817253815655003,0.9436010977191632,0.0072683962392499,0.0387240539491018,0.023664125206839,-0.0088901189160805,0.0088901189160805,274.5480943008809,77.66037211973801,0.08535287576188445,0.030370427239620388,2.3896331146455467,1.0072637872062244,8.948279562698882,3.1238660937062646,0.07035797908464721,0.02346040179975878,0.014888600964569147,0.01082450478933965,50.236774458207265,15.230573405444623
196,195,2,B_optimized,False,133.8239742129299,73.23743628017945,450.6247895956876,1820,47.293343436243646,0.8821103270116593,0.0183759715342505,525.7752323498829,0.2588816742899355,6.424203196080216,0.2155804038979635,0.2503407423464938,0.8794275769335568,0.6290868345870629,60064739.85199587,1.5656678513171651,0.0628277134575386,1.04875,0.0658905644885936,3.984559178899353,10.012887625016374,3.799341290964818,9.547449463662812,11.117319989412096,0.9997017618626712,0.0042362317460219,0.0406767664386586,0.0197577357693698,0.0013817642351193,0.0013817642351193,512.1586730397203,72.42688733631266,0.08446647925531564,0.030652129457427665,2.444102419125682,1.0489894219659013,9.045939586227409,3.136442929625928,0.06960707219012174,0.023361945647357808,0.014698925753264256,0.010884998352510531,50.832713614760785,15.424564815894648
197,196,7,B_optimized,False,132.94708265560772,86.87236846542189,630.2365409667116,1514,46.3288296831548,0.8447229812879415,0.0484658902213058,151.78458520460353,0.0910270019431211,9.271596365728607,0.2165747686763577,0.1342577474453374,0.8307453847254197,0.6964876372800823,82891713.48495094,2.160683476924587,0.0566032576722086,1.049,0.0593768172981468,2.371908490193773,12.30472707619526,2.2611139086689924,11.729959081215693,3.276244753918154,0.5686253359122498,-0.0124022578886453,0.0504510863544808,0.0314742992532466,-0.0169915909680592,0.0169915909680592,142.7861566106934,56.41213039404342,0.0837575681013873,0.030768356048472313,2.4817773427364744,1.044759262486181,9.116516985396071,3.132556859688732,0.06906001662027993,0.023718851042268146,0.014959074508509236,0.010711326624202124,51.16727787516542,15.610511062812618
198,197,3,B_optimized,False,126.55851500638884,81.662004780913,635.841395043638,1591,44.34283395446683,0.99223144274357,0.0177699035995087,60.33789674817235,0.2238913326464621,8.385445915611088,0.2241708136893377,0.1526248645454943,0.8455999375219055,0.6929750729764113,82611216.11975193,2.153371937606288,0.0544950653763627,1.04925,0.0571789473461485,2.800709816410192,12.716290331802954,2.669249288930372,12.11940941796803,1.3607135892606672,0.1625621841785798,-0.0322080890640617,0.0760062814870375,0.0,-0.0177699035995087,0.0177699035995087,41.9542543317513,46.94355023402476,0.08426424449721806,0.030528815786669845,2.4832903438040166,1.0443489552474543,9.035260981504,3.101213817255994,0.06970496799426208,0.023371089537776907,0.015366788004303421,0.010717636726320303,50.74017088593594,15.501239813285917
199,198,7,B_optimized,False,123.13350562579724,67.43121805943505,635.5736351459283,1944,61.36367899896323,0.7268191509725092,0.0351868265662257,136.94412368770097,0.3176633428173961,7.045337648826061,0.2285176012343347,0.1998908803862414,0.8685702995167847,0.6686794191305433,83314988.52318205,2.1717167074231534,0.047225571341098,1.0495,0.0495632371224823,4.232683156810991,14.159265841398632,4.033047314731768,13.491439582085404,2.2316804650844797,0.3168427366660294,-0.0181880038783145,0.0689849952417858,0.0276334659879181,-0.0075533605783075,0.0075533605783075,159.0008306134498,60.19941531790698,0.08493485973794958,0.03043501828344525,2.502162851109006,1.0508856179059758,8.937590936866593,3.1189832494171204,0.06969809141435251,0.023373098350734024,0.01537021182480336,0.01071382088114751,50.813462524658455,15.525376249097844
200,199,20,A_standard,False,124.97303113504417,66.95969550246244,332.3094381198859,1095,81.64147360076424,0.5096703389154009,0.0361525773217073,273.78628685645384,0.5378690276018012,8.27770505649242,0.2261578230197337,0.153805301075171,0.8474240153680318,0.6936187142928607,24365215.97406663,0.6351119714327369,0.0990179945351304,1.04975,0.1039441397632531,1.5533065661171594,7.004976393929822,1.479691894372145,6.672994897765966,3.353519660795184,0.5874708264857978,-0.0029666270041126,0.0801287090816676,0.0044985872426125,-0.0316539900790948,0.0316539900790948,278.13038675280626,40.40553877732166,0.08495167394801718,0.030420217082844862,2.499681670435927,1.0488908711226974,8.933349232498065,3.115623216754186,0.07002847560531436,0.02313429726055241,0.015404058258457037,0.010695289159109044,50.635197695115224,15.377877777556348
201,200,8,A_standard,False,124.1711161179238,53.20634925951005,335.191737784363,943,82.46278091493858,0.594222391663672,0.077117156188886,222.68187916518457,0.1976567193439563,9.067994733268124,0.2271792273068454,0.1274463182053955,0.8341351038948965,0.706688785689501,16817771.935297884,0.4383777389989814,0.1184873624386087,1.05,0.1244117305605391,1.0756110658757267,5.964254509046516,1.024391491310216,5.68024238956811,2.7003925491535847,0.4256534478947636,-0.0079833326430156,0.0948893416064349,0.0435299770059815,-0.0335871791829044,0.0335871791829044,196.84759345141111,31.602780783180904,0.08681116020308072,0.030577406156693247,2.423504578828057,0.9820851861641964,8.72711212178763,3.024631138145079,0.07135698968488001,0.022597183384824023,0.015397708067221525,0.010698464653742462,49.63360278639848,14.811524276671578
202,201,19,A_standard,False,136.17226607809536,76.71654472619402,378.6825853736303,955,84.93722714460247,0.4645600332453497,0.0453603699216992,127.30570093602935,0.3108098700295781,9.729176525239392,0.2129712412731401,0.1259292797855523,0.8231774149596451,0.6972481351740928,27743914.62044378,0.7231822746248642,0.0950408073114258,1.05025,0.099816607878825,1.325002210607412,7.336302740878224,1.2616064847487856,6.985291826591979,1.4988210142449805,0.1822497480975143,-0.0226927872683079,0.0918643350825848,0.0101419717579517,-0.0352183981637475,0.0352183981637475,91.4437954778414,29.637228513856133,0.08687625147331729,0.030678580897976548,2.414096805055425,0.9902053624870172,8.730144814861257,3.020719240705229,0.07071585319865595,0.022116030142077976,0.015294266196844358,0.01080824402816605,49.891366173580906,14.675496144590745
203,202,10,A_standard,False,136.47297048792194,81.48004942391148,390.68391683959766,995,74.208050154751,0.4320207899046897,0.0937792201009365,116.13516449319484,0.4839243141789551,8.250610276157731,0.212642650165216,0.173005544718407,0.847883355164835,0.674877810446428,31673780.128951654,0.8256194799108955,0.088471714754916,1.0505,0.0929395363500392,1.9554899008984543,7.628175991795478,1.861484912801956,7.261471672342198,1.564994151591511,0.1923199131249621,-0.0256138183635885,0.0961240060685078,0.0711326561119712,-0.0226465639889652,0.0226465639889652,110.4354589681668,34.138108119263606,0.08823555614998507,0.030354864193266905,2.3664135038392415,0.9709914081388902,8.559567342220124,2.934101339435696,0.07054602270810952,0.022204203197339758,0.014841788280204906,0.010661880061241538,49.82071249364135,14.643718927522825
204,203,14,B_optimized,False,133.4306285936016,86.16559025675811,777.4322847119541,1550,57.320400733310045,0.8097574210069262,0.0330968626369069,187.5515027891506,0.2505208832395272,9.05967063734986,0.2160250702509064,0.1412652449565477,0.8342739838673501,0.6930087389108023,103831263.13014162,2.706500869646474,0.0465698779743476,1.05075,0.0489332992815457,3.0334038030840835,14.881051208520166,2.886893935840193,14.162313783983024,3.271985198808294,0.5675802033140289,-0.0061039771726812,0.0509029187404153,0.0354644099597623,0.0023675473228553,0.0023675473228553,167.96303707029708,64.51162868425698,0.08793772121084925,0.030179794572704824,2.3485619508565376,0.9877006674919376,8.591087174758409,2.9122117474368627,0.07030509468762482,0.022330181139857776,0.01500844880246811,0.010502483885405684,49.77436453127935,14.631097191344356
205,204,10,A_standard,False,128.83351633528946,81.92099473837257,292.15597762197643,749,66.56715547889797,0.4751352625019192,0.0999608984524142,125.57270893886,0.6027055473606693,6.790397927685276,0.2213924595825663,0.2223855039625324,0.8730102705464623,0.6506247665839299,17926347.520859964,0.4672742456574045,0.1147785312190161,1.051,0.1206322363111859,1.9375182937145687,5.668523195704884,1.8434998037246133,5.393456894105503,1.8864064122233224,0.247201539899275,-0.0144930808498028,0.1076512749839238,0.12059062680799,0.0206297283555757,0.0206297283555757,105.86286263442584,31.4174770476964,0.08774781129947719,0.03009426129814535,2.3436863824535927,0.9904767049060638,8.609679587332776,2.899472050239328,0.07057497755267718,0.022354520442662087,0.015199516598706345,0.010595191882330237,49.52174669398728,14.72412689488544
206,205,6,B_optimized,False,135.3389801519594,90.14098848643124,540.5781531342012,1823,55.63596850473159,1.0362453528829985,0.0617165027884785,278.08104071353074,0.1994123421772935,7.9640972484033234,0.213888284773163,0.1820585208918249,0.8527558948383599,0.670697373946535,88831598.06862213,2.3155145201639997,0.0529095333056277,1.05125,0.0556211468875411,3.4409398366864874,12.676304855540964,3.2731889052903567,12.058316152714353,4.998224137859327,0.8806104977199708,-0.0025190064576458,0.0392476157752643,0.0569497524082938,-0.0047667503801846,0.0047667503801846,251.3927631970058,70.82116759860341,0.08687521827657087,0.02991925119366536,2.3617093252859225,0.9808492905627131,8.681383223746677,2.877454424592541,0.06972430690313686,0.02205629692392598,0.014668884724684313,0.010405099609957546,50.077203044367565,14.422275617493938
207,206,16,B_optimized,False,127.28321977974726,73.14258876978056,575.7839685915849,1607,35.0,0.3442621993109286,0.031192068256473,182.81696233288343,0.0759899439812767,7.66498735074368,0.2232766052922636,0.1806105261654451,0.8578725385357917,0.6772620123703466,67677728.36612695,1.7641105882438917,0.0650468559743876,1.0515,0.0683967690570686,2.776621920613055,10.411910033545968,2.640629501296296,9.901959137941956,5.223341780939528,0.9023261154515668,0.0037578837660922,0.0392940968496276,0.0414765514814796,0.0102844832250065,0.0102844832250065,160.44601469776097,64.82871307464761,0.08620235846406038,0.029388401366516066,2.3567351497141447,0.9839452730959,8.728087972948478,2.837413574320588,0.06945900109361429,0.021786738279890944,0.014660042074681467,0.010409639460978901,50.24336831307602,14.287776306204666
208,207,20,B_optimized,False,134.7931508097922,79.92852905686424,414.90237815126,1675,71.44381486894895,0.9178701003276684,0.0282825231737686,165.90652019831535,0.2868153649148439,8.34256985170421,0.214494198343278,0.167054890913934,0.8463253684528985,0.6792704775389644,55547249.11960696,1.447913407932366,0.0678774400917,1.05175,0.0713900976164454,2.461125385522036,10.007308416777269,2.340028890441679,9.514911734516064,2.322195707251097,0.3367515377577975,-0.0142322747942516,0.0732351994252584,0.0244520265235426,-0.003830496650226,0.003830496650226,155.9554539218273,48.114699279798735,0.08646526170641486,0.029451154952392068,2.3363048075476143,0.9917923956525886,8.714619572522759,2.844460240464607,0.06918300137069713,0.02177142264064363,0.014791321011087415,0.010340110825005501,50.2936545946121,14.272589800491616
209,208,6,A_standard,False,126.86368163303416,72.87165152521177,400.2407926125045,977,96.24785039899794,0.4988845480031615,0.0466572967245968,156.39786310979312,0.1493855391491181,9.61119393543622,0.2237932122230478,0.1163770458061049,0.8251221205370015,0.7087450747308965,28495384.79142802,0.7427703506047644,0.0999398655732574,1.052,0.1051367385830668,1.1644707058445944,7.091715309656642,1.1069113173427705,6.741174248723044,1.6249491543077768,0.2018050319242473,-0.023225507827842,0.0885898657796164,0.0330290683748071,-0.0136282283497896,0.0136282283497896,136.0799756707082,32.86467109053478,0.08586195016599846,0.0287614274457605,2.3364491269082674,0.9916676415738536,8.748731904004122,2.8082455977618137,0.06890666728425689,0.021293305604559918,0.014290695183883002,0.01018615209755328,50.46698419818528,14.023114520905288
210,209,16,A_standard,False,131.1193944963129,70.36846510861693,357.93593766176565,812,104.89254169023356,0.2389520651998367,0.0654699047182345,247.65404026424608,0.1275190322041304,8.249889394279258,0.2186835789684282,0.1646200251215033,0.8478955797278754,0.6832755546063721,20452170.8628633,0.5331132123194685,0.1152330793785998,1.05225,0.1212540077761317,1.4285830597361884,5.929508768584243,1.3576460534437524,5.635076045221424,2.361026210954185,0.3454785526077069,-0.0158275157413219,0.0901596998757182,0.04920455652721,-0.0162653481910244,0.0162653481910244,278.1329422783035,34.70385174302647,0.08571050062838223,0.028601808533485717,2.331987958923728,0.9959841044886001,8.761884668116991,2.794959970018276,0.06819115571311739,0.02046090931872635,0.01409835126090555,0.01003706336606926,50.7931505974286,13.658680558371595
211,210,6,B_optimized,False,135.322515377943,66.19716590393837,606.7175000443274,1613,47.84582396677156,0.7332230348012894,0.025794185963649,224.25901415781797,0.2901739965593244,7.062309260733123,0.2139065011845029,0.2207611647691479,0.8682755287862113,0.6475143640170633,64782885.13870566,1.688652624271271,0.0690464198897801,1.0525,0.0726713569339936,3.1972861898061087,9.377957105534222,3.037801605516493,8.910173021885246,4.687117820639134,0.843844749096385,0.0017186382911597,0.0484978618091401,0.0236375353070436,-0.0021566506566053,0.0021566506566053,231.9417760963888,64.04175224540387,0.08723942780682485,0.029396383489319534,2.286112645392211,1.006209440182082,8.655117683468873,2.8320996031285453,0.06878625310647292,0.020892964416327296,0.014268675087893366,0.010022545839969862,50.37757648089867,13.841839367311353
212,211,15,B_optimized,False,122.06395196364372,69.9295483225253,614.3920801286599,1753,71.41450204751166,0.6175363750892757,0.0878413730910313,240.93045365283623,0.2424334782516139,6.736561420116119,0.2299173942557677,0.2124916367299636,0.8739507732701827,0.661459136540219,75316173.63055344,1.9632168894453448,0.0639391596144796,1.05275,0.0673119502841435,3.3233410950531592,10.3451334132084,3.1568188981744565,9.826771230784518,3.373690871534,0.5923505211538173,-0.0127270188402643,0.0574793792966913,0.0628666558055373,-0.024974717285494,0.024974717285494,206.1107291602256,55.95137673868857,0.08619040656601248,0.029075324140273452,2.345050796027977,1.034600859440534,8.71370507839076,2.8001690463503834,0.0682480802871542,0.0206553255996515,0.014917791164464176,0.010159036294198658,50.768223766362325,13.70581877743092
213,212,16,B_optimized,False,129.50925204312298,88.38423662093803,604.102054129917,1477,43.40606815478947,0.8673088448551961,0.0190935151803304,238.57549379389903,0.6014712524474963,9.64578006275394,0.2205832193308147,0.1191112654182687,0.8245515623194719,0.7054402969012031,78861607.06852543,2.0556333581838366,0.0636125582191915,1.053,0.0669840238048087,1.8724489118617704,11.089638848833086,1.77820409483549,10.531470891579382,5.496362696181556,0.923886437757945,0.0051427608728529,0.0538146606242852,0.0120570188421428,-0.0070364963381875,0.0070364963381875,205.68370924999948,60.96775820986005,0.08602771998397263,0.02881213023107434,2.334043782495106,1.0476828780936907,8.725443323847285,2.785259320307607,0.06826070224151067,0.020680509656388308,0.014458208156960847,0.009743575803780455,50.80781776208963,13.633171264750372
214,213,9,B_optimized,False,137.44358336241282,76.26866795194053,749.6909605535384,1423,48.5007907315477,1.0454902593617312,0.0144471227635344,212.96749637441692,0.1100389743534411,8.513793412385233,0.2115903704350988,0.1650615735051851,0.8434321083616615,0.6783705348564764,81364195.7233925,2.1208666816220343,0.0491672840377195,1.05325,0.051785441912728,3.357142391240389,13.797193563428335,3.1874126667366625,13.099637848021208,4.391010809559661,0.8007535641095708,-3.525175836463588e-05,0.0350678125336798,0.0168461510692249,0.0023990283056905,0.0023990283056905,215.8389623940057,71.18558159990624,0.08776733919932361,0.029605745144222668,2.266667114617057,1.027278638966493,8.597207167147818,2.8144540014745116,0.06934621646626579,0.02090135425270367,0.014615881792867949,0.00997877202933138,50.130573065280075,13.763002095719859
215,214,15,B_optimized,False,137.32235237637445,71.12957620049569,727.4555770103267,1485,37.37720493992296,1.0078287662968362,0.0282311977752373,138.2023317940099,0.1278066062611024,8.448081346975057,0.211721110546171,0.1671878639886259,0.8445413103990499,0.6773534464104239,76839256.24268591,2.0029180766408925,0.0597644511525387,1.0535,0.0629618492891995,2.7974466554023407,11.333718177744045,2.6553836311365355,10.7581567895055,3.6975031176393456,0.6676339489180911,-0.0088500500649614,0.047263845150366,0.0188667042905442,-0.0093644934846931,0.0093644934846931,124.75293830722714,60.39722118371217,0.08863615334032593,0.02943678296265055,2.2267306486661904,1.0254730385605444,8.51677656131379,2.8058366713263223,0.07036094797645939,0.020827937893010177,0.015232976974855428,0.011567669490803307,49.29443890909458,13.97792380884118
216,215,6,A_standard,False,123.4673991403554,80.62525296716638,262.07616449923734,938,84.47420711202379,0.5692330876941918,0.1032569089880633,158.37355098338912,0.4573434855779476,7.656268611441829,0.2280848386346045,0.1744217973026033,0.8580221429193831,0.6836003456167797,19819899.721731942,0.516632218621265,0.1173926482313192,1.05375,0.1237025030737526,1.485798301090453,5.823195540062802,1.4100102501451512,5.526164213582731,1.8748154779761967,0.245050874777964,-0.0181473152092569,0.1039551308217389,0.0764707690146515,-0.0267861399734118,0.0267861399734118,170.6553731206962,29.251723607274396,0.08963409799851778,0.029631975986017172,2.210124369417828,1.0221737993164655,8.43474596976909,2.8386780668015965,0.0710025450924623,0.020907152545476336,0.015556900362137405,0.011919757814650416,48.70991231785543,14.077100539115964
217,216,2,B_optimized,False,128.07795050160144,81.83568291566743,657.0071051840574,1618,57.89699980754158,0.7729773938186744,0.0349988745956445,184.20031594354327,0.091731059496186,8.267861784667843,0.2223058896725318,0.1591362747835029,0.847590860289171,0.6884545855056681,86994399.46549024,2.267625479164302,0.0601207947065376,1.054,0.0633673176206906,2.6469423027470107,11.451189041431697,2.5113304580142417,10.864505731908627,3.181517463009363,0.54525517608304,-0.0148649982590229,0.0525223546426427,0.0271173392245914,-0.007881535371053,0.007881535371053,179.78589588403867,56.99569669538236,0.08965461344759541,0.029646938972517183,2.2042691848988425,1.02657876624468,8.434555031187497,2.8388335320695153,0.07099444962394377,0.02090200101533074,0.015706078411225212,0.01190683573218287,48.62874381948398,14.149314509270086
218,217,2,A_standard,False,120.82534334266047,83.45906868272078,338.1087861494183,873,66.7600790526989,0.4323498155829808,0.043700165449585,557.2229357080055,0.3304622431747795,7.01304009387319,0.2315647240793769,0.1971140676330916,0.8691315347020938,0.6720174670690022,24634527.365980245,0.642131933382986,0.0959802636076014,1.05425,0.1011871929083138,2.053693751446214,7.00162139391936,1.9480139923606488,6.641329280454693,8.346648829881497,0.995258499380919,0.013116597997674,0.0553895370431366,0.0545957630178168,0.0108955975682317,0.0108955975682317,517.2554807667638,57.11716260854626,0.09036947751152924,0.028992750630620796,2.176292184859844,1.0001115243438623,8.303424878884291,2.6902815401338542,0.0708760220820268,0.020869525928685892,0.015772788429675416,0.011931094696091042,48.45782261050018,14.11725936575905
219,218,9,B_optimized,False,135.9506883029984,75.82070054855181,616.6448251814124,1560,46.18994543351014,0.9751481927521898,0.0871042933313799,119.89917750456738,0.1002428635023215,8.387198355703651,0.2132141581428617,0.167249354982427,0.8455703007766191,0.6783209457941921,72936930.51043457,1.901198732489756,0.0613067028300369,1.0545,0.064647918134274,2.728076168866871,11.064384716214937,2.5870802929036234,10.492541219739152,2.59578521644198,0.4003001153770992,-0.024259660067745,0.0637020919786184,0.0512103487741582,-0.0358939445572217,0.0358939445572217,90.88226878631237,48.025331127133065,0.08824505023703352,0.028206709145536513,2.2271836408053023,1.00360361750221,8.504018521452531,2.7760349874949606,0.0696694444774253,0.021604082780347835,0.015558802078109706,0.012012207543422323,49.23682968361799,14.711986413986297
220,219,19,B_optimized,False,141.13444335216283,76.23342673779571,742.3570701296178,1728,46.41599876721317,0.973613579689169,0.0458227326202162,182.19692722908832,0.4423558569430657,6.825129863425972,0.2077016359061403,0.242297095628907,0.8724040543890929,0.6301069587601857,97791707.49525082,2.5490717670300285,0.050483079251209,1.05475,0.0532470278402127,4.799570454551941,12.481547641432648,4.550434183030993,11.833655028615924,3.925304465446225,0.7161216930993105,-0.0037693890976582,0.0542180485947604,0.0391635424711403,-0.0066591901490759,0.0066591901490759,162.48467548202953,70.32289731303749,0.08853904398467666,0.028291848626973752,2.243248310489234,0.9976756218266014,8.46770337142828,2.795015889591167,0.06979032036708291,0.021656211823457828,0.015645213914573373,0.01195303815114272,49.22599011145137,14.715340719375337
221,220,3,B_optimized,False,139.6624377539454,85.91460820539922,648.2217926147733,1835,44.01988626260482,0.7825257459013667,0.0933009010561523,229.94674149733095,0.200742871245543,7.640711554972241,0.2092316089411849,0.2021635264693357,0.85828915043433,0.6561256239649942,102194308.66385414,2.6638314601351434,0.0582511598408232,1.055,0.0614549736320684,3.470549376557766,11.263734932624851,3.2896202621400628,10.676526002488012,5.223701399989127,0.9023578054224792,0.0076036422367003,0.0406062869875164,0.1075690895101026,0.0142681884539502,0.0142681884539502,236.09317972760584,67.8160492113542,0.08853626535522935,0.028295826507648524,2.203153911331585,0.9514281153762763,8.489128846309967,2.8367418815546572,0.06985964252406898,0.021560072499202235,0.015746903318333134,0.011915967312955657,49.076848908551646,14.456792181885604
222,221,10,A_standard,False,122.47823032859426,79.068549623005,446.6895310891248,960,72.26804883157124,0.6892302612216576,0.0255182780720368,191.92944055594916,0.1949091850524029,7.357106851340594,0.2293727363208121,0.1849777502794171,0.8631712800972275,0.6781935298178103,33906329.6207974,0.8838138710706736,0.0781596269336673,1.05525,0.0824779463217524,2.3666662385224075,8.677031306628175,2.2427540758326536,8.22272571109043,2.655799397646146,0.4147894627599153,-0.0109330213571487,0.0730646044174281,0.0,-0.0255182780720368,0.0255182780720368,157.39609623658188,44.17627556433378,0.0893720420937719,0.028230372210654015,2.169107537456507,0.9231827090917004,8.419145443126649,2.853214945536987,0.07056109537965714,0.021158028761251165,0.015989910067595245,0.011739623368167645,48.61562196017554,14.059034209540538
223,222,15,A_standard,False,124.92149468822836,62.46769918216159,467.3616358771988,914,85.09117569050969,0.5886580213463712,0.0780582773811189,356.7066873439112,0.2083285222732318,5.0,0.2262231300724388,0.3226730652138108,0.9048374180359596,0.5821643528221487,26684235.55644345,0.6955603212574253,0.0920765155155474,1.0555,0.0971867621266603,3.5044013493248056,6.322614942176524,3.320133916934917,5.99016100632546,4.192052635884488,0.7671079755030044,0.0011201444890979,0.0628386201985553,0.0818085551609377,0.0037502777798187,0.0037502777798187,349.7941421150259,57.61578033958714,0.0902706407278264,0.027969991144685655,2.156079556928031,0.9264483196535654,8.315518563679852,2.824460978102444,0.07074447157218411,0.021019457900895117,0.015725231328045545,0.011865092917275902,48.55919444125419,14.03274079634564
224,223,5,B_optimized,False,134.4282852779164,70.70613312852522,576.3556964973388,1424,61.2188405019029,0.6613838896023585,0.053697796435123,191.48385129545636,0.2513636761060478,7.6532313734665935,0.2149015590416686,0.1930721445697246,0.8580742648511555,0.6650021202814309,58030680.8308368,1.5126473799897666,0.05599291211906,1.05575,0.0591145169696976,3.4481532976743074,11.876541067687448,3.26606990070974,11.24938770323225,3.1278581842709734,0.5319210715291041,-0.0098061050741628,0.0616513125611939,0.0432082773826473,-0.0104895190524757,0.0104895190524757,154.00530815914516,58.796874802715216,0.09091047642370546,0.027560464129709136,2.158457681265695,0.9279438760518536,8.216780340006807,2.774622969860718,0.07021997269932564,0.02121179604951607,0.015412794832610906,0.012014887554127307,48.87755610827885,14.175182862676648
225,224,15,A_standard,False,120.69220960166184,71.61075882571937,400.2143920326074,531,93.41115611681286,0.6755099606329482,0.01,197.96374675526937,0.0821047909725952,7.101133575537071,0.2317434993759169,0.1928887763898109,0.867601586424254,0.6747128100344431,15218277.498713776,0.3966847753086178,0.1277416519059091,1.056,0.1348951844126401,1.5099912480534323,5.281854430154208,1.4299159545960534,5.001756089161181,2.119273061000455,0.2930271619371258,-0.0135004243780015,0.0948459318513862,0.0,-0.01,0.01,181.2928561095825,33.45914475798249,0.09101083850176281,0.02741558033972361,2.1465918422476666,0.9070417217939506,8.190661268476232,2.729740149343283,0.06991128379535376,0.021342041642033082,0.015530368734048464,0.01196506825907677,48.9421791314608,14.23508991419752
226,225,7,A_standard,False,131.296476472503,73.51612915433142,266.6759558282141,921,67.87109365458144,0.3483494309427637,0.0532872110991117,317.41509888267905,0.1670389716606415,7.789610116109216,0.218477077375931,0.1823456436488886,0.8557369920567603,0.6733913484078717,18056190.27415105,0.4706587708389883,0.1279295003265446,1.05625,0.1351255347199128,1.4253603991530086,5.26376908132226,1.3494536323342097,4.983450017819892,4.676734700903893,0.8424716674070312,0.0057680369576889,0.071450397125139,0.0548632220045007,0.001576010905389,0.001576010905389,318.8153940196248,48.58166349445475,0.09009034759736435,0.027743167275289526,2.1855826127927496,0.9196039713734013,8.285380850743001,2.758024354265045,0.06960693920759611,0.02130182770314592,0.015558359720556431,0.012005127504932595,49.22972554513403,14.20430850817416
227,226,17,A_standard,False,135.83772539026967,55.523064248662166,384.3424831719122,977,78.75667179151098,0.444292003821886,0.0341746919966041,496.9293160056564,0.0619157041006376,8.001722800481854,0.2133382591778418,0.1813958511795946,0.8521144279974403,0.6707185768178456,20849055.321751617,0.5434585370390961,0.1082975408372515,1.0565,0.1144163518945562,1.6749766409949658,6.193294618072583,1.585401458584918,5.862086718478546,6.309678973245025,0.9647593679204324,0.0101640085372228,0.05511012913165,0.0270155698202645,-0.0071591221763395,0.0071591221763395,524.0580699694268,54.55113997446301,0.09024245749292287,0.027955223698770237,2.1811936290935368,0.9257621396404428,8.281870029942718,2.7615177518322325,0.06929898831440673,0.02103854294106618,0.014933608621605785,0.011859679504225517,49.467896777055984,14.001101324887742
228,227,12,A_standard,False,117.30321359361406,73.75488527696619,409.5602632701435,954,81.95932064443969,0.3136312268813886,0.043901604493468,414.4705052517182,0.1064935470279626,9.767931942981583,0.2364101346816702,0.0993369069086348,0.8225396104835127,0.7232027035748778,28817545.000844803,0.7511678877305447,0.0928093703408366,1.05675,0.0980763021076791,1.0703327319625828,7.79234576119804,1.012853306801592,7.373878174779313,5.057027095793001,0.886655744233858,0.008011110078903,0.0529920143476952,0.0530747255207449,0.0091731210272769,0.0091731210272769,413.7446716092488,52.54525741826792,0.0900022118261116,0.027922862517736992,2.201861443888913,0.9163001717672891,8.29202326389457,2.757583807071824,0.06907441174673379,0.02085185559581557,0.014520933279149823,0.011492750111260164,49.74239060701156,13.736419105711088
229,228,11,A_standard,False,130.20102968972827,88.18393460783511,400.79955883231054,888,88.64578451285874,0.394221318660601,0.0248967107443218,206.87883805754345,0.2090968955032996,8.304708997157508,0.2197621697226685,0.1612078314117865,0.8469664631796917,0.6857586317679052,31385544.89318285,0.8181062426377128,0.0911986066388631,1.057,0.0963969272172783,1.767656736798101,7.519398125055099,1.672333715040777,7.1139055109319775,2.333769611205078,0.3393414330009062,-0.0206542295294804,0.0791617469898214,0.0,-0.0248967107443218,0.0248967107443218,174.14298636930369,38.03549830662574,0.09074480531356668,0.02849052494802402,2.1834526445926628,0.9323828601054037,8.256052075049197,2.782915409098522,0.0687887772539676,0.020569668971251766,0.014159915564873846,0.01151578337817046,49.84558406732514,13.6358134944333
230,229,4,B_optimized,False,132.19214212005426,72.75707829854534,495.5376190263904,1468,60.69170921254037,0.6729531937755341,0.0821686718275546,215.1523003505227,0.2132678194101711,8.334112632983539,0.2174398197089352,0.1632997273963225,0.8464685317351863,0.6831688043388638,52927080.20195063,1.3796151975429856,0.0675285666769643,1.05725,0.0713945771192205,2.4182318007354957,10.116737818632084,2.287284748863084,9.56891730303342,3.545003150217213,0.6329755085313991,-0.0067663594774835,0.0565118351097849,0.0875233913871293,0.0053547195595746,0.0053547195595746,235.5364624547518,55.92476860386692,0.09215979738461952,0.028126134227387918,2.1606360767299404,0.9287692111487216,8.083231518752587,2.6748563248896686,0.0694525897302747,0.020516171995326116,0.01428398921762412,0.011419151312597355,49.36251545663274,13.533092422897044
231,230,10,A_standard,False,128.24051363786933,75.11948932640632,404.9468002081543,1097,76.5639890559962,0.6878158136762887,0.1083292288523405,224.67416712251529,0.5638655359195174,8.495613835219245,0.2221085890541266,0.1515334627644548,0.8437388289007441,0.6922053661362892,33370078.32909073,0.8698357632869511,0.0876072296722932,1.0575,0.0926446453784501,1.7296912975251733,7.901235648308675,1.6356418889126934,7.471617634334444,2.9344626617899503,0.4836215273509744,-0.0076474733071666,0.0847864684724927,0.0991221521559884,-0.009207076696352,0.009207076696352,207.0885780068693,42.92740314244901,0.09109215730780482,0.02803631237992794,2.183043653743783,0.9344595554616406,8.170942752224043,2.6566977535853455,0.06860324039520868,0.019767921643711495,0.01401943731918721,0.011422360782804316,49.863122282148986,13.316961479544918
232,231,18,A_standard,False,132.7320694842944,81.78730465153404,375.4284155473272,937,64.36185308678076,0.7231235866883743,0.0257326402765779,235.0450693350915,0.0915911696950648,8.871808512241126,0.216820290234866,0.1460818648112186,0.8374144495891768,0.6913325847779581,28770845.670787614,0.7499506071774489,0.0943401433762332,1.05775,0.0997882866562106,1.5484592198321856,7.328084949170464,1.4639179577709154,6.92799333412476,3.6519313547137022,0.6574455569698333,-0.0053486690646666,0.0636053909739022,0.0131098849738502,-0.0126227553027277,0.0126227553027277,240.85451675955213,47.29929196567491,0.09229871981584335,0.027775558082185826,2.1457509263059107,0.9272452158874704,8.04936296574753,2.6139208602465023,0.06901533386530784,0.01935390113955768,0.014165729613837214,0.011348037502984043,49.48539437708561,12.973796071958443
233,232,1,A_standard,False,129.8964898551713,71.46331784102964,344.93113628186194,953,86.21197559452902,0.327780005779331,0.0727727839070608,150.25305333347342,0.5756369476846198,8.454279453854518,0.2201227027582063,0.1555203258169775,0.8444366257415314,0.6889162999245539,23491377.024385437,0.6123341894242605,0.0980063060298086,1.058,0.1036906717795376,1.586839991394798,7.029305846044433,1.4998487631330792,6.643956376223471,1.7428327363722822,0.2214619174240618,-0.0177786463025413,0.098646962801918,0.0778912681773603,0.0051184842702994,0.0051184842702994,123.95781102485984,34.75765746689653,0.09276863394891946,0.02756084938845493,2.1226409840525045,0.92905711919609,8.005257336988635,2.6005946726250193,0.06996608107385485,0.01902896143295013,0.014985562866696427,0.012485609999717116,48.79191915478354,13.063309752288097
234,233,16,A_standard,False,118.37120576054696,69.41425340812943,307.4142752867187,1025,91.24795965171238,0.4312583497524074,0.0399206805109582,335.3231708235971,0.2854023625482064,8.28171302442412,0.2349150155716774,0.1429159270858836,0.8473560891249673,0.7044401620390837,21872405.71617947,0.5701335350019016,0.1054799451576392,1.05825,0.1116241519630717,1.3549108967803924,6.678427458284142,1.2803315821217978,6.310822072557659,3.674856644504756,0.6625897887088225,-0.001699937616999,0.074462926219955,0.0228538460224282,-0.0170668344885299,0.0170668344885299,323.56176059123527,43.62873838875132,0.09225469455857961,0.02819982460578645,2.149081410389333,0.9538512468334166,8.111965763393734,2.7678851083634375,0.0693280230942416,0.01944737411930795,0.015175755940480902,0.012384235869922572,49.32522340571407,13.569585955860639
235,234,10,A_standard,False,119.90088560914268,73.0501711206478,217.14451370489525,944,79.1740853825484,0.4885706491964076,0.032716863936927,241.4353303077811,0.4631745932635874,8.711246918563143,0.232813067907462,0.1315863326917523,0.8401079038996659,0.7085215712079136,14974147.026545512,0.3903211877405609,0.1317594702875331,1.0585,0.1394673992993538,0.9986859571049962,5.377386305984205,0.9434916930609316,5.080194904094666,3.0494236736834908,0.5123534038854296,-0.002937590405855,0.0980778562745623,0.0151130462155788,-0.0176038177213481,0.0176038177213481,211.28175757545583,34.25696987605618,0.09193742533833973,0.02814111092594032,2.1593508334268723,0.9451261536384001,8.132903695733924,2.761255738288796,0.0688992273979597,0.019249356844544787,0.015220124052207615,0.012382552253470257,49.579147394604135,13.372638977624746
236,235,15,B_optimized,False,131.22393309399297,81.23263993719095,610.2816955493886,1341,69.49627112863028,0.9675706697736276,0.053725956581621,215.6037562915171,0.2586962489960336,5.573365579168896,0.2185616155063172,0.2957846022108295,0.8945206313884367,0.5987360291776073,66479797.72789613,1.7328849225204177,0.065415103959208,1.05875,0.0692582413168115,4.521656074952911,9.15287132389135,4.270749539506881,8.644978818315323,3.102378772128036,0.5255723607268094,-0.0094669236355954,0.0640525391131105,0.0208254542725638,-0.0329005023090572,0.0329005023090572,209.77434966460328,55.63905249795089,0.0945270487210935,0.03580734747299233,2.1443920604332463,0.963808186826072,8.075617873230554,2.842646154694813,0.06975529418030237,0.021078991842057738,0.015465156873846286,0.012524070287870545,49.0946592070927,14.327312478779454
237,236,14,A_standard,False,130.23538860467977,63.47338681612454,373.77492366993454,792,84.05240091306432,0.5878408462714672,0.048841308836119,124.16509941375948,0.5124265643807335,10.089051583278826,0.2197215835038506,0.108959133406526,0.8172738654477829,0.7083147320412568,18790010.16731719,0.4897867686996008,0.1208030973094136,1.059,0.127930480050669,0.9019564550356556,5.863382213016,0.8517058121205436,5.53671597074221,1.4772344164467577,0.1790546341264986,-0.0165283572464651,0.1089830136906209,0.0608557402882646,0.0120144314521455,0.0120144314521455,128.00972976099803,27.198544960491088,0.09460756697499142,0.03576169599430129,2.126234378934862,0.9551464109966933,8.074106082262198,2.84221332655918,0.07024018901593858,0.020857710556470902,0.015852560287691782,0.012403001496857283,48.69302007649678,14.180475074497535
238,237,9,A_standard,False,138.23024735796406,62.28979850212489,363.0236990556532,607,75.2550877057293,0.2360284604695261,0.0393233697225755,226.25356518352856,0.4238805354720642,9.589729844713398,0.2107467412043605,0.1325223042442512,0.8254764064968729,0.6929541022526217,13725892.550863303,0.3577837638267295,0.1354228324945375,1.05925,0.1434466353198389,0.9785816896836556,5.116966537238636,0.9238439364490494,4.830744901806595,3.0064886253039806,0.5016221506346488,-0.0045954794930676,0.1000865703479748,0.0722176310883846,0.0328942613658091,0.0328942613658091,202.82640784574824,30.964613328355643,0.09767530244903071,0.03973109234771412,2.0825736767787157,0.9569685738736725,7.936716568370389,2.9207099158161647,0.07257878639193853,0.0254478510836255,0.016136878169228805,0.012773774878116852,47.7385457744716,15.247895957956802
239,238,7,A_standard,False,112.28650103165596,80.13043645735493,389.0303089977372,843,71.54227205274105,0.2595499877707342,0.0833831687554525,93.84852158043964,0.2070346839144111,8.21713575185929,0.2437551180233645,0.134934082845354,0.8484511950648249,0.7135171122194709,26278981.007673185,0.6849968189402074,0.0984386879276133,1.0595,0.1042957898593063,1.3707423949471726,7.248340334891034,1.2937634685674115,6.841283940435142,1.3117911814605832,0.1560115431739177,-0.0261585590101633,0.0937424931965687,0.0258472353223917,-0.0575359334330608,0.0575359334330608,73.32351492421601,25.315164467418903,0.09809998649762364,0.03950920562753965,2.0840972532189115,0.9565346450723108,7.880693039848267,2.896689533793832,0.07275348221195815,0.025346187702917845,0.01623435861726441,0.012721400056012595,47.50216821876738,15.12977972431739
240,239,13,A_standard,False,132.76581263841263,80.97873874293215,256.3719414694974,991,90.2642568054722,0.5734439215808603,0.0533647607699962,169.33607361376002,0.0753347300787073,6.5869935495912335,0.2167817145240655,0.239802465432294,0.876568986445545,0.636766521013251,20573830.381053235,0.536284430523461,0.112993616078358,1.05975,0.1197449846390399,2.1222656089349106,5.635420328274746,2.002609680523624,5.3176884437600815,1.876003632076592,0.2452707509863992,-0.0214415734088878,0.0892465533579448,0.0173622116312212,-0.036002549138775,0.036002549138775,161.1360914627083,32.056561366701,0.09944027324580164,0.03903988412995223,2.04127466279194,0.9540572046995837,7.736692627429604,2.809605147037265,0.07390385824805726,0.0249022609833816,0.016505117268037373,0.012564018528895717,46.74996290637084,14.860826461696576
241,240,3,A_standard,False,139.51697604230114,62.0711494753012,395.1511682520542,858,83.8749584781446,0.2076442146623113,0.0726207117644248,170.755648501005,0.0450010110000355,9.210350432492945,0.2093842878611555,0.1453656965716033,0.8317636037432207,0.6863979071716173,21044584.04326548,0.5485552549144709,0.1050400862171593,1.06,0.1113424913901889,1.383906866480241,6.534628177594615,1.305572515547397,6.164743563768504,2.035835863280922,0.276045240439277,-0.0195201587946793,0.0838326317649522,0.0542710842238969,-0.0183496275405279,0.0183496275405279,139.4210053669076,34.33500522749841,0.09925724034571096,0.03923536197028873,2.087591087458355,1.0370792281156185,7.749650013666749,2.825274199436112,0.07414602438871105,0.024695928551272606,0.016374130539420908,0.012673644631976616,46.92034987942814,15.0678893687319
242,241,12,A_standard,False,128.77579299035028,77.74399043643092,493.8181566234544,996,84.90368599401883,0.4329803890791694,0.0541154271232049,250.328832416953,0.2856344279473715,7.306123500935289,0.221461921845213,0.1982893102724001,0.8640518762550142,0.6657625659826141,38237828.46968631,0.9967201870296416,0.0769526208586388,1.06025,0.0815890162653718,2.5767713699661443,8.651590531342825,2.430343192611313,8.159953342459632,2.9483859208961527,0.4870993440566548,-0.0140651000948959,0.0735872757976899,0.0324606216908475,-0.0216548054323574,0.0216548054323574,204.56269998846088,46.867845488619,0.09910550596977177,0.03915348038472899,2.0865110293039226,1.037827141466676,7.757352939077553,2.8196076480844616,0.07407386054803006,0.024612175587970055,0.016009367478048063,0.012630242394149368,46.9718881397077,15.010520022873466
243,242,2,B_optimized,False,137.80691869745797,87.75527832598564,717.9179255455348,1965,49.51434703141621,0.7915706372574619,0.0321913418541885,512.6329323516851,0.1844177212083073,8.533841016574936,0.2111997072638363,0.1649117618921381,0.8430940002873731,0.6781822383952351,123797136.6849241,3.2269380916375017,0.0439103147951832,1.0605,0.0465668888402918,3.755649729712894,15.444713652329094,3.5413953132606264,14.563614947976514,10.353220088440752,0.9993598835274924,0.0060408112405312,0.0274380369915323,0.038060308635332,0.0058689667811434,0.0058689667811434,519.657483345588,79.10714292252942,0.10072247917957018,0.03931654965394507,2.059461733776318,1.0441346844792507,7.633472762359775,2.816373931613985,0.07445985557847347,0.024417856277530403,0.01600081563916466,0.012636001444731662,46.81857480380338,14.945054947735255
244,243,13,A_standard,False,134.40161996821152,69.30432019515183,355.4915091544538,918,95.02115147994613,0.5243137712838261,0.0585294276189139,284.5718886704658,0.360446553215484,6.717094398214534,0.2149314037137386,0.2360493164247156,0.874291103895004,0.6382417874702884,22616855.39217598,0.5895386123817961,0.0978167879511117,1.06075,0.1037591578191417,2.4131779561468707,6.524869614296454,2.2749733265584453,6.151185118356309,2.9948267752840656,0.4987066967053244,-0.0077953558845031,0.0818934513956077,0.0488079714696755,-0.0097214561492384,0.0097214561492384,265.29946728649645,44.49834055636778,0.10039192306827951,0.03938198758243367,2.0471300289291974,1.0491070314306827,7.669530788115363,2.8149532003254274,0.07465032458518411,0.024302937285975053,0.016085855834685577,0.012615233109667855,46.573225740219684,14.873057694554012
245,244,13,B_optimized,False,136.17062383885732,89.90528241191879,854.888482058878,1655,56.7505549683744,0.5907635560538824,0.0466503832412952,422.1701699319782,0.6065463528288327,10.226406898973122,0.2129730391966607,0.1132736215754387,0.815031808246575,0.7017581866711362,127201629.128881,3.3156807446930183,0.0459687959845313,1.061,0.0487728925395878,2.464141580161367,15.265968395327985,2.3224708578335225,14.388283124720065,7.439049189338194,0.9883306226428354,0.0105356533196358,0.0421901617984051,0.0606249723453637,0.0139745891040685,0.0139745891040685,419.0018065405417,70.20331197475201,0.10130514500166152,0.03906434316950679,2.021855870597255,1.0510538181589817,7.585486429620221,2.791582709530786,0.07521586180570743,0.024371877078389816,0.015471059727893062,0.012376990296235164,46.39715037033744,14.907587869108374
246,245,2,A_standard,False,124.3754473528176,72.71846859592344,345.6834276555421,1055,69.45157665681427,0.5623498954899676,0.094289712040796,294.1156402683023,0.3668148058396769,6.55778323789138,0.2269179065859046,0.2258061380229177,0.8770812331262381,0.6512750951033204,26520135.79939625,0.6912828414139957,0.1014646892020943,1.06125,0.1076794014157226,2.225465231290107,6.418736411897246,2.097022597210937,6.048279304496816,4.234830286454628,0.7746628690470725,0.0010264119909671,0.0757494092180672,0.0807576103425712,-0.0135321016982248,0.0135321016982248,296.584027614354,49.36553991750724,0.10113631969661477,0.03929384200205463,2.0060913208461275,1.0177373760591493,7.653179219221679,2.9340974839529466,0.07505488848493289,0.02453939997293101,0.015389503672768874,0.012449462400314817,46.42448795246447,14.953540858548301
247,246,16,A_standard,False,129.045070405785,73.68174911548051,371.6301649259991,865,74.47973731840578,0.4787422856684252,0.0791827234123316,365.0015560455104,0.110777078852544,8.068986070316502,0.2211383344073141,0.1679041261853142,0.8509688786501433,0.683064752464829,23685741.898086123,0.6174005700483727,0.0982635412160819,1.0615,0.1043067490008709,1.7087123475032555,6.951354938071761,1.6097148822451772,6.548615108875893,4.900682644530615,0.869968768014919,0.0014603843291214,0.0596198959808287,0.082940377402906,0.0037576539905743,0.0037576539905743,372.5211708530304,53.59075444797611,0.10153349900553156,0.038983702749384536,1.9822288663578638,1.0008765022898443,7.605517201503938,2.903176233383963,0.07581344205546894,0.024033799777890514,0.015115951332708384,0.012623654579136945,45.927707205220806,14.637634935716255
248,247,9,A_standard,False,117.0326918535348,77.95480374499455,492.26359172972366,956,81.57933348834696,0.4451364921428704,0.1172884825065918,507.4178648595658,0.1543211746627993,5.877812785488507,0.236792526553114,0.2486218677738521,0.8890904939227817,0.6404686261489296,36685841.96999647,0.9562655813120428,0.0839846782576898,1.06175,0.0891707321401021,2.960324108297549,7.626017500284786,2.788155505813562,7.182498234315786,6.219931484633261,0.9615774831941952,0.0089643844356079,0.0497813378441144,0.115140403678815,-0.0021480788277767,0.0021480788277767,501.858274455006,62.86163358525737,0.10090411582671649,0.03954758207731473,2.0126267430559355,1.0315606554958803,7.704874240930605,3.0078521153034417,0.07504619757210655,0.02472571294282985,0.01468497089746061,0.012629112216363791,46.59288805231338,15.297256130632684
249,248,16,B_optimized,False,138.7764240366132,74.67950623710702,655.5449311570528,1686,44.685318420784384,0.463027432898175,0.0983946861233209,158.2697683674593,0.2705181676887183,7.958777547803677,0.2101657987501702,0.1877464605569974,0.8528466277858979,0.6651001672289005,82539431.21272928,2.151500767908191,0.0513948597225505,1.062,0.0545813410253486,3.653020196387847,12.940986137901143,3.439755363830364,12.185486005556632,3.5418740194954874,0.632248254645439,-0.0090210120615587,0.0535505500431919,0.0849626304731355,-0.0134320556501854,0.0134320556501854,128.83190223518088,63.4305664770048,0.10013367098288845,0.03999419259873447,2.0180815828784295,1.0393078207002142,7.805990670464536,3.0339005648134423,0.07513670822980868,0.02468836890458011,0.014790602488845792,0.012557672320107835,46.50070046062898,15.243265675603896
250,249,1,B_optimized,False,135.7912428787269,87.49901573535718,581.1180036391726,1359,52.31968781811746,0.966366290419276,0.0330535394044931,153.68891869843847,0.4849097652963027,7.574714794861724,0.2133893758194547,0.1986196356162516,0.8594227844948273,0.6608031488785757,69101417.29520719,1.8012209460349946,0.0545253890735056,1.06225,0.0579195945433314,3.642700015372517,12.11918264329571,3.429230421626281,11.408974011104458,2.9374968603160987,0.4843793001220731,-0.0132892066285428,0.0649114796937847,0.0,-0.0330535394044931,0.0330535394044931,131.40776009628308,54.78285946098376,0.1001918662864905,0.03993536150448831,2.0309652529336746,1.0589021699600896,7.785014671892212,3.013162254284924,0.0748132394512138,0.024972973705923555,0.014839720065958724,0.01254530272713693,46.69228056289197,15.459620015635332
251,250,4,A_standard,False,111.245253532649,70.66174561490551,278.3446566810076,961,74.35686762238758,0.6266856289574719,0.0250151131046111,297.25562283307033,0.2708639758134127,9.137183393905966,0.2453499559480439,0.1062662498418144,0.832981648326821,0.7267153984850065,18901254.87003877,0.4926865107963731,0.1242515062009074,1.0625,0.1320172253384641,0.8552512004964197,5.848745183901033,0.8049423063495714,5.504701349553913,3.997688879830809,0.7306039422502387,0.0040820283026538,0.0794917969469659,0.0226654888692389,-0.0023496242353722,0.0023496242353722,299.34536229015663,43.51134237927796,0.10027244833851913,0.040010809069986886,2.0222342345959503,1.0657368715081108,7.784194909526101,3.0139403974550913,0.07521499229332433,0.025458683446595066,0.0151813179252454,0.012642986999052055,46.50050002798032,15.684965459575121
252,251,10,A_standard,False,137.5421264098022,81.28129596241548,364.22448533757336,1080,87.8313653527245,0.5427808889548636,0.0145846310409494,219.63613428516777,0.4527964819728862,7.574620568408134,0.2114842422156219,0.2015106811159527,0.8594244041035758,0.6579137229876231,31973009.244640306,0.8334192873814045,0.0826199242891194,1.06275,0.0878043245382616,2.4390083003560754,7.96313635782727,2.294997224517596,7.49295352418468,2.5006571787097323,0.3776951206588788,-0.0127293177219427,0.0806355066989382,0.0,-0.0145846310409494,0.0145846310409494,205.9625109886336,43.36192001163497,0.09870419174419302,0.04015330810859505,2.0472653895843065,1.064309493469643,7.930324749128568,3.052258740825791,0.07479663258234477,0.025692605920592804,0.015742750109524372,0.012649772207226106,46.70242251129607,15.777021129411146
253,252,4,A_standard,False,122.12004057820448,72.4753027180794,294.0239804391649,695,78.12600779096016,0.402947506707281,0.0278851614386692,242.93326381501956,0.0988408328856869,9.13862358284633,0.2298434698969115,0.1224009736396621,0.8329576556532136,0.7105566820135515,14810086.50714868,0.3860447306790145,0.122360499268856,1.063,0.1300692107227939,1.0003307797127985,5.807075700568073,0.9410449479894624,5.462912230073447,3.1095056650664925,0.5273490920286101,-0.0108492591780197,0.0818422814301984,0.0324808397138356,0.0045956782751664,0.0045956782751664,218.1593611736353,39.29778113494311,0.09754256305216712,0.04052787748817393,2.09072397733651,1.089139095145733,8.046038228309452,3.081777013525149,0.07476419785054407,0.025718975772875054,0.01577085533084675,0.012631860346653383,46.88183665238251,15.918469951188822
254,253,7,A_standard,False,126.35577723997255,74.99347417975626,311.7096695408504,845,70.0746719250281,0.5056584345023357,0.0544534720808738,196.70938665138883,0.1717335991900395,6.975879432411329,0.2244225304872624,0.2089741926895731,0.8697777248554225,0.6608035321658493,19752881.44087684,0.5148852974151807,0.1125632756493649,1.06325,0.1196829028341872,1.8565041882800977,5.870507306701477,1.7460655427040654,5.521285969152576,2.8071396019070263,0.4519337939439298,-0.0075745520776756,0.0840935425557694,0.0458822421205048,-0.0085712299603689,0.0085712299603689,168.0844848661692,40.35819814963694,0.09750418165066703,0.04052827041511169,2.100351951723358,1.0815173880473443,8.044955992355979,3.0820273661396906,0.07541621847172474,0.025568555084310694,0.01577067932870846,0.012631954211183126,46.56256785320725,15.962587654053685
255,254,14,B_optimized,False,139.91258370208465,73.72686165223674,543.3531312544208,1600,50.84923749375058,0.6906443155471553,0.0501339451258655,168.22647275186756,0.5041775232171546,7.718038396955256,0.2089696829627553,0.1993215285237343,0.8569628005329558,0.6576412720092215,64095553.81808689,1.6707364132871254,0.0632348213168323,1.0635,0.0672502324704511,3.152084948972212,10.399986246725833,2.963878654416748,9.77901856767826,3.3083381589063703,0.5764795728301164,-0.0089991788845843,0.0651838082306233,0.0427318116921353,-0.0074021334337302,0.0074021334337302,172.03324724484767,56.44781832350832,0.09663659040011631,0.04101386265921373,2.1223919763927346,1.0838431103654078,8.161281664901873,3.155066564781666,0.07510024613511902,0.02561889269141541,0.01607269333240418,0.013028882001463989,46.8953283945998,15.954620765034246
256,255,3,A_standard,False,118.90846197383846,63.33389926770203,346.52867844826426,1002,80.65771675187662,0.5574753533984289,0.019787283092337,456.2184023162201,0.1928545208606009,7.738087902079494,0.2341715303906232,0.1633206412288372,0.8566192358193729,0.6932985945905357,21990906.4390407,0.5732224149770557,0.109000490988923,1.06375,0.1159492722894668,1.4983477574007846,6.360508914230404,1.4085525333967424,5.979326828888746,5.656227583526352,0.9343937883788233,0.0123501261735931,0.0598522892802217,0.0318686482050219,0.0120813651126849,0.0120813651126849,448.193662879239,51.9347723454348,0.09622205421657394,0.04137733061998544,2.133156444845234,1.0881782902273203,8.243145446122835,3.244179581611592,0.07532814107154323,0.025500571601881336,0.016327158155256313,0.012939218238317271,46.78314230158251,15.909491144146957
257,256,14,A_standard,False,118.720242375329,87.26927208563868,444.3126269129491,1086,81.70338770806788,0.7577355862177072,0.051276145867967,134.11398130361408,0.3061782548521158,8.495588255632917,0.2344313482385013,0.1364724919492452,0.8437392605506588,0.7072667686014136,42109475.728658006,1.0976398557062852,0.0863651087508217,1.064,0.0918924757108743,1.5801808614980375,8.189265072796935,1.485132388625975,7.69667769999712,1.641473934750577,0.2044799597305319,-0.0257027859435465,0.0868314572769787,0.0,-0.051276145867967,0.051276145867967,136.36547370217485,30.154951959544107,0.09660555671031208,0.041432322034686574,2.1373873467943696,1.0866145735962067,8.212037243371304,3.2591514977262857,0.07545108922990329,0.025561850422563745,0.01622787928998536,0.013013792009749704,46.70788832369979,15.936976789758464
258,257,3,B_optimized,False,135.5675551977462,94.6096747752544,699.6759406675039,1692,58.71559965996337,0.8660775511311964,0.0520099127146648,299.6167215524726,0.4956675750779433,8.368374426407057,0.2136357809300371,0.1673305292280164,0.8458886998192114,0.678558170591195,112003823.52530168,2.9195295967362638,0.0429345812538906,1.06425,0.045693128099453,3.897336933101063,15.804466953540068,3.6620502072831225,14.850333054771031,5.102846999564469,0.8911795842879362,0.0031675262199757,0.0413323004445961,0.038669762375215,-0.0133401503394498,0.0133401503394498,313.2909075580087,74.77991182632486,0.0956782780551327,0.04187608600391819,2.2341360098141663,1.2311670947887936,8.286186287483915,3.2714927964513247,0.07512166481520849,0.025822432490247734,0.015989231793441208,0.013189474514330026,47.3079057102248,16.51400802692622
259,258,4,A_standard,False,128.60929839924307,73.75859938563973,476.0693420482116,929,89.3468206289633,0.6179485502437368,0.0490238318146271,278.53125378804555,0.1596262024549514,8.722225154923361,0.2216625724945617,0.1446568539459509,0.8399234660856841,0.6952666121397332,32621099.12044487,0.8503126175749861,0.0838640465674707,1.0645,0.0892732775710725,1.7248971384843792,8.290401436572393,1.6203824692197082,7.788070865732639,3.1174165104847043,0.5293204494928903,-0.011566788159441,0.0671500809655212,0.0331771978785017,-0.0158466339361253,0.0158466339361253,256.5425829421252,45.56087053503813,0.09574235867464034,0.0418910459442674,2.2367801759680797,1.2296989847083293,8.278846325763304,3.275661562893166,0.07490974410430719,0.02566844470634533,0.016807480402216912,0.013758116477673181,47.21231741767895,16.601734740137438
260,259,12,A_standard,True,124.16338244691482,75.7039794027608,381.36995012386944,865,83.93140903147425,0.6821835283930915,0.0285169892729579,108.10160397814346,0.2079484828459772,8.266830603289739,0.2271891323132048,0.1528750937480476,0.8476083408676545,0.6947332471196068,24973607.764393065,0.6509705178855564,0.1071978192851352,1.06475,0.2507351769138208,1.4261026461873776,6.480852425474137,0.6097074037624635,2.7707849200528845,1.2879755651141922,0.1529013215933369,-0.0281278041089746,0.1329630389928517,0.0,-0.0285169892729579,0.0285169892729579,116.10582657124236,10.479442367454752,0.09485758768955012,0.04201575507485303,2.2800326892207354,1.233398741077648,8.341212509707665,3.2671011116153554,0.07426565690784229,0.0260806210690931,0.016656766196499896,0.01379643923157616,47.72305523799569,16.87972182476765
261,260,16,B_optimized,False,139.70813229679013,70.92983179664218,491.1845552854159,1555,63.136174451345525,1.0479413814138248,0.0915611944875094,151.3774516866272,0.1221910793206596,8.661314826613115,0.2091837030091549,0.163358859131519,0.8409472898549832,0.6775884307234642,54175636.91506722,1.4121604996801416,0.0720162156139814,1.065,0.0766972696288901,2.268362170086096,9.40883139924275,2.129917530597273,8.83458347346737,2.397634208947564,0.3538026247658164,-0.0181098802266098,0.0727426035909505,0.0700343731386293,-0.02152682134888,0.02152682134888,142.40728134192133,43.95979571560773,0.09390748246378251,0.04152060550435595,2.2933631428239782,1.2222098414456002,8.390440882865711,3.2353515565191358,0.07437458540260247,0.026193235591603293,0.016556122499160022,0.013807739613295407,47.51390553454875,17.113152852683797
262,261,4,A_standard,True,133.02376798395758,57.13451351030767,323.638369388356,991,84.61146391359836,0.4084088905550554,0.0391906113623452,163.27188117297598,0.2676446349208155,7.1021360713068615,0.2164873656446005,0.2149128399723849,0.8675841912602352,0.6526713512878504,18324502.501178514,0.4776526882189244,0.1197538380145606,1.06525,0.2206987239861078,1.7946217301716385,5.450108005795133,0.9737837903671472,2.9572955361941,1.9296661896749867,0.2553396078623385,-0.0219621772271269,0.1744092480966885,0.0,-0.0391906113623452,0.0391906113623452,154.03719355753813,8.227661637430064,0.09573872004878205,0.04242066253490535,2.2260519793748683,1.2036210011903699,8.303417177096282,3.286479906841009,0.07518374044495513,0.026491074152971687,0.01590081064571729,0.013793725124300712,47.04897736977374,17.203444509669776
263,262,6,A_standard,False,133.62030735183674,63.41838381536719,524.4917206646962,1004,83.20291684007225,0.4213725640617496,0.0397914582932565,283.63562315912765,0.1768696312411214,8.388798666881234,0.2158103658492484,0.1635903716835653,0.8455432376976396,0.6819528660140743,33395466.91809245,0.8704975508463121,0.0827951442838616,1.0655,0.0882182262344545,1.9758449978986536,8.236628752961785,1.854382916845287,7.730294465473285,3.4089624971239334,0.6008390790499171,-0.0089042279730314,0.0625494516252663,0.0278809395532887,-0.0119105187399678,0.0119105187399678,226.27469047035476,49.14888042464909,0.09434972762191549,0.042482047038080874,2.25517559470071,1.1871929891124466,8.431532596326825,3.3012492187511793,0.07417976093501479,0.02613279825934311,0.01606472264129671,0.013795294871608032,47.540862315914616,16.974370367814846
264,263,19,A_standard,False,132.56679717059686,79.90306950334984,320.0711863069336,857,78.11777478708069,0.4646930010780515,0.0224611573359284,186.5056901271535,0.4218756906138857,9.60820592744568,0.217009473242229,0.1242982067800444,0.8251714314401872,0.7008732246601428,21917492.400395688,0.5713087797823462,0.1114705881507187,1.06575,0.1187997793216285,1.115076262197357,6.2875170597691294,1.04628314538809,5.899617227088087,2.387493635545777,0.3514876745199868,-0.0098802124050755,0.092586614338636,0.0065241964915898,-0.0159369608443386,0.0159369608443386,152.5731155023306,33.57531598007869,0.093306682506529,0.04188807325199062,2.2628371233878983,1.1796379720566135,8.489057906243524,3.262051051735443,0.07371016348458316,0.025867375741070148,0.015615071052649098,0.013600579247225072,47.745752197359245,16.83142912702068
265,264,20,B_optimized,False,140.22493662219983,90.62783048633383,699.5310591264399,1794,62.928533526652,0.538215104629303,0.1156825618407218,211.6877122802275,0.3078096231392809,6.320007232612403,0.2086437360534347,0.2675015492973696,0.881262143887928,0.6137605945905584,113734186.15010722,2.9646338149423928,0.0504786156516562,1.066,0.0538102042846655,5.299304385511462,12.158823824052716,4.971204864457282,11.406026101362771,3.3639384301013755,0.5899934814806926,-0.0120653769426177,0.0593721521830558,0.1128674047868519,-0.0028151570538699,0.0028151570538699,182.93862397163875,68.91656983657764,0.0925576344295049,0.042022203870245335,2.278851030854247,1.1716216456425692,8.559083020523273,3.263536756402852,0.07257731922193127,0.026210201232190932,0.014720127891105437,0.012184294942186093,48.53604671143976,16.683770404073332
266,265,12,A_standard,False,131.90880632742756,72.29512894634084,310.0204859948184,940,72.83780884888735,0.4784641030042754,0.0566851375596945,114.16973398660733,0.2680268126997485,8.489007954968928,0.2177666519934377,0.157453856050599,0.8438503090181503,0.6863964529675513,21068192.75034249,0.5491706474687834,0.1089010872466991,1.06625,0.1161157842767929,1.445842828859099,6.302934803695968,1.3560073424235397,5.911310484122831,1.5674515171573744,0.1927019116324229,-0.0230585552772823,0.1003469387876885,0.0481371506549249,-0.0085479869047696,0.0085479869047696,96.7363585789172,31.828636621252137,0.09136002957504889,0.04208479671863867,2.28121073442153,1.171172655570603,8.685217757123713,3.2575724077585764,0.07142442979191593,0.026724752262645823,0.01413482255872447,0.011839100186544884,49.264275875430386,16.744329389675897
267,266,9,A_standard,False,142.62214563945508,54.68976212136859,225.7539868794891,1042,82.88838351659376,0.3487962563295664,0.0323988259663047,626.5871174596018,0.2194468919433473,8.676779777938117,0.2061826662436319,0.1671269477756658,0.8406872258977309,0.6735602781220651,12864981.977686198,0.335342977258707,0.1352236081674742,1.0665,0.1442159781106112,1.2359302494626483,4.981084939605085,1.1588656816339884,4.67049689601977,7.559408096481491,0.9896401957491208,0.0154034228183972,0.0718221061648137,0.0398527693931876,0.0074539434268829,0.0074539434268829,628.0951792267168,49.330029900166245,0.09134978843079836,0.04207989685783899,2.277576924013496,1.1745385869229799,8.689036250295295,3.2546682436307046,0.07114024517636221,0.026665596950368468,0.013786119247125502,0.01196848243790847,49.50738498249957,16.610859243830976
268,267,7,A_standard,False,121.4592498476409,78.30631943187055,447.72640984713206,1127,76.6687523411636,0.6898900439835227,0.0478348960347384,227.1624896363372,0.082841202920825,9.461186377471684,0.230718070623184,0.1127179422672869,0.8276013287636114,0.7148833864963244,39512402.79055603,1.0299436729419646,0.0793619754804601,1.06675,0.0846593873437808,1.4203016190674274,9.007882958663718,1.331428750004619,8.444230568234092,2.962908390963514,0.4907281607231896,-0.0144994608522768,0.0649129873786684,0.0326872886904609,-0.0151476073442774,0.0151476073442774,216.38500106774103,44.84970942936159,0.09233515389478228,0.042422123360085995,2.247357633661436,1.1898654390710452,8.633926027093235,3.286978564409582,0.07131198855377399,0.026709296625583523,0.013873866454131394,0.012043199026872366,49.38384265904956,16.653806765418768
269,268,13,A_standard,False,129.56052107037667,65.64973756517821,417.7771914659906,989,96.89822620441016,0.6325027456638188,0.0614014899597654,275.3871567014139,0.4122322561766282,8.72604693329021,0.220522114058414,0.1459799030483718,0.8398592685125544,0.6938793654641826,27125266.38767444,0.7070563802697428,0.1033823943799193,1.067,0.1103090148033738,1.4120383255190556,6.711774955745847,1.323372376306519,6.29032329498205,2.8420247458449364,0.4605881165640689,-0.0102350434505253,0.0919789530047838,0.0562473507421693,-0.005154139217596,0.005154139217596,263.2764430527939,39.22156263302071,0.09368142208307674,0.042006080275676864,2.207677659840304,1.178861402047889,8.46128422047146,3.1945702629307435,0.07192673218857416,0.02602380989624811,0.013835522984006319,0.012072222377582749,48.87278340068578,16.106135708745658
270,269,12,B_optimized,False,130.17284021865112,74.74811114545021,723.5940445636621,2016,48.25750182225912,0.7909725238974311,0.0459504876637735,172.4911751303301,0.30375548576517,8.100315942158709,0.2197954819302873,0.1685685400039467,0.8504358307526108,0.681867290748664,109039972.74353662,2.842272858481089,0.0419824432774649,1.06725,0.0448057625878744,4.015215095745274,16.24172481439814,3.762206695474607,15.218294508688818,3.5743908950290364,0.6397757326890733,-0.0065025013015418,0.046169382556034,0.0433691002709069,-0.0025813873928665,0.0025813873928665,151.33602244353582,71.68977641938932,0.09393126876081734,0.04210428121702414,2.200850296278331,1.1794520731216105,8.45002147569243,3.203860126549846,0.07178069698674802,0.02598720077253691,0.014130013907952581,0.012149166079321943,48.8394884391567,16.117080187670496
271,270,6,A_standard,False,139.0615185641567,81.2905358870137,519.2463875281512,905,93.42182294773218,0.4541483208047739,0.0695858117947651,164.01292721047477,0.2091399786040403,8.430073195510039,0.209864098515134,0.1704744730597102,0.8448455377382039,0.6743710646784937,38199884.47510126,0.9957311260161628,0.0761723082697039,1.0675,0.0813139390779089,2.2380111215234506,8.853231311971564,2.096497537726886,8.293425116600996,1.7556168573400357,0.2236739579340807,-0.0265475877451591,0.0785339655143194,0.0689952403438393,-0.0005905714509257,0.0005905714509257,162.56088569049712,42.97701184917085,0.0954100175521002,0.04178305852070337,2.170573542212236,1.1955862310991685,8.278243451865782,3.107787519040631,0.0722393783476393,0.025654527765304105,0.014180638303054669,0.012153778020187803,48.399119235195975,15.819500209038152
272,271,1,B_optimized,False,124.15113571877552,96.1059716383568,689.2651507909577,1430,62.987743236984,0.7658611707562261,0.0280272184258989,520.263618142192,0.321868415583571,7.26496216543866,0.2272048196256852,0.1919281072683051,0.8647634797036097,0.6728353724353044,94726770.75750962,2.4691800880112464,0.0477722195092475,1.06775,0.0510087873809991,4.017567306688616,14.084239320407944,3.762647910736236,13.190577682423736,8.25975961997497,0.9948303108510644,0.0041646142708349,0.0347023802493081,0.031996474735547,0.003969256309648,0.003969256309648,556.1266348714682,77.43531791896228,0.09581877831602524,0.04200492157684917,2.1552799647790013,1.2014227974398268,8.2634890264593,3.120316414810035,0.07258551778845163,0.025819080753187007,0.014407206909527346,0.01224667764316244,48.15439364322407,15.898693295435267
273,272,4,B_optimized,False,144.2609571360873,84.73056583081987,630.2304495255298,1416,54.64731890313762,0.8759485751255922,0.0339272584860964,92.8609138033182,0.1426683027362607,7.612031927642255,0.2045402869691505,0.2107743403332695,0.85878159991302,0.6480072595797505,75614092.15042791,1.970982534481497,0.0549293257820762,1.068,0.0586645199352574,3.837191469807668,11.79710929186752,3.592875908059614,11.045982483022025,1.699276664751187,0.2140433059891494,-0.0247781581303384,0.0673641530836621,0.0248954011370184,-0.0090318573490779,0.0090318573490779,77.03625723645376,53.00640075536732,0.09704560149981685,0.04313837852194873,2.1379924707299316,1.2155687863047684,8.21799854432584,3.16212724428238,0.07360239774319674,0.02629486773394216,0.01486291210946582,0.012266225072496027,47.63073064386956,16.145270408453662
274,273,20,B_optimized,False,136.53995238427356,71.87186776473422,700.8446588192134,1442,52.40322483282388,1.047831999684087,0.0567512294789346,249.3901972513839,0.3159121647913883,6.6642971602980055,0.2125696240713208,0.2425306603741683,0.8752147946007688,0.6326841342266004,72635003.11416022,1.8933285907236643,0.0580615793585783,1.06825,0.0620242821498013,4.177128198258964,10.8967778902336,3.910253403472,10.200587774616054,4.759062024273991,0.853092146440912,-0.0023937755867105,0.0454778736314495,0.0438058315708123,-0.0129453979081223,0.0129453979081223,231.72034847348556,68.37587991586503,0.09720027845826204,0.04312342879602901,2.1237991642117158,1.2119601452547724,8.210597791422572,3.1650319153590787,0.07411303224618242,0.026069776655780145,0.014946836490862201,0.012191583946034637,47.331398548468485,15.995169893062627
275,274,9,A_standard,False,140.1163184747043,69.2973145711704,252.7333653447312,894,86.32839132351609,0.596256597352078,0.0946683511912597,127.54264705214992,0.4883246996783217,9.487029514344224,0.2087569413062101,0.1380025296085437,0.8271736830019085,0.6891711533933649,15657286.70770639,0.408128138031,0.1300180505513069,1.0685,0.1389242870140715,1.061410542792948,5.300580576859273,0.9933650377098252,4.9607679708556605,1.4774125301858485,0.1790808172869942,-0.0124218666294566,0.1149335739569125,0.0675884582269259,-0.0270798929643338,0.0270798929643338,101.27174590443995,23.870118012399644,0.09713610138376712,0.043190485092752806,2.11372820522681,1.2028598364902707,8.233580566441827,3.198479963803067,0.07456775818626603,0.025901540613561588,0.015558083189787263,0.0128618133966968,47.0029335909924,15.825550829562433
276,275,10,B_optimized,False,124.71308462702328,75.82209216365995,665.384453401547,1889,49.331908105448655,0.5341096370675185,0.034071432103413,183.3463573037274,0.2733837177971553,8.450157318950845,0.2264876953886562,0.1475103912043281,0.8445062462451213,0.6969958550407931,95301639.31029847,2.48416480640098,0.0530645193016206,1.06875,0.056712705003607,2.7798309142474995,13.134875510301788,2.6010113817520466,12.289941997943192,3.716587586918759,0.6718551383107785,-0.0080619484203707,0.0505324115761616,0.0044238119840755,-0.0296476201193375,0.0296476201193375,177.83601402729872,58.67778766024253,0.09702917336573405,0.04329604515624999,2.164684492690907,1.3090077201124248,8.226280294628255,3.19149340182419,0.07405901744437843,0.02634115145123767,0.015013420541877204,0.01268116426442163,47.495201371881706,16.443246935986515
277,276,10,B_optimized,False,130.71708301668772,86.24944964178994,579.9688542325467,1788,50.520513645107584,0.9139595897411534,0.0491801690633166,165.0890517520581,0.2134577691826081,7.083887539675386,0.2191544955847247,0.2117252573811116,0.8679008918010618,0.6561756344199502,89439326.14264272,2.331355765962808,0.0526987065418719,1.069,0.0563349172932611,4.017655674582535,12.451456164271953,3.758330846195075,11.647760677522877,3.267762733208976,0.5665435770023692,-0.0101830119636893,0.0534883925416144,0.0406157858208581,-0.0085643832424585,0.0085643832424585,145.98672037797587,63.52184702878417,0.09555573319521062,0.04333461693009044,2.216681235611148,1.3055244703101494,8.342602469420429,3.196262028663883,0.07378528746824098,0.026354653042800526,0.015642018398565563,0.012818849566875954,47.643804155563956,16.440082734419406
278,277,16,A_standard,False,118.62589080524342,71.63765348816423,452.07195652353766,967,83.78466939292986,0.5334348744505757,0.0640969251810236,141.16615329944622,0.2288124136983976,8.271356962662585,0.23456185456674,0.1436831387932231,0.8475316127415338,0.7038484739483106,31316656.825435694,0.8163105829332532,0.0899296067642503,1.06925,0.0961572320326746,1.597728978954475,7.826660198720128,1.4942520261440029,7.319766377105568,1.6848685364790432,0.2116294314690424,-0.0202490303743977,0.0855930454067289,0.0549326042606612,-0.0091643209203623,0.0091643209203623,93.2046361737005,36.58181745950535,0.0962495415636533,0.04348542322217263,2.205477745609883,1.3072411462468383,8.297452543062388,3.2243302718664433,0.07405096962355337,0.026491721996640398,0.015739055863838333,0.012829041948478495,47.39767686161777,16.5968685459027
279,278,2,B_optimized,False,139.63124575421898,88.42115534092449,816.5371090137523,1576,68.93851076956986,1.0063047549987405,0.0399974109291079,223.53686057324924,0.52004499380823,9.159347709994332,0.2092643257841211,0.1470879277366307,0.8326124807853404,0.6855245530487097,113785867.5829894,2.965980960675031,0.04957210349672,1.0695,0.053017364689742,2.9671512274310268,13.828837283333518,2.7743349485096083,12.930189138226757,3.242554242583387,0.5603430058657917,-0.0102639560866851,0.0633631301595356,0.0,-0.0399974109291079,0.0399974109291079,182.6082778204759,54.67352537625341,0.0948770018265831,0.04347922461531773,2.2412147992351508,1.296347826628625,8.408462324730499,3.220294636532471,0.07344029738931047,0.0266598440751508,0.015980380890978616,0.012728239928301152,47.83193641089864,16.664532082415523
280,279,2,B_optimized,False,133.32193901320264,79.4342752662043,618.3488558350535,1607,57.45928613195219,0.7627245872086434,0.0180779607021813,69.27017442416593,0.1575152034447124,8.992792325454385,0.2161483340057814,0.1431621923514708,0.8353906272070721,0.6922284348556013,78932775.8124852,2.0574884667668587,0.0473641205348001,1.06975,0.0506677679421024,3.0225873664493417,14.615038282976144,2.82550817148805,13.662106364081463,1.2055522977624655,0.1425282873948795,-0.031653612873631,0.0679065819309957,0.0,-0.0180779607021813,0.0180779607021813,82.54631140200142,50.31546395300235,0.09369432678866162,0.04359480363479704,2.252837225524202,1.2944215559547143,8.52699396552363,3.2209273980395707,0.07315259034228866,0.026620122526769915,0.01646979580144498,0.012906747671040558,47.92870910702055,16.63426731464164
281,280,6,A_standard,False,127.50115646675305,79.43163662873319,354.90948628562893,886,79.12040949018822,0.6079741971397062,0.1384212361920091,190.88243777064412,0.2203942494912233,7.072361386833599,0.2230093853290591,0.2065520240835534,0.8681009860299508,0.6615489619463975,24977262.63674717,0.6510657870261468,0.1045044580050057,1.07,0.1118197700653561,1.976490075415344,6.330342021530885,1.84718698636948,5.916207496757837,2.4125562418166657,0.3572215895823205,-0.015231771238612,0.0909338763904952,0.1341781027592048,-0.0042431334328043,0.0042431334328043,201.7949053818877,39.16470424831293,0.09480948071387445,0.043617693707698676,2.224860943853476,1.2938563522731312,8.44172864648591,3.243457439715538,0.07378802941636577,0.02680458976549701,0.017072894426870534,0.01317611215779776,47.46283320706735,16.716793283228125
282,281,10,B_optimized,False,131.92763148408525,80.35726624770773,719.8177070404919,1453,56.39689478000964,0.7725106014213753,0.0247061812877869,211.24044985848016,0.2697092908931367,5.0,0.2177448998757784,0.3366456116652165,0.9048374180359596,0.568191806370743,84045273.29438096,2.190752557597316,0.0499176397077717,1.07025,0.0534243538972427,6.744021024151181,11.382585588923192,6.30135110876074,10.635445539755375,3.7456042692151215,0.678220138003703,-0.0058490984809375,0.0471341702391627,0.0240158008122666,-0.0006903804755202,0.0006903804755202,235.08149088122,77.3001612919258,0.09451673690984201,0.043521930925937466,2.2268414872546263,1.2926565399602414,8.458006241082394,3.232872439700362,0.07408500603192872,0.02672919168487073,0.01717039324387933,0.013156444510052183,47.25505503464186,16.724637457278305
283,282,14,A_standard,False,140.8649687669381,62.8200562331627,406.4270151760096,923,67.38876268652865,0.2983539314711555,0.0546754923089177,119.33720012260343,0.0550758833882967,8.39538608489638,0.2079796893193493,0.1744582554653045,0.8454318461004989,0.6709735906351945,23565821.81603482,0.6142746925758708,0.0998549301774122,1.0705,0.1068947027549198,1.747117094322178,6.719483849651445,1.632057070828751,6.276958290192849,1.770876854910107,0.226334932695093,-0.0249715786111907,0.0880509272568526,0.0086445775998332,-0.0460309147090845,0.0460309147090845,112.784046142411,29.97824283960364,0.0937400715611117,0.04391444478665935,2.2495428366136476,1.289327592840932,8.5650892044734,3.295212294721943,0.07332875357078249,0.02689559548909239,0.016159342309945923,0.012402841222237884,48.0389448198095,16.825021224879745
284,283,10,B_optimized,False,143.4052911618778,86.06682426115252,432.3247145573857,1760,52.90202513170443,0.8836898737969845,0.028162416429331,434.6651528061926,0.2281562671116762,7.113130368161767,0.2053938352975764,0.2320057490375918,0.8673934426695633,0.6353876936319716,65487514.807551645,1.7070197398587992,0.0629330868163067,1.07075,0.0673856027085604,3.68654646982096,10.09624230711236,3.442957244754574,9.429131269775723,8.21641802415038,0.9946025576973256,0.0029969358595708,0.0422585663967097,0.0376935406320101,0.009531124202679,0.009531124202679,414.5655130371258,69.16562940458815,0.09476916787030676,0.04336499045006441,2.1958625454680383,1.2851855358148898,8.415913151735381,3.1713740488538216,0.07457457029992907,0.02682583793375576,0.01593389167302305,0.012556631296333977,47.209114891559985,16.499260056065772
285,284,9,B_optimized,True,128.71627712169715,81.05438741608656,764.8823794502836,1532,74.56782889150423,0.8689634155779576,0.0430034318172805,168.3628173246586,0.4932417810713795,8.6223275059805,0.2215335966129949,0.148060363989992,0.8416032712037925,0.6935429072138004,94979515.39432655,2.4757682153124247,0.0504664189157161,1.071,0.0919621380109734,2.9338393167398547,13.742661399694008,1.610014373223083,7.5416135619970355,2.25784791950461,0.3225337223800921,-0.0158499159422924,0.103524281012572,0.055575064671635,0.0125716328543545,0.0125716328543545,145.9152786044105,23.799484703709517,0.09398580330888046,0.0438177098428662,2.2256367925201332,1.2888207059720063,8.533339436036401,3.2552419887220565,0.0738782909800674,0.027466631808978955,0.015786414589915185,0.012600901804743134,47.79194134069706,16.948434301275622
286,285,19,A_standard,False,134.06463284159253,62.057225537328485,234.65560012268705,773,77.83827776678035,0.4781508390203848,0.0463730607337897,197.701760934912,0.058693319426531,8.950270388336241,0.215309439925287,0.1455729847852166,0.8361013779435998,0.6905283931583832,11256484.361817513,0.2934153336479735,0.1501237998289734,1.07125,0.1608201205667877,0.9696862519537798,4.599726318845239,0.9051913670513696,4.293793529843863,2.5399041012606616,0.3869630742606686,-0.0124888123731786,0.1045102912307427,0.046238151096869,-0.0001349096369206,0.0001349096369206,153.33019066690014,32.39264425920053,0.09038237077777397,0.037636443640473895,2.2703851176954033,1.270278607595362,8.664736342964833,3.1487439881075447,0.0721599670803941,0.026360013212338478,0.015238404872038085,0.012631735721032456,48.83068105953548,16.189519075726547
287,286,4,B_optimized,False,130.211079853471,69.651961125293,782.1887370189124,1553,65.44008391077139,0.9164705214734246,0.0247351459059021,168.53255276057124,0.1519110450798115,9.113633111163384,0.2197502961558803,0.1349671889047198,0.8333740798050383,0.6984068909003185,84608961.1689096,2.205445836640919,0.0545784962271037,1.0715,0.0584808587073416,2.4729004687691467,12.796374747926627,2.307886578412643,11.942486932269368,2.575371892712853,0.3954098168312747,-0.0187303442186129,0.0587840381936037,0.0045251146747855,-0.0202100312311165,0.0202100312311165,125.70753773652297,51.79279226753455,0.0913988706314348,0.03794437888442496,2.2647795999164346,1.2715289056954813,8.588141051781173,3.190827581329786,0.07255373089798274,0.026515486045700618,0.01526992785865203,0.012649702866232853,48.66025565715768,16.28640219742624
288,287,12,A_standard,False,131.56210425183818,68.42801263681514,452.7657275865708,1056,81.01400033405257,0.4912942208141307,0.1095699883875077,212.0713537123688,0.1702519630845944,9.744740485978532,0.2181682056028155,0.1193144843748882,0.8229212168169366,0.7036067324420484,32716843.028824065,0.8528083107167218,0.0851825328206342,1.07175,0.0912943795505147,1.400691907413982,8.259988393672302,1.3069203708084738,7.707010397641522,2.617712405731296,0.4055752758418133,-0.016249684821145,0.0766066978263937,0.0991583064540792,-0.0104116819334285,0.0104116819334285,202.04935321174395,41.20910740058715,0.08955123697876287,0.03350992247308045,2.263313169913119,1.2730894942923887,8.63903315589258,3.1186620945942503,0.07126956169498826,0.02277251252362085,0.014661419927507158,0.012199307646050954,49.05521312798194,15.506655162563602
289,288,11,B_optimized,False,136.2683188502896,73.49620780287856,652.6850408413975,1710,49.23150308160966,0.9122561052802434,0.1257721102826871,396.347910902887,0.132221620815546,9.236356918077304,0.2128661467852854,0.1400007208461901,0.8313310912708584,0.6913303704246682,82028486.91948147,2.1381823209171067,0.0623539048583036,1.072,0.0668433860081014,2.245259878500559,11.08720250954106,2.0944588418848498,10.342539654422628,8.050696933747329,0.9936358931434502,0.0045581835881778,0.0371002800639746,0.1385608856385649,0.0127887753558778,0.0127887753558778,406.8254538361446,64.8298901714446,0.0890193688723619,0.033741754522890174,2.278371406287693,1.2726065811177774,8.704791556317966,3.133737089596635,0.07120598205914136,0.02280177443609538,0.014766398737069508,0.0121977364582471,49.24646804051661,15.566689958611116
290,289,10,B_optimized,False,137.34272959232328,81.88095954521332,700.2893931263983,1566,52.811079562363005,0.6036055388768697,0.0512331255471076,669.4688642786151,0.1265990307260882,9.749548828784022,0.211699121264487,0.1269488639362189,0.8228420828757814,0.6958932189395626,89795015.45570953,2.340627284059748,0.0558309553893578,1.07225,0.0598647419162389,2.273807837442402,12.46428999981272,2.120594858887761,11.624425273781972,12.6766744748715,0.9999372741680702,0.0080267868506094,0.0316020818571773,0.0579704080668343,0.0067372825197266,0.0067372825197266,708.6312962341646,68.46801956623244,0.08781897416217019,0.03372829323913534,2.320828937548746,1.2660575012208095,8.813486709615852,3.128702126667513,0.07031690955015796,0.02281774910428529,0.014520239642657378,0.012297415975563549,49.945887101761734,15.633694601499942
291,290,17,A_standard,False,128.25852245252275,76.61738239696977,405.0561725932281,763,82.29456474444662,0.5935463149417477,0.0378732395029937,307.7122792257129,0.1814958287787642,9.37906034323533,0.2220867581643711,0.1245603294864538,0.8289617980584274,0.7044014685719736,23679204.218553025,0.6172301566795242,0.1033384001656526,1.0725,0.1108304341776625,1.2053634397937467,6.8164541684679625,1.1238819951456849,6.355668222347751,3.7391567739773226,0.6768114384110367,-0.0030416066458656,0.0696234009872666,0.0387877014635733,0.0009144619605795,0.0009144619605795,294.1165170332466,46.490460580957446,0.08901092069007305,0.033554534182564724,2.2666983362753936,1.2069047343912498,8.695300865020437,3.140360264887466,0.07082712577153162,0.022853214042750397,0.014516929538855578,0.012300652788461978,49.54050855172215,15.392676489072
292,291,6,A_standard,False,126.92959259433805,59.35298197909208,347.27629756496475,848,84.69536367015826,0.40573435982268,0.0559613790936472,358.9649464389609,0.509706846642888,9.466217574022169,0.2237118592285171,0.1203074014031122,0.8275180564542661,0.7072106550511539,17478877.488806017,0.4556103402556491,0.121983024436791,1.07275,0.1308572894645676,0.9862634736151584,5.797615351123017,0.9193786750083042,5.4044421823565765,4.2383069259485255,0.7752691727368232,0.0055023560833466,0.0821744446682789,0.0820035448762991,0.0260421657826519,0.0260421657826519,322.1277914982437,40.69072931611864,0.08770748652042885,0.033745414039071275,2.3260869512791533,1.233933760794029,8.831395530257069,3.1646031767524634,0.06991886157765409,0.02255656550299618,0.014803153616310549,0.01232540575758959,50.12108718643879,15.257853008597596
293,292,20,A_standard,False,132.3057525047226,56.65572320088722,395.1578881362785,912,89.21330197877685,0.1250103913876405,0.0343596954450757,476.286666268273,0.1105930668210476,7.959131860702227,0.2173091026166757,0.1773567918379502,0.8528405843160966,0.6754837924781463,20417815.80897729,0.5322177018497298,0.1061326171994552,1.073,0.1138802982550154,1.6710865756249398,6.364525913920582,1.5573966222040447,5.931524616887775,5.338740475961509,0.9120350896555408,0.0055019320707791,0.0581752187315409,0.0383114887199655,0.0039517932748898,0.0039517932748898,468.8206769255864,53.55418000434064,0.08607463296973876,0.03292046773855447,2.3508396606128112,1.2224010465456747,8.959004756950213,3.1217476968254445,0.06963745817715879,0.022620013739964112,0.014741497435107869,0.012370547468089663,50.223509707840975,15.26961839369518
294,293,7,A_standard,False,127.98100700012414,76.58976741635034,296.41532892704254,1139,73.07845928307133,0.3377450423475619,0.0624801473199608,246.07085696410127,0.1144247607022452,6.710673568767623,0.2224237514144613,0.2247844828791867,0.8744033845855026,0.6496189017063159,25858012.07422485,0.6740237001499254,0.1083172529291141,1.07325,0.1162514917061718,2.075241725584492,5.997372386571183,1.9336051484598105,5.588047879404781,3.3672146262818625,0.5907857628787078,-0.007656961673373,0.0745916913043005,0.0380341449734094,-0.0244460023465514,0.0244460023465514,228.3381892205916,42.83359247991356,0.08555770956420422,0.03314529670720158,2.381205501236832,1.2153989112941803,9.020861985840229,3.141916583428368,0.06949286177656612,0.022673874697967077,0.014881458328268342,0.01241474511345326,50.40328354834967,15.257968697410847
295,294,11,A_standard,False,129.65937103164444,65.17617349946397,309.43919400928104,849,73.16924392790989,0.4908428021433639,0.0292393296401942,445.9649847806921,0.1636381882792197,10.482270254482412,0.2204044151436419,0.09922764294231,0.8108717259846822,0.7116440830423721,17122685.144244432,0.4463257099694026,0.1143086465800934,1.0735,0.1227103321037303,0.8680676913866135,6.225636505491643,0.8086331545287505,5.799381933387651,6.0949787211151145,0.956685146394472,0.0077004512989142,0.0651242298429689,0.0457451384993672,0.016505808859173,0.016505808859173,433.8223222812471,48.18485177671594,0.08449521358414393,0.03318713395541405,2.450225431020119,1.2515505778549707,9.109433003873296,3.125750566869132,0.06894354685518687,0.022449585431653884,0.015009869220867202,0.01234508781751625,50.89542714438358,15.286766737808774
296,295,11,A_standard,False,130.6287896489203,66.86219189663774,317.5588770462223,820,94.50856679743158,0.5095826338254997,0.0438452822578554,314.256036315802,0.6168401061338583,8.06295293521602,0.2192581752490533,0.1706964668004446,0.8510715650494519,0.6803750982490072,17410799.711947147,0.4538358018679076,0.1193177551683115,1.07375,0.1281174396119745,1.4306040753084694,5.702211689192939,1.332343725549215,5.310558034172702,3.3251592629626288,0.5805810869149104,-0.0018443715766244,0.0930563812586841,0.068705814279714,0.0248605320218586,0.0248605320218586,305.3144366434592,37.12926031891191,0.0857298186541073,0.03282676829536415,2.4057484055041876,1.2434634431403357,8.932261641431916,3.0217535344339383,0.06996132580295716,0.022549354118047395,0.015640472413926267,0.012501577356569071,50.07431743085574,15.249606388988475
297,296,17,A_standard,False,124.575427772052,55.14551678447867,220.30904968168053,834,87.70981589193148,0.7525622183937477,0.028561332115435,234.72669986065324,0.3356690771115337,9.228708063974237,0.2266628558789831,0.1234640416727869,0.8314582756033239,0.707994233930537,10132313.035092711,0.2641123031185388,0.1542345513877573,1.074,0.1656479081904514,0.8004953530962657,4.590373736365893,0.7453401797916812,4.27409100220288,2.6761736696593155,0.4197435259120907,-0.0019298950096015,0.110463893718084,0.055104246102933,0.026542913987498,0.026542913987498,194.09304681028067,27.407604480250587,0.08611858659783261,0.03288845034428254,2.412606715335647,1.2426683828242566,8.89215132797003,3.043637630618219,0.07008161824963201,0.022611975215705963,0.01575549978283269,0.012386203653965646,50.10142545676529,15.237932818177695
298,297,9,A_standard,False,134.2570349910515,64.56816548518414,410.3230945942357,1099,76.09229057866679,0.5874119660987148,0.0488507936104156,257.5672914170341,0.310218560207549,7.449725168975778,0.2150934033000902,0.2014152180472191,0.8615738506304192,0.6601586325832001,29116696.61209467,0.7589656749441037,0.0902067303349881,1.07425,0.096904580062361,2.232818075760551,7.318285787896991,2.078490179902771,6.812460589152424,3.3849328159040275,0.5950622850773339,-0.0044252858394112,0.075313062993398,0.0551950915080114,0.0063442978975958,0.0063442978975958,247.6658748225252,47.89502881520372,0.08609098528315798,0.032919082081024474,2.3923160821192595,1.2283752393402096,8.90761021034798,3.0677823932365182,0.07008547519698338,0.0226058329997896,0.015748450516904294,0.012393146714723004,50.02924061372801,15.113848261714194
299,298,6,B_optimized,False,137.97805820604438,89.72385933198154,700.2663663446806,1558,53.28604365303272,0.9980532995409888,0.0439943905964383,96.93008184116674,0.4927445369899575,8.96392244254564,0.2110163017278043,0.1508402781177109,0.8358731190803169,0.685032840962606,97890076.27827398,2.551635881043209,0.0478105977669649,1.0745,0.0513724873006038,3.1549548669716683,14.328054300879996,2.93620741458508,13.334624756519307,1.8190519542474997,0.2348817779058101,-0.024202169074424,0.0762868470473732,0.0,-0.0439943905964383,0.0439943905964383,101.06179052926537,47.007318603200105,0.08682477017215026,0.03270345995233531,2.357914616967354,1.2181095923716185,8.827223663007297,3.063262926348566,0.07034373444015468,0.02264783164646193,0.015684542057822045,0.012436652064749452,49.74925622874931,15.18706135423801
300,299,1,B_optimized,False,140.46742826741368,92.9278593932964,592.1494787323348,1602,56.1669758262608,1.0333566324380477,0.0278208289870644,250.90671421918725,0.1782109154810938,5.555036674960034,0.2083915407068636,0.3142323334036348,0.8948486031577069,0.580616269754072,88153547.96612236,2.297840236554646,0.0489166723811835,1.07475,0.052573193641677,6.423828893244756,11.86949646185282,5.977044794831128,11.043960420425975,4.467157266848541,0.8126249200219685,-0.0008005785120627,0.0394744425994037,0.022000421978074,-0.0058204070089904,0.0058204070089904,273.6598297465651,79.39624850544914,0.08668431933281251,0.03282699022036891,2.3598407347403842,1.2206877120965334,8.855826658370463,3.0829619423632257,0.07052958377233318,0.02247710046050402,0.015481392479762457,0.01256461008461251,49.70482087251594,15.134609787490586
301,300,8,B_optimized,False,136.1914717240891,86.2362353661716,699.2410074895406,1743,49.390192058948514,0.8372165787380597,0.0710348900341898,109.83081783580543,0.2242012858999734,7.589556608999046,0.2129502176677802,0.1986525953460775,0.8591677144890594,0.6605151191429819,105102746.78951038,2.739643793329388,0.0542746202905047,1.075,0.0583452168122926,3.660137911288738,12.1698708458498,3.4047794523616166,11.320810089162602,2.223737411361337,0.3151259422140771,-0.0260855551931435,0.0658052981400943,0.0372553729643998,-0.03377951706979,0.03377951706979,107.01190147078567,50.94148156339065,0.08479485580997353,0.03247576148352948,2.403458656240422,1.2097794081296405,9.06901531184309,3.1752900099313863,0.06938873119733414,0.021608164472210895,0.015155898428773924,0.012468446899124665,50.54609853452163,14.835376412500734
302,301,17,A_standard,False,153.31395718732335,69.93946162695079,433.41155299277966,563,78.92788831047763,0.5122295418847234,0.0451603641341503,105.87471150744408,0.0433105888082832,7.901588916607712,0.1960089228636632,0.21250666371389,0.8538226484776313,0.6413159847637413,17065977.292398416,0.4448475438977383,0.113922104589999,1.07525,0.1224947429603964,1.8653681344695376,5.629425361055356,1.7348227244543482,5.23545720628259,1.341410669584445,0.1599514534509849,-0.0202793087170161,0.0939196144645572,0.0257238598295624,-0.0194365043045878,0.0194365043045878,116.06433281565464,31.05555531432555,0.08592036712093463,0.032457822480356356,2.374236536437624,1.2224898293412563,8.950193272075227,3.163438831568106,0.0696926339604796,0.021443781000670504,0.014626173983610024,0.012402660908259566,50.34447164099071,14.79104485708334
303,302,1,B_optimized,False,137.93630363363044,82.2983260882909,577.2232577114701,1896,58.51053218689357,0.5011689386900666,0.0391573056938403,239.9481735338161,0.2736989574803311,8.462608768305186,0.2110610132840841,0.1676080968290398,0.8442959658940685,0.6766878690650286,90068546.95732434,2.3477572488187075,0.0571289854665578,1.0755,0.0614422238692829,2.933853900261441,11.844913112646616,2.7278976292528507,11.013401313478957,4.100939857586269,0.750436165174116,-0.0006625949252036,0.0513086697180541,0.0558192353260209,0.0166619296321806,0.0166619296321806,223.88436636610632,61.01075859898687,0.08604135333629662,0.03235640834400014,2.3436824860935803,1.2061730383071763,8.938673430417436,3.154450996631551,0.06987595596665268,0.021341360188017466,0.015001656316648682,0.012499210143705843,50.04576004789488,14.669809355347283
304,303,18,B_optimized,False,133.4447444441095,85.99051108785982,595.2118768719206,1705,66.61670505631452,0.7770508587999819,0.0470234366119527,133.25867691839335,0.2415297644160199,9.072024676601108,0.2160090741305791,0.1409091882751706,0.8340678762601536,0.6931586879849829,87266287.81371616,2.274712612930534,0.0562855226010813,1.07575,0.0605491509381132,2.503471261586252,12.31504401047643,2.327186857156637,11.447868008809138,2.0003792863328043,0.2690160001241309,-0.0179774551404713,0.0697081902046784,0.0139814611282655,-0.0330419754836871,0.0330419754836871,115.48367615617204,45.196832955732255,0.08611619126424172,0.032384598184257006,2.351665271737807,1.2017492379414145,8.924736758953893,3.1632764481341,0.06943318748477009,0.021238025928145634,0.014992957391792341,0.012503506206608563,50.376433215754844,14.54594423274902
305,304,11,A_standard,False,115.7841068853914,77.44302286098313,300.9059095165311,780,78.97286053325101,0.4951413084827843,0.0840834338409594,219.2968646556637,0.4269805005606506,6.905857078369685,0.2385771039383151,0.192515351194421,0.8709966558561313,0.6784813046617102,18176389.31916104,0.4737919198544487,0.1143196363671872,1.076,0.1230079287310935,1.6840094782673576,5.934949814592414,1.5650645708804436,5.515752615792206,2.776863636126365,0.4444462191218382,-0.0059218176771812,0.0969557619344788,0.1216404985459675,0.0375570647050081,0.0375570647050081,231.63406120467488,33.15402332584848,0.08627889628597836,0.032235001863720164,2.356638560863841,1.2040464386602945,8.883594440257161,3.123241735883235,0.06948452732464765,0.02122615233415787,0.014561976361627179,0.011984663311270185,50.3609980851012,14.541700252595174
306,305,3,A_standard,False,132.59210019351983,63.83015867012289,374.3742111161373,1228,80.31574122281383,0.665627507325454,0.0899425659576337,234.14090214509537,0.1177546519298492,8.659968188920203,0.2169804835286441,0.1527360386703267,0.8409699391863518,0.6882339005160251,29344736.58538542,0.7649098421189939,0.0941343387575793,1.07625,0.1013120820878447,1.622532655842648,7.311188558814953,1.5075797034542608,6.793206558713081,2.9152554478148454,0.4788265321210241,-0.0112442405458803,0.074701120058369,0.0729862599945091,-0.0169563059631245,0.0169563059631245,192.0658505326265,41.54586372416066,0.08743542709895205,0.03196751087270492,2.3348179816888455,1.2052614260831283,8.733646899800375,3.068640415802872,0.070178258838158,0.02173427459649892,0.014760869747391487,0.01212589125765096,49.96029665349865,14.816422105306605
307,306,7,B_optimized,False,135.3761898194203,74.66599319834515,751.4248828891069,1745,44.49097512796669,0.8388811753881137,0.0368851090630898,238.88920492347063,0.5928979143451237,9.22666697663674,0.2138471303567787,0.139025729910566,0.8314922178752704,0.6924664879647043,97904769.66504006,2.5520188838389144,0.0492886282158468,1.0765,0.0530592082743591,2.820645145605164,14.049214048567675,2.620199856577022,13.050825869547308,5.369385684093642,0.914462820657663,0.0082421208408968,0.0490188342196674,0.0376087082343866,0.0007235991712968,0.0007235991712968,228.37432982682031,69.34944121792574,0.08627721925063143,0.03211474750469612,2.361378318564479,1.2089233865003401,8.866299705834805,3.087661755932851,0.06912675559155362,0.021980028381802165,0.014742450887442964,0.012142880962435652,50.61232387923244,15.047192159328462
308,307,12,A_standard,False,123.91847929104875,83.25900896185998,331.41216677595344,971,84.72683092238613,0.4114834321763843,0.148194549952095,146.4630111827193,0.630365327357777,10.345911582754258,0.2275033388705357,0.0950141521253516,0.8130861319767578,0.7180719798514061,26792850.155322157,0.6983915061766828,0.0902233049075515,1.07675,0.0971479435592061,1.053099886140384,7.958830377441703,0.9780356500026784,7.391530417870166,1.728649703856934,0.219026191282234,-0.0195841712161134,0.1036231369019251,0.1461269314587889,-0.0020676184933061,0.0020676184933061,155.3058842356817,33.28841541384867,0.08635118167532388,0.032041716487537356,2.2857160584669556,1.067404562397812,8.891620980323786,3.1075932762789065,0.06922770596721423,0.02188835896796638,0.015096507161128054,0.011981812575101598,50.24931807846399,14.602587128160229
309,308,7,B_optimized,False,135.6452050803218,78.77415231793428,737.7191921630183,1564,45.97482610326347,0.5710799524426367,0.0480449544008214,329.65103276526503,0.1880811713142231,8.706627983837533,0.2135501667525456,0.1557813499469514,0.8401855155558541,0.6844041656089026,90889051.0736936,2.369144786998981,0.0465227943358929,1.077,0.0501050494997567,3.3484951231049327,14.711157732003969,3.1090948218244505,13.659385080783627,7.170250780826013,0.9847866364257154,0.0024950979724239,0.0323361149724381,0.0565177341815533,0.0084727797807319,0.0084727797807319,324.82698634852323,74.702192991892,0.08658350616152091,0.03223523943486808,2.2879438857804373,1.0661279208055687,8.876474651080503,3.12240741247281,0.06944279072234527,0.022128618467409662,0.014375888866946365,0.011137086486758294,50.36176309709969,14.46429901873762
310,309,3,B_optimized,False,136.29058881491423,73.40695422928418,586.4262048095786,1473,51.13473155762154,0.7279723872845973,0.0350236431192415,211.3407352382905,0.0648500340667907,7.540494018518778,0.2128417984685078,0.2009031539375206,0.860011188125994,0.6591080341884734,63409352.80043099,1.6528496651628135,0.0655034117971661,1.07725,0.0705635503584972,3.067063965456103,10.062193954559598,2.847123662525972,9.340630266474449,4.133017399341184,0.7563953194937266,-0.0049990868083341,0.0470468440091863,0.0361401464983446,0.001116503379103,0.001116503379103,199.4506635265833,62.4164283093761,0.08657237151481026,0.0322421015003768,2.264977034615317,1.0530269611069667,8.893738841375566,3.127907037673762,0.06944100176219313,0.022130864493783747,0.014357115771433275,0.011146207051008246,50.278111891915785,14.365085709988705
311,310,14,A_standard,False,134.619220620154,64.5235518065616,372.97917734567216,767,105.34992746099832,0.4789574318389101,0.0635866794395477,268.3015682174945,0.2202337103291233,6.728235342891739,0.2146881517267137,0.2358704866094102,0.8740963170205025,0.6382258304110923,18458576.9558021,0.4811475183606062,0.1183501274356664,1.0775,0.1275222623119305,1.9929888688765995,5.392692380141487,1.8496416416488164,5.004818914284443,2.546765571498117,0.3885920274611558,-0.0088786946582857,0.0924307944703825,0.0404837087599704,-0.0231029706795773,0.0231029706795773,243.30991974382215,35.43852559671747,0.08608995623035302,0.03234011435129593,2.297884592707257,1.0578397717997512,8.933478090474537,3.1229961230756356,0.06819851846750524,0.02192120215693629,0.014200064984833411,0.011226907297333093,51.190926342977576,14.095762407950586
312,311,14,A_standard,False,130.3724597866229,64.5352655873186,306.069593115228,895,81.89756561162652,0.3366112819792548,0.0168973057599055,128.41018622455852,0.4566045693186454,9.82920229786523,0.2195598501563531,0.115544656928146,0.821532281926543,0.705987624998397,17678292.81950493,0.460808367802333,0.1190601172373103,1.07775,0.1283170413525111,0.9704732332645262,5.929673524436603,0.9004622902013696,5.50190074176442,1.567936546899373,0.1927773779301672,-0.0198299938547785,0.1102007879469646,0.008132090954804,-0.0087652148051015,0.0087652148051015,118.3145488545438,27.975535178643028,0.08399000205248354,0.030758872365544886,2.3770465529279723,1.0987989793316093,9.068525819677985,3.063701497716979,0.06742967580834126,0.02128660292386755,0.014429683891445421,0.011049371789346969,51.708125610292846,13.86446975246202
313,312,3,B_optimized,False,139.63523884549656,70.0100591143383,583.9781290849063,1718,51.50563551913736,0.5181261224882916,0.0339312550388704,203.03535892981893,0.5374756258501461,8.737341935592942,0.2092601367942808,0.1606740711508254,0.8396695656928626,0.6789954945420371,70239301.85591233,1.8308814303656695,0.0571658821098395,1.078,0.061624820914407,2.810663724948795,11.8776352167085,2.607294735574021,11.018214486742576,3.942002790245727,0.7195040341332773,-0.0048868974471181,0.0593704698329217,0.0167717958207849,-0.0171594592180854,0.0171594592180854,217.92296387522975,58.71162605138272,0.08418214024064208,0.03062599337051735,2.3805207838081546,1.0988504667599306,9.029315153275453,3.0386117282770617,0.06702181116974465,0.021647946103438787,0.01406191761914868,0.011158531125170134,51.99123878995426,14.009999786307285
314,313,6,B_optimized,False,138.330874091669,82.66839209308964,591.8963057788095,1631,70.98772699796744,0.9214584449972888,0.0501980645479826,360.470478817962,0.4825984759280995,7.978024368419761,0.2106394162869166,0.1862833465095063,0.8525183992423494,0.6662350527328431,79806650.00774004,2.0802671674983944,0.0545142998488688,1.07825,0.0587800438120428,3.417146455626202,12.221289727280004,3.169159708440716,11.334374891982383,5.077926763710623,0.8887391930339672,0.0040457591388942,0.0481329888894659,0.0465690584242504,-0.0036290061237321,0.0036290061237321,374.14236082114,68.54626904233501,0.08332919627370998,0.031015268037948164,2.4237331178872963,1.0982524740938764,9.153574811214929,3.109639785595517,0.06618545407644649,0.022073700516168426,0.013977557693929157,0.01120254804311319,52.6662973580395,14.29024396850397
315,314,5,A_standard,False,136.0948381923397,82.29886041518242,288.1602390738655,908,86.62598150425251,0.7128359073042956,0.0962717841116351,340.42930424368154,0.5242788242692707,6.380181705778182,0.2130560494436146,0.2568311769503423,0.8802021921316602,0.6233710151813179,21533455.43781305,0.561298342252529,0.1051530187109948,1.0785,0.1134075306798079,2.442451772651658,5.928227480512055,2.264674800789669,5.4967338715920775,3.92987529067096,0.717049983988843,0.0042602239944496,0.0848829632517381,0.0989214359754151,0.00264965186378,0.00264965186378,329.09951182329075,48.64764233459839,0.08430466376293454,0.03125227297603722,2.409503240667865,1.1071789730665298,9.066797874365518,3.136209617838835,0.0674783704907775,0.022228036659630197,0.014229099414943063,0.011315939314937734,52.07527937372763,14.387666828900766
316,315,14,B_optimized,False,135.2653020174011,81.48410645267795,715.9375609818942,1344,63.01367376011871,0.8331910629804103,0.022859190777518,153.67589996082614,0.1075307687599817,7.068816049101947,0.2139698306066545,0.2203554460347799,0.8681625424359206,0.6478070964011406,78405643.58930591,2.043748059711758,0.0472250992302047,1.07875,0.0509440757945833,4.666066342404688,13.717432190948347,4.325438092611529,12.716043745954437,2.4387706792948083,0.3632630663689907,-0.0238566064364996,0.0549337290938127,0.0,-0.022859190777518,0.022859190777518,163.78153675295698,60.85756835708429,0.08422317721063792,0.03132253032166838,2.45928266768261,1.149084179153387,9.056876389179862,3.1287291193988818,0.067584635616382,0.02206512684888754,0.014113757213056487,0.011422748766489167,52.266920143002274,14.671486832679042
317,316,15,B_optimized,False,130.14524409035377,85.5012198760721,560.0013697270642,1541,62.55457881694611,0.4708433670371511,0.0137155860460767,172.10871835526456,0.0808880783065677,8.631320288773937,0.2198281048510925,0.1499569866846185,0.8414519177067681,0.6914949310221495,73784313.17590424,1.9232868960339329,0.0579919375126108,1.079,0.062573300576107,2.585824739033925,11.923983930900366,2.396501148316891,11.050958230676894,2.7513368583122824,0.4381525728126273,-0.0165307842833559,0.0577519361400486,0.0093444516793278,-0.0043711343667489,0.0043711343667489,167.3407167493287,54.451155970275366,0.08455827686153429,0.03170034039771258,2.46036138908804,1.1478295976506854,9.03897628473387,3.147005553449967,0.06823176566966117,0.022594274312481625,0.01441172045641305,0.011264633048951143,51.89270131643685,15.055433014177941
318,317,15,B_optimized,False,135.40602754837624,84.36889464713958,682.1041375132357,1585,52.8850744518928,0.8702929723163961,0.0566905623027924,140.9941665904844,0.1330100044845139,8.3538330241259,0.2138141432983114,0.1676012468855423,0.8461347437530985,0.6785334968675562,91214169.80422804,2.377619441938186,0.0544945258902516,1.07925,0.058813217067054,3.075561153116189,12.45140655474419,2.849720781205641,11.537092012734943,2.6660483709584364,0.4172794427318379,-0.0154755451025171,0.0576831673490346,0.0345449103004913,-0.0221456520023011,0.0221456520023011,148.317346027641,53.83840145479624,0.0831497396465166,0.031161207935225935,2.499267733907822,1.127316662121131,9.15412011266613,3.1164850835080657,0.06722447700081344,0.023077497976388223,0.014016376049354639,0.011194779138461015,52.49700430087125,15.202305629029214
319,318,19,B_optimized,False,134.83189329062554,81.94115417059089,717.2162129570866,1508,52.70949274570549,0.7886982105219418,0.0477824374616928,163.73376640368397,0.4286921342594805,6.053668441033546,0.2144510536779776,0.2730185395135964,0.8859689547108808,0.6129504151972844,88624442.61358248,2.310114735914875,0.0529728724412767,1.0795,0.0571842158003582,5.153931190275778,11.571024695267806,4.774368865470847,10.7188741966353,3.1063430489382617,0.5265607360160064,-0.0087302163214875,0.0645132069358222,0.0362077536141538,-0.011574683847539,0.011574683847539,133.86421765916555,63.82874243471668,0.08172280927207191,0.031358202256113736,2.576591921249969,1.1921253659732747,9.334894065754982,3.1870895365826164,0.06707152835927462,0.023163877340396516,0.014146622791131373,0.011112876636979038,53.00676135769791,15.658943478714637
320,319,16,A_standard,False,139.40405261207025,71.69168121891134,423.64524202166194,1002,63.135232938098575,0.5588748405502421,0.0776102996645905,117.219371935298,0.4568720712344079,8.632612556501828,0.2095030007948593,0.1638902577368758,0.8414301703646467,0.6775399126277709,30432583.320207383,0.7932660235337129,0.098667298991474,1.07975,0.1065360160860441,1.661039264397394,6.866914565952777,1.538355419678068,6.359726386619844,1.8566395731877103,0.2417039169561608,-0.0170254319979517,0.0970583299445475,0.0434987526187707,-0.0341115470458198,0.0341115470458198,141.32398773251182,30.634290742997152,0.08180739334221608,0.031458781479570784,2.576738009437445,1.192045408426089,9.32965375783805,3.193584729483817,0.0673171841629489,0.023309927035585293,0.014233549312174935,0.011211643904297512,52.90220468884354,15.745471610243047
321,320,7,A_standard,False,131.53936894214544,65.5838021679074,345.5290590412855,1121,75.15100007221164,0.3938715055994081,0.0180680261750432,206.73719634100684,0.4224288674860904,6.43156355178004,0.2181946007058241,0.2457765618152249,0.8792981284660889,0.633521566650864,25403103.695049517,0.6621659042729329,0.0932892002446052,1.08,0.1007523362641736,2.6345660716438366,6.790942198987277,2.439413029299849,6.287909443506737,2.750957354424501,0.4380591506764798,-0.0112037489623522,0.0845485878480621,0.0244099660712901,0.0063419398962469,0.0063419398962469,197.20056834007997,44.33241314464825,0.08180828112454298,0.03145995994210729,2.5901593739499056,1.1753933641899819,9.323611503346864,3.2006782270109375,0.06802822900742359,0.023779186587787795,0.014525646575138747,0.01145956071679156,52.52533212695117,16.08259212045101
322,321,3,B_optimized,False,136.1590894788792,84.45293332542043,642.057909473621,1867,43.38635668987681,0.903282856550881,0.0626670866362704,292.5219847935145,0.2689008356815717,9.35400906860226,0.2129856680527073,0.1363854964214563,0.8293772331147836,0.6929917366933274,101235599.02163108,2.638841409911417,0.0459418853480839,1.08025,0.0496287216472676,2.968652578972676,15.084094425877316,2.748116249916849,13.963521801321283,6.74225740788619,0.976848169984232,0.008265723491563,0.034895227616877,0.0662838796494986,0.0036167930132282,0.0036167930132282,236.74310753502044,73.82607576709775,0.08044539641808936,0.03088361449939794,2.6154520378201376,1.161296678504621,9.445948848321978,3.1608117902770316,0.06760806814227785,0.023512029981043823,0.014323004009245627,0.011362247830263532,52.724944830790825,15.948983949068358
323,322,13,A_standard,False,139.05641830731344,68.75893495055526,491.5476265597433,947,92.28815002716604,0.4828317484522538,0.0348647478668011,154.52466964082095,0.0658013899088171,8.208555914904958,0.2098694866047331,0.1785787826717409,0.8485967990153964,0.6700180163436555,32006981.841895998,0.8343048286070894,0.0882496662516163,1.0805,0.0953537643848714,2.023563263826737,7.592300852824858,1.872802650464356,7.026655115987837,1.6743717323983076,0.209883420477734,-0.0241719057755539,0.0802771152422267,0.0290283134718358,-0.0058364343949653,0.0058364343949653,173.06411269879845,39.00718150643255,0.07922619942659584,0.02856785733957174,2.6312091927830124,1.1405640387677947,9.491248856358578,3.1008390226949145,0.06698649824591875,0.022754559271710082,0.013950925369566188,0.011258049749045982,52.96785727847442,15.64511429917133
324,323,19,B_optimized,False,148.2391518428424,79.65853523018019,740.9057327178435,1686,61.25392182438254,0.7216935132489145,0.0980742773641196,211.21038439384404,0.1623491921946347,7.5365785512507,0.2006822596177728,0.2203677332128167,0.8600785376761549,0.6397108044633382,99506818.68454231,2.5937784361527925,0.0508921954040379,1.08075,0.055001740182914,4.330088954962473,12.569919599353364,4.0065592921235,11.630737542774334,3.448112024555632,0.6101902572204686,-0.0089169801403727,0.0547703402403747,0.1008621963692626,0.002787919005143,0.002787919005143,201.4316591445057,66.15411210419649,0.0782478456592594,0.02878687043996586,2.678869159167753,1.1664902915371744,9.627238919573507,3.129923547926496,0.06664469466395291,0.022755289219818654,0.014212632050464328,0.011229672290929108,53.32506391564718,15.730587191227267
325,324,20,B_optimized,False,131.8573633287526,83.3031311617792,622.6120847459187,1847,58.92843683847028,0.6397041198513952,0.0559330155559224,199.2187092978905,0.4054756984012028,8.990154339110672,0.2178261203437913,0.1410994326582164,0.8354347033511094,0.6943352706928929,95795645.2847459,2.497041733437653,0.0411203615838323,1.081,0.0444511108721227,3.431376262841368,16.885436896690386,3.174261112711718,15.620200644486944,3.380688848814576,0.5940392341428523,-0.0056420017835648,0.0578909452069607,0.0451278251410152,-0.0108051904149071,0.0108051904149071,181.60383249890535,65.93400111268464,0.08000631926571819,0.029779979863605165,2.64608838098915,1.1820375452408385,9.4566183830522,3.1561145178880463,0.06708091191696325,0.023149541787659437,0.01353274423853556,0.010387249054590854,53.03083020062792,15.986672821207536
326,325,5,A_standard,False,111.24561684969058,80.82458862033647,353.2416975355898,835,84.02315391356616,0.5764476144809421,0.0257697942036811,353.6935907877461,0.137528437513715,8.353499288445784,0.2453493950459029,0.1287959387907711,0.8461403914790305,0.7173444526882593,23839763.43053092,0.6214153474760885,0.1044978224755251,1.08125,0.1129882705516615,1.2325227046806362,6.864683260326039,1.139905391612149,6.348840009550094,4.20947767744576,0.7702065170410057,0.0027713993925511,0.0657275497334343,0.0289311920648238,0.0031613978611426,0.0031613978611426,331.82675162871533,48.59644298369631,0.08021042927942693,0.029622676251857483,2.581424671113962,1.080142128901336,9.447563279355776,3.152114342198513,0.06714701542960519,0.02307369745890881,0.013600682208369836,0.010346806951760844,52.721277257377906,15.611173924370329
327,326,5,B_optimized,False,137.53373411475215,74.19084477850912,630.7529959105477,1647,65.28797891742627,0.6458310747084387,0.0297464469222082,167.06972158153297,0.1991162338256462,9.324927608505018,0.2114932754564346,0.1391560263960265,0.8298597634462541,0.6907037370502276,77073172.7689059,2.009015424034669,0.0576830587714853,1.0815,0.0623842280613613,2.412424537805822,11.974117735096002,2.2306283289929003,11.071768594633385,2.558966050899451,0.3914946274761943,-0.0214025007572944,0.0626544928502687,0.0024079470278168,-0.0273384998943913,0.0273384998943913,163.66022017201,48.58626737399309,0.08221851628368704,0.031456588952757304,2.5380646032923,1.0898867749356504,9.306316182678508,3.2238766999491455,0.06752829493533526,0.0232081924869215,0.013342997989894594,0.009988228168094748,52.54562493191893,15.680862507791662
328,327,1,A_standard,False,142.7236183833282,81.72962255700546,285.1745371754656,994,36.10885415135164,0.4623921630916587,0.0281298335769572,169.8270044277925,0.3872379611533753,8.080475613389567,0.2060800419748979,0.1891481414815009,0.8507733562439329,0.661625214762432,23167364.0425022,0.603888357303885,0.0923495525120681,1.08175,0.0998991284299296,2.0481760478133704,7.164357560649487,1.8933913083553229,6.622932803928345,4.7031956127977965,0.8459516396139779,0.0018036581673478,0.063454621312599,0.0368592082545025,0.0087293746775453,0.0087293746775453,148.91983745928218,53.1154758525029,0.08208235902901757,0.031293007124047,2.534853508992038,1.0925349359647505,9.317254718461676,3.2106833480904693,0.06744050335437049,0.02311443545625373,0.013212903429018734,0.009949528190355182,52.6542836730845,15.547163976687104
329,328,3,B_optimized,False,141.41077240346578,82.95764740511304,562.0478391981329,1615,53.31336229315066,0.6923659566903191,0.0506071899715772,150.34280279542372,0.3339218149172397,8.138819366405714,0.207417445511326,0.1848643210952375,0.8497811890127213,0.6649168679174837,75301258.84744208,1.962828115657522,0.0565181291835249,1.082,0.061152615776574,3.270885356005829,11.764665206068196,3.022999404811302,10.8730732033902,2.8199835149909265,0.4551170195798798,-0.0158840559586,0.0659301221534137,0.0321588305507274,-0.0184483594208497,0.0184483594208497,128.9743654053829,53.90176884357154,0.08191471914380191,0.031427995484511924,2.532496197279029,1.0922370291329069,9.357493178594671,3.2448005527804478,0.0674113775638359,0.023136084900198126,0.01310458593531017,0.009940689959375363,52.66831042382113,15.555171417864225
330,329,12,A_standard,False,133.00049721513872,63.46565456583795,435.8858613505157,816,86.74023202316197,0.4198294067431098,0.1049326294864327,131.860990091918,0.3301266200453006,7.714749567402091,0.2165138797308982,0.188181122951133,0.8570191704785342,0.6688380475274012,22573645.709389325,0.588412294156305,0.1002488413867287,1.08225,0.1084943085907871,1.8771401279860087,6.671778329559271,1.7344792127382849,6.164729341242108,1.5201825844402583,0.1854549991778804,-0.0194564980831747,0.1025931576065125,0.0769099994960358,-0.0280226299903968,0.0280226299903968,107.91462278174502,30.28039237287496,0.08180972516258614,0.03150949318197453,2.5687689769686726,1.1151543432583406,9.361871329523954,3.247824893782703,0.06696780515769928,0.023303155564865417,0.01252434279086377,0.009593861055384708,53.18403276578747,15.728895226099182
331,330,11,B_optimized,False,135.5880114845963,85.34734148228807,741.5459612858185,1431,53.86576683039682,0.8037650193162095,0.0169739427830697,279.15321603508653,0.3317891740240134,8.262967142767163,0.2136132184219471,0.1711732623932012,0.8476738374253264,0.6765005750321252,90566525.20360409,2.360737718438266,0.049800810761501,1.0825,0.0539093776493248,3.4371581461386223,13.584127741853962,3.175203830151152,12.54884779847941,5.182386373780507,0.8986566129477309,0.0029679157717246,0.0383587140602773,0.020296133218448,0.0033221904353782,0.0033221904353782,269.91343527069824,71.76606553500253,0.08152860581845862,0.03119557055221848,2.5619777292938677,1.1224020191473398,9.379898207268532,3.228485402443294,0.06673829683807582,0.023056991863711556,0.012275878056055213,0.009079402053992887,53.23269483987434,15.66931260625682
332,331,8,B_optimized,False,149.027070715033,74.64254857542238,581.0131597719017,1602,56.36036422848509,0.8295916930849585,0.0456445008178591,207.02254243817768,0.3199816547508863,9.697950879789254,0.1999389522503971,0.1438479934652616,0.8236916604414443,0.6798436669761826,69476021.40797657,1.8109855037069236,0.0527568461157839,1.08275,0.057122475131865,2.726622306981024,12.886359155817413,2.518238103884575,11.90150926420449,3.6731938352794815,0.6622179430500466,-0.0018806559721108,0.052181689022193,0.0272513066580844,-0.0183931941597746,0.0183931941597746,188.32695741716728,59.14987125350319,0.08234072286824397,0.03223242310802906,2.548489961094683,1.139256647062004,9.343633247003057,3.26807538591004,0.06747173346112749,0.023883889271404397,0.012170740042698998,0.009054500241567153,52.9297341256036,16.04189624178283
333,332,7,A_standard,False,138.62274684596144,69.66052951936713,394.1560114902214,776,99.18164394628768,0.4018589471023502,0.01,225.49364647594876,0.4056671602716234,7.4972358299389565,0.210328864519945,0.2066176904995774,0.860755560604748,0.6541378701051705,21306722.38355285,0.5553882416717077,0.1094283721743046,1.083,0.1185109270647719,1.8881546567325644,5.977772099755054,1.7434484365028298,5.519641828028674,2.2735421344504627,0.3259725052153688,-0.0127648376812555,0.098805165013404,0.0,-0.01,0.01,224.3112589941618,35.60049377138873,0.08239369401240411,0.03218546157292066,2.561445253375443,1.1437629353943086,9.324553642144915,3.248717861293947,0.06761250083463421,0.023793481964032342,0.012234393407600803,0.00898329134119721,52.783533292968784,15.922061325763353
334,333,17,B_optimized,False,132.73176424961113,80.41465679194278,681.4794635943554,1602,62.13518060405677,0.7618560244383795,0.1056879498376115,390.41726078593314,0.1494484441247907,8.647955149330636,0.2168206392600982,0.1533465074400567,0.8411720155643566,0.6878255081242999,87791101.35546716,2.288392580450249,0.0616929336469211,1.08325,0.0668288703730273,2.48564135914956,11.149178154840858,2.2946146864985555,10.292340784528832,6.283352796120191,0.9638532773415168,0.0031137566118674,0.0421691183891028,0.1142804192646362,0.0085924694270246,0.0085924694270246,394.1450303482815,64.98306914539262,0.08143196193522131,0.03245291862329351,2.617065757694333,1.1327580944368372,9.451312020547377,3.2950716518584633,0.06656295342927465,0.023325412852449795,0.012678261023949297,0.009018916240008017,53.44902824835975,15.785400260755631
335,334,10,B_optimized,False,136.94453533392027,75.01117992296513,643.5815539586658,1354,43.23827502322017,0.7153360902006962,0.0868937742271022,400.6402422062743,0.2500219081440316,7.119556416992049,0.2121298245247678,0.2208502843465222,0.8672819715805502,0.646431687234028,65365449.09473459,1.7038379336480889,0.062613173777675,1.0835,0.0678413737881109,3.5272175330180624,10.32421211436044,3.2553922778200857,9.52857601694549,9.265870157658217,0.9981035440311764,0.0035760000452564,0.0414001162781776,0.0916128677514635,0.0047190935243613,0.0047190935243613,408.4098013837181,69.44020725679881,0.08299600681262875,0.03279497655247795,2.5735234869286847,1.1550821575427352,9.289596944367267,3.282726290967567,0.06776793648967062,0.02307607406914804,0.012615498401961406,0.009059606773334878,52.72469185881364,15.620332771897383
336,335,17,B_optimized,False,130.2071655306421,75.78794642787108,555.2495243199504,1503,60.888449069907,0.7297193463989037,0.0700521488515056,104.8805525482329,0.1356048555349407,5.933267882321551,0.2197549204697807,0.2714805417500391,0.8881049485702619,0.6166244068202228,63248075.46850174,1.6486457556083889,0.0515085690180526,1.08375,0.0558224116733145,5.270589863501952,11.97129756418022,4.863289378087153,11.046179990016352,1.722503268687594,0.2179766365609685,-0.0241906942886042,0.0660681582725436,0.0584362938839845,-0.0116158549675211,0.0116158549675211,107.25031172300508,58.25260762496399,0.08277435937064188,0.03291793713494514,2.5826510597721675,1.159084536122286,9.324308426958872,3.292438525000137,0.06771065262928767,0.023132048831621177,0.012794007146151998,0.00891519033205377,52.811404755054326,15.687123741435347
337,336,20,B_optimized,False,132.89085158914023,71.00056515918277,595.1807170559011,1542,54.83603550261736,1.3015449571013866,0.0310039126478204,294.46293837449514,0.0500697527164732,8.20745874037011,0.2166389131985315,0.1689664775147352,0.8486154203956694,0.6796489428809341,65162093.950103246,1.6985372095771318,0.0628115942022765,1.084,0.0680877681152677,2.6900523647051644,10.820437715562724,2.481598122421738,9.981953612142734,5.36988014679581,0.9145014898866944,0.0010752379426714,0.038390806263773,0.0291821950315408,-0.0018217176162795,0.0018217176162795,289.5799158694284,65.94845125060557,0.0813813163760201,0.032456173566723534,2.6473002263458074,1.206541164030594,9.431263595666852,3.235626922586045,0.06671869188454442,0.023113790139052164,0.012583937539592189,0.008790192772433274,53.626246638135584,15.82384639843452
338,337,7,B_optimized,False,136.49360346237995,90.12619940133244,774.4585015136661,1674,46.53090185637043,0.6458549697003583,0.0253281274727724,243.51259424302668,0.2573534333946346,8.370405423469423,0.2126201488550879,0.1686859044073973,0.8458543405677631,0.6771684361603657,116843528.23558982,3.045682978794316,0.0448671258509663,1.08425,0.0486471812039102,3.759677073314564,15.092752729686628,3.467537074765565,13.919993294615288,5.233352127897517,0.9032048180897122,-0.0029980471611232,0.0347888431614867,0.01913444180032,-0.0061936856724523,0.0061936856724523,220.27790615768623,74.9620358048493,0.08028310307316101,0.031757078817406005,2.6797523539869035,1.1801303207089273,9.503395006399844,3.1860632510592155,0.06603962326328949,0.02229448705722365,0.012575945784448312,0.008793916341593362,53.96210305264788,15.441908838689809
339,338,5,A_standard,False,120.24099404126784,70.72125462134059,400.8811004587496,689,60.04092413880207,0.5508442848861672,0.0355342216130845,178.73631098450215,0.878343349584274,7.889948730557516,0.2323519046627383,0.1598939309357227,0.8540214447066274,0.6941275137709046,19533711.106735826,0.5091723292582793,0.1066083545129823,1.0845,0.1156167604693294,1.499825521800465,6.51100485456209,1.382964980913292,6.003692811952135,2.9769080597643893,0.4942272714585269,-0.0026292910100623,0.1017461007805242,0.0101683602065114,-0.025365861406573,0.025365861406573,203.99176636851152,35.27899095585072,0.08031415238596548,0.0317392179855538,2.678975966682235,1.1801917298467302,9.498897867580922,3.1840394925952156,0.0657314354335449,0.022494171152187537,0.012461164051763682,0.008770292246360393,54.10501466973645,15.519631557919515
340,339,20,B_optimized,False,140.07782437384637,88.52548139776039,668.1491788371032,1683,38.323153978767465,0.6884055982907615,0.0949776464363895,254.95452744581016,0.2745507832918499,6.504015029227764,0.2087970968819244,0.2571696085847476,0.8780249221751477,0.6208553135904001,99546467.22258864,2.594811928373416,0.0514315872794721,1.08475,0.0557904143014074,5.000226945890729,12.071478762978046,4.609566209625009,11.128351014499236,6.652754300626327,0.974735214255836,0.0020254696370079,0.0369153381374026,0.0940074740109916,-0.0009701724253978,0.0009701724253978,272.7322559571477,78.05005802996463,0.08016221901178552,0.031862347468482946,2.678198711822098,1.1798750692920248,9.537688898939518,3.2184858107628647,0.0656271207676014,0.02258934029760052,0.012511269423711668,0.008725847442340916,54.13334077175871,15.547794296738104
341,340,13,A_standard,False,123.35384094715732,62.11007911586722,433.3420475207543,712,95.19387675645513,0.4462918581183972,0.0498150698377263,101.16522694085128,0.1783095244224506,8.304301074641621,0.2282317990271615,0.1502724086995168,0.8469733731416895,0.6967009644421727,19163415.105291117,0.4995200682751824,0.1175902458271716,1.085,0.1275854167224812,1.2779326009776344,5.9248193550522,1.1778180654171746,5.46066300004811,1.0627283013136792,0.1259478952443228,-0.0242836839680962,0.1019799036512247,0.065627693966134,0.0158126241284077,0.0158126241284077,122.81092567527456,27.77951925268639,0.07988106967283595,0.03162413845353555,2.6763568306910988,1.1806054452949795,9.55889438000255,3.1947231770005016,0.0648734049787059,0.022562433813407654,0.01246321741503847,0.008787658737304025,54.37692080364072,15.555497961972154
342,341,6,B_optimized,False,136.91456900414144,84.2994708338187,559.1764692769842,1495,53.90821030497317,1.4587708216736297,0.0137242504666516,424.8841742487954,0.1563662097729205,8.266313634139445,0.2121623234805371,0.1731148023380622,0.8476171046602357,0.6745023023221735,70471729.29184541,1.836939962627712,0.0556834173818781,1.08525,0.0604304287136832,3.1089112428362093,12.113162841576711,2.864695915997429,11.161633578969557,7.881622703575427,0.9924723982508564,0.0045219379217712,0.0318100112258926,0.0199991958963831,0.0062749454297314,0.0062749454297314,445.1911396056333,70.90587853783856,0.08011450212217305,0.031448772538044754,2.648118253734043,1.1570064562746567,9.519958147339661,3.167204640493366,0.06496487114398923,0.022530564275210475,0.012175322000400701,0.00867519838959436,54.389125536479554,15.560924847643408
343,342,13,B_optimized,False,142.55468909600842,95.77756761555052,677.4795458613822,1684,66.58170386619256,0.8842026604921105,0.0593393152806119,277.3700097307875,0.5765919601893468,7.111219368907427,0.2062509570037883,0.230686461422042,0.8674265950675446,0.6367401336455025,109270285.63202442,2.848276272233281,0.0391835831716088,1.0855,0.0425337795327814,5.887324301397472,16.250176275529164,5.423605989311351,14.970222271330414,4.165859292039304,0.7623957479621388,-0.0045469605656475,0.0505277866546003,0.0488751849168855,-0.0104641303637264,0.0104641303637264,260.25406640949967,79.04203284567393,0.08004898768347916,0.03148944603169693,2.6462689685121172,1.1574906256900106,9.534709913513119,3.176186032085367,0.06468241688000229,0.02271063961470047,0.012106263286185678,0.008751994890859158,54.6165943246968,15.644752490459384
344,343,11,A_standard,False,131.1675063531582,69.55451957880004,304.3042594307944,792,52.28044369374072,0.4319363397855881,0.0576255280988237,149.05100475742336,0.2146769495965474,6.64650842852698,0.2186274271316334,0.2338421328740892,0.8755262292222169,0.6416840963481276,16763263.363829216,0.436956900114471,0.1109654112027443,1.08575,0.1204806952133796,2.1073425524178653,5.782739769023247,1.9409095578336315,5.326032483558137,2.850989667007522,0.4628161939852355,-0.0113107165641452,0.0868744814880142,0.028833199700094,-0.0287923283987296,0.0287923283987296,92.48331166773592,37.605759037195085,0.08004063360379869,0.03149524968290601,2.6525035644836557,1.1594467261006374,9.532941974775495,3.1750731203545546,0.06416018965486661,0.02317042952872673,0.011857939436760731,0.008636715583565905,54.98356744897536,15.840105311816815
345,344,19,A_standard,False,129.8636968853003,70.0425828836136,341.0922683710299,759,89.37998945053414,0.2995907367416891,0.0311106720073635,169.04973245824678,0.4537160195472623,7.747612072294032,0.2201616108037953,0.1816403304094913,0.8564560796109215,0.6748157492014302,18133256.460058264,0.4726676041411198,0.1130338132781542,1.086,0.1227547212200755,1.60695569884482,5.970034360787595,1.4797013801517678,5.497269208828357,1.8913599508959948,0.2481245123693663,-0.0179218296914957,0.100676472066703,0.0,-0.0311106720073635,0.0311106720073635,129.21528194458716,29.341223682097333,0.0812900134000338,0.03180754608495732,2.5909891941351653,1.125672964593458,9.431449274363349,3.217217432752098,0.06457487596086015,0.023361630918869947,0.01188822371487478,0.008638356697551065,54.49169913870507,15.941353689762245
346,345,6,B_optimized,False,134.43020813644398,78.48603442745286,636.849737156491,1567,68.39747733393116,0.5240038668192608,0.0147284037272026,102.22861536404538,0.2143310091397113,8.652929246777768,0.2148994073056012,0.155749027301414,0.8410883382951102,0.6853393109936962,78324630.88987176,2.041636355251454,0.0552112352490616,1.08625,0.0599732042892931,2.820966178329821,12.413040713580925,2.596976919060825,11.427425282928354,1.4946255234669452,0.1816253074324644,-0.0291867230916428,0.0720483380013975,0.0,-0.0147284037272026,0.0147284037272026,104.91969889779146,47.10989551089455,0.08173223290234306,0.03231535434630756,2.581743313548533,1.1363433622521166,9.411972420341277,3.2390665842184956,0.06459732805020246,0.023394003826795587,0.011468274717899957,0.008024513365869354,54.515417513128206,15.905975963539523
347,346,20,A_standard,False,132.2645487040799,79.12167583149389,337.9985117958545,938,79.9135137398776,0.5116460864790754,0.0791463118448887,191.014011486875,0.0772897346710387,8.41665473179199,0.2173564885554974,0.1605075145492911,0.8450722987485968,0.6845647841993057,25084942.143564947,0.6538725975190534,0.0963534823891172,1.0865,0.1046880586157759,1.665819548701852,7.104722810481674,1.5331979279354366,6.539091404032834,2.390259200823467,0.3521183273984095,-0.0199927579070717,0.0793853989001288,0.0712073298413626,-0.0079389820035261,0.0079389820035261,174.12851582985027,39.55322686443055,0.08098114034356556,0.03230068599374314,2.5944824037814063,1.1382838551091168,9.49551970146872,3.2105906722899937,0.06430659771555729,0.023230755391062168,0.011723623755293813,0.008061112405745365,54.61022356185948,15.858097470165085
348,347,19,B_optimized,False,133.00698882096597,104.25409932088508,960.8641762019764,1083,57.84300968536077,0.9685374407954528,0.0552031780980902,177.04397651377283,0.4142854188621554,7.119163002165922,0.2165064825772143,0.2140929654091131,0.8672887956391181,0.6531958302300049,108488473.68819147,2.827897297326353,0.0441563300626077,1.08675,0.047986891695539,4.848522626440149,14.792801605202705,4.461488499139772,13.611963749898967,3.060767022269592,0.515187082497359,-0.0144570276719052,0.0582228838951064,0.0357735461555873,-0.0194296319425028,0.0194296319425028,158.3469945218686,65.75536067384144,0.08209749189866791,0.032159246385978585,2.561845428155218,1.1570288659222872,9.35206085568391,3.1668286055416393,0.06501578311214998,0.0228527375262169,0.01203550654648638,0.008042705749097816,54.08750951102911,15.64103535839511
349,348,4,A_standard,False,138.67612128743974,79.65940022648961,259.6477424159067,756,56.50028784755384,0.4728164841812137,0.01,121.18615956990244,0.1302312753954063,8.136925085022007,0.2102721944627226,0.1806906015996914,0.8498133841163147,0.6691227825166233,15636637.873845974,0.4075898985343818,0.128147348319727,1.087,0.1392961676235432,1.4100221656469176,5.221510950403477,1.297168505654938,4.80359793045398,2.1448768526079136,0.2983592659444878,-0.0178695888688142,0.09809770969789,0.0,-0.01,0.01,61.07159202191611,32.295632852236736,0.08129489310781081,0.03232200749520325,2.613638814843996,1.183220679520361,9.439627346092069,3.161744986363144,0.06453862258771144,0.022776529179732986,0.012059210173138404,0.008025791568908335,54.61440080225394,15.566213660101859
350,349,4,B_optimized,False,151.22391064367633,78.17976467709424,675.6611457208045,1513,70.69604531073799,0.6179922221597705,0.0680344204856263,312.04379655188274,0.0919421069067747,8.887126405475566,0.1979013250970018,0.1722559043385907,0.8371579403803541,0.6649020360417633,79921243.44272336,2.083254198784428,0.0577408087625789,1.08725,0.062778694327114,2.983261025090237,11.51528789241132,2.7438593010717285,10.5912052356048,4.413879095787082,0.8043770580067805,-0.0019603098064772,0.0427796182315008,0.0588171149849221,-0.0092173055007041,0.0092173055007041,304.4561002055316,63.91860134294856,0.08315931437384753,0.033443558368589046,2.557443269344972,1.1824387321416934,9.298336986103987,3.2191579834788286,0.06503634766490897,0.022830560883408128,0.012039972016804972,0.008049586377097753,54.20182191108889,15.527448727366533
351,350,11,A_standard,False,115.8782374775772,67.36632481312793,331.54868948892295,523,84.46137827239787,0.4517527477037053,0.0128314817709065,390.7962333104263,0.2863396057965879,6.8273342907331855,0.238441426184231,0.1963376642352212,0.8723655922105614,0.6760279279753402,11681318.338010823,0.3044891999514335,0.1459766133565966,1.0875,0.1587495670252988,1.344993966640402,4.631070090137769,1.2367760612785308,4.258455255299098,4.626922284527048,0.8357475862772058,0.0098711134269424,0.0848692734265971,0.0337267879169344,0.0208953061460279,0.0208953061460279,361.4579553539786,42.15886529044196,0.08351253491966551,0.03311807219560968,2.5435509229793953,1.1791197430165372,9.207945802337093,3.0992419777297107,0.06488984099710769,0.022900745559474887,0.012077809465904987,0.008048110058829576,54.03907735648327,15.44439459297278
352,351,1,A_standard,False,137.79055257373847,68.28837484911351,443.5465620513777,775,91.50839749152058,0.5298156016233078,0.0180272353275458,217.3079182455168,0.2823616840339283,8.063155368043194,0.2112172666772093,0.1821221546533041,0.8510681193599663,0.6689459647066622,23474032.26661005,0.6118820750938777,0.1063542911762104,1.08775,0.1156868802269229,1.7124100272696994,6.289788191040977,1.5742680094412314,5.782383995441028,2.3747319831019134,0.3485842733888754,-0.0114766790574036,0.0895300354163196,0.0050954590667509,-0.0129317762607949,0.0129317762607949,185.83333117472787,36.488492372604085,0.08246655912495227,0.03299378362325873,2.583375105968112,1.164277449578138,9.299657499147013,3.0807017262862764,0.06448683654204354,0.02306243257785437,0.012124139752188958,0.00800227088177736,54.3857987488229,15.514152616915002
353,352,6,B_optimized,False,137.3654258966522,82.04154681404813,615.7437637640272,1794,54.65647133634605,0.9818123015610196,0.0211795203879864,191.7296772690612,0.2811229406781638,9.339640980170874,0.2116746359566411,0.1384888995190854,0.8296155986702846,0.6911266991511992,90626728.0516265,2.3623069862639268,0.0487685933901647,1.088,0.0530602296084992,2.839714863439444,14.17155286030005,2.61003204360243,13.025324320128725,3.507904417926861,0.624315092774132,-0.0049925283637763,0.0498523801913249,0.009933465441234,-0.0112460549467523,0.0112460549467523,200.0881656849312,61.71209613581809,0.08306195227285176,0.03289243996993626,2.586826948207262,1.1634658520385668,9.219524888436625,3.0857707363189437,0.06495204786855682,0.023258487231643973,0.012410619683843594,0.00877695829641399,54.120753211464496,15.726996168640227
354,353,9,B_optimized,False,130.6831107241287,76.81777668847833,777.8025126008393,1297,62.62642841314225,0.7578075441258637,0.0820698513525605,267.5671645664873,0.3231228121708364,6.725067844706102,0.2191943739073337,0.2289853993620883,0.8741516927444737,0.6451662933823853,77494530.4577591,2.0199986762549957,0.0508150258463818,1.08825,0.055299451877325,4.506253722163415,12.69636849802611,4.140825841638791,11.666775555273247,4.272432124044582,0.781158803153505,-0.0010983049480817,0.0475295698978466,0.0780400330911933,-0.0040298182613671,0.0040298182613671,239.95775926114075,70.98295005404962,0.08383861449840219,0.03374552062280194,2.5934230488136807,1.1603851002263814,9.171456034460789,3.1451926304971587,0.06506517663947868,0.023264810676749917,0.01225259190753167,0.00891464291004129,54.12870276723641,15.726578110300812
355,354,20,A_standard,False,130.0662552796634,75.31433841644508,366.6136672655693,843,83.63887003821573,0.6122003394103847,0.0817423173846042,218.06430867950016,0.2080018594189487,9.155526291049508,0.219921546961985,0.1335208671417563,0.8326761184393263,0.69915525129757,23276297.073221385,0.6067278425753408,0.1000936715890839,1.0885,0.1089519615247179,1.333959130702104,6.9850095435386,1.2255021871401963,6.417096503021221,2.607212514705945,0.4030464508483033,-0.0125781025762905,0.0854803459533061,0.1068761453491846,0.0251338279645803,0.0251338279645803,183.76961101089165,35.5871270301918,0.08409342034990386,0.03361858820584238,2.5664711684613906,1.1658410807199973,9.14420872657454,3.136038276302818,0.0649341278864568,0.023278289842995372,0.01206830809882415,0.008879117174600108,54.05115884285017,15.737275018978035
356,355,20,A_standard,False,128.36974511100362,65.31849240858391,255.77570705085083,827,85.84827637059612,0.6052348207910703,0.0339259995034746,135.1853634237412,0.3536019125414438,9.619187452322386,0.2219520457073341,0.1182447874804487,0.8249902185288185,0.7067454310483697,13816592.720082078,0.3601479851553288,0.1303494232625592,1.08875,0.1419179345771113,0.9071370207927316,5.421929866346951,0.8331912934950462,4.97995854543922,1.5747009624300798,0.1938322055516684,-0.0154671989325376,0.1113729512109523,0.0456254047987883,0.0116994052953137,0.0116994052953137,125.81911961918196,26.397828010623687,0.08326396367987582,0.03351573259098418,2.5812811620872993,1.1597438077011437,9.224445988448293,3.1094611556797718,0.06428764404916935,0.022651494986301333,0.012090227116693355,0.008920561848634724,54.35724568009025,15.410952887145005
357,356,4,B_optimized,False,130.83441742651158,82.97860448048245,484.30674494364393,1620,51.39015288874858,0.7120408301021186,0.0283241371930566,164.0091882858614,0.1594066109953996,7.777794474829114,0.2190168981765953,0.1820509983337268,0.8559392375789897,0.6738882392452629,65103098.494171806,1.696999414042626,0.0511549728947348,1.089,0.0557077654823662,3.5588133084997606,13.173464887411235,3.267964470615023,12.096845626640253,3.191451651076324,0.5477172504437329,-0.0125591382000219,0.056057202895004,0.0322304046094436,0.003906267416387,0.003906267416387,172.55500692247705,62.0393995861853,0.08400740738254103,0.03326262225730061,2.5465481193051147,1.167572456090739,9.127498633534554,3.07911504521162,0.06451385535559806,0.022442784226503056,0.01231639307160902,0.008836683360811812,54.03666949694051,15.206788858474122
358,357,18,B_optimized,False,129.34392051281196,86.68491942308995,658.4888140742987,1885,50.883209285726814,1.1218329937655167,0.0666282300090738,192.52602575483849,0.3970101991031142,7.656991380983719,0.2207805510704533,0.1844245620974611,0.8580097399636046,0.6735851778661435,107597778.85233408,2.8046801440801654,0.0450413951802312,1.08925,0.0490613397000669,4.09455704823294,14.9548026914091,3.759060865947156,13.729449337993207,3.78368480403306,0.686473729686272,-0.006338459406412,0.0511457666339467,0.0423672306983429,-0.0242609993107309,0.0242609993107309,177.22847183151382,66.56316318339702,0.08418071401621413,0.033142041995947495,2.5385217805109237,1.1691493796838859,9.101421120481845,3.060607794983584,0.06471537075660251,0.02237492592754869,0.011977777597450693,0.008923038121239258,53.97868396034933,15.192414499012749
359,358,2,A_standard,False,118.23107812492088,74.70912121389922,241.0912411834545,1082,75.88323887660938,0.5829092751349644,0.0387799195522009,245.9950746211983,0.5099177854427456,9.03309441901956,0.235109876059568,0.1195799959628972,0.8347175386878559,0.7151375427249587,19488675.371601216,0.5079984125338509,0.1177671348050743,1.0895,0.1283072933701285,1.0153936084190511,6.07247127060227,0.9319812835420388,5.573631271778128,3.241757709119412,0.5601467634778022,-0.0025366797037833,0.0925852679922361,0.0334452708708635,-0.0053346486813374,0.0053346486813374,262.35517515277803,38.48537351458656,0.08272339370841215,0.03320364125764919,2.578218509351897,1.1752829135896992,9.285411606989818,3.1168926672545196,0.06331378521921634,0.022390839457158307,0.011790386879166594,0.009062711235520712,54.81483826039536,15.31032099189216
360,359,15,B_optimized,False,140.61941613514074,79.08866885557534,829.4985645212965,1463,49.57992706495491,0.913280270531849,0.0578491530905567,220.92627959969397,0.2624384845644473,7.813869624970481,0.2082338477867129,0.196496209465395,0.8553218975819501,0.6588256881165551,95978560.24883267,2.5018096568399883,0.0545824072118871,1.08975,0.0594811782591539,3.599991636546979,12.070293740600622,3.303502304700141,11.076204396054711,4.455962174172973,0.810914322860575,-0.0043442422426394,0.0441826509900396,0.0478072125019242,-0.0100419405886325,0.0100419405886325,190.3400166200705,66.7520731214103,0.0834620376224105,0.03325359452426909,2.5660995297099283,1.1813753313526547,9.211101640241228,3.136624719856363,0.0636380284697109,0.022194920758949906,0.011730632524360376,0.00909402235777371,54.53599237942353,15.248187176981812
361,360,17,B_optimized,False,132.81373624264054,94.21375877694096,639.5420644076221,1600,38.5157684230055,0.9945978874898416,0.0650669583829795,241.84421213381836,0.4307300867827465,5.646873299304907,0.2167269561335374,0.2941016974301318,0.8932065141581822,0.5991048167280504,96405858.85409048,2.512947766999348,0.0530918464044413,1.09,0.0578701125808411,5.539488967660556,11.284309311155026,5.082099970330784,10.352577349683507,6.2790961218201895,0.9637046810504238,0.0079406553352233,0.04283275723322,0.0776664487345665,0.0125994903515869,0.0125994903515869,211.70976258378943,76.18061975077973,0.08437588589759455,0.03344286170801804,2.5270873013657287,1.190321844638055,9.143084084139343,3.166333050516704,0.06437926158117699,0.02205552278017809,0.011739400013505201,0.009087333479994799,54.00256367582845,15.182534232595074
362,361,18,B_optimized,False,135.76417485393893,81.91319427706769,494.00290598167294,1365,65.29673807957529,0.8869839359039893,0.0407049043334846,110.76988638833764,0.246717853024353,7.901205405310421,0.2134191561303281,0.1852093281581831,0.8538291975153791,0.668619869357196,55235210.95516895,1.4397797154590708,0.0673298566471509,1.09025,0.0734063762095563,2.750775619927303,9.930510811290851,2.523068672256182,9.10847127841399,1.6964076559742618,0.2135610521516831,-0.0245271217058465,0.0762473568842179,0.0323392772855768,-0.0083656270479077,0.0083656270479077,69.53051607408987,44.76835590425851,0.08583143599649239,0.03375704239760161,2.451543613110738,1.158462088419989,9.029221621066592,3.1986983444477866,0.06506624455527102,0.022636501692043693,0.01223065755950603,0.00972226653035498,53.331714455719364,15.722360801917432
363,362,5,B_optimized,False,134.6189479533704,82.16388308888159,614.3673832030462,1893,49.86694048689587,0.7111110952413804,0.0604349104614479,296.77537252734413,0.3394898798740831,8.470403968194562,0.2146884561178685,0.1622693044805199,0.8441643470378893,0.6818950425573694,95556387.04059286,2.490805147015136,0.0579342380143334,1.0905,0.0631772865546306,2.8009223913564365,11.770156403691065,2.568475370340612,10.793357545796482,5.951345112205777,0.9503270237084386,0.0085503629198008,0.0439610783456917,0.0718552830453018,0.0114203725838538,0.0114203725838538,261.9626913139191,65.85720690581095,0.08759172674346961,0.035081707492944106,2.424437776685202,1.173502523375753,8.916052919071813,3.2637385273932984,0.06692179467182188,0.02415675857030902,0.012512145041609402,0.009617934432452234,52.424158063547736,16.279047758105683
364,363,18,B_optimized,False,139.3889544476456,72.72801844389026,780.9066236863133,1585,48.58848976195843,0.9222708840516416,0.0159171933716879,220.3384325606384,0.383927198652601,8.740083853582467,0.2095188854218944,0.1602191637657234,0.8396235208536372,0.6794043570879138,90018159.25870661,2.3464438260015603,0.0469249370644464,1.09075,0.0511833751030449,3.414371415046957,14.478535286149102,3.1302969654338364,13.27392645991208,4.534786605636564,0.8227055726257132,0.001354529242355,0.0429172555922906,0.0097829186505565,-0.0061342747211314,0.0061342747211314,222.3816387163144,69.96257414344818,0.088837233662763,0.03477498164652668,2.3747620358657624,1.1809926775046296,8.765890647869401,3.2009293875376477,0.06797361521491876,0.023872360505939966,0.012404050645321206,0.009720223244313621,51.67150800273116,16.08455341774893
365,364,3,A_standard,False,134.02438934701493,69.29674810104628,466.534324112379,826,61.38610244778978,0.4638994582046418,0.0126325832400253,693.9130196390735,0.092555712290445,7.119370835248077,0.2153546935531742,0.2158460354038497,0.8672851906205401,0.6514391552166904,26704011.33080712,0.6960758032895192,0.09106330314604,1.091,0.0993500637323296,2.370285591965549,7.153695645895519,2.172580744239733,6.55700792474383,11.304073592703848,0.999752554714383,0.0064866437105555,0.0471971738069642,0.0128796346701454,0.0002470514301201,0.0002470514301201,674.3366285906495,60.82664392869873,0.08871705917583342,0.03469082957126468,2.390124268070126,1.1727955037110394,8.763018051723831,3.2035222422498584,0.06772939590207631,0.0235804858861184,0.01270911792897545,0.010354027622705453,51.676162569920564,16.07974587689605
366,365,11,B_optimized,False,129.9195354426959,83.34799259640307,683.8462636688694,1608,45.560226547098594,1.0418430785368922,0.0374645488378341,184.7848323429694,0.4823834689703777,7.730198880527391,0.2200953697294412,0.1824314157517242,0.8567544042348245,0.6743229884831002,91651519.02073212,2.389019534734168,0.0573797922212493,1.09125,0.0626156982614384,3.17936696334297,11.751924543103854,2.913509244758736,10.769232112809943,4.055836556298622,0.7418941022038557,0.0010787533027814,0.0595070373579785,0.0459289688834638,0.0084644200456296,0.0084644200456296,150.85769845986596,61.46780499902584,0.08892487390657781,0.034520261141492425,2.376790729331877,1.1506278928965108,8.727522426023292,3.186566629602752,0.0681002391622068,0.023229179145756715,0.012981420702612812,0.010217130804418622,51.3889125688232,15.723321282509536
367,366,10,B_optimized,False,128.5465662831419,78.92778223352508,574.5029501438734,1844,53.36512450770974,0.8269476087035107,0.0186711805788561,254.47023368034516,0.3735477854944829,8.976907264152299,0.2217382885674885,0.1366238085126767,0.8356560739977122,0.6990322654850355,83614785.45927685,2.179531315892675,0.0543266867992778,1.0915,0.0592975786414117,2.5148562624012785,12.867198547700276,2.3040368872205943,11.788546539349774,4.768474467694373,0.8542678536280855,-0.0053650479455167,0.0436292229407013,0.0195893792348538,0.0009181986559977,0.0009181986559977,257.6160283820173,65.82459538113797,0.08842079901876021,0.0341259720091723,2.376615427010237,1.1508149411287492,8.75813494367024,3.1617981755966063,0.06804977471006021,0.023156702592995633,0.013058464461994995,0.010253375305395737,51.43848841348484,15.651103329859039
368,367,7,B_optimized,False,136.34578384308958,75.1340821653017,588.3281473538879,1719,69.10793848447794,1.1603285208693013,0.0473559804255296,785.8580430774813,0.0982715558969441,7.940001378586662,0.2127814814895045,0.1846145286930472,0.853166951778698,0.6685524230856508,75985808.52976495,1.98067181951578,0.0534879900004863,1.09175,0.058395513083031,3.451513670477586,12.49911284906334,3.1614505797825383,11.448695075853756,11.371458334761204,0.9997686756421686,0.0088394353368865,0.0315718060922508,0.0570854399565835,0.0097294595310538,0.0097294595310538,802.3152134484362,72.18705766872398,0.08834364606936615,0.034194836133144356,2.39739018861687,1.1690371867082419,8.763062975071893,3.165810237686585,0.06844419678852082,0.02269009407682872,0.012968815566918052,0.01033318165817474,51.34859111796409,15.549583561271573
369,368,1,A_standard,False,110.6871371917517,62.24481137809104,343.6776692821409,1006,86.91864022337064,0.4149502496088137,0.0417713068361429,240.0791785668884,0.1245873445664727,6.471262006039087,0.2462152898601308,0.2032489593578778,0.878600270011109,0.6753513106532312,21520504.609524783,0.5609607615762648,0.1095725326118261,1.092,0.1196532056121142,1.8549261800666008,6.1635091802226025,1.6986503480463375,5.644239176028024,2.762113833694513,0.4408073373849498,-0.0153017686105672,0.0852475222354994,0.0286824090829013,-0.0130888977532415,0.0130888977532415,244.9862846930461,39.23532692120232,0.08994969608717052,0.033883739466071656,2.3074471312391207,1.1025659808024226,8.578318364248672,3.0640820619960896,0.06944469195718243,0.02298494486896519,0.012788899962317378,0.010455275293651457,50.41264336524465,15.2542546906998
370,369,16,A_standard,False,135.1871520899097,62.345306296962825,304.6812856008868,898,97.49753919446296,0.3434126538016344,0.0180644429773674,213.40543425975184,0.229271052806,9.237638009620376,0.2140564083161636,0.1384320602161792,0.831309791319121,0.6928777311029417,17057912.370218247,0.4446373209048146,0.1177816353412741,1.09225,0.1286469912015066,1.175328053605897,5.882731455505077,1.0760613903464382,5.385883685516208,2.1888289286369136,0.3076410036470772,-0.0140983126764463,0.0981809344116635,0.0049503457802888,-0.0131140971970786,0.0131140971970786,213.18074287950637,31.820209464153564,0.08976728042196962,0.033740266584986564,2.288021558046343,1.1176092394683232,8.601409121639122,3.0433529755794337,0.0694354524419253,0.022977887202114865,0.012249559648100913,0.010307390272560824,50.41447195422491,15.252693547116346
371,370,7,B_optimized,False,138.60575570819938,73.78820473481309,599.6269755965168,1442,71.75023080658174,0.9700974406403816,0.0587341564469399,141.10618523371687,0.2036184078428219,7.785888977622755,0.2103469125633973,0.1944193785539658,0.8558006807437838,0.6613813021898179,63801863.97343854,1.6630809943315568,0.0578468726089689,1.0925,0.0631977083252985,3.360931538480818,11.433311298617609,3.0763675409435405,10.465273499878815,1.9666304017069869,0.2624313589649329,-0.022877393233543,0.0700120711158026,0.0396247646810003,-0.0191093917659396,0.0191093917659396,110.25505623872807,49.072715581212016,0.08871740714255731,0.03350878156877749,2.297802497768935,1.1125191190010308,8.687073005422821,3.014337977554796,0.06857230550454599,0.022587665104781336,0.011786765770239831,0.009956772086923986,50.95107838993472,14.965438510677954
372,371,14,A_standard,False,118.06315331621606,81.57646956824881,330.82057645720977,895,91.2958085422746,0.4110265238992877,0.0209452624470804,437.61844981875,0.4288133566687016,9.09121877718138,0.2353439088910097,0.117706273707925,0.8337477540545086,0.7160414803465835,24153521.34568133,0.6295938675538872,0.0964962703293394,1.09275,0.1054462994023857,1.219801276320798,7.420405761826349,1.1162674686074563,6.790579512080849,4.793412280434654,0.8573451227472113,0.0091367176529511,0.0703544974465124,0.0401561950199371,0.0192109325728567,0.0192109325728567,435.64886035865015,47.69037322557964,0.08900673123843723,0.03331743745146017,2.29241390387351,1.1116926631170956,8.636908973942393,2.988563167651474,0.06814397935649477,0.022723055641532135,0.011509265169874399,0.01006586848356484,51.269697750384466,15.051330841618576
373,372,9,B_optimized,False,136.99519387858584,101.37410703805348,682.5078095648596,1483,41.71306499358333,0.8423965099543225,0.0676534331548358,130.5859763673853,0.2662290399037129,6.6045433041334505,0.2120749120213997,0.2464347712566996,0.8762613690237768,0.6298265977670772,102606723.07610394,2.6745815938786746,0.0505249998554581,1.093,0.0552238248420157,4.877481879499259,12.465642742580595,4.462471984903257,11.404979636395788,3.130577347588176,0.5325980324774908,-0.0141322907543899,0.0564190890202993,0.0606318174272694,-0.0070216157275664,0.0070216157275664,133.19907084103815,65.35174606767413,0.08959967227985038,0.03386157574337828,2.2946813297551625,1.1102272030585152,8.602424205290255,3.0230130735889937,0.06860384456972886,0.023183208051064764,0.011447067388086749,0.01009793680620981,51.139575950611906,15.182243183293673
374,373,8,A_standard,False,130.4276633009398,68.7486281668536,246.58845719778677,800,60.12124170398654,0.5029475142704855,0.0282359810655504,266.6220090555208,0.2485378193517361,7.879013252410915,0.2194947959242578,0.1773903857454105,0.8542082477905996,0.676817862045189,13562094.52330299,0.3535141489662927,0.1355799711728791,1.09325,0.1482228034847501,1.3083819402736014,4.992019515789488,1.1967820171722858,4.566219543370216,4.434738895917406,0.8076386169473869,0.0014502641217654,0.0796565941002506,0.0300619922540218,0.0018260111884714,0.0018260111884714,250.96981074403652,45.52516754594383,0.0909663718883858,0.03352512562026304,2.2483939230546355,1.0653849841268954,8.438701311807254,2.967328450481866,0.06856512610526376,0.023202507768166698,0.011174164082018172,0.010062121291159515,50.925973828231356,15.04694151946664
375,374,18,B_optimized,False,130.14327762541603,77.89218199856772,770.4376519644788,1689,52.16441603218974,0.8502973062035636,0.0622971431241702,177.77659038119864,0.1180752063610924,8.509736023677235,0.2198304299677028,0.154015977954894,0.8435005537769691,0.6894845758220751,101358696.9012638,2.642050120931912,0.0568012237430466,1.0935,0.0621121381630214,2.711490489212357,12.138551432291615,2.4796437944328824,11.100641456142313,3.4080049946594984,0.6006094176595345,-0.0122010201106241,0.0505656118168973,0.0496000802542622,-0.0126970628699079,0.0126970628699079,172.55135694423103,57.7967733824035,0.09103322962274282,0.03362665421258999,2.2434669287548665,1.0704314950591707,8.437575181950738,2.968746507199851,0.06829819055085197,0.022930999452403927,0.011186985992683052,0.010061002952133196,51.112560218518496,14.86798414668531
376,375,2,B_optimized,False,139.06490905254836,68.34411663374986,744.7180711519254,1488,46.72513783925041,0.827447425793525,0.0152432836080215,202.0320257582588,0.1003157393665535,7.912855138499012,0.2098605168705781,0.1900257158716273,0.8536302830424907,0.6636045671708632,75734882.88653381,1.9741311067174536,0.0554875253174852,1.09375,0.0606894808159995,3.424656529271208,11.95952717973796,3.1311145410479617,10.934424850046137,4.323840123346758,0.789819893489209,-0.0046821474598825,0.0455773269802271,0.0097653714326803,-0.0054779121753411,0.0054779121753411,171.9040876359297,65.93251260067768,0.09136841085028481,0.03342217632241295,2.246289250811928,1.0719627051221612,8.388849312333138,2.9526273359437223,0.06835962672458827,0.022865256150515698,0.011025812806492999,0.01015728788109746,51.11412693154892,14.869365185256092
377,376,15,A_standard,False,129.04664930137665,83.1228327511865,449.61666046581337,893,64.85105592789066,0.3820570817521276,0.0445319586637436,115.91509987136132,0.1282980114650907,6.816993797679007,0.2211364404527727,0.2214661012416705,0.8725460246744638,0.6510799234327933,33374455.5497518,0.8699498614031513,0.084235727108169,1.094,0.0921538854563369,2.629123162399736,7.729261036670657,2.403220440950398,7.065138059113946,1.787404973023877,0.2292422129311504,-0.0282540657824798,0.0859150591759322,0.0028694621866205,-0.041662496477123,0.041662496477123,92.64200044571147,35.33399050607314,0.09071773072214151,0.03238416911185624,2.2388547587371157,1.0803630851838875,8.417196072772107,2.9187736525455374,0.0685514028355413,0.02304604923172881,0.010776506073409494,0.01006263868633238,50.87928860641698,15.104548605036626
378,377,15,A_standard,False,139.35630517835108,65.89090991428071,322.48629436897795,808,71.54032258202659,0.5144085708676165,0.0286801887835572,402.6367521837773,0.1639952044494909,5.613196693156485,0.209553245393548,0.3084290073739651,0.893808320082973,0.5853793127090079,17169123.619652085,0.447536190996859,0.1267829469567739,1.09425,0.1387322397074498,2.43273259359654,4.617177047545601,2.2231963386762983,4.219490105136487,5.628109262746512,0.9326488799623814,0.0101334173176697,0.0691110598586925,0.027852202921608,-0.0008279858619491,0.0008279858619491,406.8183339481926,53.51295364109856,0.09079053436415328,0.032445482202913496,2.2320452170711143,1.0856973181281486,8.417797472499675,2.9182227282719855,0.06867149458368195,0.02317289448812232,0.01122293360020963,0.010638852869019912,50.69774321744284,15.333855562225711
379,378,8,B_optimized,False,130.5368344374262,74.41422832213942,691.0410963898215,1219,62.90670192969216,0.5497522428810018,0.0350133556575396,194.14761245728056,0.1543287109161637,9.52326512950336,0.2193662816048624,0.1238005767280061,0.8265744372235896,0.7027738604955834,62684990.42068842,1.6339681900501088,0.0675129359083216,1.0945,0.073892908351658,1.8337311962868807,10.40946969703564,1.6754053871967851,9.51070780907779,3.086278671456503,0.521556297416602,-0.015693941799137,0.0593776845023194,0.0257791866720657,-0.0092341689854738,0.0092341689854738,213.15182123800992,50.02457262425993,0.092221885537706,0.03232541869625576,2.211611175807515,1.0880502354257018,8.262483303382858,2.8743192754386797,0.06945389988615576,0.02318494350473132,0.011270693755064747,0.010644317527161669,50.240465777262536,15.339604066785158
380,379,6,B_optimized,False,131.8707681312817,79.5874572841903,530.1519715948265,1590,57.29274837835141,0.781985560838279,0.0569428723131155,127.33701076190032,0.2779271909616785,8.248038201901325,0.2178106205291934,0.1658767362932331,0.847926972665705,0.6820502363724719,67087581.35555771,1.7487276163992465,0.0612208039181412,1.09475,0.0670214750893851,2.709483144243387,11.140824568139388,2.4749788940336943,10.17659243492979,2.2225676785653343,0.3148735432415172,-0.0191000690125176,0.0702689657421404,0.0278242914292584,-0.029118580883857,0.029118580883857,139.896768428635,45.5847342348786,0.09321303919122742,0.03192752191709505,2.1613643460905383,1.0546374064221904,8.157681731289266,2.8430207809397228,0.07045038834778675,0.023293875934713125,0.011657228269400214,0.010726602764492582,49.46839476145794,15.245495523244035
381,380,1,A_standard,False,128.57075864788888,72.32964160905195,445.7181069416896,920,64.07024548719856,0.3551814983132203,0.0211960555432656,386.5797999997175,0.26882526392614,9.166801052791138,0.2217090815571082,0.131025536163632,0.8324883751108678,0.7014628389472358,29659540.45905689,0.773115626505841,0.083179509390489,1.095,0.0910815627825855,1.5752141016909362,8.433120657807617,1.438551691041951,7.701480052792345,6.03368688632475,0.954072994623824,0.0065449864444393,0.0496692793817129,0.035826543724427,0.0146304881811614,0.0146304881811614,397.6664352480549,55.73725637751557,0.09238287735130708,0.03204933828073494,2.183171812559598,1.0461298972289081,8.233378826651863,2.8461161842718226,0.06948463476848171,0.023656198459690737,0.01122871215732573,0.010604514026150882,50.09126381155207,15.302878674342377
382,381,19,B_optimized,False,129.336278851668,84.37333626093188,530.4860737405903,1334,49.90744538096132,0.8442372970682335,0.01,175.34684441215194,0.5469990621020592,8.92866909936045,0.22078968215614,0.1392676005924322,0.8364626733320015,0.6971950727395693,59708345.76186275,1.5563779622625251,0.0600664750655282,1.09525,0.0657878068155198,2.3185579050627005,11.607058213071078,2.1169211641750287,10.59763361156912,3.513440591351991,0.6256126824107586,-0.0008231271056649,0.062257459072415,0.0085375795481415,-0.0014624204518584,0.0014624204518584,169.06312902038303,56.250594423944,0.09060211887463698,0.03171269097202369,2.2353577201938903,1.0424877859176718,8.388530626526109,2.876426661487564,0.06872241815997801,0.022880238417018906,0.011867285299618176,0.011552398576520644,50.575260851430095,14.916017681959396
383,382,19,B_optimized,False,142.8069500919122,84.4383721738025,697.9926819092387,1891,55.58058464472816,0.7167829757466943,0.01,255.75010813098243,0.0247194041985575,8.59684682611958,0.2059958573196276,0.1701772339795048,0.8420322729775455,0.6718550389980406,111450558.82167464,2.905108011595433,0.0416658253534222,1.0955,0.045644911674674,4.084336084453141,16.124846521079604,3.728284878551476,14.7191661534273,4.601428894023705,0.8322179980468092,-0.0053391844292431,0.0287258881440957,0.0093695359142048,-0.0006304640857951,0.0006304640857951,249.09626605444072,77.4082087736906,0.09192949075332567,0.03161114495388832,2.1893088284321207,1.0467875524370556,8.262967100509876,2.8481356724247395,0.0695571107339809,0.023168217025134847,0.012565259052112194,0.01210274012495185,49.8673723098802,15.1980587541343
384,383,5,A_standard,False,124.44689151083467,89.14141378414593,353.61562001131205,872,80.4418991955604,0.2508512166489467,0.0404675544542292,321.2645472050778,0.032142463590043,7.678662644852932,0.2268267082562241,0.1752177537293747,0.8576379374341903,0.6824201837048155,27487006.37705807,0.716485617344761,0.0946941054738254,1.09575,0.1037610660729442,1.8503554455964208,7.206575111409066,1.6886657044001103,6.576842447099308,3.993746423416225,0.7298272756989727,-0.0018325424814604,0.0583812809138305,0.0460723061409428,0.0056047516867136,0.0056047516867136,281.8969179745569,51.040775096800914,0.09310280439967912,0.031071678210222234,2.138113883934703,1.030923577518775,8.118254300213561,2.746732251753325,0.07022669321090456,0.023108965963100046,0.012085162242253615,0.012105436937644631,49.36033166049368,15.05187972495977
385,384,1,A_standard,False,125.94717843223036,61.54090604269376,450.0672382197908,787,83.93415805180523,0.6229109181297192,0.075686446241271,272.3105097386991,0.1477091259855606,8.48976692563913,0.2249319341361831,0.1481367130243123,0.8438374999626759,0.6957007869383636,21797968.40308073,0.5681932267887252,0.1035892222147021,1.096,0.1135337875473135,1.430039823228711,6.715957240188879,1.3047808606101376,6.127698211851167,3.244334798362136,0.5607816140695204,-0.0080700871072482,0.0784617718514824,0.0808439142228736,0.0051574679816025,0.0051574679816025,241.2479251537885,42.76877207704472,0.09305035160828101,0.03101319451100805,2.1459339100639827,1.0230406184975844,8.115500822666114,2.7494028900182883,0.07023577542654842,0.023118020057839094,0.012108924574481124,0.012093075403633038,49.273845000350946,15.127873192600564
386,385,3,A_standard,False,140.1830621500373,54.81748400080178,367.968614933016,1019,65.69746716757632,0.4288378106951233,0.0718844196896537,81.87073071261378,0.1483032105367828,9.432536946370725,0.2086873612841433,0.1396730079810356,0.8280756707918756,0.68840266281084,20554364.821463667,0.5357770346547303,0.117308931920826,1.09625,0.1285999166182055,1.1906425682513548,5.868288556880356,1.0861049653376098,5.353056836378888,1.2461778854241652,0.1475657658921587,-0.0266116589867435,0.1004173069772448,0.035705687422091,-0.0361787322675627,0.0361787322675627,57.4389039850372,24.71014661950989,0.09424091375862967,0.030840338813096224,2.1135057202512115,1.0112287721043673,8.005269958527942,2.7387434603781236,0.07087566891359813,0.02282308322063221,0.011941514653211254,0.012179900158830971,48.80436031271198,14.937432543419503
387,386,2,A_standard,True,134.29037575344714,80.29272105029787,409.7262864008353,951,87.77128459275528,0.3744449520164163,0.0886808342926311,300.8278161768349,0.584554578136325,8.083010928273756,0.2150560204900615,0.1758190102675008,0.8507302177705751,0.6749112075030743,31286034.53832984,0.815512372026595,0.0807307757840558,1.0965,0.15610230546413,2.177843685508404,8.360023806885893,1.1263063011449332,4.323518512403769,3.427405871665521,0.6052540447067009,-0.0044030882969579,0.1311683120913164,0.0727847425711831,-0.015896091721448,0.015896091721448,298.07293484658527,20.57063164202426,0.09413137472168154,0.030981560586421302,2.061080972019715,0.9178200113372825,8.065903106922427,2.824003031088776,0.07075889549858046,0.022983862212568092,0.011879193420769622,0.012184435943384411,48.66367705054871,14.70566277970752
388,387,17,A_standard,False,126.91496014781472,63.38552715685541,400.3365132261836,846,86.01103944020014,0.3359229288053842,0.0375418778190389,210.2613652237412,0.3132643622191242,9.90170104439919,0.2237299136536481,0.1091200398505567,0.8203419439017033,0.7112219040511466,21467707.627608288,0.5595845375646913,0.1011374763333292,1.09675,0.1109225271685788,1.0789278495630892,7.032229098807044,0.983750033793562,6.411879734494683,2.44458579494237,0.3646091866897277,-0.0121063455089003,0.0873798703163305,0.0383308436770814,0.0007889658580424,0.0007889658580424,213.1285438705888,37.32953276402044,0.09383804376448367,0.031250055203506245,2.1010748459882644,0.9798349742660752,8.095397366592492,2.8427527737975233,0.07029115066973651,0.023107531260147238,0.01171208945017229,0.01229043906529914,49.25344268717959,15.13140018490401
389,388,18,A_standard,False,128.1084286402839,69.83434908715013,393.63037463763794,917,74.51840875156297,0.5634553962095601,0.1118931235979236,189.72290876788088,0.1957504649723502,6.500578113533144,0.2222688663623816,0.2357752807037596,0.8780852782022155,0.6423099974984559,25207340.551269207,0.6570630758673685,0.0999161678421611,1.097,0.1096080361228508,2.3597310204712496,6.428489116127042,2.151076591131494,5.860063004673694,2.545987118436712,0.388407092197972,-0.0128395764543773,0.0895351351384019,0.0712738980086384,-0.0406192255892852,0.0406192255892852,190.5303949044093,35.5117193153208,0.09394647499205554,0.03115074561555919,2.096648101449774,0.9781788196331972,8.078834172713407,2.8290921997882674,0.0705508604866709,0.02287739046626886,0.011529282462336247,0.012362630972790974,49.14814907272193,15.031490616310505
390,389,4,B_optimized,False,138.8005292461641,85.4129164142122,528.9076011860395,1632,51.18065102873833,0.8675354037409391,0.1016853803553139,209.4623101404838,0.2670279411065664,6.393091388737553,0.2101402487336062,0.2609449496973932,0.8799749588432083,0.6190300091458151,73726482.47290172,1.9217794613437431,0.0603154712587166,1.09725,0.0661811508386268,4.3263352544838485,10.26320438566339,3.9428892727125526,9.353569729472216,4.092607380528808,0.7488723903140994,-0.0042890221555445,0.0554575011439262,0.1162706914625799,0.0145853111072659,0.0145853111072659,226.8034265900958,63.68755797509645,0.09411307717744954,0.030938925678326595,2.0820040298000735,0.9678144239151152,8.04755909446867,2.778683798922179,0.07084317529975676,0.022608897925635075,0.01159133705366641,0.012342769077057187,49.02982381853879,14.886889660685103
391,390,15,A_standard,False,117.46258327531642,65.31265431638732,374.35541340278974,890,78.27478014016016,0.7062361567201951,0.099918901709286,106.6031210108914,0.4285845139239698,8.988075214519395,0.2361855610735979,0.1196895959971283,0.8354694435301189,0.7157798475329906,21760629.679269765,0.5672199429682326,0.0932862618055594,1.0975,0.1023816723316014,1.283035611895377,7.6729395484291265,1.1690529493351955,6.99128888239556,1.3619089165118834,0.1627249765577997,-0.0254080217760453,0.0994566810438959,0.1195837138068031,0.019664812097517,0.019664812097517,97.33753636421233,30.25831148576825,0.0933341815025518,0.031292593706762725,2.110908634170758,0.9918576488574031,8.130918063667368,2.795522574045859,0.07145519973497833,0.022368647889626867,0.012082091541057084,0.012370294807236535,48.776424539095395,14.789503696915242
392,391,4,B_optimized,False,138.62996025407324,74.84111754690136,629.6989681038256,1437,67.91396875499917,0.8042614980710223,0.0283038473912496,239.8717625782481,0.2362327688410622,7.181257063479122,0.2103212035508179,0.220828117574636,0.8662123944855986,0.6453842769109626,67722037.14359704,1.7652655558436352,0.0515352140687584,1.09775,0.0565727812439795,4.28499466947021,12.523170584872105,3.903433996329046,11.408035149052248,3.531994477359874,0.6299481718902769,-0.0079704637607143,0.051531115148923,0.030096348067134,0.0017925006758843,0.0017925006758843,209.56136081589253,66.4110137618007,0.09357391496697744,0.031097764376374213,2.091954852058913,0.9852402464984819,8.100260365682441,2.774323431034076,0.0711666619488631,0.022617577630844085,0.012145471960655239,0.01235949471726258,48.7209392019563,14.746058368917211
393,392,8,A_standard,False,133.10779360681232,72.14530224764253,333.7004498719091,796,60.50198824346968,0.4395389208490783,0.0916448844403473,119.06284086001288,0.4221263837788038,10.04333692042878,0.2163916947172342,0.113802055299153,0.8180214351289677,0.7042193798298148,19163636.1736818,0.499525830718724,0.1118727508406194,1.098,0.1228362804230001,1.0172455262254363,6.2948249197258725,0.9264531204238946,5.7329917301692825,1.967916167992446,0.2626803093634758,-0.0147383222001814,0.1005525450876808,0.09311323457404,0.0014683501336926,0.0014683501336926,107.52969769432248,32.24464520970219,0.09497084246462383,0.031095398504837377,2.071243964379523,0.991554986069257,7.9711572955145735,2.7492684530208975,0.0720701058168699,0.02239626861718762,0.012291789682648425,0.012266825358031282,48.1510004277324,14.621689198177256
394,393,12,A_standard,False,115.92147433843628,62.395710342514064,484.0804284101002,908,76.67737843712926,0.4676654938006127,0.0565383559327154,193.4462463143097,0.2236988284514511,9.337341371232943,0.2383791683066805,0.1079780114502003,0.8296537553766479,0.7216757439264475,27425724.311749514,0.7148882182758173,0.101397597954322,1.09825,0.1113599119533341,1.064897133942391,7.117286390270811,0.969630898194756,6.480570353080639,2.5228594176954515,0.3829275620335005,-0.0120005338226477,0.0864125057251578,0.0547130432448089,-0.0018253126879064,0.0018253126879064,164.62506288622342,37.6971884862084,0.09632998908377637,0.030948930259936433,2.0385270633947408,0.98178860401019,7.848034660370058,2.728118929671251,0.07279253662366711,0.021632835010641612,0.012589611040919824,0.012383557708759922,47.62523602244918,14.206505218395154
395,394,15,B_optimized,False,142.48326852685472,82.72352354801237,677.3735401567559,1474,59.375676120128304,0.9547383782197536,0.0344819268175559,236.02707913591104,0.316228642753422,9.587571506758042,0.206323320710029,0.1383263416730774,0.8255120404071554,0.687185698734078,82595186.12393793,2.152954094306466,0.063960907828367,1.0985,0.0702610572494611,2.1626700803600696,10.743839042717704,1.968748366281356,9.780463398013389,3.975147645618103,0.7261443428621069,-0.0042502575395891,0.0575191251977374,0.0265109487032464,-0.0079709781143094,0.0079709781143094,241.42779686794069,56.17154546758752,0.0959387981195595,0.03077121606868466,2.028535385611151,0.9878416022837244,7.878189081857884,2.7115450540150428,0.07249091666435714,0.02156064939935923,0.012597444186841843,0.012384003837142353,47.730303789453835,14.162547592661241
396,395,18,B_optimized,False,151.87589548943234,72.99152428711537,547.616540417358,1260,60.3585873673315,0.9326224762131464,0.0961567660163922,356.7175299464175,0.3601654311684941,8.884436305551251,0.197306244925929,0.1732612399895662,0.8372029823622587,0.6639417423726924,50363921.1724736,1.3128030262066248,0.0677491777777375,1.09875,0.0744394090832891,2.557392512688176,9.79999705016146,2.3275472242895803,8.919223708906904,5.909971480536793,0.9483371672753484,0.0019690020105366,0.050632030598837,0.0970101397253232,0.000853373708931,0.000853373708931,347.3242973149209,63.040863533381895,0.0943833774989106,0.03104847624610687,2.098335379661467,1.0410350870770912,8.021492353020419,2.765931876966501,0.07148099578729047,0.021515340248298032,0.012432647386117306,0.012431721102632647,48.55868531587339,14.421905266837085
397,396,1,A_standard,False,136.01437172668363,68.56047929693355,286.51441104328694,825,80.07384974130326,0.6607447759833609,0.0206222071204131,152.14007224313855,0.3123855113368274,7.078416376329706,0.2131442727855511,0.221192058692669,0.867995865548074,0.6468038068554048,16205941.410950268,0.4224295573405578,0.1222339496691836,1.099,0.1343351106864327,1.809579574997844,5.291523415597119,1.646569222018056,4.814852971425951,1.8999969744762064,0.2497393275132828,-0.0149178031782326,0.1023786595618332,0.0254513000345566,0.0048290929141435,0.0048290929141435,136.47207434885172,33.04713687580288,0.0953204527980163,0.030794057119759678,2.06292524267408,1.0371932682203453,7.938263588180065,2.7534783437700416,0.07135935874177007,0.021540990895044916,0.012632324654315002,0.01261990667107512,48.496197456694425,14.42640065311582
398,397,4,A_standard,False,131.02897273993014,73.59852261245227,350.3015349640212,787,81.6874759522819,0.2284331443462531,0.020353259147002,422.7757360719168,0.0440025657496313,6.340658399864808,0.2187892059504284,0.2497568045174924,0.8808982372055459,0.6311414326880534,20290178.573032063,0.5288906664302334,0.1058193060016468,1.09925,0.1163218721223103,2.360219641901691,5.964331619016959,2.147118164113433,5.425819075748882,5.175526984318662,0.8980301979218147,0.0051714209554489,0.0562869606718509,0.0145687925079279,-0.005784466639074,0.005784466639074,431.47493768965296,55.0752545548138,0.09423145519355967,0.03138575497054579,2.1508056332573284,1.1367220854979516,8.039959825399167,2.8036681392362226,0.07093090315557013,0.021773186447456037,0.012505360006175829,0.012584254143111274,48.98799452864819,14.812341955844195
399,398,6,A_standard,False,149.09561439659137,61.9335289098059,351.0420112645317,705,83.78876912020174,0.7950302964369,0.0656004041668099,336.8748547297339,0.2991286609014368,9.495294669189022,0.1998746053008007,0.1498877985848358,0.8270369599311224,0.6771491613462866,15327595.74001184,0.3995343016094834,0.1297308361449701,1.0995,0.1426390543413946,1.1553752603378038,5.219646935672208,1.0508187906664883,4.747291437628203,4.020525164255126,0.7350748824731206,0.0073382538571116,0.0847509319773004,0.0549593086335658,-0.010641095533244,0.010641095533244,311.3433756801675,41.62495236659382,0.09481232981748479,0.030914308302336577,2.1030990842541666,1.0866776438309218,7.971412161510472,2.7612951281977067,0.07096343981787545,0.021752263691901134,0.012702458258157811,0.012573784227111877,48.83883077020769,14.681164139593154
400,399,7,B_optimized,False,124.74464337653907,75.0428561358879,557.8163899077023,1402,35.0,0.8334306575169683,0.0241064457103998,181.34352528635205,0.1316411110289869,6.500431793987943,0.2264475849865874,0.229464468890035,0.8780878478267464,0.6486233789367114,58687909.40751384,1.5297789226553258,0.0723234877965108,1.09975,0.0795377557042128,3.172751700466321,8.968364202258554,2.88497540392482,8.154911754724758,5.181243579610059,0.8985524879366688,0.0024849758608267,0.0458514269183165,0.0229477995191984,-0.0011586461912014,0.0011586461912014,198.41543506650572,63.99693699446956,0.0931022767650424,0.03025741387083005,2.1349196583295007,1.0828848350313027,8.095822258231589,2.744826454403276,0.07058002055846348,0.021764861606841622,0.012973469380062348,0.012480256936228248,49.128717181221226,14.757300145692293
401,400,20,A_standard,False,121.19891557020556,64.39932776283288,378.1708527340465,857,82.44241743230572,0.8666150453489554,0.0382788806334828,133.57864112077482,0.1421533161241808,9.58488568772752,0.2310648653217839,0.1091829546766808,0.8255563851171245,0.7163734304404437,20871334.03210337,0.5440392614483336,0.1147414187437587,1.1,0.1262155606181346,0.9515566032916928,6.243372604972345,0.8650514575379024,5.675793277247585,1.620265941746038,0.2010517145564199,-0.0208276523361289,0.0944580789742485,0.0298489111416301,-0.0084299694918526,0.0084299694918526,93.82002292614338,30.416949033844848,0.09452276402102518,0.030439469821489932,2.1153488211158518,1.0853672192040513,7.973187152450598,2.744814641607077,0.07128391175025421,0.021673287480064283,0.013014577750934094,0.012482712809278906,48.79055124138668,14.748342024941788
402,401,16,A_standard,False,129.17870327167495,67.22093733121174,319.9369147873849,968,77.3565630273433,0.1,0.0352531526008018,114.88254565972596,0.1875957485751807,8.669614760229356,0.2209781752218865,0.1472246467427647,0.8408077053071176,0.6935830585643528,20818252.601300385,0.5426556228957494,0.1084544988207328,1.10025,0.1193270623275112,1.3574784664868178,6.395152493496778,1.233790926141166,5.812453981819385,1.485104057933886,0.1802143479076963,-0.0207387691039915,0.0955346228233518,0.0,-0.0352531526008018,0.0352531526008018,109.71207750558057,27.411222923897505,0.09600961072045754,0.030568511674888766,2.075691274853823,1.0837196603826182,7.856767991630569,2.7400944573051866,0.07239917787921275,0.021758050450090785,0.013214833936928157,0.012439578596782165,48.11173479292384,14.724324825664626
403,402,7,A_standard,False,144.3863016073845,58.569476526189774,372.0322413912712,817,82.86194942554317,0.4853745156624864,0.0692090391083757,248.61780051301903,0.2201945745725557,7.923747346179899,0.2044159750812714,0.1979500525286122,0.8534443449294795,0.6554942924008673,17802212.37501704,0.4640384969045799,0.113246513663003,1.1005,0.1246277882861349,1.7479571434549266,5.7882072586488205,1.5883299804224684,5.259615864287888,3.0003856080699407,0.5000964020162907,-0.0096228899354793,0.0889726453150152,0.0555749764188675,-0.0136340626895081,0.0136340626895081,231.8856286066564,38.84822412680254,0.096005642027709,0.03056903535443747,2.0609819655456665,1.0841745218097325,7.8677437099851435,2.737957066711318,0.07175116545092301,0.02182966693528759,0.01245066907536003,0.01181422067633667,48.56353030557992,14.670726501371043
404,403,20,A_standard,False,139.53111712233132,66.61951213761003,338.1810190357924,1202,90.02031993310248,0.3921579452195655,0.1069047180983235,157.8822779508088,0.3712081062515951,8.44204768433531,0.2093694332858263,0.1707582032131668,0.8446432300954625,0.6738850268822956,27080404.311841886,0.7058869902074957,0.0952597179681093,1.10075,0.1048571345533963,1.7925541546357786,7.074186668365912,1.6284843557899418,6.426696950593605,1.7538515533841372,0.2233675731717627,-0.02127948477655,0.097353992979396,0.083548174120183,-0.0233565439781405,0.0233565439781405,159.71513427791558,32.37939926382007,0.09448802847369418,0.03028682731456358,2.0679976722322846,1.0863783634807502,7.9973750740164595,2.7150440247876326,0.071360730666467,0.022051303265106705,0.012713610007145569,0.011695974120909128,48.80457576145194,14.851603584239538
405,404,10,B_optimized,False,130.56974051473736,72.65832820399793,641.5291041888963,1783,54.46569056936952,0.5265574217396003,0.0636729524539285,377.4122565639336,0.0889389719407676,8.465290935449099,0.2193275809863889,0.1561916057811585,0.8442506762508342,0.6880590704696756,83109966.62075475,2.1663725370790003,0.0612569205528612,1.101,0.0674438695287002,2.549778937163093,11.23234834953742,2.3158755105931816,10.201951271151154,6.929357777686624,0.9807226294193944,0.0038188007647413,0.0371926669880543,0.0599649300930724,-0.0037080223608561,0.0037080223608561,349.0517154148804,66.73057953489848,0.09435017360061546,0.03039796482652949,2.0828131249311763,1.0859661874615252,8.010374196202651,2.7239786798609265,0.07096934948020468,0.02243858821444944,0.012643427652738065,0.011727763924295259,49.10322064172907,15.025748904500059
406,405,11,B_optimized,False,131.30294949495286,70.49288916321385,695.3285258771648,2002,71.66568767247227,1.1581445477362342,0.043628062409936,162.0397738887559,0.4909502604773053,7.79758961141292,0.2184695379242811,0.1820387323698093,0.8556004359673505,0.6735617035975412,98129464.84677306,2.557875864544268,0.0480181709363056,1.10125,0.0528800107436066,3.791038451074635,14.02722532874057,3.442486675209657,12.73754853915148,2.261050987598316,0.3232340085506481,-0.0219732946679825,0.0732621207857677,0.0,-0.043628062409936,0.043628062409936,118.26439044532536,50.59768000452457,0.09457226936905277,0.03023434598635333,2.0706933301940693,1.0848811435198564,7.985641698133459,2.7094844379555787,0.07048380718201123,0.022715013082232748,0.012231290056445488,0.011496787046462962,49.42320330395651,15.119355568327828
407,406,9,A_standard,False,124.4303035873608,70.95037231922322,239.26332377934705,1006,79.04501926690355,0.4602842343642899,0.0420386375518297,146.69059979159664,0.2774302380366282,9.425687234919314,0.2268478747736611,0.1178671522033802,0.8281891201507491,0.7103219679473688,17077676.8359064,0.4451525081611426,0.1108273803148441,1.1015,0.1220763594168008,1.0635201506030114,6.409264262400226,0.9655198825265652,5.818669325828622,1.8557854897382076,0.2415474124007006,-0.0187280467640577,0.0977918315951477,0.0032336825107417,-0.038804955041088,0.038804955041088,148.3405437102078,26.64497250869088,0.09498863810423536,0.030328495807114324,2.0729705995788437,1.0836459395640494,7.951981868513428,2.723504211946191,0.07139772407706511,0.02277964196210235,0.012064230318076836,0.01152187405811629,48.995978560601536,15.23862919082435
408,407,3,A_standard,False,131.7917394269876,66.80360846729258,350.66866003797924,1057,83.17594890831677,0.4372422395576115,0.043863216628694,244.3885567547775,0.3635882782759875,9.391400860599534,0.2179020391592032,0.1291984870183959,0.8287572269553344,0.6995587399369385,24761209.983342145,0.6454340853911854,0.0977781003110858,1.10175,0.1077270220177388,1.3213438040557606,7.154554421810792,1.199313641076252,6.493809323177484,2.9382118264038355,0.4845578691745036,-0.0041593397733315,0.0846248904801308,0.0441193754464959,0.0002561588178019,0.0002561588178019,221.4539349106277,41.21113071407079,0.0956653813056416,0.030039760443204968,2.06994185588492,1.0837322194601295,7.873412970069079,2.702205131402703,0.07203374995330561,0.022962455445680468,0.012328013936010044,0.011424769488407222,48.566776340585875,15.3320599642687
409,408,19,A_standard,False,130.0159948513207,67.82898805654621,272.96042668788937,995,78.13828937335882,0.6217638647719037,0.0521895188294179,161.56482585883847,0.0757075517383816,8.155659301820942,0.2199810542344194,0.1662786088086327,0.8494950319972818,0.6832164231886491,18422056.37411399,0.4801955605097711,0.1140514099820543,1.102,0.1256846538002239,1.4579268141866566,5.990425048635095,1.32298259000604,5.435957394405712,2.0676780507294272,0.2824538788693941,-0.0155688625494693,0.0930393787744287,0.045666753536705,-0.0065227652927128,0.0065227652927128,145.83715809073618,34.161040507449655,0.09793892986054535,0.03047537746478989,2.0172194195719073,1.0653759293774505,7.664805059602003,2.561899713977947,0.07368310843994927,0.022749013917222217,0.01255141927024312,0.011299893798616482,47.6066296226727,14.988390486486978
410,409,1,A_standard,False,132.25564693915325,69.84078663274731,228.5929966285769,1122,73.53241083520429,0.4831145139548014,0.0150490774224054,220.848079789548,0.0890711184269666,7.400005613299696,0.2173667292205585,0.2001846644113958,0.8624310181203646,0.6622463537089688,17912858.697076533,0.4669226414083586,0.1079694132697541,1.10225,0.1190092857765864,1.8540868042993648,6.1336477957363,1.68209281406157,5.56466118914611,3.003411383920178,0.5008528451529597,-0.0092032944969214,0.0761773253425251,0.0133776328972663,-0.001671444525139,0.001671444525139,194.42481368971903,43.27783873946208,0.09652545806038562,0.031809574226882874,2.0809360065620908,1.1381093703754834,7.948312997038779,3.154787784823459,0.0733489040395919,0.023098460373354078,0.012533646526855841,0.011311735291257759,48.326445074407495,15.987600242468591
411,410,4,B_optimized,False,129.89508226570385,88.51367591086407,745.5366893372382,1731,65.60903256029347,0.7716218002857714,0.0356509298004063,342.86018661853,0.2552218473258776,9.305954044404292,0.2201243724852063,0.1289323675837929,0.8301747311514012,0.7012423635676083,114229023.90930252,2.977532423562008,0.0475221412548163,1.1025,0.0523931607334349,2.713100971028443,14.756118833272026,2.460862558755957,13.384234769407731,5.225807685907393,0.9025432292642168,0.0049733139510909,0.0369940864823359,0.0451343585299116,0.0094834287295053,0.0094834287295053,357.1067086228696,69.1464566426167,0.09549392544766394,0.03208187319844383,2.1095944666807585,1.1362057863011426,8.047035523594838,3.1738281768427874,0.07294417042420423,0.02318417939884393,0.012460562595720473,0.011372008699833333,48.64078289633794,16.03054882382702
412,411,5,B_optimized,False,128.53450051437773,85.5088936078311,704.6348091293497,1583,40.22328331263758,0.7838227092609737,0.0249058369810289,231.9172775047545,0.7967371234477475,5.9774396198611806,0.2217528588475626,0.2656662853202738,0.8873207122581548,0.621654426937881,95379775.45219985,2.48620152953842,0.0532666772610865,1.10275,0.0587398283496631,4.987476204271405,11.670606444829344,4.52276237068366,10.583184261917337,5.765747060033995,0.94079654817349,0.0066118328328995,0.052860115442021,0.0248954084629878,-1.0428518041005752e-05,1.0428518041005752e-05,236.25396530897677,74.25663773580227,0.09550696699739408,0.032095735253634836,2.1082128537868554,1.1375169805804177,8.048592904322641,3.1724981040060367,0.07294665128751915,0.02318718564741031,0.012265178263561365,0.011035119705405421,48.66427560480425,15.99558543111809
413,412,6,B_optimized,False,133.2020816156678,87.81332295982504,656.6290935492975,1522,52.49259333853125,0.7314958302601225,0.0358363415293061,232.30741371546327,0.4758956923535136,8.443892607011323,0.2162844612853353,0.1610109725784679,0.8446120646414776,0.6836010920630097,87759711.20343901,2.287574354116471,0.0621929718342913,1.103,0.0685988479332233,2.588893372187936,10.99161323058198,2.34713814341608,9.965197851842232,4.42552746855702,0.8062034868707232,0.0072939379479191,0.0569465691924113,0.0335563183372542,-0.0022800231920518,0.0022800231920518,231.71825146634768,60.5925261829276,0.09376734030801534,0.031085722670137216,2.136819634221032,1.1302820036518482,8.157095144992349,3.135048021381611,0.07127137815879445,0.02188417473392813,0.012076437961243747,0.011052440507627003,49.565561313809674,15.646094222046251
414,413,3,B_optimized,False,127.70037770826356,80.31450452819438,582.8424721798656,1428,45.38784427265023,0.7023176687868927,0.0591901183106078,241.2764967704998,0.6513053065753677,8.739575108208921,0.2227657914746906,0.1427188930705091,0.839632063988735,0.6969131709182259,66845685.84195053,1.742422286017964,0.0539437882372494,1.10325,0.0595134843727454,2.645696524738291,12.919247863222765,2.3980933829488245,11.710172547675288,5.31588359475993,0.910183995997772,0.0049213621305725,0.0575329962465828,0.0684271225982474,0.0092370042876395,0.0092370042876395,215.28362851105263,64.04631143429134,0.09374927338765364,0.03107580958151333,2.1424444974651737,1.1251146232927023,8.157305470708168,3.1349288985018635,0.07076742947608874,0.02179560207389503,0.012199485886526912,0.010958055982955196,49.889860561082195,15.55508052405824
415,414,1,B_optimized,False,137.01025420522447,86.21446159092118,553.6183703739932,1971,68.68881248290296,1.1088116096001048,0.0560263952754309,102.69187508658412,0.2991666660942338,7.1716481652219874,0.2120585936874848,0.2185348841479975,0.8663788774176154,0.647843993269618,94075652.07514356,2.4522078079200567,0.0547397190642881,1.1035,0.0604052799874419,3.992254397421056,11.834989370492908,3.617810962773952,10.724956384678666,1.4950305788463694,0.1816855216381188,-0.021490012654483,0.077798395568043,0.031241619475777,-0.0247847757996538,0.0247847757996538,102.6378763674544,48.15667995652903,0.09282800821283159,0.03127820061879826,2.1755796870385007,1.149505842352815,8.239780712113838,3.12749467243433,0.06996721100121209,0.02182696108339708,0.011605925283829603,0.0101621110372522,50.5786624275253,15.667524289185435
416,415,14,B_optimized,False,135.31018992857167,65.90968476285964,604.0210620503767,1566,56.95422625820727,1.077208864077216,0.0999145404467683,262.42216763581314,0.0472487238571763,8.973785487437647,0.2139201403672625,0.1466548442903137,0.8357082502599871,0.6890534059696733,62343771.978933305,1.6250738745856796,0.0675899175381398,1.10375,0.0746023714827218,2.1697739786050017,10.1946182369708,1.96582013916648,9.23634721356358,4.607597800488025,0.8330776054458897,0.0034551933056614,0.0450801480522171,0.1115479814723057,0.0116334410255373,0.0116334410255373,237.3214128679616,58.69353814207072,0.09362336728648402,0.031091846894142548,2.1207967463453103,1.1286423732189963,8.186487456047894,3.1308295775739077,0.07016176414774171,0.02173816312978212,0.011556140921305545,0.010153310645651222,50.217211437132455,15.567074704299676
417,416,20,A_standard,False,124.41055651212136,64.75405230054149,359.58113244825694,806,85.22879666917605,0.3633639178700065,0.071371770390425,236.41689619382905,0.1511766302325326,7.973614138683374,0.2268730786861865,0.1638181368850594,0.8525935985986681,0.6887754617136087,18767174.378214948,0.4891915232869854,0.1169782187714944,1.104,0.1291439535237298,1.400415723589211,5.888065906175785,1.268492503251097,5.333393030956327,2.7739086486402527,0.4437167122865907,-0.0150073872892983,0.0888014163410415,0.0631376856347678,-0.0082340847556571,0.0082340847556571,207.46406344591915,37.32765666994317,0.09401550140020126,0.03132731144932241,2.1282463984727027,1.123449490528232,8.15717335752144,3.149057326824956,0.06977926495023425,0.02137744360761499,0.011404342041704764,0.010086121522489985,50.44003612125182,15.353832153137617
418,417,3,A_standard,False,129.28543677839411,75.52850052693502,384.15183394136966,593,74.44774055829795,0.4741722258057314,0.01,328.793976542048,0.1544245251664694,7.454299878050882,0.2208504571389789,0.1927645976683189,0.8614950252422394,0.6687304275739205,17205546.311412428,0.4484855972156842,0.1144241286308884,1.10425,0.1263528440406585,1.684649907102572,5.844313044595028,1.5256055305434204,5.292563318628053,4.416439962802881,0.804779708155076,0.0072393054213208,0.0676933464321109,0.0346205274446237,0.0246205274446237,0.0246205274446237,293.784552519458,45.89883740456331,0.09561923514154255,0.03142373761801989,2.0823929099779037,1.0959682478893131,8.02404279206824,3.149524793290493,0.07043420091045181,0.021308486590345406,0.011581109275192972,0.009991231834131654,49.6050193358934,15.60084666376524
419,418,6,A_standard,False,117.21558099778628,81.48782499841421,386.86886294732034,846,83.8614690099219,0.5772176355443615,0.0589635179974921,288.94674762607974,0.2169022950198054,8.963223339663672,0.2365338421081741,0.1200189473351761,0.8358848063881531,0.715865859052977,26670236.462203976,0.695195416125857,0.0906235014950395,1.1045,0.1000936574012712,1.3243689038184605,7.899340096588093,1.199066458866872,7.151960250419278,3.445524518439971,0.609574622728423,-0.0069475421701368,0.0701665242700012,0.0454829629481495,-0.0134805550493425,0.0134805550493425,272.27846097999463,44.48871527143475,0.09570903205928766,0.03150939906027121,2.084771506180927,1.0935346511778747,8.01799229458185,3.1543028774660384,0.0700536720047865,0.020926110967249875,0.011788565372757343,0.00988408201771742,49.7403254292702,15.476045963628643
420,419,11,B_optimized,False,137.88617198858194,86.90470014436283,686.894202648251,1981,48.85763552214851,0.8888786807155342,0.0898861358936138,200.88862743497813,0.3726733266089411,6.914315571302251,0.2111147255678693,0.2323027422899619,0.8708493219375548,0.6385465796475929,118254477.06456602,3.082461248821373,0.0460520119203999,1.10475,0.0508759601690618,5.044355992339555,13.865769442414573,4.5660610928622365,12.551047243642971,4.1117140706473565,0.7524485290721574,-0.0053067936158805,0.04768489055833,0.0947603930544656,0.0048742571608517,0.0048742571608517,216.2104596106198,73.23928578513168,0.09655375173906712,0.03248846910976599,2.0835738637037284,1.0948129255946732,7.9796076991197324,3.1849224239685365,0.06983018860933127,0.020807169068997173,0.011989228102628374,0.009778969513384887,49.92757614543017,15.383722691254698
421,420,19,A_standard,False,131.08098761494466,66.28495686243642,389.70194949137857,967,80.28255371510045,0.3224418008352077,0.0680263925416409,350.0949304387054,0.1724712414003187,8.86919333656388,0.2187284291769684,0.1437118930069381,0.8374582504526431,0.6937463574457049,24978941.47317237,0.6511095481449836,0.0995940934665915,1.105,0.1100514732805836,1.4429760641894476,6.965737959936548,1.3058606915741608,6.303835257861129,4.360784681577158,0.7958871994350185,0.0030778001014075,0.063930218839783,0.0971196477174653,0.0290932551758244,0.0290932551758244,346.0537674161154,45.94832262226381,0.09747513392322642,0.032380670780272465,2.069347411290549,1.1009399321984479,7.9025190864690895,3.187090566062657,0.07051258585204641,0.02095415504470989,0.011854324433884655,0.009881521828373492,49.601900067457734,15.42115903176632
422,421,14,B_optimized,False,138.04637070982952,81.41695864004024,680.2961335964609,1851,55.27326354832631,0.778499969113855,0.0717872239947002,192.8559876558588,0.2034521771695406,6.017653786180745,0.2109432010338547,0.2810049055379167,0.8866073419185136,0.605602436380597,102522525.66037634,2.6723868755248863,0.0461401666406273,1.10525,0.0509964191795534,6.090244704285181,13.125276315048051,5.5102869977698985,11.875391373036011,3.4891369764559257,0.619903104987539,-0.0133886433412018,0.0489317181365151,0.0589245238288021,-0.012862700165898,0.012862700165898,175.2230940748223,72.28022682326754,0.09931998971971956,0.033644504887839335,2.040664731996171,1.112694717307898,7.807588860361656,3.2266332670110107,0.07183090956530098,0.02173678251336292,0.012424178356085764,0.010054223169657333,48.80434364835723,15.739847899115011
423,422,16,B_optimized,False,138.61804112056006,85.01687680119332,461.008821284739,1287,35.0,0.9238235970027506,0.0695917112281506,245.8811387094349,0.4899255567644923,8.285704446731197,0.2103338625806794,0.1750358934812281,0.8472884487048946,0.6722525552236664,50442073.32033184,1.3148401665607583,0.0762257404235836,1.1055,0.0842675560382716,2.2962832831607827,8.8192328665879,2.077144534745168,7.977596441961013,7.0251753916981405,0.9824531013893936,0.0110799850283712,0.0580459221355652,0.0864682395548162,0.0168765283266656,0.0168765283266656,247.5463309021153,57.8935581456492,0.09796997649366017,0.033564986493563695,2.0684156044877855,1.1199445093901184,7.9060864227743854,3.208529979257335,0.07066774491490553,0.021624543927123156,0.01232976023506571,0.010148726026637264,49.48905670571811,15.784983556947036
424,423,12,B_optimized,False,132.7595463790567,83.0401863923889,579.2890674559247,1480,46.32030957234738,0.8147593963538746,0.0798590934024185,191.25551380359468,0.453325923309566,8.043843956213495,0.2167888769512246,0.174851908993754,0.8513968893849746,0.6765449803912206,71194322.76218744,1.8557753287489,0.0567218185508758,1.10575,0.062720150862631,3.082621704678296,11.927420482550334,2.787810720938997,10.78672437942603,4.128977452209683,0.7556501421584715,-0.0041198491185135,0.0604856311296523,0.0644825261187203,-0.0153765672836982,0.0153765672836982,187.719802333161,60.01948809662066,0.09705750206463398,0.033675867192960535,2.081093309281325,1.1244323789835375,7.984367175310785,3.194498280856874,0.07047963150316089,0.02179245481105972,0.012279704980241508,0.010187764306845733,49.714304391681225,15.945859853383212
425,424,9,A_standard,False,133.60016538737466,73.88158585182165,214.71876853415728,918,76.96065323479857,0.2530649466545029,0.056240025338687,270.8102953427397,0.3385563267242067,7.46030423313424,0.2158331406900448,0.1998514590470643,0.8613915770130807,0.6615401179660163,14562934.554674556,0.3796023841820098,0.1203765831484272,1.106,0.1331365009621606,1.6602187387279683,5.495588100804632,1.5011019337504232,4.968886167092794,3.518814926330303,0.626870614725195,-0.0005824067678467,0.0857601714064335,0.0709925067521822,0.0147524814134951,0.0147524814134951,260.0059955379906,40.88847639067628,0.09546808498989563,0.03335450648569913,2.110376584308735,1.1160880967276479,8.1047516867553,3.1834175606075674,0.07022417678240146,0.021696400562164254,0.012115444937515098,0.010280511262208216,49.94558029443862,15.909958111466004
426,425,4,A_standard,False,128.18064469884894,68.08306275652282,254.72881504647717,933,76.7185716785334,0.798911420125298,0.0561951942627431,185.71386781509457,0.4200488613301681,8.389624867889012,0.2221812016698916,0.1550485578445597,0.8455292660395718,0.6904807081950121,16180755.801356832,0.421773060711197,0.1220626583390889,1.10625,0.1350318157876171,1.270237433415847,5.656772657505648,1.1482372279465285,5.113466809044654,2.4207159199114643,0.3590973434589442,-0.0073931725403207,0.1013406334281546,0.0716859157377875,0.0154907214750443,0.0154907214750443,174.977615071586,31.99169017753582,0.09636271832674304,0.033517998593462626,2.074721644885562,1.119308961122839,8.053681986632558,3.203018139493034,0.0713610534738733,0.021881719164465484,0.012363614164917021,0.010159677367267805,49.287810201060445,15.996795617914
427,426,18,A_standard,False,117.0795928753217,72.92389876030803,488.14650057695695,1059,74.91879007584313,0.4036359980437345,0.0766098684946522,461.7509933623281,0.300636611623187,7.920429870632212,0.236726122707353,0.1533591606314988,0.8535009724229743,0.7001418117914755,37697801.20158074,0.9826436533662828,0.0831047906180842,1.1065,0.0919554508189102,1.8453708804378688,8.424806880376394,1.6677549755425836,7.613923976842651,6.1633535845263925,0.9594316777354032,0.0087463302276529,0.053514437761445,0.0800641218933689,0.0034542533987167,0.0034542533987167,438.70321071086113,57.92376613887669,0.09507617265896995,0.03358324720968301,2.1135481048729305,1.110124226799822,8.159795743635046,3.210510740464267,0.07057370672690846,0.02174148989586046,0.012502132690359366,0.010152162719021767,49.78298415545092,15.782497013996327
428,427,17,B_optimized,False,147.726860415802,72.10355876370491,758.4056796445541,1480,55.29154980661048,0.7619554163353802,0.0350174250023814,545.3570829040862,0.5616821855185281,9.054695627305549,0.201169158765093,0.1617787687251432,0.8343569984262532,0.67257822970111,80931947.76368843,2.109599559913463,0.0567893038235453,1.10675,0.0628515620067088,2.8487542166007023,11.84339628094284,2.5739816730071854,10.701058306702365,9.863298909354953,0.9989556324818656,0.0081615814684606,0.0495893206358918,0.0489924574536075,0.013975032451226,0.013975032451226,547.41950371791,65.56522643470018,0.0943956299754589,0.03342619117103565,2.1140952981907564,1.1096883916613285,8.210010508313099,3.1926324320027932,0.07007220668714843,0.02144109982825819,0.012084241355196965,0.009612236927471516,50.07796519615266,15.490966881996776
429,428,1,B_optimized,False,136.4065866988926,68.01568179687163,657.1293543023726,1586,61.765402947626576,0.8676211843012661,0.0297126660948812,326.0007756753331,0.1955898650027041,8.560150988803436,0.2127150843229023,0.1618843254224861,0.8426504813926333,0.6807661559701472,70886430.28371964,1.8477496991301376,0.0605240873511487,1.107,0.0670001646977216,2.674709070510478,11.24785495765474,2.416178022141353,10.160663918387298,5.278048229552757,0.9070426114845276,0.0034920044378078,0.0398086251892037,0.0354377173599799,0.0057250512650987,0.0057250512650987,287.25930659802964,64.95681663811557,0.09446097554676497,0.03348963224477701,2.1122159976114863,1.1106760944060279,8.208714521011203,3.19386744266965,0.0696447938120874,0.0212689572464275,0.011913874502609358,0.009659580142976828,50.30892434242083,15.405975359930176
430,429,15,B_optimized,False,123.82509148425125,74.3035666705363,522.4691978207313,1589,39.46948703522128,0.7117684506109111,0.049261904426988,440.1920190246268,0.3431345247528067,8.452694232874352,0.2276234320147859,0.146017139393386,0.8444633985390482,0.6984462591456622,61687085.224109605,1.6079564552320502,0.0705588290912174,1.10725,0.0781262635112504,2.069438244285733,9.898779049220348,1.8689891571783543,8.939967531470172,11.152716999636043,0.9997121309619138,0.0049171133136501,0.045991850832468,0.0577736054962161,0.0085117010692281,0.0085117010692281,451.68928507433554,61.58386734625167,0.09459033914636343,0.033543060046522834,2.120225927548988,1.1085584662970183,8.19701996567141,3.2015867608190702,0.06966195470114499,0.021292104285307263,0.011510404465494496,0.009592961156944501,50.37542295907261,15.334012456636332
431,430,2,A_standard,False,137.9082549028117,82.52623624962604,276.6953867946075,946,63.54198827910986,0.4793970519620716,0.040456711711391,110.05508684792603,0.3157089355926338,8.291861203560204,0.2110910612973264,0.1737152557239615,0.8471841241491816,0.6734688684252201,21601558.901364587,0.5630735501983009,0.1010383743040324,1.1075,0.1118999995417159,1.7192997900108578,6.665476093258379,1.5524151602806844,6.018488571790861,1.7320057150951302,0.2196007907649168,-0.0217651739382627,0.0953651241344065,0.034179210448662,-0.0062775012627289,0.0062775012627289,77.69367467990806,34.37601920976631,0.09442450177616749,0.033700141367659954,2.1582322256299324,1.147301681087228,8.206870010181342,3.208630915040268,0.06977671890685158,0.02112835837554685,0.011457497646211956,0.009644029641321984,50.54784853532409,15.568354619336553
432,431,15,A_standard,False,132.91620030394242,74.0692763441448,392.7588721795682,996,83.82895095161692,0.4403306891261641,0.08480417942735,116.04842511449172,0.2867097486521419,7.527833543452958,0.21660999142237,0.1958112763702089,0.8602289787022238,0.6644177023320149,28974999.97832275,0.7552721624993115,0.0899345221266811,1.10775,0.099624966885831,2.1772648782676645,7.387793770629269,1.9654839794788213,6.669188689351631,1.3843478153683533,0.1658053602085887,-0.0244130094862867,0.0940587528844397,0.0701525780788312,-0.0146516013485188,0.0146516013485188,127.98354481526076,34.79048342316089,0.09451449579836176,0.03359277244328342,2.17965746123275,1.1812735379797912,8.169060435211676,3.164994870062896,0.06927146444136406,0.021344266759622487,0.010689437843625315,0.008489802014608883,50.963995874795216,15.845343696026568
433,432,17,A_standard,False,124.1918792183922,55.81268368952256,301.9143664833908,787,82.3154682527832,0.5822131556123213,0.1133797329672351,190.36157525748644,0.2805628898377587,7.6981964500243025,0.2271526398647759,0.1740059742093262,0.8573029442278229,0.6832969700184968,13261462.366795884,0.345677769358637,0.1437927251081785,1.108,0.1593223394198618,1.2101166736941498,4.751957858121383,1.0921630629008572,4.288770630073451,2.31258570591986,0.3346085230337265,-0.008709813541459,0.1111938124762792,0.1015790021697862,-0.0118007307974488,0.0118007307974488,126.25705361806573,29.400872878031965,0.09286472152509852,0.03423104523404987,2.260651993375104,1.2339862465016536,8.38646986548026,3.367147774269262,0.06787273189186643,0.021725270290673164,0.009936873011979052,0.00756394792280361,52.208775950864464,16.3330809123722
434,433,3,B_optimized,False,128.9857455254027,84.5193382501833,862.0239063438337,2139,51.95075753838056,0.8504528528006865,0.0252735444974788,224.1199681798421,0.4719309469067844,8.248215840220888,0.2212095257641418,0.1612847384249754,0.8479239601846056,0.6866392217596301,155842599.1667202,4.0622459696366,0.0298556066455737,1.10825,0.0330874760649571,5.402159143494963,22.998669225213245,4.874495053909284,20.752239318938187,4.314084698654588,0.7881958710349336,-0.0022287541169527,0.0416710608959624,0.0299896590148286,0.0047161145173497,0.0047161145173497,251.9121228730952,87.03154768354052,0.09170782593063702,0.03469286335098029,2.305109857942759,1.2350107519750486,8.531400844169871,3.439204434918126,0.06690303790211242,0.022042021604300157,0.010128483010897513,0.0074339406376036045,52.837671558842075,16.505452855140714
435,434,9,B_optimized,False,124.55698206583313,85.52073132140316,647.3952440916712,1406,63.07748590815058,0.8408441851243271,0.01,201.22711754763856,0.1925332075205992,7.826640512892863,0.2266863519886273,0.1696203480359174,0.8551034610775872,0.6854831130416698,77844194.90857755,2.0291131482521085,0.055892789274903,1.1085,0.06195715691123,3.034744736063479,12.26424950220662,2.7377038665435083,11.063824539654146,3.190157544336068,0.5473966506041934,-0.0114443129917171,0.0582250910820982,0.011503271424834,0.001503271424834,0.001503271424834,157.51357592512133,58.485663173567225,0.09186711277378432,0.03486987820724882,2.297891190911874,1.241904057524503,8.529231312771413,3.4412305823122185,0.06679892753946691,0.021928052195722376,0.010201683861991046,0.007415708684619466,52.86937378096929,16.470333242460676
436,435,3,A_standard,False,127.7551964252955,73.63196505157568,355.5770917487295,769,88.49670252448493,0.7659184884636565,0.0264095156596073,105.07419125411391,0.1898832337954173,9.111452830432995,0.2226988762731332,0.1314524214960312,0.8334104203863073,0.7019579988902761,20133834.954450414,0.5248153607188454,0.1165745155397637,1.10875,0.129251994104713,1.127625715512346,6.02153906143266,1.0170243206424767,5.430925872769029,1.1873232364227626,0.1403149257366949,-0.02243097051285,0.1005413501429913,0.0,-0.0264095156596073,0.0264095156596073,70.23581300199733,25.884782042825204,0.09062766512532078,0.03498662902395102,2.32718791089132,1.2443562475454544,8.6539748923634,3.4446189113741963,0.06621773468294649,0.022059123701439882,0.010371462613847448,0.0073128898094920675,53.34561683838757,16.53148513229064
437,436,12,B_optimized,False,135.10400777490784,69.0564617809451,684.5900563382068,1641,43.38837340501382,0.9205872042515848,0.0296521802395746,369.3866081750518,0.4494061248075322,8.093450189543752,0.2141486124770667,0.1767178072059683,0.8505526164112185,0.6738348092052502,77578877.3473216,2.0221972908443866,0.0623272957576123,1.109,0.0691209709951921,2.8353196630448187,10.811231275391105,2.55664532285376,9.748630545889185,8.51349288268932,0.9959841922767708,0.0064761340051917,0.0474046556550809,0.0361112568451418,0.0064590766055671,0.0064590766055671,375.1897426625958,65.63491709229558,0.09115576204832074,0.03459481661142896,2.316162126727803,1.245589407921177,8.560766764927848,3.37638771483051,0.06665399217983713,0.02168184790617481,0.010306274422576407,0.007335460030205741,52.98244546038181,16.376007654778938
438,437,19,A_standard,False,117.9946447777453,79.86290994647207,305.6722058408484,1094,74.68543097693205,0.5869900762593927,0.1082854142596269,579.9934157744334,0.346965648812811,8.37596660782513,0.2354395502178771,0.1391735155849383,0.8457602667609585,0.7065867511760202,26706587.80193862,0.6961429624586153,0.0991833952224425,1.10925,0.1100191811504944,1.4031937026637202,7.124042785501844,1.264993196000649,6.422396020285638,7.765817351359663,0.9915559837142492,0.0150549633747036,0.062182436181045,0.101344052137426,-0.0069413621222008,0.0069413621222008,591.7800186011137,53.54449512764624,0.09287607991508486,0.03508515987236804,2.2467159353804647,1.2165101680816575,8.44572378214917,3.40395534406943,0.06778614679001711,0.02241250117584841,0.010471612761233137,0.0071903918181867865,52.03826174668879,16.484975342850266
439,438,2,B_optimized,False,134.26916865568,72.15120506025428,685.957228044062,1711,56.833462678273385,0.6761726085048783,0.0892811446406579,391.5338609482428,0.4151999227546097,6.597316066104439,0.2150797967913357,0.2419680953614937,0.8763880371679559,0.6344199418064621,84681908.10624512,2.2073472962147003,0.0572733459952663,1.1095,0.0635447773817479,4.224794119440702,11.077053920664902,3.807836069797839,9.9838250749571,6.889143164910847,0.9799474607064136,0.005160748839341,0.0495242113945689,0.1002223400950777,0.0109411954544197,0.0109411954544197,384.9240026421496,69.95181263747655,0.09443141388646137,0.03570521015406248,2.2222583212944804,1.226700171065263,8.340343680565825,3.437350724888182,0.06866495383702977,0.02283625831354069,0.010577803466834752,0.007105653489904374,51.4503414626705,16.69650260998399
440,439,8,A_standard,False,121.79671897777676,68.22723064001518,389.3078808233751,912,98.95383625476668,0.2722452278690013,0.0226981975993897,358.5660981727278,0.1265708318032675,8.943230272060378,0.2302703997979355,0.1275354121961217,0.8362191112503496,0.7086836990542279,24223995.500319704,0.6314308707364189,0.0954711462232468,1.10975,0.1059491045212482,1.335852948679351,7.42301446132283,1.2037422380530307,6.688906926175111,3.623569451613408,0.65102992869407,-0.0038497296262823,0.0651851584704075,0.0347942905804528,0.012096092981063,0.012096092981063,361.4027587962181,45.61500845545363,0.09520309084685136,0.03535032905933182,2.2105504938916227,1.2277807830878984,8.245638851261873,3.407715660216383,0.06905231232476498,0.02280782551604553,0.010499472029328676,0.007142229517671185,50.99947373131994,16.653745869435227
441,440,20,A_standard,False,125.69750922914288,77.96507844894266,359.5741882121689,825,76.20264052150367,0.2923814859487205,0.0882763743425936,243.5643962800204,0.0983045014757612,7.418826406325657,0.2252445839388019,0.18804942209668,0.862106446497326,0.6740570244006461,23128239.578545712,0.6028685257759764,0.1098994396553727,1.11,0.1219883780174637,1.7111044668323443,6.133398191240849,1.5415355557048145,5.525583956072836,3.1962723944098603,0.5489111827975339,-0.0079410744229462,0.0803317211685228,0.0762015062251156,-0.012074868117478,0.012074868117478,214.44901017322871,41.399545691737096,0.09559027574908,0.035066295385144074,2.171041321743762,1.213270628472716,8.205964056222934,3.389761452269215,0.06908711450311021,0.022822766125836568,0.010780665846901332,0.007947501213458785,50.78088802778362,16.763185501310875
442,441,7,B_optimized,True,132.18944581260325,74.21411451247329,616.9164080455832,1600,55.52779602484803,0.9420272705753082,0.03461004906543,150.54751212119638,0.3676819933132751,6.957346417703286,0.2174429243287182,0.2202866225874521,0.8701001766791241,0.649813554091672,73254247.92210978,1.9094700356094771,0.0518936922982414,1.11025,0.1367594683110441,4.244959509171739,12.522014243216471,1.6107595715891114,4.751506876392233,2.711209932658378,0.4283001043851504,-0.0148213387049295,0.0842779131598016,0.0239791867151354,-0.0106308623502945,0.0106308623502945,132.22551354978395,24.66017449387968,0.09654499664323382,0.03513298491480138,2.1721011816330766,1.2131108333043843,8.124503141985064,3.413353023843654,0.07005365231356132,0.02280863984609849,0.011105910485753363,0.008307708543395262,50.27585557249811,16.899759732078987
443,442,3,A_standard,False,139.82736649824122,64.47907567078443,318.6197158449036,825,71.24890357805305,0.4401552837009625,0.0312999668490106,227.29873602913972,0.143307856915262,9.646186009112572,0.2090588238048375,0.1331045590609812,0.8245448678725632,0.691440308811582,16949051.43373808,0.4417997148662094,0.1146565747953666,1.1105,0.1273261263102546,1.1608977444035775,6.030533443421195,1.0453829305750362,5.430466855849792,3.1902067907632348,0.5474088515532378,-0.0082508151192019,0.0815260998044154,0.0194588118370993,-0.0118411550119112,0.0118411550119112,208.9123696619012,39.00994987854146,0.09523335910606935,0.03511531039748529,2.1974532457912113,1.207071881397506,8.233632046638226,3.4095191598592307,0.06980234735893295,0.022666641709309623,0.011179404058142089,0.008298032918288385,50.449930170399426,16.808244232720075
444,443,10,A_standard,False,124.8839728729002,58.11568672382181,276.4879516223503,822,70.06315080157336,0.45976502007001,0.0306891461028339,567.4440549618415,0.2685676380409118,8.697621522432591,0.2262707065858153,0.1397336780763764,0.8403368711556054,0.7006031930792289,13208132.061463272,0.3442876435582765,0.1382812477535973,1.11075,0.1535958959423081,1.0105034510924231,5.06650904920695,0.9097487743348396,4.561340579974747,8.099037061135121,0.9939343958908362,0.0176351917940237,0.0752383359523957,0.042547595284292,0.011858449181458,0.011858449181458,556.2631108792968,47.05972429420735,0.09521306588743515,0.03509724789669741,2.194520323893656,1.2089143930745072,8.236671619191586,3.4069104459390864,0.07058460791042051,0.02325954234604936,0.010859305409185773,0.008074647053758864,50.19419535672074,16.975345053013115
445,444,11,A_standard,False,135.12170927463006,71.12935215066112,368.74419382447576,815,62.66077596770337,0.2417073095680099,0.088346756376866,187.7728327420199,0.4724471027845983,8.977095718891775,0.2141289740467683,0.1462765462961041,0.8356529243366937,0.6893763780405895,21376256.527083013,0.5572007422063361,0.1047076205737402,1.111,0.1163301664574254,1.3970000033864682,6.583822402449655,1.2574257456223836,5.926032765481238,2.996656677836256,0.4991641702376255,-0.0030293936457838,0.0916389873334947,0.0895725510539895,0.0012257946771234,0.0012257946771234,137.80405775501367,39.88774156896565,0.0944486757487877,0.035403641049850325,2.2182197816736933,1.2005877160064262,8.317122722513117,3.4282011971780784,0.07014529724600277,0.023474046030085186,0.010984269284495845,0.008163897135159267,50.462865366858026,16.989501717410825
446,445,14,A_standard,False,125.69347037710736,55.948186234029485,265.1096840670187,746,95.32627892393128,0.6229011380261661,0.0396499095188275,179.2706696759598,0.2742050122928545,8.454496182907318,0.2252496502927757,0.1489160866387539,0.8444329654704634,0.6955168788317094,11064974.858563203,0.288423382076955,0.14999522961345,1.11125,0.1666821989079463,0.9928054846978992,4.636926658428494,0.893413259570663,4.172712403535202,1.880600729406575,0.2461227296885638,-0.0110656560109605,0.1165482162615658,0.010303839699841,-0.0293460698189865,0.0293460698189865,162.559558373524,23.16304257835704,0.09594343644367964,0.03510289606014348,2.1591867130231877,1.1544688452950347,8.169546725892763,3.400932642473719,0.07085495803299553,0.02331700316154891,0.011680743535045645,0.00906743683703396,49.71152728739711,16.791204508168033
447,446,7,B_optimized,False,147.0655566744031,77.14155951786547,584.5183686360745,1620,68.71504256285282,0.618737701409899,0.0446804452159229,362.097746360896,0.1657667815926979,7.906849204096288,0.2018019449487384,0.2027832614697257,0.8537328261507218,0.6509495646809961,73046866.80794911,1.90406436925328,0.0601299589594818,1.1115,0.066834449383464,3.372416428994569,10.825711108827369,3.0341128465988025,9.739731092062408,5.269555731260583,0.9063240758233968,0.0021889961836761,0.0442204270420601,0.0447886320790638,0.0001081868631408,0.0001081868631408,355.7272223629266,67.28278974384659,0.09627443943677756,0.03531602568100106,2.1565315450751954,1.1566221236547904,8.154602851022311,3.410924907442399,0.07130707297265305,0.023399010436873487,0.011581067478153852,0.008897927531884519,49.46469758579376,16.937722644237127
448,447,20,B_optimized,False,138.29389724446148,69.10359335317878,840.9507486559346,1412,53.1589104551069,0.6854866696757523,0.0776923919971896,373.0775359375616,0.2723472500133265,7.720395991943737,0.2106788390562801,0.196611797657739,0.8569223940615073,0.6603105964037682,82055158.61402139,2.13887755433998,0.0635917703359569,1.11175,0.0706981506710001,3.091780534163993,10.383585689080997,2.7810034037904146,9.339856702568918,7.018156180093803,0.9823316864999472,0.0051995989935047,0.0468812900846194,0.0744106880993256,-0.0032817038978639,0.0032817038978639,393.85019310799566,66.33763885296966,0.09821240972053373,0.03543912620984333,2.071364262254365,1.0571325293786737,8.007909113084194,3.405356132556062,0.07225128926961442,0.023430199042335502,0.011974434452552685,0.009377572967827432,48.71309112554325,16.73724986404444
449,448,11,B_optimized,False,139.356590168678,68.62358587087894,740.2885282655975,1619,53.62719521299944,0.6942149881708513,0.0204256694737216,150.21562077465725,0.5357381964107332,8.77911018545667,0.2095529454115643,0.1588669217321494,0.8389684280221135,0.680101506289964,82247229.23624188,2.143884132228007,0.0568059357953927,1.112,0.0631682006044767,2.796660586745133,11.972366914957572,2.5149825420369902,10.766517009853931,2.801109030185573,0.4504405211818776,-0.0060520405869882,0.0719781959393286,0.0228537628706451,0.0024280933969235,0.0024280933969235,114.590442268988,53.188747504463606,0.09866219107418299,0.03540122249264099,2.0511423239492705,1.0666475409113985,7.982291511151304,3.4104029435372754,0.07288603865214272,0.02346737811191687,0.011827765015327207,0.009356663392246514,48.244396954330306,16.802915097820545
450,449,6,A_standard,False,131.983580486815,68.08183189685127,379.9236729484587,720,93.7106739076866,0.3370519163177782,0.027700797547981,195.5780378557208,0.2914639873058914,9.132519042238291,0.2176802829793462,0.1369732908542772,0.8330593583382431,0.6960860674839658,18623447.737424117,0.4854450959917285,0.1117279591338127,1.11225,0.1242694225465832,1.2259535743441716,6.230186901116555,1.102228432766169,5.601426748587598,2.0870412056622563,0.2863947581853113,-0.0184808318252424,0.1026952614919082,0.0141336899866834,-0.0135671075612976,0.0135671075612976,166.0420298146061,31.108432325560543,0.09874759654010112,0.0353177954234353,2.0486262056065687,1.0650214901509043,7.967712327263813,3.3997109218505615,0.07255162613436086,0.023764940233405023,0.011779384250504099,0.009344184785804165,48.2963501558227,16.84403127061079
451,450,20,B_optimized,False,129.41355907234737,73.42531762873956,723.9743480997809,1692,61.83967802531751,0.5855896455252644,0.0153558957639699,175.52299732267468,0.0293641205662448,7.931816252074154,0.2206973816045573,0.1736816803987514,0.853306628799859,0.6796249484011075,89943414.61757204,2.344495506871718,0.055629912116387,1.1125,0.0618882772294806,3.122091583308281,12.216897754201346,2.80637445690632,10.981481127371996,2.838355614510389,0.459676665804536,-0.0157265334783749,0.0550907416260069,0.0,-0.0153558957639699,0.0153558957639699,188.2121212961813,55.17564675336872,0.09887091295007021,0.0354508327596239,2.0338707056618155,1.077796250231205,7.970686758845096,3.397097736927047,0.07289823998443591,0.024085739344267217,0.012356468189525691,0.010366608213246547,47.99774869005952,17.108296844996026
452,451,19,A_standard,False,128.8688359828496,80.29473810116403,533.853943632583,877,86.00745162884758,0.7239952343188634,0.0291152675024517,227.00856928654008,0.2123461494957446,10.072542864700802,0.2213499832339237,0.1075760548891692,0.8175437528852055,0.7099676979960363,37593186.08989686,0.9799167204347656,0.0766568664587364,1.11275,0.0852999281519589,1.4033453212841192,9.261632138044732,1.2611505920324593,8.323192215722068,2.639405830394347,0.4108157418479962,-0.0148810967142024,0.0704596208353506,0.0147566816597701,-0.0143585858426816,0.0143585858426816,216.8243614535186,42.16027495898464,0.09733866139159478,0.035511611497271105,2.0693685277663563,1.0772605164626499,8.100104661368562,3.4092637048214325,0.07205987606740931,0.023803405669165528,0.012388933392130977,0.010379158293578833,48.44797440852534,16.974161721100508
453,452,10,A_standard,False,136.98445280074193,54.72189675402976,444.5119035883408,829,71.0391119222422,0.773094889580858,0.0168516329768295,361.5088592739949,0.2673323311006723,7.802681450289191,0.2120865521777151,0.1911219053672907,0.8555133088125518,0.664391403445261,20165039.09560759,0.5256287384302637,0.1149102128045271,1.113,0.1278950668514386,1.663228190973824,5.7818307636019455,1.4943649514589614,5.194816499193123,5.088870757135791,0.8898167601260717,0.0081000138772794,0.0676020015619635,0.0219673530369574,0.0051157200601279,0.0051157200601279,367.7165869141699,50.39618144021056,0.09820538655523711,0.035904222719883826,2.061596711947483,1.0816100074134964,8.04815941226711,3.4365003731951376,0.07283358898427106,0.02381701803028209,0.012468031657329206,0.010324605206300755,48.032976098964475,16.991408512133532
454,453,1,A_standard,False,125.72150929425152,59.76402563268881,400.2843520825914,1033,98.1126768155912,0.4627619701051734,0.0482467910000067,153.21086296036884,0.4246281214829182,6.605991555110028,0.2252144838575698,0.2258769316050142,0.8762359884636843,0.6503590568586701,24712050.21940976,0.6441526703354151,0.1000002825361053,1.11325,0.1113253145333193,2.2587629342293187,6.503572193647115,2.028980852665007,5.841969183603966,1.5615807042787964,0.1917902490298194,-0.0192858129397783,0.098212037432275,0.051429833122404,0.0031830421223973,0.0031830421223973,147.4203538192643,35.704330096409535,0.09936079535246291,0.03567209236302953,2.03429694964702,1.0856321410415386,7.951661243104871,3.428218327357818,0.07347365437569608,0.02360871810218356,0.012388531008304686,0.01032806783186603,47.522793543362184,16.83650471385879
455,454,12,B_optimized,False,129.00513065201392,80.69003068980004,701.866027254639,1659,44.38921065560524,1.003132456677133,0.045948638655672,359.234978957811,0.3252893683801003,6.278477259006023,0.2211862570002323,0.2493960997026998,0.8819944238330155,0.6325983241303157,93955127.93236674,2.449066184796104,0.053122587354201,1.1135,0.0591520010189028,4.694728026702132,11.908273968517245,4.216190414640441,10.694453496647728,8.092844491985772,0.9938969476280076,0.004849290513941,0.0429308772733842,0.0470113200524011,0.0010626813967291,0.0010626813967291,368.12932031965033,75.35185834747227,0.09908561468475226,0.03597857562015067,2.0479900196639367,1.094825938749108,8.002946567905216,3.4807173146272086,0.07361895726774245,0.02341888781600754,0.012524436678122516,0.010283206206343631,47.52304578771515,16.836771333131548
456,455,12,B_optimized,False,135.22083299458174,70.55524528197208,559.7014348674484,1703,53.23293434759313,0.6061895047620406,0.0255962091332852,230.29719071186824,0.3513686597234353,6.312224632120673,0.2140190847920949,0.2589975857463821,0.8813993247877797,0.6224017390413976,67251252.05303095,1.7529939122305105,0.0515193821354165,1.11375,0.0573797118533201,5.027187342146645,12.080923979356749,4.513748455350523,10.847069790668238,4.326216345845321,0.7902140852929294,-0.0008712828660705,0.0479993975113919,0.0308212814138892,0.005225072280604,0.005225072280604,260.9206177918669,71.40504697808085,0.09969322808146198,0.0358737708801216,2.047301956161221,1.0949515344289635,7.946381920722477,3.4881518189318834,0.07375179390331903,0.023277392677924117,0.01248377940390991,0.010303394266954322,47.43245897275414,16.771634643581436
457,456,3,B_optimized,False,136.03804283791337,79.07357192022587,764.9777172566246,1854,51.35419991327591,0.6602167325186656,0.0297498979431801,626.6661907372661,0.315779894128176,7.586188207427505,0.2131183105961054,0.1985418013992183,0.8592255968763428,0.6606837954771245,112147571.08646598,2.9232765693490603,0.0355364863138589,1.114,0.0395876457536388,5.586984589463717,18.591702894933164,5.01524648964427,16.689140839257778,12.20282258891278,0.9998992555392148,0.0051054520346471,0.0278552041202663,0.030926611401955,0.0011767134587748,0.0011767134587748,628.4894279191751,88.8839763121532,0.0987190548810431,0.03619543785341109,2.0747154144435727,1.0994575450414372,8.036468104164156,3.4955024227659046,0.07274174274092812,0.023415699757271848,0.012506669378468465,0.01029058839129233,47.98997241923517,16.792063646887726
458,457,13,B_optimized,False,123.86213059731324,88.46842252913453,574.1180607789425,1769,53.8887054983592,1.0510815420973283,0.0664163618301086,253.94086991806225,0.1182615515249962,7.767981978887217,0.2275757827151096,0.1707073522448189,0.8561072320688081,0.6853998798239891,89849843.63401732,2.342056453924369,0.0447675497371904,1.11425,0.0498822422946644,3.813194004294689,15.3101941885954,3.422206869458998,13.740358257657975,4.7123208392117375,0.8471370654885726,0.003951312503105,0.0361401909924301,0.0762530205938337,0.009836658763725,0.009836658763725,229.0558267930403,72.65591111295149,0.09788593025594744,0.036650706304683485,2.096464563854022,1.1079755501735187,8.135978823923903,3.5264691988830936,0.07162501555475323,0.023707947227746922,0.012327709356091477,0.010330254698558848,48.66265070803207,16.92565442257179
459,458,17,A_standard,False,117.41977399998048,61.74374203870738,344.00748915811965,935,76.48280838478344,0.5658458960627277,0.0446622097967617,210.611286423667,0.1168434074214335,8.68259963767989,0.2362458342768338,0.1285769147821816,0.8405893779576258,0.7120124631754441,19859689.54141481,0.5176693935368757,0.1199183454083346,1.1145,0.1336489959575889,1.072203876265668,5.937477378886161,0.9620492384617926,5.327480824482872,2.7537075438454868,0.4387362613841384,-0.008039303255419,0.0878338606421536,0.0548450176441512,0.0101828078473894,0.0101828078473894,209.2022187866836,35.74615161381027,0.09587847140176473,0.03595932114407028,2.130169292106751,1.1024197095400505,8.281891142626046,3.514951302674731,0.07058559166453865,0.023068390335506984,0.012196816319006942,0.010378419078278961,49.20276777151883,16.728186771005717
460,459,3,B_optimized,False,133.9181578629028,69.58576210069192,675.4958118335582,1613,61.78725159170271,0.68588345962927,0.0120717616355328,284.9316062942864,0.2401488966382468,7.971391964746228,0.2154742614258015,0.1794910745690708,0.8526314916661873,0.6731404170971165,75818888.9608314,1.976320837500725,0.0511656455289606,1.11475,0.0570369033534088,3.508038894329512,13.15610132810906,3.1469288130338757,11.801840168745512,4.611495073079919,0.8336188542015742,-5.9502518364897136e-05,0.0471176825165039,0.022232143753492,0.0101603821179591,0.0101603821179591,267.9117031542127,67.0899916103761,0.09754931341327584,0.03490771498313561,2.0640069143746005,1.031333566780704,7.980627667636053,3.03740096704247,0.07167805105560779,0.022964294094655887,0.012612103562779363,0.010487834648153768,48.079236868627994,16.00655937901635
461,460,15,B_optimized,False,135.08443249724104,78.34843393271568,502.4549085081888,1389,59.433291880657386,0.7623714629723807,0.069024545163471,189.0311354463278,0.0602549504510898,8.843371034634185,0.2141703348113957,0.1504705740234324,0.8378908641497769,0.6874202901263444,54680145.1775539,1.425311182913693,0.0706708581914201,1.115,0.0787980068834334,2.1291742858968217,9.7270686633575,1.909573350580109,8.723828397630047,3.1805597412625923,0.5450176968154954,-0.0110771875197191,0.0588069613268675,0.0752485643294243,0.0062240191659533,0.0062240191659533,176.51169735248772,50.98788774232875,0.09851517869274123,0.03456928902513815,2.0367837882128375,1.031152270325162,7.885165691565694,3.0134340138569753,0.07198132513666058,0.0228829885637692,0.012845992484643924,0.01036471712756817,47.771791051980145,15.950130938046778
462,461,3,A_standard,False,118.94440774909094,69.49344112231232,214.2873161097532,932,77.30974168773348,0.3152079166873698,0.025300241463624,98.07717226255808,0.3028238158046009,8.044892832622827,0.2341219904308337,0.1520590536431564,0.8513790293700597,0.6993199757269033,13878936.702328924,0.3617730645108291,0.1297966569718611,1.11525,0.1447557216878681,1.1715174888989754,5.387811920907257,1.050452803316723,4.831035122983418,1.2686263092005612,0.1504119539614527,-0.0146800102944369,0.1094678459510201,0.0170228960127464,-0.0082773454508775,0.0082773454508775,95.48176912044852,27.047452051151005,0.09703261944367986,0.03481287943844715,2.0819850161921902,1.0350663705824583,8.019592421791964,3.0513955891836866,0.07098406228607151,0.02269871354938448,0.012809629219148435,0.010319249794263605,48.45882307793031,15.72639236067633
463,462,15,A_standard,False,125.74498004845796,67.07426571483033,257.43995228698714,811,94.37259080436075,0.5935514489718672,0.0499844209920893,197.4317624248512,0.1702942375795785,8.013521426126866,0.2251850570664531,0.1645525544853338,0.8519133761368766,0.6873608216515428,14004020.16566691,0.36503353242865,0.1312107095491251,1.1155,0.1463655465020491,1.2541091733348602,5.238603037918909,1.1242574391168627,4.696192772674953,2.092045590166508,0.2874186105853932,-0.0173889678809014,0.1008869215430443,0.0575739794642218,0.0075895584721325,0.0075895584721325,164.1223321704811,31.196511982013785,0.09863332909504537,0.03533934979704966,2.047571497874429,1.047492585951962,7.91863242674535,3.076427906291706,0.07206484562465933,0.022839168018091226,0.013128318921668996,0.010365073798023016,47.69218795254459,15.806101112464566
464,463,9,A_standard,False,120.00752023457558,81.1930910535687,439.79549992719,885,86.58910584480873,0.4252711364848445,0.022975574026059,196.03543275834605,0.0831542098051784,7.422485125991553,0.2326682397241206,0.1778212318783181,0.8620433646891429,0.6842221328108248,31601895.122426216,0.8237457009852573,0.0879205309363617,1.11575,0.0980973323922456,2.02252227078824,7.78227935527454,1.812702012805951,6.974931082477742,2.263973404572337,0.3238736282849758,-0.0196597543091962,0.0769009206333436,0.0282960064383949,0.0053204324123358,0.0053204324123358,169.92417069653249,41.50292486676297,0.09876081935220064,0.03539272172566624,2.0513851545902915,1.044929246788625,7.906263103761653,3.0838010536137297,0.0726544710849108,0.02295906860079568,0.013122677774427008,0.010368585901007168,47.332733541844306,15.87451000919529
465,464,1,B_optimized,False,133.70910500537323,88.19805387000618,466.3227034417232,1492,49.01054153177059,0.5975941998166929,0.0388444666782865,107.45634683090422,0.3981417593818042,9.422588460397812,0.2157100304640821,0.131001455671974,0.8282404491681933,0.6972389934962192,61364102.33908834,1.5995374739653454,0.0714735887982735,1.116,0.0797645250988732,1.8328652286050933,9.75519776212862,1.642352355380908,8.741216632731737,2.192514987030836,0.308426682967347,-0.0232720525652648,0.0795385044853041,0.0,-0.0388444666782865,0.0388444666782865,108.0556451866253,37.22739477971304,0.10008428286239102,0.035286058277132534,1.989933412034215,1.0297637760456388,7.816593404855568,3.0873401366306585,0.07366105627202056,0.023027463063668634,0.013129516066441164,0.01036723046864609,46.526835032158736,15.724894159207047
466,465,20,A_standard,False,133.2816961254364,77.63478663273358,294.71707439126544,943,102.01103138754593,0.336914701761747,0.0642549416810797,212.8870430970557,0.1087377618030982,6.468515703422005,0.2161940164036216,0.2469784013529704,0.8786485293808631,0.6316701280278927,21576120.247708168,0.5624104576366951,0.1095976852769658,1.11625,0.122338416190413,2.253500160416965,5.763535301239169,2.0188131336322197,5.163301501670028,2.086902173239336,0.2863663445835297,-0.016626335292649,0.093407038574773,0.0363592687129407,-0.0278956729681389,0.0278956729681389,183.68334062213563,33.44191537779538,0.09910305800939952,0.03579806860336589,2.0305514507821076,1.0381397742907503,7.917411044058245,3.131749850262786,0.07387366142870543,0.022996663057956064,0.013218940417768854,0.010377413212141475,46.608335655901804,15.730631004192452
467,466,4,B_optimized,False,130.11965752591993,76.65385287708952,678.6462082387803,1560,56.0935936266177,0.966590241524537,0.0119087633750933,86.78449227498015,0.3675558162880051,8.301310290713882,0.2198583626624848,0.1611995100236757,0.8470240369439517,0.685824526920276,81152520.699011,2.1153490887477866,0.0569297596645825,1.1165,0.0635620766655064,2.8315508615077123,12.046854421325524,2.536095711157825,10.789838263614442,1.547137322893838,0.1895613881548485,-0.0230644871864818,0.0762361686096231,0.0,-0.0119087633750933,0.0119087633750933,97.81217818090477,46.031386565008816,0.09816819203085059,0.03579857215177524,2.037690889019124,1.0359332364253973,7.991124972082458,3.1176475070353913,0.07360593934092552,0.02299786440373682,0.013487459163570888,0.010519927382148478,46.76731359898118,15.71707626710549
468,467,12,A_standard,False,126.27385468113538,73.96218356854878,301.0523531285168,986,82.48722260319019,0.4565997517620523,0.0917158396541008,188.13663307454087,0.5599785526289521,7.818349538250766,0.2245244394337908,0.1728362702472779,0.8552452656564872,0.6824089954092093,21954758.55415324,0.5722801719672488,0.1122347733234378,1.11675,0.1253381831089491,1.5399529497796454,6.0801922185261175,1.3789594356656776,5.444541946296054,2.280797281532725,0.3275685739162347,-0.0140517962552205,0.1068063740064889,0.1003314346509088,0.0086155949968079,0.0086155949968079,153.23240298005888,33.11209672062898,0.09671994205362841,0.03566999188401937,2.0733641974541457,1.0515251671418249,8.09693943598361,3.095153039677665,0.07289507919167725,0.02320960294361742,0.013458018584840914,0.010530139689658545,47.64381769383708,15.681025604949117
469,468,4,B_optimized,False,131.76278890847317,75.41064247313265,577.1810659524583,1645,66.92353291280419,0.9693472488382132,0.0627610280806663,245.48742962638417,0.1394026756399891,8.7817545975045,0.2179355517952647,0.1475104093338012,0.8389240576310835,0.6914136482972821,71599603.78619,1.866339521178489,0.0553931517179029,1.117,0.0618741504688975,2.6629719515693533,12.481933720225902,2.384039347868714,11.174515416495884,3.668177977785989,0.661095057971667,-0.0051861987513091,0.0482009910491138,0.0430322792658201,-0.0197287488148461,0.0197287488148461,215.71331372540712,57.9222157782993,0.09539494494406472,0.03574028186613745,2.098810778506417,1.041487727209534,8.21330926455858,3.1022266347147816,0.07217139848665267,0.023497323417667363,0.013507076402505922,0.010528166897325244,48.047355266669754,15.713888913159671
470,469,19,A_standard,False,148.99685240021145,71.16504251475108,338.4044667021185,889,76.02969200421275,0.4301377987391955,0.059640867549155,229.81527316487623,0.1715101574622288,7.979170598844151,0.1999673363674048,0.2027921956341393,0.8524988558158316,0.6497066601816923,21409403.18317372,0.5580647541698901,0.1124314118717015,1.11725,0.1256139949136585,1.8036969585114773,5.778693421755565,1.6144076603369677,5.172247412625254,3.0227042502308485,0.5056758187441441,-0.0100928090842752,0.0831679299079682,0.0199428978608132,-0.0396979696883418,0.0396979696883418,254.3040008703045,35.67238181208586,0.0947208342729388,0.03492878269418602,2.1127661399225213,1.029839508836418,8.234102461211009,3.080658420801368,0.0722076390808554,0.02350354672678912,0.01394655725892896,0.01090966617750354,48.01578566842994,15.71749877030855
471,470,15,A_standard,False,116.09828323890297,73.14583821587861,275.6567618807412,1029,73.88195116540204,0.4512260895494368,0.0241094523312347,182.846368444516,0.1266281409310421,8.0086437056159,0.238124986811743,0.1485166543118305,0.8519964880977469,0.7034798337859164,20747876.109963275,0.5408211654379044,0.1132900428952846,1.1175,0.1266016229354805,1.3109418137400322,6.209546892273236,1.1731022941745255,5.556641514338467,2.4748448783542765,0.3716475860990823,-0.0148629660441868,0.0865359658226593,0.0,-0.0241094523312347,0.0241094523312347,138.45480477444156,33.60683754209587,0.09344654416778292,0.035284749773646824,2.154178203868639,1.0363535940419069,8.36999395995129,3.12628937503146,0.07109600292667541,0.023877198757693775,0.014025832445071582,0.010829450649433029,48.65982264438705,16.0342060395328
472,471,17,A_standard,False,131.6290654296784,63.10414115749301,264.12618858138546,901,61.53003822809373,0.6424519854224539,0.0605883748027406,211.6933712125835,0.4269815638238557,7.733360377690289,0.2180905104488379,0.1851530474769208,0.8567002334150857,0.6715471859381649,15017378.115154956,0.3914480639374784,0.132314858749597,1.11775,0.1478949333673621,1.399336773108143,5.0753724281945765,1.2519228567283764,4.540704476130241,3.4404882120799227,0.6083753557617791,0.0008940950760287,0.0961425329845833,0.0280573259169008,-0.0325310488858397,0.0325310488858397,201.2105196899716,34.6999038107421,0.09232245269801886,0.03376663075800507,2.163620662113068,1.0267382456744083,8.41431239531045,3.0809519650196004,0.06996745765873254,0.023002563171704706,0.013732710678132492,0.010602279759927846,49.23516862000578,15.61118891780163
473,472,9,A_standard,False,120.97637581195464,76.8576828284529,346.46681490530045,995,77.21404227193796,0.3822038611046401,0.0428299106778188,154.59341624163008,0.2933374295221982,9.393256404131998,0.2313623189289786,0.1138076445823271,0.8287264716237672,0.71491882704144,26495493.387722995,0.690640503965589,0.0954889299827678,1.118,0.1067566237207344,1.191841238590328,7.486928874063789,1.0660476194904542,6.696716345316448,2.00214121282722,0.2693626175874836,-0.0144301106407729,0.08978339126198,0.0332868542124271,-0.0095430564653916,0.0095430564653916,178.0688857151689,34.45884958500216,0.09222436376256898,0.033849204591382236,2.160937572842496,1.0245900771054977,8.434237790827336,3.09289718581769,0.069818359009246,0.023196202608863712,0.013951765451358709,0.010426731742154246,49.272922527897705,15.657938392537075
474,473,10,B_optimized,False,133.93884483856323,89.30796651445179,470.9749185832454,1514,48.34907440962156,0.9477891808246894,0.0286124006180824,221.07344576657127,0.1655798042610974,8.00240588506029,0.2154509647499291,0.17832883091889,0.8521027867524635,0.6737739558335736,63681583.75858042,1.659945729515345,0.0599064825920302,1.11825,0.0669904241585378,2.9767868718537343,11.247095918183817,2.662004803803921,10.05776518505148,4.572444218757934,0.8281317718611836,-0.0034645261307573,0.0437650052405596,0.0156548715755396,-0.0129575290425428,0.0129575290425428,215.94215663909264,62.61714817124049,0.09287736739761764,0.03374021643934796,2.142013984593273,1.021637539091605,8.376427508712228,3.102622981765242,0.07037512976179246,0.022967387055254272,0.013916787620640372,0.010466115409193236,48.804485493964684,15.48641120246461
475,474,13,A_standard,False,126.05278927693855,61.10364596512639,287.5929381729575,841,91.4459333882738,0.7602534499660814,0.0567526852555001,225.8263699224576,0.456858356213972,9.969651211613472,0.2247999992004158,0.1063332142896465,0.8192278536541361,0.7128946393644896,14778873.721076528,0.3852311276263146,0.1245438725620158,1.1185,0.1393023214606147,0.8537811784895203,5.724044264076567,0.7633269365127584,5.117607746156967,2.469506970458847,0.3704019040623993,-0.0087561332343558,0.1030908639101858,0.0131460068909253,-0.0436066783645748,0.0436066783645748,235.700201001856,25.958403102516968,0.09267938871493238,0.03394651115280285,2.1684269269332104,1.0482031869404427,8.409413136707386,3.137127198278541,0.07011591498980817,0.023021999162254312,0.014233011728561779,0.010350128797105125,49.033995962921836,15.63701453400637
476,475,16,B_optimized,False,135.5448001416603,77.55038336822761,698.6548552652368,1432,56.1613342431761,0.9075059656387888,0.0221954115477936,146.71839310033235,0.2231545811729725,8.272247081627535,0.2136608856941844,0.1707669294022152,0.8475165247965969,0.6767495953943816,77587123.07482234,2.0224122267700304,0.0522183131743876,1.11875,0.0584192378638461,3.270249822737937,12.960004915025063,2.923128333173576,11.584361935217936,2.612444933467004,0.4043060069520022,-0.0166163386552917,0.0594224375768244,0.0050814299424851,-0.0171139816053085,0.0171139816053085,149.2799785356899,54.50297610082718,0.09309297518674989,0.03446131168583836,2.1713734554822075,1.0453480884863138,8.390612546706866,3.157052190952428,0.07031497013275645,0.023350127693033487,0.01404408181249929,0.010448284322453491,49.022550993457614,15.65060579455687
477,476,17,A_standard,False,131.13135578672436,76.68301595121784,298.12869941547734,682,85.98834172656069,0.3012410550761969,0.0391477520235294,248.16458781435253,0.1262591929024317,8.021759840797326,0.2186696155536514,0.1730603086272888,0.8517730193872466,0.6787127107599578,15591480.12832474,0.4064128014458941,0.1209041188570381,1.119,0.1352917090010257,1.43138472256617,5.613644242860697,1.2791641845989008,5.01666152177006,2.8860259755154423,0.471537298270528,-0.0077247127493205,0.0922000836045325,0.0317385853649011,-0.0074091666586283,0.0074091666586283,232.2830627036621,37.17385066083293,0.09454944031778893,0.03465392308189077,2.1317646665208385,1.0582370226837252,8.277136974466346,3.1639869167790486,0.07064133321957124,0.02324680737248173,0.014013298960269031,0.010446607751464915,48.87087731248322,15.626486786562927
478,477,1,A_standard,False,111.3970290010057,79.48914001695064,295.3166281697096,932,80.20308006560406,0.7423145409767893,0.01,247.4679902047628,0.2304804683605535,7.854673040145562,0.2451159101769328,0.1458312232095491,0.8546241812228668,0.7087929580133177,21878201.19911352,0.5702846020228369,0.1077703836211743,1.11925,0.1206220018679994,1.3531660397736276,6.576880718034823,1.2089935579840316,5.876149848590416,3.085517289390137,0.5213663025853026,-0.0060639833619828,0.0815925902071429,0.0,-0.01,0.01,230.64150267828657,40.05609865458594,0.09542272349151687,0.0349648535217483,2.1308603301849267,1.0590152402621704,8.217277283666846,3.191292231852978,0.07129917360129488,0.023702485034793035,0.01407076069955176,0.010456442869571763,48.708388728104204,15.739520793762487
479,478,14,B_optimized,False,138.6287494953034,88.83596020164454,840.807269394571,1386,53.45471458449097,0.8147178222038953,0.0889201399961289,204.14552252418284,0.2008991711875211,8.564246899685179,0.210322489384646,0.1650917782923341,0.842581455794374,0.6774896775020399,103525774.67396867,2.6985379040870288,0.0475579556160681,1.1195,0.0532411313121883,3.4713808899841627,14.245559312333844,3.100831522987193,12.724930158404506,3.8190368073429455,0.6940318427981571,-0.005801013808012,0.0470737697915224,0.0763998052401387,-0.0125203347559902,0.0125203347559902,154.2637307220002,64.96942885576364,0.09517961882151248,0.03477621899851645,2.138965795419309,1.0555896219474024,8.22648483920164,3.1830473158628534,0.07187478944522352,0.023958950559413654,0.01448954604865367,0.01050964819876741,48.36744691192993,15.886164275311755
480,479,3,A_standard,False,131.89460893430422,71.6869168167047,386.5652149684128,987,70.0506555618367,0.3475234067139959,0.0472385351128428,653.9943502650509,0.0670524443561737,7.411606627092794,0.2177830603077161,0.1990652988723537,0.8622309398496337,0.66316564097728,27351416.720346443,0.7129512914322936,0.0969028205820393,1.11975,0.1085069333467386,2.0542776533921634,6.843615459220137,1.834585982042566,6.1117351723332325,9.33602041293878,0.9982317946678058,0.0072645398349677,0.0526336826112966,0.0537173724714405,0.0064788373585977,0.0064788373585977,647.4733495116601,57.054526598200894,0.09560211585090425,0.0351031628303462,2.1178674107862396,1.068298771597156,8.216049806926664,3.191867058284161,0.07158299228498093,0.02371928843276064,0.014795060771124031,0.01039567548310346,48.45541069982749,15.826681275820075
481,480,6,B_optimized,False,141.48513722970523,83.43172312901758,775.0604232722055,1303,54.495959873305786,0.6951246666124031,0.0398217129955673,206.50228389092865,0.053280359825654,8.145742399039037,0.2073411262224948,0.184713850958419,0.8496635359000182,0.6649496849415992,84258008.5154457,2.196297785917369,0.0564208388578314,1.12,0.0631913395207712,3.2738586433260712,11.785533473139797,2.923088074398277,10.522797743874817,3.7893136366624742,0.6876839360684358,-0.0042203984583203,0.0448625660148615,0.0323997130049106,-0.0074219999906566,0.0074219999906566,203.4073763478293,62.25169153381857,0.09577637450139927,0.03493977094805127,2.0978418949951636,1.0370912334866607,8.193509646701939,3.1779570290941477,0.07201290687175556,0.02338177223854002,0.014897251867676218,0.010282426138728087,48.057508171218444,15.380474934762114
482,481,17,B_optimized,False,133.2339136588365,77.25724277672131,626.8413903260895,1558,41.9547390220048,0.6370061386667958,0.0608262486542223,194.0221127731565,0.067836061296273,8.008137014107819,0.2162482879416579,0.176975155812194,0.8520051221292033,0.6750299663170092,75450882.38592571,1.9667282534851624,0.0517462491685323,1.12025,0.0579687356310483,3.420057659363941,13.045002819789008,3.0529414500012866,11.644724677338992,4.624557732831899,0.8354227381090299,-0.0031848727134695,0.0382223935756944,0.0551226484245528,-0.0057036002296694,0.0057036002296694,194.8235755990272,68.42439786300564,0.0970062034023191,0.03464161512248706,2.033372852840276,0.9826044685082908,8.092019217857285,3.17250879245619,0.07280267344685727,0.023220456858464456,0.015676849060816157,0.010987642912223691,47.3127243292209,15.126356755496918
483,482,6,B_optimized,False,132.26306282330785,83.83752424478024,650.7960776027251,1335,66.28610283449764,1.0579811053523345,0.0794561497882962,181.91701966664803,0.0831613515392361,8.325247699265189,0.217358197843738,0.1637260235076082,0.8466186227888356,0.6828925992812274,72839111.13245918,1.8986489394546195,0.0526099033562919,1.1205,0.0589493967107251,3.1120761123395444,12.980305146284891,2.7773994755373,11.584386565180624,2.7444217096433667,0.4364509713387202,-0.0192241713859095,0.0592226179655505,0.074200070845074,-0.0052560789432221,0.0052560789432221,218.93189564211465,56.40672605236952,0.09752406129832923,0.03395242807342403,1.9819661496981842,0.8858954493652886,7.966748456906668,2.9413528187636864,0.07333487933562505,0.02246180706184246,0.015865113676087256,0.01081338648049449,46.7702221526301,14.053348352583024
484,483,16,A_standard,False,145.22325969819337,68.5902955283042,333.75120166532497,969,82.26873018012738,0.4998480151195076,0.0243603821280871,142.12470777670157,0.3154069364589967,8.350030326261756,0.2035905899823573,0.1826857892521931,0.8461990980959256,0.6635133088437325,22182438.654941604,0.5782149585836125,0.1040638649480375,1.12075,0.116629576640513,1.7555160895034412,6.3760202369482055,1.5663761673017544,5.689065569438506,1.7275665670968732,0.2188409730975657,-0.0158594132126389,0.0962940304494191,0.0498408588340578,0.0254804767059707,0.0254804767059707,134.42122928861477,30.855002538999276,0.10061315224632501,0.03646292305196077,1.9265953867687517,0.8805437937941487,7.761251961573112,2.888192674675582,0.07532889955048373,0.023494200637351328,0.01600996308357341,0.010779439545670524,45.610742817607196,14.264056767779005
485,484,10,A_standard,False,126.37249361305126,73.20247926647738,337.49996224743023,951,90.12813705195371,0.426470582978297,0.0731157151820121,299.5500029211994,0.1543252540245131,8.401994880183913,0.2244017496705144,0.1517649476872353,0.8453201077652107,0.6935551600779755,23495248.123400543,0.6124350948022269,0.0983500632332741,1.121,0.1102504208845003,1.5431098130284635,7.051903550208691,1.3765475584553648,6.29072573613621,3.323601404836826,0.5802016904912671,-0.0085991978373138,0.0733887951347381,0.0599179976639499,-0.0131977175180622,0.0131977175180622,297.06283915631764,43.11337234117456,0.09902510867847791,0.03672291977980407,1.9517124013184557,0.8703210424698222,7.913085886585009,2.956381758045812,0.07427102644448513,0.024102592589968535,0.015959845221594146,0.010812858837197039,46.270971399346436,14.559079720868018
486,485,5,B_optimized,False,137.62593404120582,82.5635961107683,729.8935631105522,1420,48.805184792894536,0.952960854345318,0.0245913523848327,161.55027761956825,0.1466135991875668,8.094904746173292,0.2113940853055082,0.1806461769329365,0.8505278732321844,0.6698816962992478,85572945.03488308,2.2305733665671634,0.0491630159657913,1.12125,0.0551240316516436,3.674432363112828,13.625724198152628,3.277085719610103,12.152262384082611,3.310104824008126,0.5769108472771385,-0.0119434743935941,0.0506782076135378,0.0,-0.0245913523848327,0.0245913523848327,176.64752055814154,60.23638334033379,0.1008280170938069,0.036832121378139605,1.9187861659534584,0.8551908133229876,7.76476608132908,2.943302696612759,0.07548815492818288,0.024239593581737655,0.01629136191398547,0.010885282275188958,45.448888819338464,14.51996258585906
487,486,7,A_standard,False,132.07846285444407,47.107853039194616,391.78621281162185,858,84.30719256469985,0.4484406992693218,0.0631609250296792,170.3833469075116,0.1132953881010279,9.568943492349376,0.2175708073498948,0.1246902320305582,0.8258196507089534,0.7011294186783951,15835425.894212931,0.4127715743974995,0.1329972836054107,1.1215,0.1491564535634681,0.9375396899120236,5.271757434975693,0.8359694069656921,4.700630793558353,2.020982335246834,0.2730867439230517,-0.0176341604841761,0.1014438225844719,0.0407673632980839,-0.0223935617315952,0.0223935617315952,166.3309035202481,27.303160823009357,0.10108692560984721,0.03671942980597099,1.9137532853753398,0.8559862429194948,7.740642136109638,2.9402231081115726,0.07606675959271439,0.024178492102536583,0.016597121165366147,0.010811188635244771,45.012885274554094,14.676704307981815
488,487,11,A_standard,False,138.1993735450032,72.41806574788369,340.0572274236942,803,81.6673516963336,0.6202035854533323,0.0177936622858481,172.67631744360813,0.2959821763952768,8.422568816182483,0.2107796967533066,0.1694315106197625,0.8449723480820628,0.6755408374623003,19774908.18285053,0.5154594539313406,0.1037608148056677,1.12175,0.1163936940082578,1.6329045886646945,6.510558332907384,1.4556760317937991,5.803929871100855,2.114386151343271,0.2920158037235048,-0.0102212300661359,0.0916637091936189,0.0111343575257467,-0.0066593047601013,0.0066593047601013,156.28508365031857,35.571774592632266,0.09943877241358667,0.03656847786733768,1.9327726819455455,0.8469298849975243,7.870543340851214,2.9525037111343515,0.07513768253215392,0.02375768725253112,0.016989340882005904,0.010858824238517282,45.531070713203945,14.485600727184293
489,488,16,A_standard,False,128.68837199978404,69.09316801728154,330.5222362079979,966,72.03042346718794,0.7249740195843216,0.0132047927867812,141.23186384431872,0.338501324576854,10.605986288359327,0.2215672220649917,0.0953749876209311,0.8088678494451803,0.7134928618242492,22060376.234174743,0.5750332381845976,0.1156131487444444,1.122,0.1297179528912665,0.8249493129172664,6.1713816254704765,0.7352489419939987,5.500340129652832,1.9607251637032808,0.2612899389745907,-0.0102191005327714,0.0998534707500565,0.0019216827316535,-0.0112831100551276,0.0112831100551276,127.08858898243037,29.656887153197665,0.09867987746106985,0.0359634689079446,1.9431994516079738,0.8399533392305627,7.902935138164312,2.9257301476084008,0.07466820789016436,0.02346864681192251,0.017304503341974763,0.010809005452924392,45.91725347177442,14.352421967954161
490,489,13,B_optimized,False,138.66506949846513,88.16706256801979,750.9915217851416,1529,63.20857576122826,0.6613391545599152,0.0200002969920796,100.04699711209832,0.3754605891283696,8.049851408565873,0.2102839256023897,0.1840119910568791,0.8512946010051045,0.6672826099482253,101239243.51211368,2.6389364084346285,0.0506908994178417,1.12225,0.0568878618716728,3.630079425896166,13.163755577660185,3.2346441754476865,11.72978888630892,1.5828073312397986,0.1951020618453284,-0.0258272708197944,0.0758154163046512,0.0034329864446322,-0.0165673105474474,0.0165673105474474,83.37059286408139,49.69003964260688,0.09754851017461448,0.036860761502157544,2.0091767104498772,0.951630388707348,8.07775726360909,3.1236104955783768,0.07389546761624426,0.024023170584250002,0.017484225577191932,0.010679610694029657,46.62945792143946,14.997921311674444
491,490,19,B_optimized,False,132.3947974004467,75.61323569707986,619.0817853056872,1360,50.02898713561992,0.807966353644627,0.0320158700192531,178.62785264271693,0.4305249248680271,8.958913292455176,0.2172067832382187,0.1428533445492109,0.8359568635533343,0.6931035190041234,63662656.64939956,1.6594523690773266,0.0670334780311956,1.1225,0.075245079090017,2.1310746323311878,10.339662201050812,1.898507467555624,9.211280357283574,3.5704870889847875,0.6388755607917035,-0.0041147203953657,0.0669456167795276,0.057516675426833,0.0255008054075798,0.0255008054075798,179.77124725193852,49.348442845706046,0.09844376030496324,0.03696345907747588,2.004322916239798,0.954155131801368,8.012588887668686,3.1434138276886445,0.07420503571484971,0.024196476105075946,0.01719834884721582,0.010279996469362205,46.51668252427637,15.090973441632478
492,491,18,B_optimized,False,139.74236086179704,80.32964853425295,653.0759944152117,1668,49.99596278483392,0.7399769814029974,0.0648637377605223,325.9123359491179,0.5041680691787267,7.273950791625319,0.2091478353973571,0.218420961346561,0.8646080329633762,0.6461870716168151,87505556.98268287,2.280949484122945,0.0573119300377965,1.12275,0.064346969449936,3.811090661272704,11.274913812720357,3.394424993340195,10.042230071449882,6.518773072772631,0.971217225971991,0.0075389232698117,0.0487349056973878,0.0557049043467265,-0.0091588334137958,0.0091588334137958,321.3802421952926,68.48537923667489,0.09814126882056623,0.036825554774842145,1.9982462396318714,0.9550280711939951,8.032955740316394,3.1278363577475936,0.07420757610386869,0.02419853984726965,0.01711199463964206,0.010206172520896279,46.46755722291662,15.138327659732212
493,492,16,B_optimized,False,140.87751204693583,79.5078745631629,677.0553326088083,1733,64.70498600372373,0.57435785885885,0.0443057187421061,240.39140733218923,0.10054863682851,9.400789255311304,0.2079667266569831,0.1415572047959608,0.8286016275647388,0.687044422768778,93289522.38264243,2.431716285114036,0.0543867059947197,1.123,0.0610762708320703,2.602790557120781,12.63258015360373,2.317711983188585,11.248958284598157,3.715191396816852,0.6715472523021361,-0.0096956380959106,0.0453420645531865,0.0300116728469445,-0.0142940458951616,0.0142940458951616,243.41526895147564,59.18682852017534,0.09813944192241401,0.03682730746542922,2.021686113167102,0.9824860426470324,8.019195241351708,3.1169548084353482,0.07360254634022527,0.024522796894251044,0.017160169831181012,0.010186777476824947,46.94353577062427,15.494291002941393
494,493,13,A_standard,False,125.35231849174814,69.59497509554407,382.931524889912,951,88.67181814112013,0.6785787057433463,0.0651063449274199,444.0274646935409,0.5330942449017426,7.29571606322553,0.2256785941472724,0.1927257771054616,0.8642317462958298,0.6715059691903682,25344254.55104954,0.6606319225547846,0.1067352436109612,1.12325,0.1198903623860122,1.80564329630358,6.291323713448738,1.6075168451400663,5.60100041259625,5.007537614565166,0.8815862103722425,0.0100833629318057,0.0770503656625321,0.0989388369300298,0.0338324920026099,0.0338324920026099,417.5362415117668,45.48124438221664,0.09665486189288468,0.03720274105276425,2.057044986366419,0.9906621734751736,8.177169289541201,3.183259226980023,0.07254281328912335,0.02420141886978528,0.01726672457242026,0.010123242526498249,47.54078630108811,15.52577270092609
495,494,6,B_optimized,False,142.75011879395203,85.63318513311827,699.8488688250949,1501,62.95107682782339,0.8355302753242605,0.0319545352859008,308.4494225642031,0.1419344106424328,8.455878017956096,0.2060532612583108,0.1751064433236792,0.8444096284515834,0.6693031851279041,89955361.91170344,2.344806929086779,0.0468319191808018,1.1235,0.0526156611996308,3.739040517379904,14.29160275375339,3.328028942928264,12.720607702495228,4.899827582105367,0.8698720100904126,-0.0014248558765194,0.036057179624495,0.0267649813016462,-0.0051895539842545,0.0051895539842545,306.5698433307296,72.08959036682089,0.09782778943426056,0.03700778663480565,2.0509611644320485,0.9895464802041557,8.057532425048462,3.180717786259471,0.0735155911491313,0.024180542687970805,0.01725355562835398,0.010120402285881961,47.06000364836151,15.569877026053122
496,495,9,A_standard,False,111.794108770226,75.65226010318261,396.7738490490342,833,48.68095181255819,0.4392715501487228,0.0312499744206193,278.49823197853567,0.3220091822743433,7.735572798435873,0.2445061485866737,0.1508611936843606,0.8566623266263664,0.7058011329420057,25004026.41252191,0.6517634206696725,0.0983115687828637,1.12375,0.1104776254197431,1.5345212730514035,7.179227650215576,1.3655361717921275,6.3886341714932815,5.720887156250952,0.9382479544319966,0.0051969611049504,0.0601209528644227,0.0459399558926514,0.014689981472032,0.014689981472032,307.4758381452734,51.93034135929345,0.0993891282955651,0.03974925598036427,2.0314923205601136,1.0077198620610375,8.022805925033612,3.2220712984936646,0.07412077881134262,0.0247978351932446,0.016659596234587147,0.009636164383918861,46.739789089689154,15.968398147567449
497,496,3,B_optimized,False,145.6699254403189,71.79856644444659,638.0231202189859,1521,56.669327191711865,0.7169014671521609,0.0755386913456349,513.2790254402896,0.2463831454582982,8.452007797116883,0.2031534017554801,0.1795944302352425,0.8444749920160823,0.6648805617808398,69675710.13839686,1.8161906577833375,0.0550978670916103,1.124,0.06193000261097,3.2595532225709176,12.06726497552716,2.899958383070211,10.736000867906728,9.057439904021992,0.9976650797775548,0.0064218502922289,0.0367654945677327,0.0865996168700866,0.0110609255244517,0.0110609255244517,508.6427396242424,69.17048513844288,0.0982941127591647,0.03973844290168911,2.0509031931440687,1.0001670533295057,8.103573349429617,3.209581089342216,0.0734285373671194,0.024926956073937637,0.01635463022972232,0.0096368687222266,47.2674909235604,15.961508912473738
498,497,8,A_standard,False,135.1279257551598,69.40184862748218,339.7048550343977,1033,83.82845708865145,0.527638283360683,0.0162444455263417,210.5897711749741,0.040294425054187,7.76520376312851,0.2141220783851684,0.1896259997943863,0.8561548024024679,0.6665288026080816,24354157.709712945,0.6348237229689527,0.0919264686888439,1.12425,0.1033483324234328,2.0628008722519224,7.250673414467517,1.8348239913292617,6.449342596813446,2.512151344408835,0.3804005002127681,-0.0169510775983529,0.0747198277119429,0.0177772578882888,0.001532812361947,0.001532812361947,231.792045688671,42.91578715631854,0.09667550086713243,0.03932293470033922,2.0589627462025053,0.9952086574499761,8.224613803709437,3.1865099593787733,0.07229795520944451,0.025156623356523473,0.01573329972366212,0.009573911058909786,47.834134278861974,16.009080391493598
499,498,19,B_optimized,False,129.80150316804335,88.13581638590284,639.192327943813,1697,61.08920439845056,0.6094926667408629,0.0417396298564143,226.3339581361904,0.557533225979899,7.210747106078784,0.2202354480037452,0.2043211783881329,0.8657016523102148,0.6613804739220819,95601746.79363447,2.4919875097000648,0.0473715130904532,1.1245,0.0532692664702146,4.313165551583568,13.961565311608544,3.835629659033853,12.415798409611869,3.7049747228649617,0.6692898079360287,-0.0043447905526217,0.0590174573401136,0.0599789286494083,0.0182392987929939,0.0182392987929939,220.62527347087075,64.66427095232132,0.09576869789837984,0.03960746727803467,2.0891541044280837,0.9873386932751697,8.312976978869113,3.2044840316316177,0.07141611907707529,0.025303547371265354,0.015573760705400086,0.009744120696664638,48.42594170359578,16.051423157474485
500,499,9,A_standard,False,129.09465272216883,60.878345146790735,355.6425442934365,794,105.70321980944598,0.3826883189497457,0.0291019526378456,218.86794489680105,0.5551684293630541,7.728407710202215,0.2210788770425497,0.1811214102182765,0.8567850966458711,0.6756636864275946,17190838.07094064,0.4481022072382554,0.1288719681150997,1.12475,0.1449487461374584,1.4054368290279482,5.242906555319599,1.2495548602160018,4.661397248561546,2.070589195781927,0.283044264844679,-0.0116246078617149,0.1126480186393226,0.0249813408796726,-0.004120611758173,0.004120611758173,198.90754565363065,30.536183852349662,0.0956701970452015,0.039686542499013586,2.0983526004746924,0.9948980438313301,8.325657432517776,3.212772955780218,0.07147016194185603,0.025246105771570066,0.015486412018791258,0.009787530542967793,48.47233107144794,16.096561635822802
501,500,3,A_standard,False,121.89852918889471,68.86877863339697,295.27468391866705,830,64.91626612668153,0.3512674531137958,0.0579734061769924,440.6855468357715,0.2230770944992999,9.541580124141646,0.2301357568993572,0.111262971844333,0.8262717185421667,0.7150087466978338,16878221.67955798,0.4399534425055909,0.1197435855834958,1.125,0.1347115337814328,0.9291768849426226,5.971165329764292,0.8259350088378868,5.307702515346038,6.788522709790348,0.9778717339027329,0.0111168023520819,0.0714088959667453,0.0441566530245354,-0.013816753152457,0.013816753152457,441.8477240363766,47.59196270464936,0.09401335918189589,0.039556843423498154,2.160888729563955,1.0074612492578132,8.452218256629555,3.208456540953406,0.07043726336043866,0.024981088307751913,0.014780509134272894,0.00895545267884129,49.295921058519596,15.974135413019916
502,501,14,A_standard,False,131.01277368222154,70.54044387264659,289.7521869784832,1096,77.58630545298634,0.3280548641406997,0.0919365996793496,220.2491573124839,0.6570315191135752,8.467276268505147,0.2188081421136813,0.1568117889793354,0.8442171545408531,0.6874053655615177,22401415.6792554,0.5839228878610889,0.1146092751285103,1.12525,0.1289640868383562,1.3682294805852655,5.9978161871343865,1.21593377523685,5.330207675747066,2.838763310439425,0.4597779285482455,-0.0027540267508767,0.1033516399215334,0.0747049268725313,-0.0172316728068182,0.0172316728068182,199.74267770934577,34.03584574003292,0.09521975081600799,0.03936850681159513,2.127877227638528,1.00901622163183,8.3379282840246,3.1963646396329084,0.07067007793608902,0.024930531693346254,0.01456410248779229,0.009028352852264413,49.14170966908854,15.960053585489845
503,502,20,A_standard,False,125.33055714555054,70.9194712926481,403.8403251376765,1004,79.92089009875274,0.4343640039523806,0.0704170968205355,164.33429347715173,0.2602301764803832,6.711149970120869,0.2257060228890046,0.2198638102208373,0.874395053286079,0.6545312430652417,28754702.914796785,0.7495298246326684,0.1028341478020601,1.1255,0.1157398333512186,2.138042808931925,6.3649211575625,1.899638213178076,5.655194275932919,2.056212002570231,0.280135820183144,-0.0160845890019447,0.0963827937583949,0.0964720843357588,0.0260549875152233,0.0260549875152233,110.52736748825798,33.34909063149751,0.09377963936838021,0.03918933240260654,2.166077600975272,1.0123791478575077,8.443273097818375,3.171369766815891,0.06986628901581152,0.024870016721081852,0.014750859142868646,0.008973742463065707,49.70131332427714,16.022273566825504
504,503,18,A_standard,False,125.7725909510758,71.29535493828054,381.14594437812354,857,75.37417185943423,0.5374408446522413,0.0271729643929276,286.59828700883435,0.3637891504426218,9.09538270124006,0.225150451456622,0.1290146234000408,0.8336783236989365,0.7046637002988956,23288062.62727985,0.6070345274921102,0.1176550441953434,1.12575,0.1324501660029078,1.0965498698537486,5.989234929264383,0.9740616210115466,5.320217569855105,3.802340774546927,0.6904749727097272,0.005192882344478,0.0836221794201457,0.0087141861470122,-0.0184587782459153,0.0184587782459153,293.5566630603668,40.102519491287126,0.0939154497479324,0.039295874271386436,2.16173805032714,1.0170198013875456,8.436535319950327,3.177287440701415,0.06967791384134958,0.02481499431751339,0.01486323638354507,0.008948179577821588,49.81805742827237,15.97174710458448
505,504,6,B_optimized,False,135.08338925599506,83.73063017736334,774.1849096778949,1471,52.6915777579488,0.5041734891716476,0.0171547939721591,152.3698259776269,0.3283718375256272,7.108485819672721,0.2141714926276789,0.2181799673800262,0.8674740194300034,0.6492940520499771,95354618.82122996,2.4855457882756755,0.0602708113176321,1.126,0.0678649335436538,3.6199938678475663,10.77294361657326,3.2149146250866485,9.567445485411422,2.8917301865124188,0.4729589568553742,-0.0125737485034497,0.0644266066121161,0.0109825577478206,-0.0061722362243385,0.0061722362243385,186.5874710133276,55.45673191702016,0.09423939066785048,0.03901951651987102,2.1638469823226174,1.019114056795223,8.367951704974557,3.1193122983274626,0.0696321415362862,0.024859610135444687,0.014816120665924424,0.008966950032992279,49.77758085705264,15.93508834078635
506,505,10,A_standard,False,134.85032924886966,78.31495235934842,381.8708906891603,934,90.3637424255898,0.2132277260372743,0.044204931937601,279.6922039804041,0.4389793406378532,8.743359288058151,0.2144305303003741,0.1533790195828988,0.8395685200186372,0.6861895004357385,27932391.371368468,0.7280951734465461,0.1055459772690885,1.12625,0.1188711568993109,1.4531962614914289,6.501332577425515,1.290296347606152,5.772548348435531,3.0951817230314163,0.5237774823396418,-0.0060651509081097,0.0874877262664773,0.0,-0.044204931937601,0.044204931937601,273.3173023151148,34.16585487820382,0.09398495419338306,0.03896602402297612,2.1503450984057713,1.027998660835809,8.39340728811393,3.1056879621844358,0.07039952771132689,0.024916322052942814,0.01513461344730625,0.008947567499484993,49.28403581601226,16.086540429191327
507,506,11,B_optimized,False,135.06766617971195,69.46459941093643,758.8568632198597,1459,54.93305897824888,0.4872392999588658,0.0799700728980841,265.033429401801,0.4393293253150857,8.553165147595905,0.2141889443480661,0.1600941156616544,0.8427682220667475,0.6826741064050931,76909270.8121449,2.004743100120489,0.0581274217080744,1.1265,0.0654805405541459,2.7541926161059327,11.744441544880408,2.4449113325396645,10.425602791726948,4.824661767092614,0.8611245624408713,0.0041291082031941,0.0544654985586552,0.0693801286757545,-0.0105899442223296,0.0105899442223296,271.4430526118136,61.758867482612864,0.09366447322095763,0.039289015931082076,2.1517420257828825,1.0291170042573698,8.475325102750068,3.215091594016523,0.07055555820879206,0.024777180152214168,0.015043483338346738,0.009050336425430641,49.38807176841488,16.188614121668945
508,507,5,A_standard,True,119.29294070940924,61.311723575726816,369.6598044107865,919,84.724510143553,0.4930469446128851,0.0444984254112627,202.02598865618748,0.5077036071698809,8.616310466251354,0.2336429635479306,0.1335685683789143,0.8417045565044273,0.7081359881255129,20828656.88573898,0.5429268244975811,0.1097140159733847,1.12675,0.2043367896944537,1.2174248403350432,6.454380343686422,0.6536687229873798,3.4655334909802287,2.384504652949716,0.3508066564160212,-0.0162793467384238,0.1358412017353648,0.0615775545492956,0.0170791291380328,0.0170791291380328,182.63566369703923,14.68194436180625,0.09365256045043528,0.03930014879532782,2.1525523897201433,1.0298568104877261,8.478826467014692,3.218706934185907,0.0707258638716035,0.024578874246123216,0.015206276861063376,0.008951573655978883,49.36521430811561,16.161972222923705
509,508,6,B_optimized,False,134.41155858880495,89.666102603844,692.966951609248,1815,49.707004860289445,0.7257147744610721,0.0340867972832941,283.79233440031464,0.2037945989380499,9.85318916616818,0.2149202789133613,0.1203140148306637,0.8211382567153447,0.700824241884681,112776197.09808312,2.939662547866837,0.0481338221519372,1.127,0.0542468175652333,2.499573261622261,14.55991256361249,2.217899965946993,12.919177075077632,5.709302646537736,0.937573345275982,0.0074256183603028,0.0349402053422235,0.0417637120317203,0.0076769147484262,0.0076769147484262,304.8221716481757,68.75758070077289,0.09407435555605557,0.03903235257572047,2.125034847685942,1.0312009929325356,8.424519774982853,3.1880003125736973,0.07115111157333275,0.024559717413412164,0.016110689050290228,0.010132288554715551,48.896069331120174,16.2933231894229
510,509,5,A_standard,False,138.37852228859006,71.4056036493188,353.23422930704675,571,81.52300372547319,0.7274037686824286,0.0453626476865426,112.63157318785672,0.2170952692798203,7.1713590750979845,0.2105886426937293,0.220864304265185,0.8663838866636387,0.6455195823984536,14402277.826138068,0.3754146514858029,0.130567597356272,1.12725,0.1471823241198577,1.6915705637327898,4.943949306481168,1.5006170447840228,4.385849905949139,1.3815925326689498,0.1654246170245496,-0.0186070227732573,0.1079741067013909,0.0186264309490171,-0.0267362167375254,0.0267362167375254,100.56619621925527,25.98586260997705,0.09274092497513314,0.03938333626855581,2.1853457875818836,1.0846585948169212,8.565629000389428,3.2204325806210243,0.07065946104505487,0.024290700290654957,0.01565098118187043,0.01021955461495505,49.45970109741425,16.143244429328806
511,510,20,B_optimized,True,131.10442248233915,97.87274464638185,804.7198163020636,1759,62.23251959440208,0.782981005915017,0.0446339680146418,236.7395285144969,0.7679850447783093,8.610794775886829,0.2187010601046004,0.1521041271202481,0.841797413260266,0.6896932861400178,138539081.1462619,3.6112066086725054,0.042846543952359,1.1275,0.0917434326854499,3.5499742357136714,16.096824213100714,1.6579293216741735,7.517631136657915,3.8041128666722335,0.6908535750790786,0.0028069380984218,0.0877371945534426,0.066145949749629,0.0215119817349872,0.0215119817349872,233.3014690131083,29.187710503110058,0.09302939999296994,0.03956660633818801,2.1842703958287326,1.0855031743807448,8.549497330749551,3.2340518544845787,0.07054186745163502,0.02429144970508487,0.015790560801766038,0.010233014818110307,49.54766614072924,16.119923605825964
512,511,15,B_optimized,False,126.08662798061356,88.01467175639526,615.2198813996224,1708,49.45269335066118,0.6249398379675368,0.0278883312828653,178.64187853817472,0.5314093068599575,9.259588612432388,0.2247577657545564,0.1247848220868573,0.8309449163963667,0.7061600943095093,92485426.0703287,2.410756438311162,0.0552853574594021,1.12775,0.0623480618748408,2.257104373042915,12.77300404231022,2.0014226318270136,11.326095360062263,3.612379153374996,0.6484833279186304,-0.0074842731948399,0.0630139929229969,0.0,-0.0278883312828653,0.0278883312828653,139.80207735231784,52.95672398364396,0.09297306057433438,0.03962364625363151,2.205463598493695,1.1171573583933332,8.553965959846016,3.2392816781656077,0.07039853919092247,0.02443178116667481,0.015522481121024716,0.010173151071680282,49.87183667610466,16.49780668585391
513,512,17,A_standard,False,118.81851069505277,80.31943758894593,398.7488323575938,791,87.9727256116928,0.6682866603611188,0.0862850327970433,797.6310571408951,0.7455634462748377,7.356658298375128,0.2342956116142701,0.1784168245165035,0.8631790236927094,0.6847621991762058,25333580.02578076,0.66035367676395,0.0961177295001849,1.128,0.1084207988762086,1.8562322002847584,7.124202816036017,1.6455959222382608,6.315782638329802,9.066799415327868,0.9976867812214816,0.0126119292242261,0.0774131894435663,0.1096327142676188,0.0233476814705754,0.0233476814705754,786.8228083192412,50.50564991053727,0.09272649642932095,0.03930396920126273,2.205354057259426,1.117294642719668,8.563384059346713,3.2285162789205932,0.07033236553872921,0.024350323751057622,0.01545069751962369,0.010136274133097378,49.91307960058109,16.442721375559454
514,513,17,B_optimized,False,135.55607667617403,91.41587813781176,796.0676103766442,1767,66.88125075950282,0.9301478855314456,0.0322713667365379,235.9804181613392,0.0428061881082898,7.254246419485005,0.2136484438388782,0.2122780177971439,0.8649488312798743,0.6526708134827304,128590279.13860212,3.3518777661453534,0.0368083031858866,1.12825,0.0415289680694766,5.767123160367181,17.73161914545909,5.111564954901113,15.716037354716676,3.528349357728031,0.6290980436501891,-0.0121396792527683,0.0382639069373384,0.0179648225633436,-0.0143065441731942,0.0143065441731942,232.82440927420947,77.11314735001525,0.09279180446299728,0.039346787115305426,2.21748045191784,1.112271078026141,8.553264994908385,3.2381202948862877,0.07023532375975504,0.02427312439652495,0.015320226929299702,0.010292523282655121,50.05445403007996,16.347008295801672
515,514,20,A_standard,False,124.69838873315788,56.12310802450244,415.4576132715949,894,80.16750709071742,0.4122223885210001,0.024550630179481,168.21637950980076,0.2436538907636364,7.712812461227566,0.226506379400788,0.1742958344307599,0.8570523738642511,0.6827565394334911,20845194.623263847,0.5433579027647976,0.1103473917734259,1.1285,0.1245270316163111,1.579519294743623,6.187337357600453,1.3996626448769365,5.482797835711522,2.098311218776548,0.2887035759868915,-0.0154554209528074,0.0950169094155766,0.0,-0.024550630179481,0.024550630179481,172.00240909679022,31.588624921558377,0.09183627103369724,0.03901042622649292,2.259653214458248,1.0947616319208582,8.600448398341827,3.2097916545889156,0.06983910262360785,0.02393918257592511,0.015674721843354444,0.01045460086079105,50.294975314109806,16.127766732469805
516,515,3,A_standard,False,145.3835695525326,71.43717344624042,413.7859603633453,857,110.0,0.290469063607582,0.0549347344735365,118.3198753766778,0.199441653290554,8.324733035822067,0.2034334189544421,0.1838695199999217,0.8466273373067943,0.6627578173068726,25332662.40302181,0.6603297576983407,0.0949845776040423,1.12875,0.1072138419705628,1.935782888527544,6.977530816315036,1.7149793032359195,6.181644134055404,1.075635230697071,0.1273756279405482,-0.0241427051347911,0.0935340580257226,0.0313567718840857,-0.0235779625894508,0.0235779625894508,124.62881338494076,30.985650309807976,0.09386896653953002,0.03979230310610148,2.217343834121678,1.0971877515386093,8.452353260623324,3.233198851403312,0.0704412194041617,0.024465392819905302,0.015537242174128819,0.010487768010672242,49.924273910003805,16.35339385004395
517,516,18,B_optimized,False,130.38986604271253,80.6829710528207,698.8263899181995,1244,52.47332665344141,0.7868906916434075,0.031942332375803,395.8598897598113,0.538007642934749,6.589523726039048,0.2195393328098911,0.2353551468749276,0.8765246300837609,0.6411694832088333,70140936.39956431,1.82831740306673,0.0562185400867099,1.129,0.0634707317578955,4.186432918960938,11.404947233064236,3.708089387919343,10.10181331538019,7.544021220043027,0.9894812477424924,0.0089718221044957,0.045984680427452,0.0462598553278438,0.0143175229520408,0.0143175229520408,363.7765972003682,69.83031395039129,0.0946916753770604,0.039824620716470346,2.2004639130750987,1.1086257641622508,8.389656306009456,3.2485401711599486,0.07075673186038606,0.024521052636772633,0.01561630800307464,0.010578920411018846,49.68740400126463,16.44740768108632
518,517,2,B_optimized,False,135.51596088448574,66.70796064209192,944.3923509993132,1844,55.16406851213068,0.91537706211973,0.0837739613905344,187.9381318127163,0.346151100543298,8.551401990858315,0.213692713215897,0.1608356418944511,0.8427979412401193,0.6819622993456681,116169211.46844952,3.0281060095688246,0.0452594037037694,1.12925,0.0511091816324816,3.55364032074192,15.067858688754026,3.146903095631543,13.343244355770668,3.406893959813504,0.6003428753591422,-0.0117832916377363,0.0538197214513925,0.0698306293317639,-0.0139433320587705,0.0139433320587705,149.36923870327732,62.97462324382068,0.09466019035750536,0.03984971497916,2.1764082997732133,1.095157283090244,8.411344496263457,3.26338439408128,0.07131606082060025,0.02432666897830679,0.016294898682280085,0.011224749530033952,49.17765161375353,16.246656700283854
519,518,10,A_standard,False,139.01883809313938,65.31697198421566,342.94554588378094,930,81.51346933656741,0.568974545969724,0.0273857617977751,154.08726783511875,0.3226345914661931,6.591613258254274,0.2099091980166325,0.2506644084269678,0.876488000320117,0.6258235918931492,20832153.08972029,0.5430179577346296,0.1067025476207996,1.1295,0.1205205275376932,2.3491885996741235,5.865123240704672,2.079848251150176,5.192672191858939,1.8903289123776053,0.2479322130796706,-0.0213168452120454,0.0968398840495114,0.0083154601862429,-0.0190703016115321,0.0190703016115321,151.8639213946201,33.88308314196936,0.09472948819000258,0.03979309382538513,2.1843147794992945,1.0976224878368577,8.395522932021684,3.251241355492183,0.07172899511819184,0.02405044021982641,0.01618780101920285,0.011269685762848133,49.03236980718432,16.187697130289706
520,519,12,A_standard,True,130.78083193996352,67.03431692421516,447.0894910936187,1036,81.95282098489704,0.1523857624688749,0.01,255.9449014635234,0.2773002234858105,9.293330825807448,0.2190797115414422,0.130552447477723,0.830384347152672,0.699831899674949,31049270.830476116,0.8093408090320886,0.0944752930434389,1.12975,0.203680937978885,1.3818686692794502,7.407565270564151,0.6409654667402257,3.435922411882737,3.123076160010295,0.5307302586253918,-0.0074157077153842,0.1134273130185341,0.0,-0.01,0.01,226.5958699775143,19.66165387846802,0.09334872408133156,0.04009881941964894,2.208803119034269,1.0981497592451501,8.55524917779431,3.306850182816537,0.07108013410985022,0.024339846212117378,0.015636964170429424,0.011060808240575109,49.4865272738839,16.403143631753856
521,520,8,B_optimized,False,130.23573874980687,65.2470363906598,542.676626589577,1671,61.06982416523468,0.7634178419624584,0.0597549432421004,294.7127109035619,0.2848715956954384,8.513766828090123,0.2197211699911583,0.1540227733662548,0.8434325568027421,0.6894097834364872,59166837.51936601,1.5422628250191193,0.0635848195712035,1.13,0.07185084611546,2.422319893410676,10.842364389576856,2.1436459233722798,9.595012734138813,4.825831987106548,0.8612644488098287,-0.0015212443983196,0.0519238936114983,0.050893791154107,-0.0088611520879934,0.0088611520879934,307.69810737760275,59.991929235658034,0.09485897484380772,0.039955137403512565,2.1716449682560457,1.090914796945576,8.404756229334774,3.284564557646636,0.07207484205830336,0.02389148683194582,0.015608061731077278,0.011090513174932724,48.884645082464196,16.106277858768518
522,521,3,B_optimized,False,128.40204992493395,82.04065635094207,587.9589273004392,1782,55.19091536951666,0.6425764729585789,0.0372959229282066,292.6292256776019,0.1288698665223676,9.913139872135604,0.2219129554193385,0.1108193183518268,0.8201542903642618,0.709334972012435,85957507.69216673,2.240597507033096,0.0592473689588579,1.13025,0.0669643387657492,1.8704513010321344,11.972429906634416,1.654900509650196,10.592727190121138,5.302126694554307,0.9090530178173762,-0.0018944054083204,0.0396134251008395,0.0358313993453768,-0.0014645235828297,0.0014645235828297,256.83221209910363,63.03207157582145,0.09884805537034647,0.05019165577731162,2.153327932323618,1.1122070429930173,8.322516378030565,3.3859877025166196,0.07359267260654352,0.02547479332170873,0.015735050267701615,0.011116107995568312,48.058406231538164,16.98263996119977
523,522,4,B_optimized,False,136.40579016226138,75.26416953816016,687.6918045380493,1670,52.61673348571752,0.8228235142277228,0.1095014345333841,221.9640066963571,0.1584513950829599,8.668783760609298,0.2127159538215185,0.1581852275842783,0.8408216796409169,0.6826364520566386,86436782.78648092,2.2530904539592584,0.0543268246644003,1.1305,0.0614164752831046,2.911733357534789,12.565366304281,2.575615530769384,11.114875103300308,4.218506014946896,0.7718005289500145,-0.0051525397774971,0.0456915846435185,0.1110675400856741,0.0015661055522899,0.0015661055522899,213.91755955125885,64.04922082169212,0.09963617520811001,0.049908713351430885,2.1185288049214193,1.1155845105280882,8.247313135171883,3.3730219609080914,0.07432679035835259,0.024914595701626397,0.015797534616564076,0.011098064316714486,47.56216779737816,16.713522128064508
524,523,17,B_optimized,False,135.90552916083897,72.6833897733812,685.7510647681092,1609,54.75981241753223,0.5474650975963355,0.0265069296926209,236.3380293439696,0.2950694321668555,7.695239548879008,0.2132637489290955,0.1937637520196881,0.8573536449281308,0.6635898929084426,80196923.49223511,2.090440168320526,0.0548886858276543,1.13075,0.0620653814996202,3.530121902136429,12.089739131158211,3.121929606134361,10.691787867484605,4.315902829285481,0.7884992364309548,-0.0010252935262775,0.0464671484795962,0.0350970244047224,0.0085900947121014,0.0085900947121014,229.65501215910888,64.93661656384869,0.09861645188847641,0.05035023534440054,2.1509449192456906,1.1306194923311745,8.376303771359401,3.425769614945972,0.07388955794868667,0.02509870467591546,0.015931551375333183,0.010961916047029478,48.042703263187306,16.921315095698624
525,524,7,B_optimized,False,138.4756918279256,79.49802652825059,825.5125085757517,1550,62.15054682846067,0.9078877041273296,0.0303204472260909,244.21383889648507,0.3681200313505627,7.201322864782337,0.2104851915469199,0.2196385973804825,0.8658648393141108,0.6462262419336283,101721253.72454458,2.651500649875933,0.049920803090482,1.131,0.0564604282953352,4.399740865193713,12.94502896442462,3.8901333909758735,11.445648951745904,3.929391636255917,0.716951845380579,0.0001755721329358,0.051445934839318,0.0386319813647476,0.0083115341386566,0.0083115341386566,245.52826766468905,67.13790245609958,0.09883776440499949,0.050170845445643174,2.1392462666373975,1.115760658369344,8.331974264163797,3.3865478249905636,0.07394174482102453,0.0250698467156957,0.015610839641553093,0.011126362920220947,47.966163601549226,16.853114706774292
526,525,7,A_standard,False,122.47575827599027,62.761539974284624,365.99224772126246,861,62.89531950426725,0.6665231173824016,0.0870641557653707,255.9560796478868,0.1997878729506698,8.238891058077863,0.2293759770750068,0.1511014691890536,0.8480821090552364,0.6969806398661829,19777374.13073285,0.5155237321639923,0.1049624924370829,1.13125,0.1187388195694501,1.439575849245648,6.640282863747447,1.2725532369022303,5.869863304970118,4.0695568710883325,0.7445126358279788,0.0033012714592381,0.0710631663593422,0.0807705064840924,-0.0062936492812783,0.0062936492812783,227.48565442899465,46.79240662927449,0.09817592460699259,0.04976679140688472,2.1401495634777645,1.1150437349667193,8.363788698211438,3.358718952105016,0.07332149902552178,0.024469118404130633,0.015622754735222531,0.01111411930724632,48.27552449993853,16.667581926535522
527,526,19,B_optimized,False,148.11518259850575,84.9246823028903,589.846278503042,1666,49.69718222290636,0.6125701586973733,0.0421307948529681,266.35390236106326,0.6468947639793213,7.969749411522125,0.20079982159728,0.2018310616409923,0.8526595019783814,0.650828440337389,83454118.01048204,2.175343303758584,0.0559311857000779,1.1315,0.0632861366196382,3.608560396399946,11.63623535226577,3.189182851436099,10.28390221145892,5.359537310714888,0.9136893242817246,0.0101290353223814,0.0520106375906571,0.0588777942654142,0.0167469994124461,0.0167469994124461,224.25991889939692,65.15403342026292,0.09677894625099377,0.04970059154317951,2.1743825577819083,1.1000464176645564,8.465774862102625,3.3414028934240534,0.07308481619711903,0.02454511215880932,0.01572306153723578,0.011120117722626536,48.4059553454783,16.687628452896554
528,527,3,A_standard,False,125.76582154640086,68.64359427439645,394.2663334796059,773,74.56549672696576,0.4679618813175139,0.0553143107472505,360.0098112099844,0.2862281732536713,9.186139034877275,0.2251589345686172,0.1263952625380635,0.8321664644602083,0.7057712019221447,20920362.412893813,0.5453172518266299,0.1125800935238414,1.13175,0.1274125208456075,1.1227141369472786,6.269058586033963,0.9920160255774496,5.53926095518795,4.828101830102755,0.8615354454679873,0.0088999629362074,0.0721738314840467,0.0709331727810718,0.0156188620338212,0.0156188620338212,357.4534346645367,45.89330385434699,0.096475626867808,0.049546197773435614,2.1798270650414993,1.0958716622839058,8.47884119603214,3.330149659483024,0.07256971092570125,0.02416426392387849,0.015436813865609689,0.011263774044960815,48.627380104870774,16.566071352966766
529,528,19,B_optimized,False,136.66373718726507,68.37793962590283,731.4426666824496,1544,53.990103941813885,0.9836465053066898,0.0685352382420494,225.6565683137604,0.0535553240660357,7.07138118364515,0.2124348295298026,0.2226381087873405,0.8681180045038539,0.6454798957165134,77222453.62343062,2.0129066293461784,0.0613411460318837,1.132,0.0694381773080924,3.629506834965525,10.522788331685348,3.206278122761064,9.29574940961603,4.179591292451567,0.7648743091014387,-0.0038076652855807,0.0447851545383531,0.0583706893670914,-0.0101645488749579,0.0101645488749579,229.8182549810014,62.94560029477785,0.09721476722638689,0.050111887052857775,2.159303517177067,1.110734510448751,8.457663110462986,3.351769978006446,0.07284190654384443,0.02451212702447172,0.015195092779587043,0.011160467118491044,48.48296785872039,16.7326108279
530,529,19,A_standard,False,130.58620251668555,84.73004491541523,369.7461523584416,939,91.4737768179981,0.7746950480866102,0.029493826296338,152.332567784487,0.4668036783261629,10.020902000460978,0.2193082263571001,0.1110620478485851,0.818388562396098,0.7073265145475129,29417563.00273813,0.7668081601780864,0.084597138108516,1.13225,0.0957851096233673,1.312834574925235,8.361116349352118,1.1594917862002518,7.384514329301937,1.6653140723332909,0.2083853141719228,-0.0139527068188517,0.091002991363331,0.0070903498686491,-0.0224034764276889,0.0224034764276889,158.01102330257564,32.37727454618145,0.09707681892632036,0.05002232491121507,2.1715258338052665,1.1007435299443877,8.455845451233545,3.353530313122702,0.07333614924423106,0.024978626428521552,0.015053379800864455,0.011163165488417079,48.27212048524715,16.9058927354632
531,530,12,B_optimized,False,137.91049060238478,76.40897903775692,754.6216704213796,1756,55.0822938186998,0.7323088507516171,0.0719964452714004,206.1690121951102,0.4259550126770958,9.274776941714991,0.2110886658585253,0.1411686095280865,0.8306925414297296,0.6895239319016431,101250734.17254253,2.6392359278809487,0.0416488219863133,1.1325,0.0471672908994998,3.389498256984976,16.555664698709496,2.9929344432538416,14.618688475681672,3.74292713505548,0.6776356081756127,-0.0100245784094527,0.0526640908881202,0.0691309507287193,-0.002865494542681,0.002865494542681,191.02259333990983,67.45348915394966,0.09888836292418429,0.05057984181050131,2.1291618359661117,1.1005286571362414,8.349853507073382,3.401092452257348,0.07419125260260591,0.025395742632109274,0.015024193263843234,0.011188737911999463,47.77660492520059,17.05346033851113
532,531,4,B_optimized,False,128.53463202679606,92.07896546496252,713.4183048998583,1314,61.91668156422125,1.0125067032619834,0.0342370707901892,308.8417206582094,0.3886142406350573,7.796476369742856,0.2217527000243634,0.1774813607097325,0.8556194859805872,0.6781381252708547,86317736.76905525,2.2499873601513105,0.0506493905141744,1.13275,0.057373097104931,3.5041164149855595,13.388870396793326,3.093459646864321,11.81979289057014,4.988021206173209,0.8795336333834716,0.0009725787427296,0.0467376767162665,0.0480803471556907,0.0138432763655015,0.0138432763655015,319.8907486848434,67.28152484804201,0.09795665441019599,0.05063327199298116,2.147263180670853,1.0938726128446643,8.424506544080687,3.384290640628135,0.07361766059648372,0.025413172476984453,0.014190840926927337,0.010501591481112234,48.25396328957651,16.998660450226243
533,532,4,B_optimized,False,127.27855535678177,71.397692958229,563.5103292268112,1503,54.20123700902851,0.575475362282337,0.0504766884045646,98.46389818232446,0.2716782594867195,9.79782089763762,0.2232823330093822,0.1121766622985849,0.8220480604349106,0.7098713981363257,60470706.20978439,1.576249907889324,0.0706435586864435,1.133,0.0800391519917405,1.587924849546283,10.04863587474606,1.4015223738272578,8.869051963588758,1.8166356270784547,0.234447812339148,-0.0235384820548161,0.0804850030520126,0.0,-0.0504766884045646,0.0504766884045646,99.13386336100176,32.94947720259794,0.09798229808383496,0.05061681051556481,2.145141135615464,1.0933862175794213,8.423030710698303,3.3834161631307174,0.07379126700508495,0.025309103237881967,0.014441096011201042,0.010562941694662502,47.98329728370225,16.886610903643096
534,533,6,B_optimized,False,144.49697668064,86.95808949731965,776.6982924728778,1968,69.46639275594978,0.664446059854236,0.0725925961424256,98.72014791010528,0.2713938768791582,7.216871904942727,0.2043063641568759,0.2289039354059747,0.865595613835059,0.6366916784290843,132919112.87040702,3.464714612259805,0.0440838716914987,1.13325,0.0499580475943909,5.1924644234484845,14.442735041166229,4.581923162098816,12.744526839767245,1.4211209765408457,0.1709542982273554,-0.0260173349077465,0.0717115040355255,0.0700975128574448,-0.0024950832849807,0.0024950832849807,115.34702774800412,59.03659085370302,0.09631780196151425,0.048366414162909196,2.1495904562202175,1.0876305930226737,8.472449401118368,3.3271052771500953,0.07300070263593933,0.0239100219493681,0.014141527894544915,0.010698130345823634,48.305255715433525,16.384735831063782
535,534,12,A_standard,False,130.3001858587168,59.88455711058229,367.29046952389217,861,66.64543149640127,0.2409551771635301,0.047161455904732,332.5704778118983,0.2046742021637621,8.205589789915228,0.2196450917307021,0.1649162479532029,0.8486471413920348,0.6837308934388318,18937718.33170183,0.4936369797372903,0.1099904470898457,1.1335,0.1246741717763401,1.4993688298993006,6.216275245070381,1.3227779707977951,5.484142254142375,4.9901466663901255,0.8797586532607338,0.0044584205170185,0.0675091154637449,0.0673381544175746,0.0201766985128426,0.0201766985128426,326.664072834475,47.511624506924,0.09651364296997088,0.048212166111141264,2.1599117979220748,1.0907363020305,8.423560053452597,3.2780282699352608,0.07330142796025702,0.023512810363276224,0.01440976998436597,0.010700875773655144,48.092009890428706,16.18123902231541
536,535,4,B_optimized,False,129.4591213204002,76.12215390760805,760.6392438183873,1487,53.74769137827924,0.8761869893697142,0.0568217064222359,436.0176891345083,0.5353875861540183,6.723528948430346,0.2206430076850786,0.2268424286520838,0.8741785977341997,0.6473361690821159,86099526.9105454,2.2442994280774986,0.0461363269855489,1.13375,0.0523070607198661,4.916785610678032,14.03094288985938,4.336745852858241,12.375693838905736,8.112305439610262,0.9940138664647128,0.0094545676925895,0.0435117945779104,0.0680090747700026,0.0111873683477667,0.0111873683477667,401.106495865318,76.44491010910464,0.09461155322663423,0.048048139854968294,2.2055818794845554,1.1102001739909866,8.589413527237154,3.2793548405885105,0.0724147293978954,0.02300914325924647,0.014736231584504907,0.01131592124636074,48.64492236669587,15.879977613283488
537,536,10,A_standard,False,129.27303256299228,60.64311998016938,298.4973606824776,881,58.42442825698045,0.637721933781175,0.0642986529607512,124.49773594934648,0.1769539772124193,9.846569256301413,0.2208652909060215,0.1136348111770662,0.8212469811375969,0.7076121699605307,15947695.717973247,0.4156980376464488,0.1206598291999968,1.134,0.1368282463127964,0.9417783195160464,5.864521561584883,0.8304923452522457,5.171535768593372,2.13091920047111,0.2954456044899035,-0.0140798297560437,0.0981351399748098,0.0454942712992073,-0.0188043816615439,0.0188043816615439,112.61869122566144,29.365307046831173,0.09397142246543896,0.04829967903728433,2.224367728739744,1.1086900707371994,8.669418657580865,3.3013956310635058,0.07217085945259889,0.02290782411424458,0.014730340504327673,0.011312397918918112,48.99308901670842,15.633601027490789
538,537,3,A_standard,False,129.75333988732652,59.58452343869196,399.0945586841378,865,80.32315471187574,0.4849236744778702,0.0547714516495932,230.1736946935341,0.3227279826737528,6.352613186919022,0.2202926694197677,0.2467365485266227,0.8806876433657498,0.633951094839127,20569578.10953656,0.5361735893739757,0.1054962271916011,1.13425,0.1196590956920736,2.338818696127421,6.0092300143374,2.0619957647144997,5.297976649184395,2.865595798860014,0.4664494406587207,-0.0069146073088065,0.0868116202449093,0.0546356764056911,-0.000135775243902,0.000135775243902,217.20559323686223,42.64049606757562,0.094011447517797,0.04827376077856326,2.2251037422480935,1.1085512527456516,8.661691340680244,3.2954973525857363,0.07167833092506977,0.02336881985712498,0.014191400464357025,0.011314635887333738,49.27090247091929,15.827689156674472
539,538,11,A_standard,False,128.2849991223591,83.81934629302481,549.1706076435347,1169,93.70744507474978,0.4503424202791879,0.0360965459321171,183.7970657700318,0.3406831438512689,6.559558303737842,0.2220546717169562,0.2330317506666236,0.8770500961401134,0.6440183454734898,53810380.8418124,1.4026396111721324,0.0722267795736136,1.1345,0.0819412814262647,3.226389879796831,8.916614436853093,2.8438870690143947,7.859510301324894,1.9613923485313052,0.2614187378348569,-0.018753376206821,0.0800424139426974,0.0070886901742523,-0.0290078557578647,0.0290078557578647,177.87106235976012,41.682951354689976,0.09353115432595285,0.04824692894271819,2.228478135402931,1.1070069630201758,8.697901982660504,3.2791008510674327,0.07166383295782737,0.023365413967260773,0.0143720433349666,0.01153378178488975,49.01129779959924,15.91324283054591
540,539,1,A_standard,False,118.46417011487988,66.3012823558297,323.76434476469416,631,80.42381228696125,0.2945234802181783,0.0646308543348129,195.63564904852532,0.2698990754892009,7.365286892938796,0.2347859562451736,0.1774145975919815,0.8630300761085361,0.6856154785165545,13545040.471805329,0.3530696122841996,0.1396982922787506,1.13475,0.1585226371633122,1.2699840112431204,4.907830062435507,1.1191751586191854,4.325032000383792,2.4325587594688405,0.3618274546326953,-0.0059289911703547,0.1059212553323439,0.0549375272486467,-0.0096933270861661,0.0096933270861661,150.00008570756717,31.15496943730713,0.09388704532543907,0.04792003193079349,2.1760372472485305,1.0268458500357271,8.616977292965078,3.1497429363696363,0.07170310775865152,0.023309710479147653,0.014368101003515947,0.011533838317693567,48.81872386739933,15.621820667396115
541,540,15,A_standard,False,125.86791406271334,69.79488751721861,354.9696300797464,853,76.63875397373657,0.5893621860067575,0.0495256836692375,252.4255869903744,0.3317093922902352,9.32232367467616,0.2250310792047494,0.1227245878692368,0.8299029825698666,0.7071783947006298,21133130.789138243,0.5508633443808256,0.1025379039352742,1.135,0.1163805209665363,1.196870456282246,6.896751031179914,1.0545114152266486,6.076432626590233,3.293706824577008,0.5729033817985534,-0.0050508852843125,0.0827212395907454,0.0200715868143668,-0.0294540968548707,0.0294540968548707,233.24747694808443,37.50494740874718,0.09356337228088794,0.04776325164443297,2.1900578362101295,1.0207969886556152,8.627396067471231,3.1400106148430718,0.07169311069585625,0.023299612605452824,0.014140145147618249,0.01144074054102742,48.965839001200564,15.490330722955928
542,541,2,B_optimized,False,128.73633557118814,84.36635007879963,703.962606781134,1557,53.09853089275776,1.0340994186853512,0.0471996708407716,122.95715277946614,0.541197505656846,8.954844886078885,0.2215094339940275,0.1375754724081392,0.8360248865654291,0.6984494141572898,92471406.66550893,2.410391003757129,0.0552941805524629,1.13525,0.0627727184721835,2.4880642236411847,12.631517587906073,2.191644328245923,11.126639584149808,2.3156413315426883,0.3352891882764454,-0.0163729337098937,0.0767013537080976,0.0041113034667034,-0.0430883673740682,0.0430883673740682,130.5115103510077,42.9977598611197,0.09265902925446515,0.047927306865545395,2.2546808039989443,1.090035696413327,8.69379153682829,3.1222880791481002,0.07101381768633508,0.023144449098119337,0.014170039631534096,0.011467825485397359,49.62504691958556,15.41067653936741
543,542,4,B_optimized,False,134.76540647270068,88.77862005762293,668.3912918488058,1441,53.63174302705815,1.1333217816629846,0.071464651656913,133.67074790544524,0.1314273031674358,8.122050628229106,0.2145251081369771,0.1751024952585254,0.8500662319734765,0.674963736714951,85507292.28692009,2.2288620398039147,0.0568394209220008,1.1355,0.0645411624569319,3.080652343358913,11.874922822334613,2.7130359694926587,10.457880072509568,2.4923811974189616,0.3757518994717585,-0.0218420508761366,0.0659887794327656,0.0804038143982129,0.0089391627412998,0.0089391627412998,121.57579359388296,51.92273819171474,0.0941680681242767,0.04817671949002435,2.1982748121900655,1.0862557472158463,8.593588942470674,3.156386748154126,0.07182836380058888,0.02296155224388493,0.014389073613533906,0.011574789063730618,48.934692394280525,15.259472015681187
544,543,4,B_optimized,False,134.45884551973566,85.93025413588018,670.3497209039934,1660,44.46686857073592,0.8082732327361746,0.0759998153531893,192.10930723289007,0.1703412808139342,9.018926211167296,0.2148673674103471,0.1440099431896723,0.8349541012346675,0.6909441580449952,95621514.3161462,2.4925027766365906,0.0447740761192701,1.13575,0.050852156952461,3.216368838210209,15.431790400419288,2.831933821888804,13.587312701227637,4.32027964657082,0.7892282286617323,-0.0068533727942814,0.0446073152454513,0.0697091657892507,-0.0062906495639385,0.0062906495639385,181.1356733131231,68.18911771719574,0.09434570278612524,0.0480308682940886,2.1935413383883473,1.0825469712555793,8.550127816758254,3.104181777694248,0.07222890588947989,0.02281520817649555,0.015160568221962361,0.012768481812124784,48.496828376426855,15.16217822033485
545,544,17,A_standard,False,137.31699243189476,66.77773647115008,318.76563149569165,900,61.4151206225902,0.6014206077165287,0.0471021723756277,206.0684772320092,0.2307226386330941,7.884586275288851,0.2117268954436797,0.1883640082835541,0.854113042654353,0.6657490343707988,19157802.602471128,0.4993737708758707,0.1127889078551393,1.136,0.1281281993234383,1.6700579149634096,5.902610877532875,1.4701214040170858,5.195960279518376,3.3553378246758903,0.5879113862332508,0.0002494308110465,0.0857925770471519,0.0508466043922752,0.0037444320166474,0.0037444320166474,234.00478841285155,41.99548079583561,0.09441712351812345,0.04807322028413008,2.180463077527013,1.0878853322639273,8.555156081991743,3.098831272961411,0.07206323478254303,0.022662413648607087,0.015209266474230432,0.012788325514103084,48.47367803691438,15.185811809850243
546,545,2,A_standard,True,119.05332561959106,62.44461697277527,315.8386068906646,806,84.52254122702193,0.7677691702948835,0.0297482888390156,132.54838502851857,0.0562187860045814,8.422428779267996,0.2339720366308521,0.1393714211613356,0.8449747146317859,0.7056032934704501,15896271.190997006,0.4143575885101621,0.1259844129963638,1.13625,0.3099316517466808,1.106259241493296,5.60071898331435,0.449684375170721,2.2766416062828174,1.5682016075747462,0.192818628510052,-0.0222395279597001,0.1360124802764311,0.008708880535767,-0.0210394083032486,0.0210394083032486,98.30943082595589,10.61839881299206,0.09333434451599057,0.046132515408312084,2.1865893807674954,1.0798718725049792,8.579887541654855,3.061855266717237,0.07181897246918527,0.022269899641964533,0.01582508147101035,0.013264835077251663,48.65535046649174,14.885455185901376
547,546,9,A_standard,False,128.48355590768577,68.11879482708451,458.1114634683071,1008,86.61275108883045,0.6512075394290888,0.0436466462099554,313.8668966461285,0.2997409363284484,9.651726075656116,0.221814403752773,0.1175499576043429,0.8244535122650951,0.7069035546607522,31455648.794236496,0.8199335946649099,0.0891649753622053,1.1365,0.1013359944991463,1.3183422877293731,7.928040710931321,1.160002012960293,6.975838724972565,3.623795488544465,0.6510812802622639,-0.0020216027023953,0.0734713821581858,0.0294615032423805,-0.0141851429675749,0.0141851429675749,325.388306556316,44.35856343044249,0.09313948781101318,0.046245547975441406,2.179452076323201,1.0813398300480124,8.616282634201337,3.084896585903206,0.07151676940038275,0.022644753802414343,0.01568416852322168,0.013377269586310397,48.74030997182314,14.963398493240705
548,547,12,B_optimized,False,129.58496096134024,87.27327681771101,642.913778698456,1467,46.70618522593052,1.1675491261573512,0.0802133477474543,182.3130215648048,0.2781894162256783,7.753381126795786,0.2204929997058972,0.1809442579074247,0.8563572664755821,0.6754130085681573,82312184.92552347,2.145577289223591,0.0460630450334314,1.13675,0.0523621664417532,3.928187070049313,14.662795481235742,3.455629707542831,12.89887440618935,3.9034021015183984,0.7116481334712644,-0.0049874997744158,0.0528582072286467,0.071979697447052,-0.0082336503004023,0.0082336503004023,196.429580275004,66.94256044677589,0.09308519820730858,0.04627848478623378,2.187552724270379,1.0788442893760006,8.621094745401448,3.0882284091710117,0.07231042727886333,0.022194714501010484,0.016158812051820178,0.0132831344398451,48.31565984815041,14.850386188963057
549,548,11,B_optimized,False,133.1701606877214,70.78725173273635,707.6706620827377,1567,50.754664882087255,0.7420670900349139,0.0666741766481308,181.96413798494083,0.4410303169686878,7.233627379228293,0.2163207503963701,0.2091332432243403,0.8653055931311313,0.656172349906791,78497394.05823287,2.04613965850826,0.0565830187303152,1.137,0.0643348922963684,3.696042521540015,11.596630307658645,3.250697028619186,10.1993230498317,3.5851707110603166,0.642256317019185,-0.0033276456025329,0.0616268009570069,0.0644704645441413,-0.0022037121039895,0.0022037121039895,169.64922624542217,60.8372878704172,0.09429423284154906,0.046223872906483894,2.160605296008904,1.0857586184708836,8.511413598175139,3.0952297037644114,0.07337291248299285,0.022165975431292236,0.016282734775977144,0.013172659405154876,47.75550558815211,14.772827894078096
550,549,14,A_standard,False,123.44196856983324,89.66594884589247,302.89202875907745,998,62.182675008988994,0.4109157006566397,0.0918612446572248,249.8408217203628,0.487098035054067,8.47037171432699,0.2281177294244338,0.1448231461282179,0.8441648915893661,0.6993417454611481,27104782.95422695,0.7065224521563046,0.0983572268517163,1.13725,0.1118567562371144,1.4724199813660244,7.110222276960675,1.2947197022343584,6.252118950943657,4.017852588108285,0.7345540986544595,-0.0015058246195344,0.0816357288641848,0.0871448782155798,-0.0047163664416449,0.0047163664416449,241.22470400497963,46.00422877181513,0.09391197655906611,0.0465735399736101,2.2028029673395495,1.1621923189116634,8.59682474319777,3.213293914847683,0.07384107811566515,0.021830771283855074,0.01652819168309451,0.013140696987935728,47.74708240332662,14.762948391775666
551,550,17,B_optimized,False,142.37625430590063,88.90927765393039,652.802136765048,1753,64.08663879080103,1.0197535244725946,0.1159983159853144,207.6011772676988,0.183276402058635,8.74027430749155,0.2064318635896181,0.1645943834762353,0.8396203226680943,0.6750259391918589,101744411.75305688,2.6521042948901448,0.0570220799837286,1.1375,0.0648626159814913,2.886502623601291,11.837974682517354,2.537584724045091,10.407010709905366,3.239383141084593,0.5595616284896077,-0.0098696346787819,0.0595747545466081,0.0971662227321949,-0.0188320932531195,0.0188320932531195,195.8997396759244,54.11350498163758,0.09545088823216469,0.04658202871592024,2.1529867421995696,1.1415910218514387,8.469625590963057,3.2240831905632987,0.07408549250050585,0.021642520369863368,0.017642099845076788,0.014698255257052746,46.93297296615769,14.794137963580367
552,551,8,A_standard,False,130.8908034351849,81.13656736779404,316.8143668643547,894,91.3453244869722,0.3494206124573727,0.0547760668958746,320.6955119827046,0.2042586454220573,8.110447737145279,0.2189508492214282,0.1693497087359282,0.8502635193817067,0.6809138106457785,22980475.81683621,0.5990168655195878,0.1000203187686815,1.13775,0.1137981176790674,1.6931530595056967,6.807754854496491,1.4881591382163892,5.9835243722228,3.510803796295482,0.6249948841726416,-0.0045220293454722,0.0775963763506439,0.0576953561213881,0.0029192892255135,0.0029192892255135,309.90297219560875,45.10708370965671,0.09525458771896643,0.04650250142758336,2.1786927249118393,1.1358174808590034,8.465186235612162,3.2278865257143923,0.07448641650133091,0.021770686402131763,0.017839053260281405,0.014608791139908673,46.813604665061575,14.81935224104951
553,552,17,A_standard,False,126.89093455146543,63.176497457661824,238.87550233880893,868,87.65695525892109,0.294726284971642,0.0575408077296999,144.54449793612795,0.2688412394007148,9.003381313706033,0.2237595656092889,0.1333747169239425,0.8352137271089233,0.7018390101849807,13099263.647466334,0.3414498426081866,0.13418000991227,1.138,0.1526968512801633,0.993998413110462,5.230578017126836,0.8734608199564693,4.596289997475251,1.64897922257478,0.2057035372894142,-0.0181126767010232,0.1099925746655548,0.0435718745156089,-0.013968933214091,0.013968933214091,118.87632877757892,26.12847832397861,0.09518067866786811,0.04655725208045633,2.1707999019228397,1.1300085874284804,8.48601552830771,3.2431860502630396,0.07429613407098863,0.02201138817315295,0.0177098326285272,0.014647172722455488,46.85567092814865,14.875355333904423
554,553,7,A_standard,False,141.81914931979736,75.18059282449349,296.9671792820427,887,91.32315942547343,0.7209836518459205,0.0436029646763079,117.30807310008583,0.4886438789495319,7.798740863766488,0.2069991748420567,0.199023389974032,0.8555807359538358,0.6565573459798038,19803311.53741551,0.5161998253908945,0.1103033173727933,1.13825,0.1255527509995819,1.8043282352188068,5.952290117991918,1.5851774524215303,5.229334608382972,1.2845380496917438,0.1524566170167389,-0.0198862081277451,0.1083343144394765,0.0322298353665218,-0.011373129309786,0.011373129309786,96.81426683633312,29.560150817625058,0.09540195374706494,0.046739503286196596,2.169383887109734,1.1315591646174623,8.477181500481775,3.2519661286128705,0.07443022078961846,0.022018615109208616,0.017493904574460036,0.014757789195899528,46.82113917708995,14.879638411569978
555,554,20,A_standard,False,134.05266523352202,63.347817818668986,230.4120074932657,887,85.83525091833341,0.3832738573583201,0.115203286954687,191.3727587564153,0.1307173815342962,8.127546009583492,0.2153228950336751,0.1737658220885686,0.8499728083451316,0.676206986256563,12946738.814164544,0.3374740786472247,0.1391674426322791,1.1385,0.1584421334368498,1.2486097236672549,4.858945263823654,1.0967147331289018,4.267848277403297,2.229535729306528,0.3163786837475464,-0.0104006814419349,0.1071817745308592,0.1199161963279645,0.0047129093732774,0.0047129093732774,168.56908847014822,30.68095391469185,0.09520834786580128,0.046869115438569864,2.14856148661209,1.1216248289751403,8.526453550920046,3.283135957168812,0.07454796997553621,0.02187210125246738,0.017357606801425823,0.01485799179904925,46.81425018698761,14.872098565216469
556,555,11,B_optimized,False,130.1640383470092,73.17845508292145,573.6327522182623,1474,54.73499152510392,0.611563800608139,0.1498023513846672,226.0449388949256,0.2978662213622094,8.37457488256361,0.2198058858361201,0.1586934618354444,0.8457838084071608,0.6870903465717164,61874921.36504536,1.612852655696803,0.0634781393632458,1.13875,0.0722857311998962,2.49997027996269,10.824046726384438,2.1953635828431963,9.505200198800823,4.129806776187245,0.7558032385618699,-0.000531676749068,0.0588081259603679,0.1472650362928609,-0.0025373150918062,0.0025373150918062,212.95505184083345,58.033773097000186,0.09614651744452044,0.04734792895485388,2.145026145926143,1.125079245097769,8.4769430632666,3.319176063461692,0.07464467517600233,0.021956865229963516,0.0175007223345477,0.01494181324109313,46.868438477098294,14.823278078704329
557,556,15,B_optimized,False,126.63796509380298,82.07633412457231,555.6267519655167,1742,51.12284648307435,0.8840401013726509,0.0502962766565382,125.87475082687654,0.072489965734542,8.287361038037444,0.22407235627108,0.1561452656335749,0.8472603769563711,0.6911151113227962,79441831.6944841,2.0707576897907742,0.0586152100404696,1.139,0.0667627242360949,2.663903541858294,11.790712868650138,2.338809079770232,10.351811122607671,2.462201529966664,0.3686998626947375,-0.0209697849747365,0.0631458189887162,0.0271935782205234,-0.0231026984360148,0.0231026984360148,110.1238565182024,48.22556718889951,0.09752962551966553,0.046895880445670196,2.1144699082506473,1.1223244674615602,8.302232760671103,3.2176489624008244,0.0753956152957833,0.02183148094454955,0.018125071406498054,0.014969984319393247,46.147060068376476,14.677996615686613
558,557,18,A_standard,False,119.5055746737823,55.78905888923023,394.226328944835,891,86.53682708811318,0.7220344803456961,0.0338100459397039,117.8176916335216,0.0573918322999479,9.61327162928885,0.2333518843284911,0.106110417845074,0.8250878342262209,0.7189774163811469,19596222.65013891,0.5108017763196266,0.1063085219033725,1.13925,0.1211119835784171,0.9981365176116496,6.763121182652227,0.87613475322506,5.9364680119835205,1.3614745952443776,0.1626658108819695,-0.0264551624625204,0.0963129832780838,0.0359107692449304,0.0021007233052264,0.0021007233052264,61.1628620982746,30.779865948370205,0.09769547255288058,0.046765450412064355,2.1155266567977353,1.12328952833717,8.265397607437068,3.186954341085392,0.07520441360115569,0.02212744920567784,0.017891349043579943,0.015128585101333391,46.213197734796424,14.78224999703288
559,558,16,B_optimized,False,140.65556172539874,82.06596949597781,582.3167371712937,1748,64.81227796485277,0.3316613918287109,0.023134764650678,238.80839800004375,0.0822576062143979,8.369556250000333,0.2081963880674621,0.1750801550652592,0.8458687062310466,0.6707885511657873,83534101.50678986,2.177428180661633,0.0561990943291486,1.1395,0.0640388679880649,3.1153554546598947,11.935931693793696,2.733967051039837,10.474709691789114,3.684616642074328,0.6647683039502597,-0.0116533093917854,0.0499764715581075,0.002045745411199,-0.021089019239479,0.021089019239479,231.1546424435357,58.09528945053166,0.09733894760368532,0.046970305803306356,2.1574159093943934,1.1351105000268742,8.296600862508182,3.2005938364246,0.07488683151159053,0.0221640347510306,0.016925187750823936,0.014536061166745337,46.66637272349066,14.714495657980782
560,559,18,B_optimized,False,137.95378147162822,83.88098047095664,669.9919018294506,1790,67.40941706313808,0.5756817976693753,0.0662911440130609,156.43276343653224,0.3040627767331159,7.696097865078649,0.2110422948974895,0.1970688428493041,0.8573389274440084,0.6602700845947043,100597243.96316887,2.6222018307636064,0.0456923333652337,1.13975,0.0520778369530251,4.312952049834459,14.45034726760287,3.784121122908058,12.678523595176898,2.320636644728906,0.3364034099117924,-0.0192120196595502,0.0636391785833102,0.0232318472685886,-0.0430592967444722,0.0430592967444722,133.42641802610663,53.63148642333557,0.09759959167919562,0.046737599734050256,2.1283197479863705,1.0894210058521252,8.25061751217173,3.1515258318721364,0.07467002878630706,0.02224858524921551,0.01705607277050529,0.014432572898988864,46.695186499612255,14.740600660024354
561,560,11,B_optimized,False,131.27688827610802,82.69565340848152,647.5739747208313,1625,65.04305968726209,0.8933353596161531,0.0466389046483915,114.43388969853386,0.1435936777177145,8.527981701491012,0.2184998965737634,0.1551499640562507,0.8431928051444089,0.688042841088158,87021273.57603328,2.268325988831265,0.052400784759375,1.14,0.0597368946256875,2.960832834254316,13.130391925381616,2.5972217844336103,11.51788765384352,1.7593558828374796,0.2243238877165823,-0.029610917234194,0.0755436972886178,0.0254214769222658,-0.0212174277261256,0.0212174277261256,66.44603180526047,46.596043003737655,0.09642454536348011,0.046781552175790164,2.1709729368391373,1.098946130495199,8.33546315088571,3.1325751265647557,0.07413396986359161,0.022742065153676817,0.016691095888806885,0.014582015161776127,47.160211193676325,15.128533645894692
562,561,1,B_optimized,False,125.5069979032385,73.24952017180222,669.3809413959874,2183,48.17528002211874,0.5375122295598953,0.0758646402821836,339.6892156226018,0.1234326344558744,9.008850840270126,0.225483863952225,0.1311582726043142,0.8351223676326028,0.7039640950282886,107036490.93561184,2.7900494231495463,0.056434391135929,1.14025,0.064349314492743,2.324084126085523,12.474026579514366,2.038223307244484,10.939729515031235,7.051110350923547,0.9828946447630924,0.0038905144452787,0.0383875665465409,0.0749233109978507,-0.0009413292843328,0.0009413292843328,331.99093475997853,66.84739669418714,0.09654579449864208,0.046672603772707114,2.119982370412857,1.0546606116535222,8.334111204432181,3.1308099614144282,0.07425661200583394,0.022589580680362698,0.016702602103537766,0.014577810086117911,46.9087714130661,14.731137345037707
563,562,10,A_standard,False,135.3698240929096,78.15608734131703,545.9788055286117,877,85.2072089870174,0.57876080612931,0.0432460694332324,165.55772797853186,0.1484726534134777,8.774235441518796,0.2138541695763971,0.1531393735489359,0.8390502271347173,0.6859108535857814,37422964.44439966,0.975479665373677,0.0740080134011405,1.1405,0.0844061392840007,2.0692269189673445,9.268061957939423,1.8143155799801356,8.126314737342765,1.9430014190906908,0.2578834474596816,-0.0158557842390953,0.0766882910814457,0.0108662444321781,-0.0323798250010542,0.0323798250010542,143.19500277832375,37.52541634453463,0.0949628104334445,0.046620684233050484,2.1830050313855676,1.0700703649851744,8.454323313791562,3.122281425904331,0.07329802276915022,0.022572552985558048,0.016658810732039387,0.01457465590578475,47.69159704415841,14.81957181714918
564,563,4,B_optimized,False,130.53225986136863,69.20106070163428,695.07318201915,1790,51.03801103845076,0.885389922157837,0.0452627922957874,369.0908309522923,0.3277902122703489,8.718807571162978,0.2193716630463993,0.1476871171010766,0.8399808782237228,0.6922937611226462,86098644.61516365,2.244276429867268,0.0520039605906528,1.14075,0.0593235180437872,2.839920564196829,13.312327623890203,2.4895205471810917,11.669802869945393,7.231685236993827,0.9856801501851228,0.0069872191119451,0.0402276469785461,0.059372219896449,0.0141094276006615,0.0141094276006615,393.9614824618676,67.48445074002004,0.09376835616312147,0.04673995141165756,2.204912025408429,1.0787197526700547,8.570689146885972,3.1106459737699756,0.07235329797955903,0.02298023164950546,0.01673095289910486,0.014499936235768809,48.24483655690765,15.140026734986684
565,564,18,A_standard,False,123.8027851499035,79.2807427731484,324.33248444446343,930,88.68472321501196,0.5494854322390941,0.0751692242437651,222.83674147884724,0.4471912763015601,6.5019498564859655,0.2276521398908761,0.2275960804061842,0.8780611883868203,0.6504651079806361,23913387.853162427,0.6233344666110416,0.0949547584476375,1.141,0.1083433793887544,2.396889678063804,6.850263416122873,2.100692092956883,6.003736561019171,2.5126846360966817,0.380526202923427,-0.0104162210896515,0.0945170562758129,0.062016386859169,-0.0131528373845961,0.0131528373845961,195.48715962561025,38.94438161162008,0.09425135675355874,0.046740019316476526,2.200749169318331,1.0766031214870082,8.527770355626563,3.1353646061137628,0.07279296179239254,0.02333785544775777,0.016479844986535874,0.01439129686435259,48.10198024452486,15.236596758426607
566,565,5,B_optimized,False,134.67177337890436,86.97878943969415,593.5411166674809,1658,69.50988856251774,0.9812916241624728,0.0730018132358445,251.2049234886704,0.3279719141891735,5.507487383159672,0.2146295040946364,0.3066435484754185,0.8956999962719121,0.5890564477964936,85595058.78967929,2.231149791189024,0.0543234967355293,1.14125,0.0619966906494228,5.64476822926724,10.843492838177916,4.9461276926766615,9.50141760190836,3.613945133327824,0.6488402142222872,-0.0100187343224075,0.0595694075496643,0.0479291264506012,-0.0250726867852433,0.0250726867852433,253.9751590319097,63.94604622905775,0.0940192491993019,0.046442206130925145,2.201382919873126,1.0759625873842102,8.533569695987135,3.1276911275798347,0.07218807111811348,0.022848505934986607,0.016512867576035546,0.014377294110431808,48.41332890336136,15.041029137733101
567,566,5,A_standard,False,125.38402902897973,78.3684180083832,233.32694469068335,990,61.812422308760816,0.4539697531159553,0.0594583650099723,200.0270606426792,0.1338311261725658,9.275264538620624,0.2256386395954613,0.1233341337235804,0.8306844406069743,0.707350306883394,18102608.898797,0.4718687344297673,0.1217018618033053,1.1415,0.138922675248473,1.0134120538181506,5.81215682654563,0.8877897974753839,5.091683597499457,3.2360333598239994,0.5587359028415251,-0.0082873821586643,0.0867119861401422,0.0847275870620036,0.0252692220520313,0.0252692220520313,217.0915294717829,35.31258768513962,0.09423665004779348,0.04657427195887874,2.21076638841781,1.06777125258918,8.515505365031173,3.144734100370718,0.07233604776541469,0.022941883590426614,0.016253759123210764,0.014255532859025402,48.400983800282184,15.050415420281329
568,567,5,B_optimized,False,141.9940325393029,81.48667662015133,781.9094151510812,1442,56.92911753600018,0.6997359614563444,0.1053937318122838,66.60665758618276,0.0551750886637723,8.438857446206132,0.2068206802882434,0.1745873240980121,0.8446971240755545,0.6701097999775424,91877317.907799,2.394905284996549,0.0525429513684338,1.14175,0.0599909147249093,3.322754423781734,12.753562229093264,2.9102294055456395,11.170188070149564,1.1699927992746912,0.138237415363462,-0.0287292488522049,0.0738468258959427,0.0528756693320906,-0.0525180624801931,0.0525180624801931,47.157388358294575,41.0814223511372,0.09401994628328256,0.04674853836766963,2.2410599688765287,1.0885027806417273,8.54933785891086,3.182274747985417,0.07151760707584605,0.02350597725039304,0.015558000497010487,0.013759409234806182,49.05716155109377,15.517983194157333
569,568,13,A_standard,False,132.51055216085695,66.24107800624341,412.9999765100813,752,64.98940566378485,0.5991009369503376,0.0520002369390738,131.903899767534,0.0133633086361101,7.97842258338473,0.2170739469458909,0.1769465303299571,0.8525116095576971,0.67556507922774,20572887.872756906,0.5362598627830063,0.1086616148315265,1.142,0.1240915641376033,1.6284180076313266,6.217145587935204,1.4259352080834735,5.444085453533454,2.029621573244161,0.2748050801568562,-0.0199700301843086,0.0885563287026692,0.0304950227141382,-0.0215052142249356,0.0215052142249356,119.47523100802908,32.725566166345295,0.09529279589510171,0.04679591345977185,2.2245536447844048,1.0874567022825272,8.437886251889188,3.2115173000836332,0.07246173767342623,0.024216671251053822,0.015583529545761672,0.013748057571954712,48.60916014545588,15.755097631585226
570,569,12,A_standard,False,126.06602064215892,68.66579412798411,299.11525287488905,774,72.63992099810228,0.4976793855744796,0.0488553129841281,207.9002275705765,0.3741627106847443,8.694313027780154,0.2247834830893048,0.1416582282982894,0.8403924779962237,0.6987342496979343,15897175.453822007,0.4143811593312084,0.1309187899953959,1.14225,0.149541987872241,1.0820312982060951,5.337157864982611,0.9472806287643646,4.672495395038399,2.8620657169493326,0.4655709987341326,-0.0025464233711212,0.1012141973506452,0.008064563145132,-0.040790749838996,0.040790749838996,229.14111375075177,28.745275357336187,0.09661722664070682,0.04644829242988566,2.1949600212417444,1.0907192077259378,8.284661690569466,3.142847374539213,0.07340332919233665,0.02402605690391254,0.015587121968947381,0.013745602997012192,48.03172634965228,15.55059026856563
571,570,19,B_optimized,False,128.78050815078203,89.19501472766254,625.9060255657273,1583,52.85898348083137,0.6062094088651604,0.017703090229397,259.2403589373584,0.1237782532650022,9.927309935665914,0.2214562458002216,0.1109733952037071,0.8199218905290392,0.708948495325332,88375244.61768448,2.303619056557043,0.0543614974762278,1.1425,0.0621080108665902,2.0413969510725054,13.041371710471257,1.7867807011575536,11.414767361462806,4.90437654805391,0.8703860631100275,-0.0001772836806957,0.0368137401713728,0.0195185949279569,0.0018155046985599,0.0018155046985599,259.7877424176265,64.23990450222796,0.09722938683079536,0.04706960524467707,2.1916620435237983,1.0932020845504098,8.263179580370524,3.167960788656224,0.07376356985474317,0.024348479759328488,0.01564643834564822,0.013699778115081558,47.65457146594676,15.924172487882936
572,571,9,B_optimized,False,134.49288071093116,79.64213652649705,610.9915713696641,1857,60.74678369064669,0.7051626768290523,0.0592853312924733,98.32459863421992,0.4422707547508604,9.413531165846411,0.2148293034573259,0.1323503979606915,0.8283904951120361,0.6960400971513446,90362871.8845942,2.355429222052974,0.0562238972483213,1.14275,0.0642498585805191,2.3539883294846327,12.37979100020724,2.059932907009086,10.833332750126658,1.6185976056763507,0.2007838635144429,-0.0150291880084536,0.0792963190248684,0.0340886312797188,-0.0251967000127545,0.0251967000127545,96.36968277456634,41.79956539218482,0.09410592158567857,0.03670825743759039,2.20585193619024,1.0745755351223854,8.305608922106204,3.0996146105452946,0.07260201209920383,0.022643909224396984,0.015586232260387333,0.013682197454441707,48.3603547796936,15.004660259759023
573,572,6,A_standard,False,137.14284653058365,75.99812442926499,440.9542851387478,690,78.70179828327447,0.4446180062796784,0.0427510805498321,214.7569187016313,0.6059963522901655,8.962220572801957,0.2119150572545655,0.1496839083758807,0.8359015705079388,0.6862176621320581,23123072.054418582,0.6027338273419753,0.1066213534515565,1.143,0.1218682069951291,1.4038830265261046,6.436024679088712,1.2282441176956296,5.630817741984875,2.728742206482352,0.4325983346563881,-0.0084292248480805,0.0988158448499939,0.0505133223099704,0.0077622417601383,0.0077622417601383,191.98942822442055,36.04150782177766,0.0944768191873915,0.03687610476721847,2.199229551662866,1.0821460691294094,8.286221555461772,3.1111120187328574,0.07287308483546394,0.022735469871980347,0.015395996974323693,0.013767932040657656,48.18396406859028,15.104174346286273
574,573,1,B_optimized,False,139.05086795936938,68.75868511458432,693.4147613599207,1908,63.0583925388649,0.6068375361631629,0.0246480211932015,132.768725307669,0.530390526833083,7.113274367167357,0.209875350568054,0.224719807794852,0.8673909445972966,0.6426711368024445,90970172.0351289,2.371259313453273,0.0375705815661256,1.14325,0.0429525673754731,5.981270409651144,17.105701056857978,5.231813172666645,14.962345118616206,2.105488579110852,0.2901797066476245,-0.0206199638237105,0.0698754301132116,0.0037850811252318,-0.0208629400679696,0.0208629400679696,135.20070965080453,64.51545732257377,0.09448113982335377,0.03687108196144291,2.198967635358703,1.0818373122016236,8.282422503860944,3.1054753206312777,0.07241280786045454,0.023372957139288046,0.015496030859768853,0.013732956450833318,48.314004938561744,15.295749382191715
575,574,1,B_optimized,True,120.71239595926848,87.72903744803286,484.7140817862434,1866,50.42840343257389,0.7797572883968165,0.0818889386512026,244.49787572667023,0.1944392247601645,7.243209197030124,0.2317163710754048,0.1866779853275873,0.8651397850083452,0.6784617996807578,79348850.68765813,2.0683340153766463,0.0552428888756226,1.1435,0.1334060119502637,3.3792219981088616,12.2814322981604,1.399322133976874,5.085691340010234,4.848415953790409,0.8639410105258939,-0.001965450063371,0.063666654081353,0.017881996413432,-0.0640069422377705,0.0640069422377705,239.7130873849662,26.432430597653656,0.09480553821096625,0.03667124832315661,2.1752220017855266,1.0712597341567036,8.246493635371081,3.0932128776643193,0.07267429210859301,0.023322906487941747,0.01547963721881497,0.01374962703935188,48.011499203552674,15.192237432100944
576,575,8,A_standard,False,123.80391950789284,73.13196829878486,330.25796665470386,1004,83.8813692330818,0.60440071799723,0.0706931888169256,218.087681968234,0.4713386724805442,5.613595318632293,0.2276506797790659,0.2786109846749218,0.893801194216041,0.6151902095411192,24249024.8084042,0.6320832931577125,0.0952339181722729,1.14375,0.1089237939095371,2.925543651064842,6.459780520930304,2.5578523725157085,5.647895537425402,2.5999537675908946,0.4013012321051409,-0.0083111274918713,0.091109366400595,0.0545518687754164,-0.0161413200415092,0.0161413200415092,165.77736403214544,40.82399157446847,0.09472559393247634,0.03663765924087683,2.1826739378112006,1.0662941797567986,8.247589468174773,3.092501534759567,0.07265812488542885,0.02331684711473984,0.01563824152177228,0.01366843554524607,47.879517887977045,15.238624908819114
577,576,19,B_optimized,False,141.2027170076334,77.03703512271115,578.8518995249373,1741,56.75551966895945,0.8204181249776163,0.1291126752027955,307.4164267701663,0.2117250980856512,8.63351347388492,0.2076313319824886,0.1665286516687467,0.8414150093198928,0.674886357651146,77636472.39343269,2.0236985828222336,0.0520897587978343,1.144,0.0595906840647224,3.1969557070721244,12.956219672094264,2.7945417019861223,11.325366846236244,5.416502721907021,0.9180770931512652,0.0033515411795978,0.0424965160735441,0.1188267073780594,-0.010285967824736,0.010285967824736,297.2896424152224,67.25734657461629,0.09580922775638255,0.03653750516667151,2.1647741665297895,1.0677258195476798,8.152025242200532,3.098232071850234,0.07322478315240775,0.023336671462399042,0.01572086599533175,0.013700584735891355,47.53649979458721,15.288385741274569
578,577,11,A_standard,False,125.04842757926907,66.85090022962365,305.77290176420536,930,83.2468165322885,0.4784041836168304,0.1039206754655258,355.5613701755967,0.0942259202698077,9.108627197461166,0.226062362988767,0.1275664609498623,0.8334575199564139,0.7058910590065516,19010310.186348107,0.4955291836054368,0.1210192482459681,1.14425,0.138476274805449,1.0541005897721918,5.832882530982578,0.921215284922169,5.097559563891263,4.271170778496821,0.7809431000079256,0.0010754931315569,0.0788781674155372,0.1087431347959889,0.004822459330463,0.004822459330463,322.551213790289,44.16671630141224,0.09557734246213653,0.03645771311630504,2.166103142347905,1.066907504096807,8.16809292977001,3.0888254655144527,0.07321743885711159,0.02333532534323957,0.01586248021082148,0.013601800821502273,47.46946802329571,15.30659153693646
579,578,18,B_optimized,False,127.90529656676138,82.73602765936818,738.296551882265,1374,62.41248055373647,0.7387979753806383,0.01,270.4731955190844,0.4918775124637925,9.190178046191512,0.2225159040694417,0.1293852648198159,0.8320992445799577,0.7027139797601417,83929036.68991509,2.187722694899052,0.0522130915202354,1.1445,0.0597578832449095,2.4780234430223693,13.45857828563553,2.165158097878872,11.759351931529514,4.333639572075811,0.7914420254256577,-0.0007901106875956,0.0506726138342415,0.0066503397767528,-0.0033496602232471,0.0033496602232471,265.9488937844421,62.60115078966065,0.09389384862503594,0.035701916287803344,2.178917043603553,1.0548449034366798,8.282455833052614,3.0595996809332235,0.07195951737903043,0.023005370937169648,0.01571170566996218,0.0136648558009863,48.15418920381067,15.096761577514048
580,579,3,A_standard,False,124.74903285161513,57.047425439054685,337.542971097802,961,91.17105811456032,0.3802497831891759,0.0737770117158258,324.0198117790556,0.4759572761395326,8.675430471276776,0.2264420074371849,0.1402285214150944,0.8407099131013297,0.7004813916862352,18504975.134607878,0.4823569490031906,0.1246504377019656,1.14475,0.1426935885593251,1.1249741597408225,5.619566241404296,0.9827247519028804,4.908989946629654,3.553976650922609,0.6350577113355077,0.0053116840860322,0.0958382513866362,0.0442177586320431,-0.0295592530837827,0.0295592530837827,291.4932060358837,35.08668905171608,0.09267671856213708,0.03563787769859206,2.200686827056858,1.0535725909695404,8.389343628024097,3.0440757867257897,0.07082758216275167,0.02256728967299029,0.0155649420151312,0.013751536017206143,48.82133648750606,14.995007023773624
581,580,2,A_standard,False,125.4748900131597,70.9110015531361,403.0443732655331,728,91.48495298580352,0.5899740163190976,0.0463211266308463,187.91193687080508,0.1558294019750991,7.8459331417726865,0.2255242518998106,0.1704270041210046,0.8547735808496797,0.6843465767286752,20806443.97003171,0.5423478151138298,0.1015918730626671,1.145,0.1163226946567538,1.6775653306035256,6.736233481063341,1.4651225594790618,5.883173345906848,2.0540201501766626,0.2796940248763788,-0.0150415456745545,0.090211096877169,0.0122381784906475,-0.0340829481401988,0.0340829481401988,181.23201527364344,31.38456871785882,0.0919395878607659,0.0346163590766895,2.2026824631650457,1.0515313385421956,8.41921894689101,3.0099396005533405,0.07061408344916789,0.022264808615872905,0.015578204051954765,0.01374117253048367,48.85036690669201,14.960535861783049
582,581,17,B_optimized,False,136.9919729607416,74.82032457216384,493.6320263844101,1688,45.71770283232117,1.1348718480373643,0.0114553127334344,783.703203273524,0.2842419631348092,7.435722538089856,0.2120784023822673,0.2066030093287339,0.8618151704321899,0.655212161103456,62344099.83540449,1.625082420603494,0.0573372178700585,1.14525,0.0656654487656846,3.6032967242490095,11.427344845861573,3.1462970742187384,9.978035228868432,17.142226199507714,0.9999992787117018,0.0033238036397532,0.0371775919848859,0.0092981545138384,-0.0021571582195959,0.0021571582195959,784.5984038590858,70.58840816903924,0.09188518583957395,0.03464999790736061,2.219263128791896,1.0579302541349203,8.417709687561262,3.009402820896151,0.07034527400297197,0.022490248268518725,0.015724304845532982,0.013638136216196781,48.946263920112415,15.035781088469907
583,582,3,B_optimized,False,136.48009889766448,93.15441368186951,750.5816777239841,1377,55.09876365940912,0.6561192360626049,0.0297240801220302,127.12348703856291,0.1890406321774554,7.174635203909235,0.2126348756172848,0.2174953812779325,0.8663271208191272,0.6488317395411947,96279834.64172354,2.509662777198732,0.0543106979764095,1.1455,0.0622129045319771,4.004650821692699,11.946665458488892,3.4959850036601474,10.429214717144385,2.3071930946467667,0.3334089543338649,-0.0222660120794708,0.0646058985737547,0.0275554563552659,-0.0021686237667643,0.0021686237667643,91.99458158853427,55.60822663730922,0.09290805568270963,0.034648125729637776,2.2256057949870685,1.0596109295563099,8.310289474910782,3.034708750940916,0.07043902097323794,0.022469385609453288,0.015417009148408975,0.013641592637228988,49.11661769590232,15.075648424143962
584,583,2,B_optimized,False,141.5075183487831,72.98748140653443,786.0022909723222,1332,46.08488277559428,1.0782866358510623,0.0456956301723363,173.49303357809757,0.4828902685996948,7.8365751508348,0.2073181702296721,0.1969777656886617,0.8549335750899298,0.6579558094012681,76414612.36031732,1.9918491653874475,0.054977308636182,1.14575,0.0629902513699055,3.582892116312609,11.967770444263794,3.1271150916976724,10.445359322944611,3.764640878504661,0.682360469625033,0.000426695580264,0.0608713677713518,0.0547349644413847,0.0090393342690484,0.0090393342690484,157.02928178073486,60.47727965978324,0.09298967751956148,0.03472065375360433,2.2380046896178296,1.0470506750993642,8.29993877274142,3.0438394141655576,0.06967926732243337,0.022217482638927876,0.01556505004514986,0.013533871647659575,49.55410896495798,14.848344449389106
585,584,9,B_optimized,False,138.30554628536123,77.3005619671506,616.7490195958626,1643,47.13135602458552,0.5917521527375773,0.1031515377709458,330.04826739178617,0.1851270105523131,7.022173746103551,0.2106664175284346,0.2277888475529459,0.8689727822988196,0.6411839347458737,78330100.2616393,2.0417789217482776,0.0575234345467404,1.146,0.0659218559905645,3.959931275797813,11.146482121558334,3.455437413436137,9.726424189841476,7.002732262140313,0.9820619856783264,0.0047588477115085,0.0407061693279728,0.1050793921988681,0.0019278544279223,0.0019278544279223,341.74907215872975,70.76285921012716,0.09294903625049235,0.03475640376086975,2.2192131022700337,1.046399091650667,8.316631434759335,3.0582638543515035,0.07012753171722044,0.022037217774387843,0.01567871696715411,0.013604892636575324,49.199353645382,14.852008841867221
586,585,19,B_optimized,False,120.73625704962012,80.85958962157854,676.2631490683679,1694,50.495199380157565,0.8145555139883098,0.041586261910201,308.6945058160769,0.5043559308512275,9.755954065008588,0.2316843142722217,0.1043190249443972,0.8227366796689234,0.7184176547245262,92631919.04251066,2.414574973737343,0.0509221526525323,1.14625,0.0583695174779651,2.048598095532583,14.108155631727788,1.787217531544238,12.30809651622926,6.113343636729565,0.9574398136094724,0.0070875169685935,0.0496439016900268,0.053348940994512,0.0117626790843109,0.0117626790843109,330.0777950477245,63.872921078593215,0.09391424345651676,0.03426485557101979,2.1756566860729056,1.0250382650487464,8.198778674203117,2.9997228728181367,0.07053340174411493,0.02210206208005961,0.015213127945990302,0.013035153827467815,48.87711885246292,14.928471508788961
587,586,14,B_optimized,False,130.29132451706406,71.26254138330434,750.7178376365924,1763,58.81695630303577,1.036621081709614,0.0284267226773278,273.9519168299234,0.4480412037595062,6.697628446934399,0.2196555485377553,0.2296563425146373,0.8746315483221118,0.6449752058074745,94317081.49321714,2.4585009888973057,0.0503088033605899,1.1465,0.0576790430529164,4.564933514092315,12.820324927718788,3.981625393887759,11.182141236562396,4.657703051114593,0.8399294239774762,0.0038636801751687,0.0502056781406236,0.0118119095907028,-0.0166148130866249,0.0166148130866249,250.6412952689119,68.50658860144706,0.09517635852061251,0.03414227456843317,2.141588750186103,1.0389536823344103,8.084802622191738,2.9792323989504967,0.07044806980975361,0.022090556764862834,0.014861073846138748,0.013107188254606359,48.867649416438354,14.930098049122908
588,587,2,B_optimized,False,135.8292307761197,82.64415622870077,607.9889730760832,1689,52.42381897089492,1.0262714304506635,0.0159256435812478,298.1274091002178,0.3164405319481861,7.802946723110777,0.2133475984520874,0.1892398645030579,0.8555087699360056,0.6662689054329476,84866736.55714768,2.212165097212423,0.0522663023116837,1.14675,0.0599363821759233,3.620685912972164,12.747580677502942,3.1573454658575666,11.1162683039049,5.686869345892839,0.9362473734758642,0.0007283912918954,0.0395753807653501,0.0121827599840722,-0.0037428835971756,0.0037428835971756,273.89783055712,70.30247170503756,0.09566609558112878,0.03386556555318964,2.1507740295080966,1.0400507623399902,8.00924325923713,2.953142205430072,0.07108105180250714,0.021601163179279348,0.014896733453016082,0.01307092035684998,48.47092526504812,14.704427481303748
589,588,17,A_standard,False,138.7935324443825,78.63207711388891,334.08055584710405,1114,71.27614891706207,0.4904021516557152,0.1059785651170444,86.14456098856252,0.3938375379788529,6.063781586569126,0.2101476641294542,0.2796295643458213,0.8857897741727003,0.606160209826879,29264165.10499708,0.762809638623767,0.0924946041396052,1.147,0.1060913109481272,3.023198671392409,6.553465636892515,2.6357442645095106,5.713570738354416,1.208602909913126,0.1429015215562612,-0.024634819325189,0.1020256045843731,0.0895261049876289,-0.0164524601294154,0.0164524601294154,116.30413513664352,34.54013573555043,0.09525034118147124,0.03413316489291069,2.204385151457354,1.090229854990503,8.037641564044904,2.961107399871698,0.0705565922501773,0.02177984320325699,0.014579942344077978,0.012828240435026964,49.08764048843497,14.881566652596717
590,589,17,A_standard,False,135.03037034888243,60.41929368772674,315.2292708044406,827,82.38576110050471,0.5733365017636707,0.0147191781527744,449.8040119501456,0.0657290622965802,8.296554861298064,0.2142303544144388,0.1690815918836599,0.8471046000354356,0.6780230081517757,15750984.020437092,0.4105704839174344,0.1280603699720824,1.14725,0.1469172594504715,1.3203272169252696,5.2945576238737,1.1508626863589186,4.6149990184124645,5.459730006031224,0.9212700819843036,0.0088414292208762,0.0756767216183904,0.0260636347139242,0.0113444565611497,0.0113444565611497,445.3590890621695,46.72240237913224,0.0953861736894626,0.0340005326902107,2.2256784400257343,1.1061926139929616,7.996717291585891,2.9237890887609783,0.07104343448571888,0.021356002556204984,0.014493543895806793,0.012846009107669577,48.905347017986415,14.706408546925987
591,590,17,A_standard,False,143.67955163209658,75.11007505340781,336.081787791479,920,71.52168452278161,0.431921021246872,0.0595959799943209,200.7131179920457,0.1965931221038745,7.99761629024287,0.205119312679951,0.1938897546336449,0.8521844152039,0.6582946605702551,23223678.040693343,0.6053562570527936,0.1108937371600126,1.1475,0.1272505633911145,1.748428356723827,5.936265450413827,1.5236848424608518,5.173216078792007,2.806325372944944,0.4517321257693762,-0.0067773112779038,0.0901200719558057,0.0430973057806892,-0.0164986742136317,0.0164986742136317,189.3371501546813,36.8876922547883,0.0943786159154884,0.034353336480832816,2.2436212554988053,1.1113876829015839,8.108378124977937,2.9525905174056635,0.07024518833859557,0.021206094152715065,0.01448321327749209,0.012847316920354452,49.340463533002136,14.7275084449041
592,591,19,B_optimized,False,133.83012068328128,92.89528381973992,728.0997968473563,1696,49.812655000252754,0.715948420459953,0.0325962566032333,385.39929564128335,0.3728098595756355,7.643209646360461,0.2155734731160292,0.1924972811558293,0.85824626981083,0.6657489886550007,114712415.2221823,2.9901326652353557,0.0452516055296346,1.14775,0.0519375302466381,4.253932626318981,14.712162825228614,3.7063233511818616,12.818264278134274,7.736975586612033,0.9913110442298032,0.0085745638417758,0.0357793192296658,0.0408966926672876,0.0083004360640543,0.0083004360640543,370.2096284472073,75.80664740169887,0.09566318588715955,0.03431859845278876,2.169653179602102,1.0491848458273116,8.027774776264991,2.9687514977195484,0.07100303448244485,0.02149194130252626,0.014149439614932527,0.012783213814934634,48.677117425395444,14.802984286088034
593,592,5,A_standard,False,148.14115363119404,72.65233356106954,260.9701370849381,1003,78.11752961646434,0.3186318042978566,0.0509469227272646,88.10599566226517,0.4729494909547921,7.067216733969946,0.2007751790113027,0.2419747965166524,0.8681903121898672,0.6262155156732148,19016969.717319883,0.4957027731951537,0.1116582256514713,1.148,0.1281836430478891,2.167102290089667,5.608324080196977,1.8877197648864692,4.885299721425938,1.1278645919147914,0.1332948313234974,-0.0178700745332227,0.1131953093117746,0.0407313075484055,-0.010215615178859,0.010215615178859,83.24696961324794,29.5226679098201,0.09640310653611049,0.035643568564642916,2.171608667550313,1.046835415709528,8.00312928837251,2.998588298615559,0.07114671503358888,0.021622719833414045,0.013828516658978218,0.012699499551053662,48.77895797116613,14.726481708294365
594,593,20,A_standard,False,121.75426374454128,76.00118610585866,377.7922121605786,782,83.21791369048495,0.7602610943771413,0.0300067844373479,246.9246854485436,0.5218890757554808,8.002461835587617,0.2303266029269169,0.1583132126575203,0.8521018332409919,0.6937886205834716,22453297.168544456,0.5852752483317825,0.1019583664121197,1.14825,0.1170736942327164,1.5527240993408244,6.804626682416143,1.35225264475578,5.92608463524158,2.967205911541336,0.4918022125662357,-0.0062986941066682,0.0916868911909717,0.0235365137141238,-0.006470270723224,0.006470270723224,266.1682095224198,39.3174279270161,0.09660809660399534,0.03545887889367183,2.1712250348799116,1.046562689243896,7.967127726047127,2.9704621595797405,0.07087224023333874,0.021674786262578224,0.013075719520480717,0.011409334584913005,49.119184343952384,14.741514828152534
595,594,7,B_optimized,True,137.86566437854063,76.07630271445032,589.5966084382395,1423,55.41243650659968,0.911013944014269,0.0605273918566317,170.72456395013177,0.0527986179741273,7.455539109985763,0.2111367074973303,0.2071860742030984,0.8614736736638956,0.6542875994607972,63827711.679593146,1.6637547493941156,0.0693708573264963,1.1485,0.1587362088278666,2.986644279570741,9.431735813518486,1.3052225181197994,4.121854769571232,3.0809791937194158,0.5202337425220364,-0.0104206397296971,0.1038046101674783,0.0538171410049424,-0.0067102508516893,0.0067102508516893,165.98292311456098,23.137736610559383,0.09663367962562955,0.03547956786106783,2.162546739421356,1.0546368035705957,7.9718144176784005,2.9665824801498237,0.07110789206108299,0.02193348165801193,0.012759429943306002,0.011390071332497052,49.08986397333928,14.776203728164374
596,595,17,A_standard,False,130.5633530186183,76.97580399775205,224.92913843085628,834,45.91287923528309,0.7319917116145361,0.0323152738965968,284.5991259686149,0.2185058301050572,7.863132110633331,0.2193350919811023,0.17823349747744,0.8544796069290627,0.6762461094516226,14439960.461879518,0.3763968998311492,0.1338484348124833,1.14875,0.1537583894908401,1.3316068860060903,5.052327361160542,1.1591790084927882,4.398108693066849,6.198677380047784,0.9607844743267572,0.0130615202276418,0.0779345924994639,0.0503443779368012,0.0180291040402044,0.0180291040402044,304.55910643168124,45.90756450033407,0.09515791659532806,0.03476127683480591,2.188121576539,1.0399679588929591,8.061088302749889,2.932233742466632,0.07008140350655839,0.021695451619813413,0.012436097576619603,0.010791854051984807,49.71217039660834,14.555465179946362
597,596,12,A_standard,False,120.59039746685254,64.44427806459717,318.9114981944139,922,104.11244039639683,0.6325677441892942,0.0353238280023647,253.73977905621712,0.1028892646972294,9.957430001917992,0.2318804416181634,0.0993671933848802,0.819428117235529,0.7200609238506487,18948963.60876232,0.4939301029376262,0.104334964825755,1.149,0.1198808745847926,0.9523863217937414,6.9014344812708615,0.8288827865915939,6.006470392750967,2.4371706021886568,0.3628930447523765,-0.0135715209919896,0.0870250189711914,0.0306504493379718,-0.0046733786643928,0.0046733786643928,234.9203308197783,35.53902787527653,0.09506462233889419,0.034857913628751805,2.206888110879068,1.0410434774583395,8.073160303985297,2.947525248547436,0.07089182909592638,0.02117804816015828,0.01255214686650216,0.010706173668368563,49.42402646624523,14.403815316884618
598,597,16,B_optimized,False,139.73619933401824,83.1611425522538,607.0157936000138,1581,45.82429817386856,0.8842358167328452,0.0716500518818022,259.3942370636188,0.0632064081684854,8.17217721589257,0.2091542908697144,0.1810022294386344,0.8492144406288187,0.6682122111901843,79809080.69694659,2.0803305266664625,0.0457500093451097,1.14925,0.0525781982398673,3.9563320757656193,14.60572840870054,3.44253389233467,12.70892182614796,5.660626510403144,0.9346629368145576,0.0030073558982731,0.029844358478177,0.0848853964544624,0.0132353445726602,0.0132353445726602,236.8444063323041,73.44460394534941,0.09611324885372388,0.03470028471124493,2.1975946761514225,1.0444506207651152,7.970082548580824,2.9391357170119563,0.07145476775907715,0.021771776596197934,0.013307308178133095,0.012752359842652598,49.07084295520514,14.805485630649171
599,598,13,B_optimized,False,138.6507104185781,58.00451691169155,578.0597182107524,1329,58.43042574267128,0.6920121642814521,0.0503490079425922,136.6063984271195,0.2893454932208351,8.532867207974032,0.2102991697056587,0.1662180349274724,0.8431104206910529,0.6768923857635805,44561469.27752699,1.1615543499763157,0.0700781310804628,1.1495,0.080554811676992,2.3718959447794496,9.65911012932667,2.063415349960374,8.402879625338556,2.3379326214177647,0.3402753566493889,-0.0137471423838075,0.0747010133639302,0.0489649778862967,-0.0013840300562954,0.0013840300562954,112.12695214345048,45.71200111996344,0.09514780179546407,0.03464057105574866,2.230965727409261,1.0394910395736492,8.032817132388931,2.9216099405647844,0.07085874594592412,0.021412406082630404,0.01380488236959522,0.013014257792456472,49.27704156810415,14.691677170872241
600,599,13,A_standard,False,123.77915257801386,57.06432479868043,403.156964618152,1243,85.66408677397474,0.441828397193859,0.0683758754703214,214.4317362902362,0.1275731198522635,7.535535224319505,0.2276825642068448,0.1798359949597335,0.8600964847254267,0.6802604897656931,28596308.807458684,0.7454010701869084,0.0938113001196947,1.14975,0.107859542312619,1.9169971499198832,7.251370452149606,1.6673165035180546,6.306910591128164,2.503169582091218,0.3782858209588906,-0.0154968361117816,0.0808273677059768,0.0810224570598319,0.0126465815895105,0.0126465815895105,176.07786267757433,39.40516299303367,0.096632776086,0.033941800442557075,2.1646061257429348,0.9456867424786068,7.843294809211406,2.7661409250905518,0.07081751437756878,0.021416322712125013,0.013581071833806184,0.01298659509275544,49.036344137144,14.534673633984983
601,600,13,A_standard,False,124.95933991795464,65.73184379453697,371.2133798052902,936,74.04296724586594,0.4549523040258391,0.0569727688658804,202.86736168690635,0.2988034416560587,7.215564490325238,0.2261751680815538,0.1955417218354438,0.8656182479781471,0.6700765261427033,22838905.34247204,0.5953266415886447,0.103516788849393,1.15,0.119044307176802,1.888985583970714,6.47311932287235,1.642596159974534,5.628799411193349,2.739859965542279,0.4353292849371621,-0.011150031939106,0.0879076678955535,0.0340094519347874,-0.022963316931093,0.022963316931093,193.47670237624124,36.96260031214562,0.09634243109945512,0.03368191184678727,2.169088970620945,0.9425109465981505,7.853693556857771,2.7565232878295487,0.07146419885021238,0.021682515288497965,0.012979855454753352,0.011173789311170839,49.11741532371013,14.416848315228844
602,601,16,A_standard,False,121.5427610068938,77.11301854021606,391.3224401090473,1093,99.27369755230228,0.7073491168844697,0.01,274.9301499223595,0.2005135047885625,7.977042286551352,0.2306070918710933,0.1588869202089724,0.8525351442640462,0.6936482240550738,32982427.65520939,0.8597311295345538,0.0888535996233574,1.15025,0.1022038529667668,1.788187770472779,7.806641790488935,1.5546079291221728,6.786908750696749,2.7694158342144224,0.4426080232752907,-0.0093816132359223,0.0772291615858351,0.0,-0.01,0.01,281.0186626281862,41.755495145082136,0.09562370009769004,0.03379120567486105,2.1497778414010784,0.9442730127003318,7.933806500244457,2.749306476765129,0.07121649096652155,0.021523667909678513,0.013296160114168074,0.011484632652453438,49.02918663362985,14.481989928757248
603,602,15,B_optimized,False,133.71435034467322,79.68856639612127,680.8382479275323,1239,64.05109409566649,0.9231899874296148,0.0371305983023061,343.3708966527442,0.3467009684893973,10.503926004852223,0.2157041071262457,0.1037532307915348,0.8105206013152557,0.706767370523721,67221974.64306512,1.7522307573468583,0.0595585914168908,1.1505,0.0685221594251329,1.742036343091055,11.866757653427,1.5141558827388568,10.314435161605388,5.3608904188254245,0.9137959722196888,0.0077515530444338,0.0470965007614969,0.043560804473432,0.0064302061711259,0.0064302061711259,343.03912097808023,60.36453734972604,0.09581995595275938,0.03360564502915097,2.129787161107017,0.9409188373399751,7.911558112069724,2.725700326965235,0.07133158673824166,0.021381875887258123,0.013171565418589229,0.011551553808046412,48.87735161337261,14.325935000948004
604,603,3,B_optimized,False,123.92197793327712,77.49566171259036,754.2172147308995,1733,54.36636767209591,1.1724984344104743,0.0188053592401475,235.4130689304035,0.4102928181382672,7.71257230510604,0.2274988427406256,0.1729761986572896,0.8570564904016184,0.6840802917443287,101291358.1723262,2.640294846817582,0.0562209409990341,1.15075,0.0646962478546385,3.07672186881862,12.167713303768457,2.673666625086787,10.573724356957165,4.330123181123091,0.7908610096590365,-0.001700585796235,0.0517375536255386,0.0147704126719105,-0.004034946568237,0.004034946568237,223.3493463718975,62.91751500239463,0.09448556813995969,0.03319948052749191,2.1546748914905978,0.9246152141447026,7.9990055684467025,2.703626668639277,0.07066795018155982,0.021656049986254394,0.013186196052531053,0.011541222071242552,49.2044448674918,14.402686865249692
605,604,17,A_standard,False,121.58490181681267,65.66396877179223,345.44680290968336,1045,76.52568829513805,0.446925494364888,0.0566373886331862,123.8845417064644,0.2327436492941402,8.361437803364822,0.2305511397557374,0.1454767475837687,0.8460060601807957,0.700529312597027,23704161.44211287,0.6178807001211851,0.1056347509715827,1.151,0.1215855983682917,1.3771675158575802,6.6316179680821055,1.1964965385382973,5.7616142207490055,1.6188621685920233,0.2008263212078888,-0.0227926780700417,0.0965068388516705,0.0620133998476418,0.0053760112144556,0.0053760112144556,96.21111486779336,32.13247487398945,0.0948446500890224,0.032912054736724684,2.166271996710341,0.9283781819040499,7.931703309115029,2.649450408805643,0.07070028783564405,0.021626770233466333,0.013506464669345622,0.011484735684594466,49.09629514463953,14.320103709988633
606,605,11,B_optimized,False,132.2671125068711,73.45201918071692,633.4298361094552,1464,53.378808053598334,0.8943401330125262,0.01,230.912305981084,0.1349551998666816,7.17160148490946,0.217353539352576,0.2103940736514218,0.8663796862747283,0.6559856126233065,68115089.49034932,1.77551099143049,0.0604261716745261,1.15125,0.0695656301402982,3.4818368898938123,10.85598498870068,3.024396864185721,9.429737232313292,4.325917239463684,0.7901644963936164,0.0004111381153893,0.0453676536505716,0.0001576452292829,-0.009842354770717,0.009842354770717,232.2067912362532,62.828623768020464,0.09324027220289548,0.03248439365034021,2.2288097511340244,0.9520403006942394,8.032085517365926,2.627580409808152,0.06957735919672753,0.021752176438196734,0.013098163604701653,0.011263142331676905,49.857844093148586,14.570166070276814
607,606,7,A_standard,False,128.84572497183797,64.44765340913887,431.88223266898615,944,81.32519385828057,0.4051165945479054,0.0564182213867465,712.380265169808,0.3796567570861173,5.244727961598249,0.2213777749126275,0.3131521181068076,0.9004194585003777,0.5872673403935701,26275103.8437174,0.6848957554714432,0.102393587835761,1.1515,0.1179062163928788,3.058317661542463,5.735391764331421,2.655942389528844,4.980800490083736,8.75965037859265,0.996857691739353,0.0088080355272675,0.067833167502015,0.0641561349665612,0.0077379135798146,0.0077379135798146,687.3490019068997,56.74325597839504,0.0921378801401143,0.03262006863742217,2.2468237493343604,0.945796124263164,8.13952967975092,2.6476765422059634,0.06848068864627023,0.022070592674838137,0.012604173559567005,0.010858361793895753,50.59105280129543,14.543971584377557
608,607,11,A_standard,False,120.26625265290876,55.42919726460289,414.7289437738854,781,75.12884189602373,0.780835201345468,0.01,461.4298063678797,0.0694715734848168,7.210168668068344,0.2323177442069939,0.1872987917717747,0.8657116674629741,0.6784128756911993,17953700.1923466,0.4679872296559998,0.1086981336409904,1.15175,0.1251930754210107,1.7231095465759103,6.241255971623853,1.4960794847631085,5.418932903515392,6.141846389785775,0.9585862419924442,0.0047763264668256,0.0583253007378556,0.0195027681422706,0.0095027681422706,0.0095027681422706,436.45463972201145,52.65442940115352,0.09220268348551337,0.032569584382773645,2.228133617833034,0.936849846838588,8.138634303585297,2.647049614006573,0.06884950854155733,0.02168757303758656,0.01261613307045769,0.010846943823683453,50.364529483504,14.312516306023527
609,608,20,B_optimized,False,137.49820888883374,88.65160375702825,535.5875756078838,1757,57.98752282572456,0.9132712758141344,0.0267723653396915,57.69368621123323,0.1188444391333195,10.380709527353762,0.2115315242359025,0.1112642463593959,0.8125204543202849,0.7012562079608888,83423585.5601705,2.174547434568232,0.0538253511585137,1.152,0.0620068045346078,2.06713461156485,13.028362897173013,1.7943876836500436,11.309342792684909,0.9949327613911976,0.118671920224267,-0.0310838790517243,0.0723896912974605,0.0,-0.0267723653396915,0.0267723653396915,69.59530368199731,40.35752347173238,0.09381086410450175,0.03304033261971287,2.179146929353585,0.9332318695082257,8.028286307238572,2.664557558365643,0.06980223984609348,0.022527419067543273,0.012614020673534787,0.010849030038920394,49.84049026964122,14.59352639774289
610,609,18,A_standard,False,136.73701567310107,84.02118043640752,381.2298702973373,1027,96.5199183744334,0.4928483477579191,0.0310997101847874,226.3612027083644,0.1932168564301357,8.595390294724766,0.2123551312274974,0.1611732776605337,0.8420568022636412,0.6808835246031075,32896231.08044083,0.8574843004241418,0.0870802319411984,1.15225,0.1003381972542459,1.850859535713766,7.81903664499744,1.606300313051652,6.785885567365971,2.3452278713107977,0.3419149562276857,-0.0169004570903109,0.0839326799280349,0.0113198644985056,-0.0197798456862818,0.0197798456862818,202.9307108224299,37.51974677738146,0.09505531141341456,0.033027583663615336,2.148325260260632,0.9267103078587096,7.92478241912832,2.6692612331355194,0.06990514052245698,0.022497523015684105,0.013125246201110156,0.011271179940485201,49.26384084049869,14.733617642203146
611,610,17,A_standard,False,122.65797170065989,76.60570913140248,414.928204411948,720,78.9501529369412,0.7652637992770768,0.0526783191153512,334.6487026215613,0.0654194026965246,9.640924201053451,0.2291374007253671,0.1097998284801301,0.8246316443751137,0.7148318158949836,22885825.923069697,0.5965496893332599,0.1065879807639696,1.1525,0.122842647830475,1.0301333010827258,6.706495523898892,0.8938249900934714,5.8190850532745255,4.238734064123356,0.775343582939306,-0.0014968212065752,0.0712771005705522,0.0562930418488992,0.0036147227335479,0.0036147227335479,319.6779013406313,46.12257120250917,0.09505056358811668,0.033031873949258654,2.156524185960501,0.9402257015170061,7.920121296478295,2.6662527496909614,0.07033771057396278,0.022129565035354612,0.013163973792076344,0.011235189924083367,49.022067383887936,14.470461852209834
612,611,10,A_standard,False,152.47655176077114,76.15916785019812,402.5296488082504,1092,81.4948410073951,0.2902412133964996,0.0494762057250899,202.67027363823655,0.0542505152995961,7.652277765068024,0.1967618440528885,0.2218671977902653,0.8580906303437288,0.6362234325534635,33476704.81238957,0.8726151253121821,0.0770645565114344,1.15275,0.088836167518556,2.878978454347504,8.255720416156084,2.49748727334418,7.161761367300875,2.486909246437399,0.3744692607050204,-0.0178395897394719,0.0700366661842167,0.0467518960968902,-0.0027243096281996,0.0027243096281996,184.07577497973656,47.01118912467624,0.09670532898853348,0.03322864096463958,2.141284370794823,0.9524300601301435,7.772156752854946,2.6226987875090715,0.07132485017095341,0.02228790566081598,0.013173537700372252,0.011234176219229673,48.349216798737245,14.547783240977592
613,612,16,B_optimized,False,128.45731648469717,77.39005054700938,552.5563859941866,1800,38.77224464934764,0.9344309956401416,0.1345486860627305,178.85700508047745,0.3457829222069543,5.643168896243338,0.2218461191323656,0.285956631080311,0.8932726925485794,0.6073160614682684,76972259.95589326,2.006384996474187,0.0551764261067849,1.153,0.063618419301123,5.182587044091781,11.00680316432434,4.494871677443001,9.54622997773143,4.6130165198853605,0.8338297694329022,0.0010398942326218,0.0504653134649542,0.1510889556168795,0.016540269554149,0.016540269554149,189.80794124266455,68.3611775138768,0.09817888802136565,0.03309605826723991,2.0798420935091957,0.9301160727613886,7.657026737843329,2.596167882231635,0.07235356178758179,0.022479441416894945,0.013045903127772297,0.011230532735559365,47.58328230698507,14.472807410885503
614,613,8,B_optimized,False,138.78764838072945,78.5801801032513,685.5139479233486,1489,59.29453965278294,0.5078046785289719,0.0217034421776956,195.09637155140143,0.4292714065706283,6.891290996537554,0.2101539007079126,0.2349854494860199,0.8712504329910159,0.6362649835049959,80209168.33225916,2.090759346467596,0.057329411180018,1.15325,0.0661151434433557,4.098863823110806,11.098404299096732,3.5541849756000925,9.623589246994785,3.290292372516038,0.5720677090570454,-0.0102131758812792,0.064569758755625,0.0119139369905933,-0.0097895051871022,0.0097895051871022,188.38786054397093,58.36977721759202,0.10033496050222049,0.03405156115962708,2.0428687507201517,0.9231269858261836,7.511520102592573,2.602204242615415,0.0739608469995139,0.0229559456372296,0.01322147877246533,0.01115046052192957,46.696938755927114,14.409943310361454
615,614,14,B_optimized,False,140.45035978360383,76.98245700168744,815.9704772054843,1706,79.81508642995891,0.8920449346412578,0.0485850376255544,282.0580257374903,0.2976806189187825,8.397024761044168,0.2084092679947522,0.1737708531198184,0.845404138774519,0.6716332856547006,107163093.17245658,2.7933494799319623,0.0502518341482831,1.1535,0.0579654906900446,3.458000211635168,13.36534868902187,2.997832866610461,11.586778230621476,3.5338936328159973,0.630390781248319,-0.0037264959624225,0.0546047489196477,0.0359487311566935,-0.0126363064688609,0.0126363064688609,254.68624731991503,60.70020736240643,0.10051465531077529,0.03410622114879089,2.0274510917223343,0.9194531230415708,7.510328588475343,2.6030577999274254,0.07367664226146076,0.022687799055544106,0.013094632121930752,0.01114902986961016,46.764930210707035,14.359343772178475
616,615,13,A_standard,False,126.38892439228484,77.74180309423579,319.2375540657177,924,92.03782153025446,0.5777277324176753,0.0151950037369368,131.21222596582615,0.0710766165170422,8.23761386093645,0.2243813284408007,0.1574941851155501,0.8481037726928299,0.6906095875772797,22931927.23525933,0.5977513817500872,0.1094042810253353,1.15375,0.1262251892329806,1.4395614471345817,6.312454879323703,1.247723897841457,5.471250166261065,1.4256337642965002,0.1715948408531543,-0.0215276611708543,0.0974617147421281,0.023579007394202,0.0083840036572651,0.0083840036572651,104.02675543486828,30.778740848722684,0.09886443829785868,0.0338100711709884,2.05322131907555,0.9124129960382185,7.627368503481371,2.6017796502537123,0.07319039649598548,0.022903563431575076,0.012981979752810475,0.01119543501157992,47.05173931829478,14.500994248213056
617,616,5,A_standard,False,130.57614113533643,74.61366689234721,255.92707618160665,582,85.85139457461077,0.8106623898824923,0.1255713841382678,375.6047672365256,0.1472232217628156,7.98957620342177,0.219320055185274,0.1733791795158068,0.8523214589557578,0.678942279439951,11113672.729571018,0.2896927572753225,0.1524425543293065,1.154,0.1759187076960197,1.137341080898402,4.453758220118113,0.9855641948859636,3.859409202875315,4.37505726141815,0.7981960015173745,0.0110140227207623,0.0938960136973437,0.1163483098839518,-0.0092230742543159,0.0092230742543159,362.6067257542889,40.40461497367438,0.09929550232249683,0.034313024278917074,2.049555384007294,0.9149487179941985,7.613108743310937,2.617411704209486,0.0731414460659728,0.02286923195494187,0.012653569199290336,0.01133020127616159,47.2341879807916,14.427705494746938
618,617,6,B_optimized,False,135.76120185777506,64.6654730258794,685.4352499382958,1481,54.01859023108224,0.5966480850322946,0.0784657131130336,214.5259478582913,0.3747389156488868,7.469750987563681,0.2134224276436009,0.2030684043095191,0.8612288452925182,0.6581604409829991,65643836.10015608,1.711094463613704,0.0608537302310179,1.15425,0.0702404181191524,3.336991890860496,10.81544941426657,2.891047772025554,9.370109953880505,3.971335552086536,0.7253856215979938,-0.0066528195578166,0.0601230858834357,0.0933439186683517,0.0148782055553181,0.0148782055553181,213.50091353349944,58.09274099044972,0.0995735967825246,0.03397606409896079,2.0151541394499715,0.8831689284919605,7.56681423147407,2.542877766608058,0.07365710743102678,0.02229301047414547,0.012655002121879795,0.011329644019825504,46.79155854179514,13.861619635867834
619,618,2,A_standard,False,119.63727052427171,68.04536915856377,379.4253488089837,859,79.45651934865928,0.5044626116988293,0.0696886824298173,144.4403504975049,0.325443082704595,8.939715686803243,0.2331720441661922,0.1243703114676431,0.8362778925834482,0.7119075811158051,22177780.48000092,0.5780935370180083,0.108593083775932,1.1545,0.1253707152193135,1.1452875923872408,6.555735930519622,0.992020435155687,5.678420035097116,1.817853987080572,0.2346665568175846,-0.0212830828279129,0.1003389200898815,0.0753794177960173,0.0056907353661999,0.0056907353661999,130.4647479338588,31.25954763568973,0.0982655471059941,0.034110825580610266,2.0311667418885087,0.8880558136421015,7.687398774844638,2.5560443284087087,0.07296752807692973,0.02156645540697053,0.012451955480712887,0.011464426104177831,47.25137691335462,13.656900641126782
620,619,3,B_optimized,False,116.61732080212562,70.94410847938431,615.1793104413873,1268,54.04699973026936,0.6820226118604401,0.0378942614243276,364.88605216089314,0.4754534074776117,7.498653325999038,0.2373826018869996,0.1686297430292874,0.8607311585983302,0.6921014155690427,55339764.92699935,1.4425050546984606,0.0656019366591604,1.15475,0.0757538363571655,2.57049946414563,10.550014996735618,2.2260224846465726,9.13618964861279,6.751273039797184,0.9770511917343616,0.0097629789880222,0.0498897696244154,0.0625183929290036,0.024624131504676,0.024624131504676,361.3914044314499,59.86059652078961,0.09728965928400003,0.034259419454009024,2.0627306275302417,0.8914729823524958,7.761810677176763,2.557878847471533,0.07256044850193764,0.02139733898489147,0.013271261421310139,0.012449678049177518,47.331783212215015,13.62102332697153
621,620,9,B_optimized,False,127.33146982372918,87.68874788896173,718.9565570165256,1622,60.94885600079747,1.2323883562377007,0.0480914508438406,109.76246689190414,0.4933380527078335,8.3078168701627,0.2232173771773429,0.1565391576257817,0.846913819531662,0.6903746619058804,102258017.24011032,2.6654921094602426,0.0497344571817296,1.155,0.0574432980448977,3.1474990679759065,13.881214373834466,2.725107418160958,12.018367423233304,1.8008946204087568,0.2316344027285218,-0.0182189122542075,0.0773350196397724,0.0404734816511528,-0.0076179691926877,0.0076179691926877,100.56761366134032,49.832707984072464,0.09699790078090413,0.033784273398010246,2.055724142162944,0.8988938705433839,7.778400556454226,2.536388730595523,0.0722382588932786,0.021035504629911658,0.013333066490564769,0.012424086214295003,47.65276180446556,13.222523474144307
622,621,10,A_standard,False,143.6487340650211,68.68988716702239,388.2262461582,978,91.10390972357465,0.4603993261598306,0.0864184476005126,171.36280964197226,0.6248082510009083,8.195328165032604,0.2051501152649667,0.1861369626916418,0.8488213292383803,0.6626843665467385,26080538.26891798,0.6798241433045195,0.1010008087617431,1.15525,0.1166811843220037,1.8429254673666176,6.561178813032918,1.5952611706268058,5.67944497990298,1.880959995700704,0.2461893963114293,-0.0175602055712315,0.1074432521824063,0.0234636820062113,-0.0629547655943013,0.0629547655943013,155.13730918177043,24.14038984017998,0.09603799859795371,0.0328063232807287,2.0654094931414093,0.8916161508631519,7.819962040816325,2.4965819560759193,0.07227082116188438,0.021045759953737656,0.013008545692499724,0.012510534738680927,47.61500212980548,13.230302436388678
623,622,4,B_optimized,False,146.3171349513365,63.12039482496023,628.4451227971929,1515,68.1626613455837,0.749347678068238,0.0932058146073294,170.09783422782274,0.1724036370330912,7.631497556637788,0.2025239528925883,0.2131922258101468,0.858447330504643,0.6452551046944961,60096571.97932083,1.5664975983287155,0.0636917819836771,1.1555,0.0735958540821389,3.3472485644189325,10.130900480376916,2.8967966805875656,8.767546932390234,2.495469379715519,0.3764765484247258,-0.0182980175866801,0.0690147541923431,0.0605648632740848,-0.0326409513332445,0.0326409513332445,141.76297753215866,46.35143846672815,0.0952164948565673,0.03271123313981787,2.0872166226556246,0.8739142366622974,7.872895642311537,2.485379716380572,0.07194568957717858,0.020938472479552234,0.013266425667507138,0.012468035314968156,47.793889719906126,13.123729807024764
624,623,9,A_standard,False,138.95600544642332,66.579485083263,426.3330393796996,872,105.38483229427952,0.324837212360237,0.0848766661709243,577.3227209497832,0.2772844092194217,7.1187039489604365,0.2099756347224692,0.2243036914188383,0.8672967583097053,0.642993066890867,24751749.85368987,0.6451874944477741,0.1014071225630706,1.15575,0.1172012819022688,2.211912593016646,6.340709120219385,1.913833089350332,5.486228959739896,5.4782335216670575,0.9226017517318336,0.0055101588214864,0.0678138516954441,0.0945490794494423,0.0096724132785179,0.0096724132785179,594.1016871221277,52.48058577456642,0.09540033648759161,0.03249180398362859,2.0700064361251758,0.8549462213915312,7.838139103035551,2.4278561665209133,0.07250137203428879,0.020152268865526044,0.013414259699773485,0.012511405693938096,47.42118758185157,12.635951447332104
625,624,13,A_standard,False,132.3753269658889,91.07792603532,284.4575107468295,986,83.17410448799421,0.6623514581652871,0.1320748669227068,161.63944400046773,0.1414953686051542,7.572669913277039,0.2172291462576643,0.1930116710483911,0.8594579335700888,0.6664462625216976,25545090.92225511,0.6658669914245837,0.1028449503659341,1.156,0.1188887626230198,1.8767248208262397,6.480106803011772,1.62346437787737,5.605628722328523,1.9433866465469385,0.2579571790025563,-0.020973582308048,0.0960008777135328,0.098128743637578,-0.0339461232851288,0.0339461232851288,137.60000821536318,30.485989925960165,0.09593123042278312,0.03246113455656925,2.055514716606376,0.8611785350120784,7.799010522145839,2.4343255592542583,0.07242423761422576,0.020151058657621103,0.013863714729729462,0.012474011920039049,47.34132210688645,12.659572476717244
626,625,5,B_optimized,False,131.72077324182973,73.86947720307435,615.9543304372214,1521,62.79974275547308,0.6519651791411546,0.0782645025043283,83.42042614035583,0.1696898604643373,9.873621782697748,0.2179842107003889,0.1162172899299178,0.8208027652073624,0.7045854752774445,69205841.2673286,1.8039428966579425,0.0631241027643534,1.15625,0.0729872438212836,1.8410921476977653,11.161908754690904,1.5922959115223918,9.6535427067597,1.3283561759985971,0.1582051374735043,-0.0269925361357348,0.0787239722160541,0.0463079494920829,-0.0319565530122453,0.0319565530122453,77.57809081547032,36.41255707045445,0.09499399871005287,0.032784598924145425,2.0776106513255748,0.8651789842298053,7.895801611978948,2.4697424866643996,0.07176984774510818,0.020402308149233994,0.013667946908948476,0.01256994438729057,47.93007152381454,12.963816583651163
627,626,7,B_optimized,False,123.09514066122604,76.80223954968189,563.7386804874263,1956,37.7551449713316,1.0305165157802785,0.0402655691987071,169.3234421114709,0.2621070303175321,9.112447863266178,0.228567454233192,0.1245797744128203,0.8333938351367005,0.7088140607238802,84687745.06441624,2.207499444343212,0.0600116531069509,1.1565,0.0694034768181887,2.0759263903428558,11.811273711468225,1.795007687283057,10.212947437499544,4.484777961786198,0.8152931791623644,-0.0018575258003853,0.0482513046595491,0.0443218022445009,0.0040562330457937,0.0040562330457937,124.36371382842007,59.66559556175427,0.09576141306629957,0.033792641195347195,2.070979555513797,0.8698391986939042,7.866264631466064,2.5059735610186893,0.0723541657185425,0.021273684956641017,0.013493234795638681,0.012498616094199413,47.71441130540126,13.236806339986268
628,627,8,B_optimized,False,142.41148432986162,93.94897493833253,776.760395982172,1325,59.50719070130197,0.6104645994315246,0.0392808796943741,270.0548813722143,0.195866126262404,9.020388731281978,0.2063961150079563,0.1553968378054124,0.8349296788484937,0.6795328410430812,96692991.94216429,2.520432275317445,0.0620331827667735,1.15675,0.0717568841654653,2.505059886894061,10.95434428373478,2.165601804101198,9.469932382740248,4.53818905227374,0.8232013124855725,-0.0040005504977979,0.0456963395814454,0.0337268886668198,-0.0055539910275543,0.0055539910275543,260.0219537810314,60.52137900737169,0.0951795883167144,0.033929616328826996,2.092279728295858,0.869976183051729,7.911280832817458,2.506405035157682,0.0717721235383009,0.021534103318913058,0.013526755965756825,0.012491301517233083,48.11387346843886,13.354162735862014
629,628,11,B_optimized,False,135.08013354926203,86.14883012397095,421.4712874253903,1669,75.5754411619334,0.7105161711620647,0.0280469531049775,313.08214253222366,0.1406453272097568,7.213536293225185,0.2141751059934787,0.2133204251600736,0.8656533615787214,0.6523329364186478,60600152.1737014,1.579624090224701,0.0671667940346111,1.157,0.0777119806980451,3.1759804562080083,9.712134482442314,2.74501335886604,8.394238964945819,4.142643929281091,0.7581647368287586,-0.0066146963299512,0.0522894965384536,0.0086838620410019,-0.0193630910639755,0.0193630910639755,282.0046429839434,57.19366464704736,0.09649761323325569,0.034152217340801434,2.0923046008326582,0.86995933484365,7.802553219550861,2.517917305814874,0.07244078872022773,0.021269704842342283,0.013466687382206329,0.01253327506642338,47.811816057573694,13.241742779247403
630,629,8,B_optimized,False,141.62964293374634,75.54263578357521,721.8073280251342,1421,59.97952837407572,1.0498104335972334,0.0441739578808872,612.8194812064717,0.3409546735510837,6.56231072703311,0.2071930174390956,0.2567467827543397,0.8770018172066516,0.6202550344523119,77483191.11151092,2.019703101015354,0.0539854778595621,1.15725,0.0624746942529782,4.755849034479999,11.48929414065472,4.10961247308706,9.928100359174524,10.217144045956584,0.999266642807206,0.002113518705969,0.0396918194408102,0.0533181577324715,0.0091441998515843,0.0091441998515843,593.1851159435546,73.16413647716884,0.09765137443973854,0.03403016651070009,2.0562543662713084,0.8826314643952063,7.708887315266426,2.4997699254060017,0.0733447199824611,0.021332193476564183,0.014142011804852427,0.012918482452128248,47.11217694491955,13.351031860045236
631,630,15,B_optimized,False,136.6617520513162,90.4361095769244,608.2629555982217,1763,45.763184693826005,0.808553513061592,0.0437777718533614,414.358463599935,0.1321298326418565,9.09649421575862,0.2124369895911526,0.1447956491151746,0.8336597909937189,0.6888641418785443,96980752.94106604,2.5279331509718395,0.0528752410520046,1.1575,0.0612030915176953,2.738439508441448,13.028104045918631,2.365822469495851,11.255381465156486,9.054406208225208,0.9976580021991036,0.0057402441557214,0.0353775693543035,0.0531612177368277,0.0093834458834663,0.0093834458834663,462.68573134600666,68.04500412520095,0.09624790356305483,0.034467168794210426,2.091977314425797,0.8832694884880942,7.858919036251699,2.603477573647514,0.07220629280092361,0.021588197443473373,0.014228186822893224,0.012873105373716904,47.89329931878287,13.5969889296929
632,631,7,B_optimized,False,137.751354817273,74.07587343599104,613.0693341693549,1654,57.25463699534891,0.4876805909746942,0.0246584425252693,239.41362715320804,0.3820137406596806,8.904767260449944,0.2112593368459968,0.1524047868858709,0.8368626288425596,0.6844578419566887,75114171.15455878,1.957951424493184,0.0595168352715512,1.15775,0.0689056160356385,2.5607004503937327,11.500239198434931,2.2117904991524355,9.933266420587286,4.181558729865964,0.7652279517890541,1.4626726833426784e-05,0.0556185867492408,0.0219033087611391,-0.0027551337641301,0.0027551337641301,237.6592298518608,59.26224227946742,0.0969576334413451,0.034271331884635506,2.0656617016550607,0.8744796518005306,7.798681766726644,2.6012335912270976,0.07301931068194088,0.021320622910986825,0.014277291978211743,0.01286071084194743,47.464342214164574,13.453757703328412
633,632,9,A_standard,False,119.22557960976349,74.44729625039554,286.5498258505985,798,81.16760087872566,0.3844807876038969,0.0632162221534278,147.3028373899138,0.3786986498155823,8.137248976682553,0.2337353596550773,0.1492753314477826,0.849807879184782,0.7005325477369992,17023622.10092781,0.443743499132285,0.1231622931618271,1.158,0.1426219354813957,1.2120213712783408,5.68788165397786,1.0466505796876864,4.91181489980817,1.8147984638600108,0.2341182354259045,-0.0139038498637671,0.112242463800562,0.0652792260740472,0.0020630039206193,0.0020630039206193,158.28529410765617,29.406265944170677,0.09734934348409464,0.03462574904712259,2.0452763809134664,0.8723161461576028,7.792606130896157,2.608294748918873,0.07376581604352683,0.02178374363910736,0.014976738293324084,0.013435942873566193,46.821915954597756,13.764949281148741
634,633,8,B_optimized,True,137.1780554862871,88.07279842987205,802.3083640506031,1668,44.75450198927146,0.908797922864524,0.0617611775638833,456.8887338481903,0.2882362597455413,7.629460112416539,0.2118769818015326,0.1985911716272751,0.858482311988422,0.6598911403611468,117863453.43314949,3.072268694415532,0.0531166317051106,1.15825,0.1252126168155455,3.738775695149504,12.423437239482476,1.5860316370500085,5.27016491743202,10.208777073593971,0.9992604856429956,0.0039329334772893,0.0660164015895274,0.0271605669160664,-0.0346006106478169,0.0346006106478169,473.9542604212179,31.644808202656417,0.09755674470452369,0.034826406869752496,2.0306998927330904,0.887635416617551,7.790786301294017,2.610015854614496,0.07434681408292163,0.021750895274167167,0.015584753704055954,0.013864210550651143,46.360679183832815,13.950650682647153
635,634,4,B_optimized,False,139.184929871526,69.12898203261588,585.7282017019954,1430,64.86242951415088,0.7207068235906983,0.0398362601062359,186.3774556224768,0.224610254639932,6.536055345764968,0.2097338248271197,0.2538956591906832,0.877462458480862,0.6235667992901788,57901835.89397872,1.5092888642292597,0.0566978547480976,1.1585,0.0656844647256711,4.47804701463069,10.998066894428677,3.8653836984295977,9.493368057340248,2.8734269903013,0.4683989256627235,-0.0127337586465564,0.0623346719032621,0.0437004940824675,0.0038642339762316,0.0038642339762316,194.1528985854993,58.674186379589656,0.10319999535284996,0.04894659952997328,2.004507751649424,0.9136901688109331,7.604287516295695,2.6855307932025267,0.07560860017545569,0.023402284441110387,0.015442858021699077,0.013783443365282491,45.83207753338098,14.66518725753827
636,635,14,A_standard,False,131.68533502179696,66.28959646918852,382.1930186415439,743,81.70627083619081,0.4857787160915017,0.0345438625673957,163.6052951448272,0.0910380134109005,8.867400444378502,0.2180252726943981,0.1446674816593041,0.8374882804381015,0.6928207987787973,18824217.78746312,0.4906784361115387,0.121775868391633,1.15875,0.1411077874988048,1.1879815235154092,5.689311092002852,1.0252267732603315,4.909869335061792,2.0023591025569143,0.2694055018352244,-0.0152348172922916,0.0990008815395585,0.0223029880682892,-0.0122408744991064,0.0122408744991064,145.28036649255304,30.23039182105886,0.10270285067873594,0.0491022481438628,2.027885170048969,0.9182357124502489,7.639445341772593,2.686104687535902,0.07470585802188509,0.02393905548050116,0.015203690522695682,0.013810376361242218,46.387081316318415,14.867889097050318
637,636,5,A_standard,False,121.02855163186196,73.72397419333024,345.0183107802839,891,93.10429500831518,0.3148246580311082,0.0666509898285995,182.35299387027985,0.2530048122688615,9.186135114965907,0.2312924956559092,0.1194707011691168,0.8321665297005865,0.7126958285314696,22663583.846811112,0.5907566521060043,0.1133364924025235,1.159,0.1313569946945248,1.054123862813816,6.288317323252546,0.9095115296063988,5.425640485981489,1.95858841801008,0.2608777200626252,-0.0166800505072086,0.1016412589720427,0.0768840742852267,0.0102330844566271,0.0102330844566271,198.30729483857357,30.20986401383793,0.102799549698212,0.04914745969848478,2.0296471134566847,0.9160972595715495,7.632835263773697,2.6910777817664773,0.07533190668333997,0.024254782426080732,0.01525258279727149,0.01377278726311517,46.068889320874675,15.042878674257386
638,637,6,A_standard,False,141.69884210778687,61.91304865714946,217.99668726002105,904,74.00802264967078,0.7335341900146148,0.0125216658318272,125.22321175031932,0.3391744708491557,7.320907571508806,0.2071221837952314,0.2195177106094672,0.8637964299438836,0.6442787193344164,12201142.912906077,0.3180391233714558,0.1446970077366098,1.15925,0.1677400062186649,1.5170853498854149,4.452605685579823,1.308678326405361,3.8409365413671104,1.6920221249942604,0.2128254155309009,-0.0145124528250212,0.1199396413619554,0.0,-0.0125216658318272,0.0125216658318272,130.32825416079592,25.98529415213952,0.10237345270048748,0.049362871522930826,2.0369518945430407,0.9213449998793584,7.68730255324569,2.708850383823506,0.0750811391014429,0.024375164364976686,0.015331129399709136,0.013710939989971015,46.333263969570545,15.175351893180896
639,638,16,A_standard,False,136.47355785482537,82.03605374871381,376.25757146279335,858,77.21682440288339,0.6732327966088524,0.128978143639494,178.46071720602214,0.1367222118720333,7.237400399260377,0.2126420095317021,0.2146008764499221,0.865240299287977,0.6506394228380549,26483616.893346965,0.6903309272409296,0.0992462711305455,1.1595,0.1150760513758675,2.162306694300309,6.555807240175538,1.8648613146186364,5.653995032492918,2.311163643235219,0.3342919814526617,-0.0181754250766436,0.087815367681716,0.1188680160368075,-0.0101101276026865,0.0101101276026865,165.03108858929724,37.93970847454688,0.10231452887619753,0.049411811172529504,2.0089677671214123,0.8646729084427572,7.717162883492647,2.737833885015984,0.0749774224963832,0.02449279161697778,0.015114919392223288,0.013776562954267709,46.35706262586314,15.211492060510187
640,639,19,B_optimized,False,148.6645826913366,88.58606265431325,588.793776137443,1462,47.352939295776594,1.107970297306049,0.0662187718858908,198.0914510120853,0.3631838301271499,9.241061925008804,0.2002800845926473,0.1571113225506298,0.8312528665804572,0.6741415440298274,76256344.46602334,1.9877237008536408,0.0555347349037649,1.15975,0.0644064088046413,2.829064059149377,12.139097183015895,2.439374054019725,10.466994768713857,4.183297889382614,0.7655402548492812,-0.0016246489579385,0.0513644333446267,0.060506933780755,-0.0057118381051358,0.0057118381051358,197.7839069667379,61.06285775851923,0.10328075053639797,0.049161218658984845,1.9688171140720265,0.8376441489410905,7.643389076523773,2.7351113077300773,0.07489998778281388,0.02453245546872838,0.015020911184529443,0.013829579287288148,46.26810773717462,15.152700882471327
641,640,14,A_standard,False,130.7635123079019,64.71144723354288,220.3303959507732,1047,64.62557050873359,0.4952622876180304,0.0261263218833687,305.64460914355084,0.5043054063292963,7.358135537106518,0.219100023119068,0.1994547937062103,0.863153521639719,0.6636987279335087,14928020.034715232,0.3891188259495236,0.1282791074336398,1.16,0.1488037646230222,1.5548501832957513,5.173864561513628,1.3403880890480615,4.460228070270369,4.729468641243881,0.8493444410256006,0.0151411847614469,0.0876725504551716,0.0262044684209935,7.814653762477572e-05,7.814653762477572e-05,297.38431368173684,46.01012537962978,0.10470835388184337,0.048853894971487656,1.940068080253199,0.8261956017109324,7.515723709249592,2.695985790153422,0.07513649109568994,0.024389390435065956,0.014854869132000572,0.013908407951785811,46.089548674158365,15.031279508533101
642,641,19,B_optimized,False,140.82603801575513,76.75093083623211,638.2645184972423,1767,55.59394907753619,0.6787626104731733,0.0221160070583793,184.7470875738136,0.4274666617949814,9.779060207856382,0.2080199342126863,0.1307799078980636,0.8223565620812698,0.6915766541832062,86560728.58074982,2.256321267009826,0.0567483329006908,1.16025,0.0658422532480265,2.3045594683270707,12.186730760768969,1.986261123315726,10.503538686290858,3.323151001850024,0.5800919829156032,-0.0058919301200493,0.0615623874823652,0.0304880892519065,0.0083720821935272,0.0083720821935272,176.4826572865126,53.67517545187582,0.10368032971989653,0.04893262954753971,1.9593442524496285,0.8209393993113235,7.588407176368146,2.688720804877253,0.07477149431952956,0.024184160756070522,0.01499801434746656,0.01387724704127916,46.383983121141995,14.868553600771051
643,642,18,B_optimized,False,125.5179640929268,71.77196607246984,687.2462647231015,1919,48.13775998406522,1.0102451947451854,0.0346917071575578,124.37123050537838,0.7205486972078595,7.89094824213429,0.2254700737997675,0.1687777222867623,0.8540043727908478,0.6852266505040855,94654704.92706996,2.46730159566822,0.0540983707206927,1.1605,0.0627811592213639,3.119830043646848,12.666308455792077,2.688349886813311,10.914526889954391,2.583652221178308,0.3973910240402963,-0.014060425121713,0.0787163416069217,0.0346284240370441,-6.328312051365886e-05,6.328312051365886e-05,114.5055494212002,52.51358648779385,0.10143596950497942,0.04811844222639851,2.0046353768862635,0.8285520265934969,7.7178732315452825,2.661208367007521,0.07383321680892876,0.024336623439714045,0.014814915607914673,0.014014712623202535,46.87731825315459,15.073911162426514
644,643,10,B_optimized,False,137.67996909167343,78.2628510953895,610.2329795936417,1686,50.62841553961607,1.155139606473143,0.0474355677530866,106.90387609920032,0.2334512530612206,7.61343829313335,0.2113360060228044,0.2000888740330806,0.8587574450365975,0.6586685710035168,80520953.7668201,2.098886451198322,0.0588234358242626,1.16075,0.0682793031330129,3.401516270332355,11.197383521957386,2.9304469268424342,9.646679751847849,2.111539043040947,0.2914275339677341,-0.0206330450614084,0.0713329124413675,0.0,-0.0474355677530866,0.0474355677530866,105.44465155000796,43.33774287003576,0.1012589766604224,0.048251621187611955,2.010171503088304,0.8354913373570859,7.747913872466938,2.6885770150630655,0.07357072662101831,0.02455729492103762,0.015112025320504706,0.014172658699251158,46.89765196314201,15.090025885922532
645,644,16,A_standard,False,110.50899469402142,74.00868346097973,283.83204136886366,798,68.16132137360026,0.3268776596619608,0.0491323838497201,241.7572038715856,0.3053225262609594,8.045108001213396,0.2464930551759929,0.1376469437845924,0.8513753655774272,0.7137284217928348,16762816.493190045,0.4369452518330471,0.124158728400578,1.161,0.1441482836730711,1.1086368679654717,5.748515879528868,0.954898249754928,4.951348733444331,3.5468385735435755,0.6334018053515734,-0.0027485921982919,0.0876951297345263,0.0589328881641411,0.0098005043144209,0.0098005043144209,265.92134936188586,39.18666622308698,0.1000248769246303,0.048411175696323944,2.0469610345870395,0.8302263457668854,7.849206767735194,2.7043765878838446,0.07250918575598257,0.024523729409350506,0.01529299626070767,0.014107523817284306,47.549754392138055,15.10494084919851
646,645,7,A_standard,False,122.13267217072776,78.52782103794507,444.61769610020747,938,74.8219999730203,0.7303860573863948,0.0385023739280221,227.3087397518738,0.2366417827594352,7.61336826563598,0.2298268295185992,0.1738162989812566,0.8587586477701341,0.6849423487888775,32750137.61974159,0.8536761787995732,0.0910770982504362,1.16125,0.1057632803433191,1.90845231479939,7.520467405598271,1.6434465574160515,6.476182911171817,3.037993368712918,0.5094971997748373,-0.0076513411220344,0.0795627059297531,0.0403054380649742,0.001803064136952,0.001803064136952,189.82498860902544,44.0195807673298,0.10106206775966849,0.04843609474405092,2.0324154723316594,0.8333900930484632,7.771636258896737,2.7222735562715163,0.07358298644041483,0.024687989656163593,0.01527999969152722,0.014099048847293145,46.94608738372327,15.205699583066693
647,646,10,B_optimized,False,141.8488846086193,82.21875343776172,508.3526962517704,1438,66.88920516688395,0.6298113552376859,0.0175673774147636,171.4320239637361,0.1081261108946856,9.126212386347682,0.2069687991244088,0.1512469695724273,0.833164441339517,0.6819174717670896,60102827.739280686,1.566660663086489,0.0678482027683801,1.1615,0.0788056875154735,2.2291964031641847,10.050634268014674,1.9192392623023544,8.653150467511558,2.562925116781176,0.392438186319027,-0.0202169284618753,0.070768439735901,0.0,-0.0175673774147636,0.0175673774147636,181.78045306562333,44.48340738030898,0.10279558792766989,0.048394168680552865,2.0059862981841152,0.8319268727512688,7.623452124357204,2.68782778412754,0.07438391410116252,0.02545002870200436,0.015201262301063128,0.014153598758520833,46.49441016612741,15.451636047981179
648,647,11,B_optimized,False,142.21620483921689,76.0420125557943,572.0871637206411,1661,55.82765731914958,0.7613573958483615,0.0666578020862732,178.26516612601722,0.1971534858002777,8.885810139575387,0.2065944583836533,0.1594923798576665,0.837179979119441,0.6776875992617744,72257917.07513186,1.8834993383213063,0.0531700277952069,1.16175,0.0617702797910816,2.9996670393323406,12.745669456333546,2.582024565812215,10.97109486234865,3.193133559356252,0.5481338643822259,-0.010999586602873,0.0576284813336876,0.0460307559002956,-0.0206270461859775,0.0206270461859775,161.234237443877,54.80949704262138,0.10185389344572265,0.04857622149040463,2.021994446433797,0.8315630459603901,7.705623437728153,2.689985339648809,0.07328882392291276,0.025175017404209934,0.014279208748393255,0.012368254742938591,47.16378778351402,15.18614725349535
649,648,20,A_standard,False,135.50208905279896,73.07814835363995,477.7415312464981,908,79.44063005939577,0.4451102409429279,0.0922240678374476,262.0267679032463,0.0384337208611909,9.088106292750831,0.2137080265198999,0.1433879678380259,0.8337996562080083,0.6904116883699825,31700519.577575047,0.8263164794346551,0.0921682516665825,1.162,0.1070995084365689,1.555719732611724,7.490775574951098,1.3388293740204165,6.446450580852924,3.298397403285138,0.5740507020642598,-0.001320146307442,0.070844292360779,0.0683672862833533,-0.0238567815540943,0.0238567815540943,274.0268167290913,41.71872737170783,0.10311643248006146,0.04864709220903604,1.9898145404058474,0.8281444843924115,7.629557742840629,2.7130189365156503,0.07358371296410607,0.025210261443542388,0.013658296701658612,0.012205855622918442,47.10038606815263,15.196222167981816
650,649,17,B_optimized,False,132.4403701016454,84.43162804796259,765.3200470818067,2037,50.52638021019424,0.8777250548288902,0.0599841063389548,411.3207651182588,0.4462935290462853,8.184519740694062,0.2171544619741332,0.1690932432829358,0.849004837494297,0.6799115942113612,131625272.15517648,3.430988921987056,0.0524826471723859,1.16225,0.0609979566761055,3.2218886125832733,12.95497904246532,2.772113239477972,11.146465082783669,8.140713096943177,0.9941805501301852,0.0061057789639957,0.0481078742500973,0.062842296889416,0.0028581905504612,0.0028581905504612,404.3646185892133,68.84263383943818,0.10188029432806703,0.04906535612588565,2.0171757749662786,0.8479459872555382,7.761564380362463,2.766648478684311,0.07333684026735333,0.02532807869807148,0.013569714865907207,0.012251359663770198,47.36164301979038,15.401510610653204
651,650,10,A_standard,False,139.70306953378525,70.7557599345571,264.90405420696266,713,97.6908332577012,0.3342192738773722,0.092006049051895,154.86634947208435,0.1860952119655974,7.543645501691637,0.2091890094725826,0.2063776099236321,0.8599569836185009,0.6535793736948687,13364106.705258189,0.3483533314479117,0.1354107741842033,1.1625,0.1574150249891364,1.5240855919108067,4.826642323200848,1.31104136938564,4.151950385549116,1.5852700228644625,0.1954890865685313,-0.0100701165640612,0.1171235665672693,0.0777783377862917,-0.0142277112656032,0.0142277112656032,148.17042281005936,26.179589391481866,0.10081822932990264,0.04926401086921653,2.0166495348494307,0.8482034389227062,7.864662888057865,2.780681395463408,0.07239425723376502,0.025344373862880867,0.013094309503060063,0.011900707077041658,47.86107600200314,15.247218377553772
652,651,14,B_optimized,False,141.98966667112876,75.33604893068745,656.729911022196,1618,45.83817623290622,0.6285308494891652,0.0251797067946145,228.97980746308147,0.3053419584036168,7.990935992572267,0.20682513176262,0.1915270188773567,0.8522982797214955,0.6607712608441388,80051256.59842093,2.08664316573285,0.0628790500860103,1.16275,0.0731126154875085,3.045959164703867,10.508607555939374,2.6196165682252133,9.037718818266502,4.995395242158476,0.8803127595561101,0.0040046373160216,0.0481270525737553,0.0368557653005217,0.0116760585059072,0.0116760585059072,222.5142071344587,61.728603296961616,0.10053403596314522,0.04946840057297469,2.0544394889058415,0.8707042863703318,7.892815088822044,2.8061706466574092,0.07163568658817704,0.02571594261732269,0.012560957545250287,0.011632669275352591,48.56199946061104,15.513405492110634
653,652,5,A_standard,False,138.87335849193704,70.08641667884812,326.9425923811114,742,85.35992804925225,0.2356822981291184,0.0103430876505994,338.6100763630355,0.1339364337419158,7.574303208429725,0.2100631000845164,0.2037051623951045,0.8594298590590942,0.6557246966639896,17002362.191686545,0.4431893311378345,0.1155833235186565,1.163,0.1344234052521975,1.7624096296402494,5.673177381494381,1.51539950957889,4.878054498275477,3.9668505363272937,0.7244912979963711,-0.0009118502191283,0.0805297598578387,0.0137698646442004,0.003426776993601,0.003426776993601,292.8034311805748,45.2616668064679,0.10130472381683388,0.049273293912662455,2.045154870749031,0.8759862594619227,7.817936987452847,2.792916949848879,0.07220812713049128,0.025502458757160056,0.012825417725512232,0.011585587140054199,48.24059878612163,15.444986297508303
654,653,17,A_standard,False,117.26389598206836,69.54847122490314,352.98357661550943,901,70.87921489810206,0.4031052302159337,0.0840035019348642,155.14747493400588,0.299019517101333,9.46659651318296,0.2364656183413462,0.1066156893882629,0.8275117848980744,0.7208960955098115,22119070.777117543,0.5765631900192303,0.1052089474994896,1.16325,0.1223843081787813,1.0133709339576853,6.852041700287026,0.8711548970192867,5.890429142735462,2.1888994560260047,0.3076560260448604,-0.0172529163046173,0.0969341167372072,0.0462023342343221,-0.037801167700542,0.037801167700542,177.0371621384958,27.93555936968736,0.10272923060594272,0.04943094448048814,2.0216326614861164,0.8883887928922428,7.72624309808986,2.812762880041014,0.07323484818149259,0.025446645333748834,0.012932949084949236,0.011541587919359263,47.764472126335605,15.425607161496162
655,654,12,B_optimized,False,140.56645439730724,84.96297915145087,690.597855533344,1863,40.02638810880451,0.8540589893415662,0.1175439760209703,218.45785110332352,0.2693787471621945,9.002273723798602,0.2082887646039886,0.15334385322108,0.8352322287997392,0.6818883755786592,109311992.98879726,2.849363430320098,0.0441874125776588,1.1635,0.051412054534106,3.4703062314766684,15.431733514159689,2.982643946262715,13.263200270012623,5.457845721914385,0.9211333034636212,0.0077935711647311,0.0395854797747957,0.1272287381374659,0.0096847621164955,0.0096847621164955,197.5352929470096,71.1885935671559,0.10377627641303856,0.0494446756871559,1.9934759725157791,0.8873033563913592,7.662813833669129,2.8330775171237006,0.07404246272595102,0.025409089721865983,0.01294356727515852,0.011547866847794718,47.304384624385875,15.481595619702043
656,655,11,A_standard,False,132.41241845450324,65.38641208857999,474.6858849307098,1138,72.72019514635885,0.2818042816205091,0.0259878652091818,216.27041045453268,0.3394279592517855,7.90847693314279,0.2171865491677036,0.1794937636989338,0.8537050336887287,0.6742112699897949,35321251.83480186,0.9206957126975572,0.0902703536453804,1.16375,0.1050521240548114,1.9884021325989285,7.468800583615502,1.708616225648918,6.417873756060581,2.974007564463494,0.4935022569383194,-0.0079270889311777,0.0860185477014355,0.0136902526725388,-0.012297612536643,0.012297612536643,204.8032107033097,41.380768537104906,0.10508448486644985,0.049194297572835784,1.9374907770018879,0.8380000691762896,7.570584076224322,2.832889575466048,0.07508215724756326,0.025035654628508066,0.013203049659005423,0.011606369231192938,46.6069862369407,15.072916968460994
657,656,16,A_standard,False,138.12412173186345,66.40413256184236,315.4991736522919,970,93.74748683230656,0.4065768745215763,0.0909863523591296,121.94189863315393,0.1233574590015799,7.073525043228729,0.2108600750446333,0.2250294443762279,0.8680807828397672,0.6430513384635392,20321935.48184776,0.5297184527706466,0.1181200331016805,1.164,0.1374917185303561,1.9050912742508053,5.44404976512312,1.636676352449146,4.677018698559382,1.3007484547429085,0.1545630428567434,-0.0230492569015606,0.1051584355813121,0.048276123023698,-0.0427102293354315,0.0427102293354315,88.52216038221022,24.621943000054607,0.10487261003113163,0.0494094896872961,1.9610919113671983,0.8664442495924345,7.611172990580181,2.9004938829246103,0.07502821233519963,0.02512569699059592,0.013164289692611684,0.011622609933759057,46.77481770059605,15.3604687384935
658,657,13,A_standard,False,116.73331547534204,81.83672298920749,316.6181183876705,693,91.26610348629193,0.6116613100546573,0.0399035386788641,237.3301011727272,0.0841965487751335,9.540839688203818,0.237217460888601,0.104011504519296,0.8262839546582635,0.7222724501389676,17956315.548764136,0.4680554024221313,0.1164381674403804,1.16425,0.1355631364424629,0.8932767219352948,6.203055802203269,0.7672550757442945,5.327941423408435,2.600418908082057,0.4014129912153006,-0.0128529956654648,0.0873752027075957,0.0,-0.0399035386788641,0.0399035386788641,193.5425423003118,29.59259086290611,0.10595130371896186,0.0491965280267139,1.9430098268992742,0.8705299500026996,7.524533115909812,2.8944092182699577,0.07592531821661412,0.025219137673610226,0.013427151456140762,0.011530648657789893,46.28315558204012,15.346035282826572
659,658,2,A_standard,True,129.9367638770141,69.13170693851875,458.4107890924004,527,80.28149910224204,0.443689975403715,0.0119079764768251,223.1451935456056,0.4025826053128114,8.1366841355443,0.2200749414707282,0.1668466278102141,0.8498174793680031,0.682970851557789,16701009.61337823,0.4353341727715207,0.1271044309342947,1.1645,0.3441693369509218,1.3126735754512264,5.373304821378286,0.4847806294667274,1.9844035427687736,2.779534463618079,0.4451057806967715,-0.0050908352108972,0.1354789959241634,0.031585557698673,0.0196775812218478,0.0196775812218478,204.18775939617217,13.927440949140802,0.10536574869190325,0.04892463922399107,1.955614859344594,0.8618052519788547,7.544896898317127,2.879193919918197,0.07548033972382408,0.024757320018016123,0.014201400056312572,0.012040449450281545,46.356989305177734,15.271880764545864
660,659,6,B_optimized,False,150.43510462181837,83.53777649629279,626.4720913544267,1467,44.98975493181851,0.7550159424988016,0.0261375258292741,282.4256863098502,0.1084642139242248,7.869832539803266,0.1986271415754496,0.2094725986812238,0.854365106999553,0.6448925083183292,76774103.49998869,2.00121978318424,0.0648044331818368,1.16475,0.0754809635485444,3.232380693670416,9.951364075800258,2.7751712330289044,8.543776841210782,6.277555562102156,0.9636507568898603,0.0043578241631912,0.0387955722495049,0.0339589965653861,0.007821470736112,0.007821470736112,269.32354587657784,65.26993592425323,0.10532312346599174,0.04890792046830364,1.955265926537748,0.8619614626695541,7.547965718152361,2.8768006704909337,0.07602442355926757,0.02484386712083824,0.013918227031621783,0.011712940833522298,46.470557010702535,15.181085892763337
661,660,4,A_standard,False,132.19073918646765,63.71362984493781,323.764759309722,988,75.57473534461168,0.5533540073170566,0.0336291779111761,128.96339865620132,0.3074674653877189,9.549652719718958,0.217441435080781,0.1253694636626994,0.8261383261622687,0.7007688624995692,20380689.29511707,0.5312499495656833,0.1095945054113976,1.165,0.1276775988042782,1.1439393169583232,6.394197043629255,0.9819221604792472,5.488581153329832,1.7064353327622488,0.2152500650630297,-0.0174819579159556,0.1025795336432964,0.0275698414488378,-0.0060593364623382,0.0060593364623382,93.44261598550824,30.212971430322103,0.10786118992108444,0.050087486480430495,1.8930908821530243,0.8330027858675962,7.431429845011869,2.9141621143381538,0.07711418423494427,0.02541949298216317,0.014159126240961804,0.011625478457508167,45.84013447317104,15.317835800327812
662,661,15,B_optimized,False,130.49998958250893,79.51261556233652,590.6452073444058,1592,55.895673931555024,0.750986485681327,0.043789788171277,220.98928578240177,0.4461340589775598,7.490051186621932,0.2194096342795441,0.1933236809277751,0.8608792539251809,0.6675555729974059,74766282.52605715,1.9488832416820048,0.0579543596930529,1.16525,0.0675313176323299,3.335791853308129,11.51864288610933,2.8627263276619863,9.88512584090052,3.953602671523489,0.7218391268842246,0.001722921751546,0.0574982870893628,0.0371381484211951,-0.0066516397500819,0.0066516397500819,212.90416476596232,60.22992155946969,0.10615854189416347,0.050380371271134365,1.9757629950792148,0.9429754707872691,7.546774372485466,2.9264297468399008,0.07642736871383721,0.02527960835505608,0.01425139738047155,0.01162825113750842,46.49395024643638,15.335628052579361
663,662,1,B_optimized,False,131.95559654159746,76.46894150107241,800.981250488787,1712,62.84187014978131,0.8097876785416224,0.0381592670706057,409.6929083365503,0.488291574787614,7.681073098670465,0.2177125965125389,0.1878209115474232,0.8575965924979918,0.6697756809505686,104860322.51868588,2.733324680183403,0.0520568237551485,1.1655,0.0606722280866256,3.607997914564414,12.866241784187345,3.0956653063615738,11.03924649007923,6.519425780296834,0.9712354663600816,0.004180487631068,0.0452794832119695,0.0438890362504623,0.0057297691798566,0.0057297691798566,378.6406188213277,69.55111032850692,0.10569765751366018,0.05025038666527369,1.981409188893407,0.9372888903007973,7.567135487481462,2.9148893133929477,0.07583318517943365,0.025022718642759543,0.014222646954767095,0.011640160038300644,46.768723303283544,15.159980652389843
664,663,5,A_standard,False,127.59388332122612,65.86961922510793,400.554119627652,888,91.24932835704642,0.3914998010701652,0.0148729131575395,560.3168743282614,0.3010909725883645,7.769241051624236,0.2228959249558387,0.1769775889712091,0.8560856743147198,0.6791080853435107,23429300.43696253,0.6107160800728006,0.098156745831763,1.16575,0.1144262264533777,1.803009945689744,6.918608390985948,1.5466523231308118,5.9348988985511015,6.1405040937486834,0.9585329218265782,0.011607282145227,0.0606980230771594,0.0097838183551295,-0.00508909480241,0.00508909480241,560.0381858609929,53.9220327831656,0.10360425428515624,0.04979114075183541,1.9918218299452672,0.9325427036250058,7.712523320823375,2.906520399227264,0.07448647537265378,0.024404839412664237,0.01409438306457527,0.011694492763065275,47.41993597246979,14.946826414006143
665,664,12,A_standard,False,115.1827051567904,78.80296544557778,246.5999924421301,1037,70.06672873275313,0.5097753599546347,0.0827542288545515,391.382646658872,0.1622510865557888,6.683430828358159,0.2394483978889502,0.2018285298389273,0.8748799372881173,0.67305140744919,20151824.678578906,0.5252842869606212,0.1109310960225686,1.166,0.129345657962315,1.8194044508301424,6.067292504819922,1.560381175669076,5.203509866912455,5.585855851094097,0.9299457201545874,0.0087735185378003,0.0664299145634502,0.0784200250121341,-0.0043342038424174,0.0043342038424174,385.5459467442409,51.77225421159394,0.10404103045415625,0.04998921982012074,1.9787307751711445,0.9389337636997059,7.699291784711269,2.9175676899826035,0.07482627054484825,0.02471057004955937,0.01391246901615442,0.01182772017198041,47.35810663825038,14.993165117106543
666,665,14,B_optimized,False,133.16328570924028,81.21232636612213,633.0627328654027,1672,50.51718806062239,0.8142529431157128,0.0356482750276884,129.53425568318897,0.4779369805947664,8.315735365425947,0.2163285681089278,0.1654756666342229,0.8467797044904687,0.6813040378562457,85961695.43827282,2.240706666241376,0.0641577544571387,1.16625,0.074823981135638,2.579199787061916,10.61920018275262,2.2115325076629504,9.105423522188744,2.5641620338753484,0.3927331442312013,-0.0160756625948545,0.0792118759341089,0.0201070105971238,-0.0155412644305645,0.0155412644305645,70.48671177359361,45.50046319790405,0.1042003714491355,0.04987286800970015,1.975149886884026,0.9374814128251401,7.677117063145589,2.900264820873692,0.07511468585423532,0.024514521036263722,0.014038221365153956,0.011772045623014468,47.10774404438811,14.863603545089877
667,666,11,B_optimized,False,132.05866709976735,84.4020299442696,610.0967108425585,1462,67.56434880575212,0.8327761538152081,0.0311793167730479,269.50885670326073,0.206032857715127,7.237655255321549,0.2175936367264845,0.2070349357168778,0.8652358890645238,0.6582009533476458,75283352.05356854,1.9623613511038585,0.0546083985856537,1.1665,0.063700696950165,3.791265466101188,12.053108503360566,3.250120416717692,10.33271196173216,3.9889211021347992,0.7288747671565377,-0.0025333185405631,0.0469821381673042,0.0311111794963263,-6.813727672159639e-05,6.813727672159639e-05,250.27818045901824,65.07137157430394,0.10382414639714382,0.0495997325084189,1.96928057094704,0.9424421170371011,7.695276401053884,2.882500062518979,0.07529922803182844,0.024645365361248735,0.014143504456010834,0.011667723632375103,46.936228320774546,14.925876666785822
668,667,18,B_optimized,False,129.65987550141838,96.49439322185287,748.6528129719806,1454,49.259996622174185,0.6802347309086432,0.0307660369123026,177.0109486817597,0.0124553116190185,7.429278267688877,0.2204038148715766,0.1944770200122366,0.8619262529903752,0.6674492329781385,105038121.63195488,2.7379592520857186,0.0526169066992076,1.16675,0.0613907758913004,3.696093750322373,12.685071678457104,3.1678540821275964,10.872141999963237,3.5934015594730866,0.6441452402119145,-0.0144232666913821,0.0469985764879128,0.001032345727483,-0.0297336911848196,0.0297336911848196,178.82032625153371,59.109426489820784,0.10498643609211834,0.04937191032978456,1.968919661850026,0.9424389368666315,7.587023100991724,2.876513484560731,0.07558540739894642,0.024565547164104307,0.014180570078335713,0.011651948059431502,46.81340117485239,14.894525291377908
669,668,19,B_optimized,False,118.42394696595754,87.51536337438544,584.9875677019353,1778,53.09590621696096,0.6889656551300494,0.0147392823763481,249.98047461216632,0.3346382863717665,7.295564520598336,0.2348417755685069,0.1802693196940806,0.8642343656587861,0.6839650459647054,91025420.41222648,2.3726994363618585,0.0545550372148323,1.167,0.0636657284297094,3.3043570107779003,12.537156619861117,2.8314970100924595,10.743064798509954,4.7080931925465945,0.8465887989528574,-0.005138718649035,0.0472618768380949,0.0,-0.0147392823763481,0.0147392823763481,224.10758033120547,63.86466908549225,0.10510543510164183,0.04927518442567485,1.9588253204172708,0.9372647290045781,7.5684632858697025,2.8575368282254368,0.07526057394196617,0.0246305982535578,0.015134995128776904,0.012402278540780624,46.69071663498189,14.871861530600066
670,669,3,A_standard,False,127.39441511941016,75.40485306531583,338.0137079135372,794,83.92030398057523,0.7881351233129031,0.0902660430803923,155.4198288782681,0.3437499983525159,7.412929796696057,0.2231401676092859,0.19125983221726,0.862208122596134,0.6709482903788739,20237371.93955059,0.5275141908376986,0.1093282314063611,1.16725,0.127613378109075,1.7494093680740892,6.137008545258838,1.4987443718775662,5.257664206689944,1.8519931590600849,0.2408533299781182,-0.0164048393880044,0.1035798038460281,0.0662917400347387,-0.0239743030456535,0.0239743030456535,151.49729930118738,29.677246100050205,0.1048846760473599,0.04946788611708901,1.9738560940876964,0.9589399980216756,7.602177314280956,2.892289474814955,0.07535127234477837,0.02462418881881955,0.01434766063559868,0.01152868460704107,46.87278438945375,14.885692622789433
671,670,20,A_standard,False,127.3815565579598,74.48263342585805,233.82822131715167,942,102.7265899089333,0.4477270882959655,0.0187382686943339,101.7546473538344,0.5182782461136006,7.161085535984186,0.2231559348265634,0.2022928786905267,0.8665619215284379,0.6642690428379112,16406005.47479264,0.4276444949850677,0.1234426607665677,1.1675,0.1441193064449678,1.6387598698400236,5.381195112879622,1.4036487107837463,4.609160696256636,0.9905385494061416,0.1182131039932927,-0.0188213550027849,0.1173814026771566,0.0224193683638171,0.0036810996694832,0.0036810996694832,99.64112179477858,27.24884710427912,0.10334430286293339,0.04941942352334506,1.987733425378174,0.9488608670505695,7.71268617771992,2.894496848658008,0.07459704953185278,0.024815181625508116,0.014257878482022012,0.011582175137064648,47.28694962590376,14.955397339086398
672,671,13,B_optimized,False,132.3918031576612,87.80791959852672,596.4745390603402,1814,46.36338623730198,0.7762824822350339,0.0425545578816513,188.4051672790715,0.120220406106403,8.247214177619972,0.2172102219507014,0.1667300532558986,0.8479409470291427,0.6812108937732441,95008591.70023884,2.476526128149709,0.0595987670517156,1.16775,0.069596460224641,2.7975419879277346,11.42994943472801,2.3956685831108837,9.788010648450449,4.063662785862022,0.7433898859974458,-0.0082838155212411,0.0526887432699186,0.0257024699208436,-0.0168520879608076,0.0168520879608076,162.24913816552905,57.60927070951071,0.10371036064037056,0.049505418385337105,1.9794696369958376,0.9537074025482621,7.696444816426583,2.9038398344321945,0.0747569392542971,0.024873515966706183,0.015218960535099336,0.0124860699985792,46.991504588078676,15.165696655946102
673,672,13,A_standard,False,128.81542076361796,67.93983040872166,276.1196353331007,1002,82.05355682251458,0.5576644156429488,0.0787294475801846,304.53887881194936,0.2624010886242824,7.844406907514285,0.2214142294691131,0.176071817874792,0.8547996729423495,0.6787278550675574,18797040.239443023,0.4899700169405319,0.1170571967457867,1.168,0.1367228057990789,1.5041520108940196,5.798258235600425,1.2878013791900853,4.964262188014063,3.711464689710895,0.670724721878829,-0.0039502438176259,0.083759206252008,0.0771340985836721,-0.0015953489965124,0.0015953489965124,292.259977863488,43.18135269865879,0.10477731236467999,0.049532585293776306,1.9587884124533135,0.9661705751441102,7.632319902697511,2.9176505359886744,0.07526262791992261,0.025047188381806303,0.015144572232527914,0.012482872469860616,46.68722796555675,15.368312467651306
674,673,2,B_optimized,False,137.21614835819943,104.70809755888229,650.9222015615209,1872,62.92609387654285,0.791048471752841,0.0171762669882906,250.44201991655547,0.5870201836253826,8.048008138208116,0.2118358063475496,0.1817985099350922,0.8513259849056661,0.6695274749705739,127589577.119496,3.3257931284040887,0.0474165412390741,1.16825,0.0553943743025483,3.834073620394712,14.120124696460184,3.281894817371892,12.086560835831529,3.979939075956429,0.7270961275119414,0.002520924892691,0.0554702168578081,0.0224195884792382,0.0052433214909476,0.0052433214909476,258.74024993523346,65.5434333564538,0.10474713799867087,0.049559771167145626,1.9708552468787752,0.9778107887215348,7.633016677119964,2.9184681983658782,0.07495199134322315,0.025364652687342924,0.0147738126886715,0.012591541266681277,46.94794034703425,15.617463280009368
675,674,13,B_optimized,False,132.04066892696454,84.12766781414275,650.0243093679362,1925,71.78008491235654,0.7122301320106768,0.0472489842968518,263.7374454093957,0.0829673678346873,10.353788076462314,0.2176143980986181,0.1050694876779807,0.8129580567088106,0.7078885690308299,105268681.15152484,2.7439690946072264,0.0562991122933676,1.1685,0.0657855127148001,1.866272546722882,12.57370747414472,1.597152372034987,10.760554107098605,3.67424259432709,0.6624524951478215,-0.0077352810428282,0.0488717260341172,0.0370731291540802,-0.0101758551427715,0.0101758551427715,235.5261308041019,55.45763903659792,0.10559472840201808,0.049961589921087644,1.9586512778489635,0.9895969156064182,7.598629525416677,2.942762495531234,0.07566745471467327,0.025748052858087886,0.014309546808211759,0.012677464569243384,46.66127025815107,15.845297418219545
676,675,15,B_optimized,False,146.61228710117467,83.87714809049362,673.3650213112893,1624,40.90546431251042,0.8647879284172038,0.0551163304159909,242.4959942521044,0.2005497207262779,7.844438818900802,0.2022384692317401,0.2046513869847088,0.8547991273856684,0.6501477404009596,91723418.6810523,2.3908936956305817,0.0502909736756478,1.16875,0.0587775754834133,4.0693462867633095,12.927722270682098,3.481793614342939,11.06115274496864,5.928205395726069,0.9492232475807434,0.003102156048046,0.0407954399366547,0.0604052855377476,0.0052889551217566,0.0052889551217566,236.90220401294252,71.45873000085,0.1054466588242942,0.05010721580079402,1.9795906490267916,1.0178344279060354,7.6205907176069525,2.973714073691806,0.07553131755105574,0.025914200675787306,0.01441550573149337,0.012601714183917683,46.7355893419097,15.959758753690483
677,676,12,A_standard,False,125.49222859659945,74.58689976138356,408.7440948606584,846,72.24390520738396,0.2651709158797342,0.0444812680652751,263.9249836781326,0.3605957894647061,8.604947622236367,0.2255024398202667,0.1436412103565836,0.8418958613929253,0.6982546510363417,25791963.78738926,0.6723020631364651,0.0923335068456983,1.169,0.1079378695026213,1.555678055168286,7.562310529407476,1.3307767794425032,6.469042369039758,3.653249127666996,0.6577422721934777,0.0033984050865796,0.0768733317752612,0.0272020260063841,-0.0172792420588909,0.0172792420588909,276.0901222107493,43.59556183728351,0.10504535348068768,0.049761669748974065,1.9734433271488963,1.0228703351861852,7.6387040292732635,2.9548533698144936,0.07468639655783188,0.02520955509625348,0.01497326553875679,0.013196372108242517,46.70494497628393,16.001450426067382
678,677,2,A_standard,False,126.45590277406826,64.85151100039482,346.5066226239301,849,84.10368702671538,0.7280159183625305,0.0480460049544173,279.19426726009755,0.4572229651490418,8.718749599335979,0.2242981300723145,0.1414796721834462,0.8399818521288105,0.6985021799453643,19078284.863435835,0.4973010345596266,0.1222854168235249,1.16925,0.1429822236209065,1.1569627504121875,5.712064431635387,0.9894913409554738,4.885237914590881,3.319643610528181,0.579237394848882,0.001795961121733,0.0970323921315111,0.0371154459550127,-0.0109305589994046,0.0109305589994046,247.94468509663943,36.71504601807057,0.10495702399521291,0.04982339021348127,1.9679663630442463,1.0200691115605232,7.656034960707607,2.9657475612577286,0.07533537407618726,0.024927974197499106,0.0156409736286961,0.013854347252532867,46.23676216057511,15.895013093279523
679,678,11,A_standard,False,129.6823497412242,67.9230877492338,327.6625981612918,903,75.29991280984652,0.4284190056582702,0.0259209385478746,194.42002642748523,0.2799770385027023,7.937143375635726,0.22037707664635,0.1739192002417964,0.8532157202458054,0.6792965200040089,20097037.432567377,0.5238561840510969,0.1112135708019139,1.1695,0.1300642710528383,1.5638307356533807,6.108036232501926,1.337178910349193,5.222775743909301,2.581942251625849,0.396981607176259,-0.0066904892147555,0.092670223761375,0.0458149391223144,0.0198940005744397,0.0198940005744397,189.53452991924144,34.18928954956064,0.1036233122411298,0.04991098254625632,1.9923974085869434,1.023630859118847,7.753309149495671,2.9525058460731337,0.0746843852508003,0.025212937671983644,0.015618129768120327,0.013875822759359587,46.624918016543205,16.106280240593527
680,679,19,A_standard,False,133.5396368397577,77.75843589913396,297.58752632133576,965,66.05884156246586,0.6575800474859752,0.0387249623894638,228.36113447135017,0.2997030749464774,8.273799131545038,0.2159016164262322,0.1675746079171181,0.8474902174458544,0.6799156095287363,22330042.669195045,0.5820624548087093,0.1093268791823397,1.16975,0.1278851169235419,1.532785067774874,6.219107456591218,1.3103526973924975,5.3166124869341465,3.456935197015372,0.6122868683366165,-0.0054720105634749,0.0916765455214219,0.0608432814333932,0.0221183190439294,0.0221183190439294,196.15267903397387,38.2942171049104,0.10200689044813903,0.05059503929265004,2.0562710171527505,1.0515004721790113,7.962377143482795,3.1792968133692976,0.07396098092608003,0.02508006881240394,0.014950051803726388,0.013587125156242708,47.44611276315934,16.18050261036488
681,680,15,B_optimized,False,135.0802548762952,85.63212059457324,838.2502180455939,1544,52.23070345092241,0.4370476502649607,0.0516062888365434,482.0721612798579,0.2796401537736498,8.020698190262426,0.2141749713352816,0.179454639990988,0.8517911052848879,0.6723364652938999,110830085.96560614,2.8889345559914443,0.0432558544887045,1.17,0.0506093497517843,4.148678649680804,15.543247804050852,3.5458791877613707,13.284827182949448,9.22967008730464,0.9980337719183716,0.0019360629958708,0.0326803237361224,0.0590517364003228,0.0074454475637793,0.0074454475637793,478.7391795574522,76.43657730796818,0.10354182690703949,0.050191333823490766,2.0276950394682003,1.0452071820613433,7.800804546374807,3.1089097844509803,0.07519755938766781,0.024873985144588946,0.01595244053933634,0.014969234168289249,46.51820216173162,16.12136933570215
682,681,3,A_standard,False,127.56458589714666,76.99422143135251,334.5540748731102,898,87.01036026872107,0.4815229556361642,0.0520455702179572,234.5201494612525,0.5782028267058602,8.202558395711478,0.2229317580674561,0.1606365749783575,0.8486985946322785,0.6880620196539209,23131340.0083443,0.6029493426291398,0.1049692804333689,1.17025,0.12284030042715,1.5303198642037406,6.55488936204226,1.3076862757562406,5.601272687068797,2.6953129344248787,0.424412092794078,-0.0062139128091404,0.1004738808199648,0.0679437921585413,0.0158982219405841,0.0158982219405841,227.2562483096077,34.67913635167179,0.10374208926079481,0.050217452125233146,2.046803460275503,1.0479845396387244,7.77514345559134,3.125806795353838,0.07541135821952225,0.025014437680870867,0.016051911554292097,0.01496097450271749,46.41569381764346,16.170921495399902
683,682,20,A_standard,False,126.722808573056,62.14472123239357,371.07792169704857,1017,91.17834400549722,0.5917369047531209,0.0407754339292097,224.25439956303052,0.297153630077799,7.413483210651863,0.2239673310445509,0.1900671119436647,0.8621985794887899,0.6721314675451251,23452563.07734816,0.611322451935532,0.0968339890033873,1.1705,0.1133441841284648,1.962814027386769,6.941069705613527,1.676902201953668,5.93000402017388,2.4595138462868995,0.3680744977686653,-0.0127339602488566,0.0899935391610603,0.0,-0.0407754339292097,0.0407754339292097,159.15841487572186,33.09795210105082,0.10236769479414871,0.050215302650743185,2.0567338061403175,1.0463701748881735,7.881488049354631,3.1086558845743566,0.07450859956627601,0.024731878002926855,0.015549449780738769,0.01446090773625182,47.0782388111381,15.936717152752141
684,683,20,A_standard,False,130.73883230603568,63.155788376731394,418.8041344523233,845,76.89093327927428,0.60065186408165,0.0479062963784944,230.4250333481486,0.4644714614178635,7.505788690420176,0.2191289744646377,0.1930635676430729,0.860608334752763,0.66754476710969,22350169.96732157,0.5825870997782577,0.1051303485116124,1.17075,0.1230813555199702,1.836420884895551,6.349686618188608,1.5685849967077097,5.423605909193772,2.9967776891356706,0.4991944229809623,-0.0027543607439034,0.0932205933617014,0.0274643369652168,-0.0204419594132776,0.0204419594132776,205.89079471150987,37.32319347889607,0.10297980707224955,0.05081120671550973,2.0636826868965255,1.0387580518176385,7.856206562433085,3.134876233153502,0.07507999183762105,0.02535732789082071,0.01485784601779509,0.0140946584518282,47.07927657810622,15.935556932373782
685,684,4,A_standard,False,114.63267259283856,70.86961722250727,166.23973211322385,741,76.22764325903727,0.4321339490730924,0.0251722058997936,199.4510241302415,0.2765390121969607,8.016922253283076,0.2402520681905866,0.1457179825158122,0.851855433904528,0.7061374513887158,8729977.520888917,0.2275585506714406,0.1644643787193052,1.171,0.1925877874803064,0.8860154621354948,4.293558622769585,0.75663147919342,3.666574400315615,2.616518307570729,0.405287430404405,-0.0086404490205724,0.1168227056870982,0.0092630114565611,-0.0159091944432325,0.0159091944432325,193.8037389456928,27.153059503015143,0.0986524702768509,0.03725659566330363,2.0759968432999356,1.0231915428030425,7.924778754949655,3.0398745168817354,0.07465320396092602,0.024484570682644792,0.014587287004341622,0.014130047234083138,47.349701333795345,15.469401299207247
686,685,17,B_optimized,False,142.7461743311048,71.92827217929397,680.2623421717134,1843,65.11823877640028,0.6539067482182097,0.0528198277527156,180.85893498473013,0.3274833519324436,6.028096356149007,0.2060572469079999,0.2887676367827837,0.886422192069542,0.5976545552867583,90178164.902637,2.35061458730592,0.0477911514644669,1.17125,0.0559753861527569,6.042282471421186,12.505548348863664,5.1588324195698485,10.677095708741655,2.7773929145374225,0.4445769090933054,-0.0143847008802057,0.0646601054842043,0.0696742592273094,0.0168544314745938,0.0168544314745938,173.32142972622069,62.9211804843258,0.10218624395033543,0.0429572329266813,2.0340436604605507,1.0368519567184968,7.807464215752226,3.1274227735713644,0.07572905368745712,0.02405488303797755,0.014793935160858631,0.014104611085340984,46.538939335038265,15.572989912157816
687,686,9,A_standard,False,133.81628101781166,83.80905899735608,291.7767178016033,1137,70.38434608878171,0.6637859653642778,0.041188877301774,241.6602664828928,0.0935516756415749,9.496072789765323,0.2155890795348697,0.1290894644740715,0.8270240893417535,0.697934624867682,27803666.061701145,0.7247397759289078,0.0924564879806745,1.1715,0.1083127756693601,1.3962185596002106,7.548790140217808,1.1918212203160143,6.443696235781313,3.433437687665185,0.6066942570336975,-0.0042914067302168,0.0719320822518647,0.0323933141303695,-0.0087955631714044,0.0087955631714044,219.8071343116117,43.94851685619589,0.10104080787886208,0.04302715225652103,2.0569933448323368,1.0257285815173383,7.89142919621658,3.120243903627731,0.07507062888326094,0.023753608617635882,0.015487348211442238,0.014512772158508486,46.912468188027994,15.396391068452498
688,687,12,B_optimized,False,136.5685224763798,76.44878690864995,435.975143352428,1728,43.42443582859519,0.7440144347594291,0.1317108979917391,175.2223441495835,0.2906978446496561,10.160858017999129,0.2125384944452961,0.1153743216825066,0.8161009973947413,0.7007266757122347,57593843.99703569,1.501260643134852,0.0538253422602669,1.17175,0.0630698447934677,2.143494436591334,13.018527078266269,1.829310378998365,11.110328208462784,4.035109283658183,0.7379052373206275,-0.0017285403327703,0.0526041510229623,0.1378193693139751,0.0061084713222359,0.0061084713222359,147.6197209932391,58.545927611451845,0.1009928070059518,0.04306661883061152,2.049403764757589,1.0210383245812824,7.901568208865749,3.127669306998083,0.07528183176240832,0.0236408568792183,0.015609030574452424,0.014462596660369063,46.74081359282534,15.29237759778976
689,688,9,A_standard,False,129.99549522301632,54.67547868424805,361.1367369532304,827,78.50064399532434,0.386152270401035,0.0183590168853692,206.0555573058303,0.4886628037717837,8.170350259924714,0.2200053365853048,0.1657092290171052,0.8492454707435277,0.6835362417264225,16329382.917719595,0.4256472254623729,0.1168215527524468,1.172,0.1369148598258677,1.4184816509694476,5.851114161912262,1.210308575912498,4.9924182268875965,2.6248900240627755,0.4073068507064504,-0.0089454908229234,0.1048051262914399,0.0173445917037253,-0.0010144251816439,0.0010144251816439,203.96952888703163,34.848241763576546,0.10110222183284073,0.04296892867252122,2.079886490068418,1.074274939149454,7.859074161447373,3.0984665641153373,0.07577032739146479,0.023257499348973,0.0157679165405449,0.014395329773293147,46.494125937577145,15.013854971066491
690,689,16,B_optimized,False,139.95844385935953,75.95064586646133,679.3669049088405,1423,59.53347125576869,0.628776962593879,0.0655112607324933,154.14534074536746,0.1631254882722865,8.665469177251005,0.2089217494665708,0.1635878734936912,0.8408774209594215,0.6772895474657303,73424459.46116224,1.9139068272325543,0.0617389281753925,1.17225,0.0723734585536038,2.6496714200959017,10.970218749856429,2.2603296396638104,9.35825869042988,2.5892214496132047,0.3987254540744006,-0.0166849860884177,0.0657851988139802,0.0535118051773806,-0.0119994555551127,0.0119994555551127,136.575165623345,48.54472806540596,0.10084727311896226,0.04292605557691092,2.0796739740149603,1.0743836233018846,7.875221818492316,3.0903272229580794,0.07580176950141226,0.023237761362044137,0.01593377538234835,0.014317343681788943,46.36733559114879,14.976568920961304
691,690,20,A_standard,False,130.3175482127805,72.22666351656403,343.07958188264,832,74.37631617076809,0.6166901330041314,0.064130775766942,230.95730310463117,0.58011926059905,9.081057670050496,0.2196246068268328,0.1360920586562509,0.8339172072772306,0.6978251486209797,20616538.60867404,0.5373976776487694,0.1108678140924846,1.1725,0.1299925120234382,1.2275163876030295,6.2942085972657695,1.046922292198746,5.36819496568509,3.1052533251896066,0.5262890660128995,-0.0048862791995303,0.0968996593348272,0.0587884746864733,-0.0053423010804686,0.0053423010804686,228.73540716543084,37.43433919895132,0.10106527932426584,0.043101065147240755,2.0744251611718214,1.0776085862300382,7.86755228996759,3.0975605447498973,0.07661877871456596,0.023616571427364598,0.016193699326620764,0.014220101219208883,45.882284465125004,15.189174304572111
692,691,16,A_standard,False,137.6858744607557,58.99165334741481,378.2363369768708,892,69.88967313296745,0.4414692058750203,0.0102253633097712,286.1497488681352,0.337495077501988,6.675330260421731,0.2113296610175155,0.2439735939370234,0.8750216892578863,0.6310480953208628,19903005.891907293,0.5187984921989123,0.1056974956271608,1.17275,0.1239567379967528,2.308224925192364,5.970322111952708,1.9682156684650296,5.090873683182867,4.0943065840889785,0.7491918116849702,0.0022067889190089,0.0758713558382648,0.0,-0.0102253633097712,0.0102253633097712,285.1419675664352,47.53381815576808,0.10074608763166328,0.043357696781054306,2.070820631566045,1.0774420216824594,7.927677364890402,3.150797454949973,0.07590732287217505,0.024068358220858375,0.016268724953191725,0.014226483202492464,46.17385289514901,15.321045183303804
693,692,19,B_optimized,False,136.67544932360138,85.1809118177565,653.4091995040638,1414,64.77177760166056,1.1258396029617783,0.0477845356425732,199.9896988341769,0.1970479351293617,8.928277945284423,0.2124220864338281,0.1500835065589761,0.8364692170732799,0.6863857105143039,78700399.84506726,2.0514312761005637,0.0585942964173389,1.173,0.0687311096975385,2.561401292200928,11.714206885009922,2.183632815175556,9.9865361338533,3.087605531904527,0.5218873864526621,-0.0156873979875581,0.062474668757909,0.0,-0.0477845356425732,0.0477845356425732,179.56722141174876,46.37935949426912,0.1020439927897469,0.043197134703102644,2.025187978451431,1.0747895571621766,7.832625958066938,3.148448596469068,0.07713376785922578,0.024126665164989115,0.01677343160036185,0.014086959899757131,45.44199325449137,15.273839936794378
694,693,19,B_optimized,False,143.21270779142137,78.60660350223041,653.9105021916312,1689,55.6258305148547,0.8037723693449904,0.0801958185594656,89.10872467817136,0.3527800522906352,7.573560205565775,0.2055871367476163,0.2107618285602371,0.8594426303309178,0.6486808017706807,86817443.55263832,2.2630128864096277,0.0487887069413309,1.17325,0.0572413504189164,4.3198896173592205,13.295716210530609,3.681985610363709,11.332381172410493,1.6019306831630165,0.1981226604532523,-0.027518965258886,0.0758678325819775,0.0721269754652901,-0.0080688430941754,0.0080688430941754,101.98544748902408,52.44113059362836,0.10267919770368288,0.04281899647801017,1.996819521332692,1.0626648684669542,7.760960987123108,3.1184896054024223,0.078382454001639,0.02415082070362896,0.016652922439041852,0.013999326909735575,44.70844835734165,15.483346832846172
695,694,2,B_optimized,False,135.3356361007944,81.10578740379442,672.1352578456554,1568,59.40210456752106,0.8353539356451807,0.0532581822122781,286.9461998381197,0.3066994662400991,10.290724229816844,0.2138919842828875,0.1106809627917874,0.8139840688598732,0.7033031060680857,85478045.02853726,2.2280996708616367,0.0572046224556838,1.1735,0.067129624451745,1.9348255095561808,12.294515300978183,1.6487648142788076,10.476791905392576,4.830572955743585,0.861829968012425,0.0008516070886574,0.0499839890882468,0.0479467855766906,-0.0053113966355875,0.0053113966355875,270.302963764155,59.89492804558796,0.10242762785820048,0.043088985251936746,2.0061672784872506,1.072170154207671,7.8155467723006105,3.1947085740908836,0.07870557223586322,0.023831926584502422,0.01683537646200844,0.014033284495084324,44.55871896972846,15.329755504536891
696,695,6,A_standard,False,114.377475759614,64.92535205179564,368.7278200288588,908,98.92168830399606,0.552433692294809,0.092009262566375,232.22582354577773,0.0760831270272517,7.811740430001305,0.2406271747993302,0.1526332902984135,0.8553583212991037,0.7027250310006903,21737323.44221164,0.566612434699871,0.1057006766476493,1.17375,0.1240661692151783,1.4440143160787222,6.648254801085214,1.230257138299231,5.664114846504974,2.347572383036215,0.342442688098067,-0.0171613290718488,0.0875571920519695,0.0421520957755566,-0.0498571667908183,0.0498571667908183,237.71068843461887,29.247328876075425,0.10234908786162335,0.043045698516830794,2.011929325732561,1.0701597875609052,7.814985673656361,3.1951694234301637,0.07843938636546803,0.023621830598628782,0.01636377280248742,0.01418388763285343,44.74651400168973,15.200702324448189
697,696,15,A_standard,False,114.20932904112829,67.08457265548607,328.6592495904615,854,84.66492816749508,0.4307010496468608,0.0710547950590614,140.7061106951348,0.0906327467461701,8.90818222317166,0.2408751074188509,0.1169791751832548,0.8368054737007946,0.7198262985175398,18828962.37307372,0.4908021100869298,0.1125666726839393,1.174,0.1321532737309448,1.0391990132968103,6.394666212962002,0.8851780351761587,5.446904781057923,1.6619173220908172,0.2078255382996111,-0.0222614451535657,0.0960528730171757,0.0572068327728691,-0.0138479622861923,0.0138479622861923,153.75630680634058,29.26957625421264,0.10163736716670373,0.04263318663525497,2.021721642629256,1.0667147556135599,7.843331630221528,3.1723538402237783,0.07791313805005069,0.023022053522660665,0.016420933160923586,0.014137416729634868,45.01258682467506,15.003324784203546
698,697,12,B_optimized,False,137.97672424853272,88.69963696118772,647.418954109268,1595,69.08721908902086,0.7033538584069079,0.0422204661156113,311.562249267586,0.164634709777495,7.821587069639867,0.2110177297980957,0.1919551463793574,0.855189889781459,0.6632347434021016,91594192.77509786,2.387525249400585,0.0513191922423895,1.17425,0.0602615614906259,3.740416362609908,12.923717510391183,3.185366287085295,11.005933583471307,4.509694461230653,0.8190159216043476,-0.0056149954379013,0.0420966524987148,0.0401313971224543,-0.002089068993157,0.002089068993157,325.79800597180207,67.84511611649643,0.10290592579945486,0.04260399164073735,2.0136761650350286,1.0653529427439428,7.7405179529351384,3.191288375779819,0.07872703596148278,0.02283064414147366,0.01646361251978283,0.014141965283150168,44.64039573083053,14.915024498922579
699,698,2,A_standard,False,132.19043076258816,66.63593325250487,313.1202762808976,898,85.72395108029352,0.5074963962059893,0.01,117.25325944332936,0.0676671669644927,10.196692756330446,0.2174417902114435,0.1089150425105421,0.8155163116265122,0.7066012691159701,18736825.52357328,0.4884004397635431,0.1272703521531956,1.1745,0.1494790286039283,0.8557770185112774,5.551970723436298,0.7286309225298232,4.727092995688632,1.3678004567650397,0.1635292686080551,-0.0157306581729597,0.1066174609332849,0.0106434875311071,0.0006434875311071,0.0006434875311071,101.87256601384529,27.385222927548863,0.10139100835237867,0.042723509602701076,2.0597402553853947,1.0829744338545892,7.8522292319045,3.1898832403858135,0.0787530256371291,0.022837228206717488,0.01645955762586031,0.014146343818309155,44.91348999140013,15.01245494526767
700,699,2,B_optimized,False,137.19799760190023,86.90520590963311,645.264911625015,1793,70.58741243280917,0.7968442159254079,0.0720192397184047,352.15132128933493,0.2446265456909894,7.487649782961094,0.2118554234899763,0.2046816946205648,0.8609206012899284,0.6562389066693636,100545845.8597824,2.62086207039356,0.0456220283378692,1.17475,0.0535944777899119,4.486466342634431,14.384255382276418,3.819081798369382,12.24452469229744,4.988868541179932,0.8796233832359293,-0.0010599017111896,0.0413010160692212,0.0801753764329465,0.0081561367145417,0.0081561367145417,398.0060100191978,72.55858802736945,0.10133555915771263,0.042786178342269256,2.0884791850754696,1.1339357852893173,7.849619591489313,3.1863999135212264,0.07901798116878671,0.02263756730952043,0.01672987259505743,0.014056492016462417,44.8971401894002,14.98995700939662
701,700,11,B_optimized,True,133.27028725123608,78.70623197567002,705.1739788793708,1737,54.50426229572414,0.5569493071394532,0.070780294927775,214.3933833567231,0.2271476901452255,9.16508878732739,0.2162069716474397,0.1378545560073619,0.8325168844208936,0.6946623284135316,96406256.21060698,2.512958124628881,0.0515986164484807,1.175,0.1373497578088098,2.6716715581900243,13.46280920355928,1.003675275490873,5.057615968864671,3.933515918323736,0.7177880443719129,-0.0049283928756139,0.0748775169060763,0.1128959965565495,0.0421157016287744,0.0421157016287744,210.1697474196092,24.64737111019332,0.10232302547302286,0.042517875781159974,2.095247264062882,1.1319515468211312,7.748009234755929,3.1726554732287138,0.07929704546120556,0.022342435714617876,0.0167951660762501,0.014032989481706311,44.84320149502738,14.95599516800163
702,701,13,B_optimized,False,137.42989391354806,74.64003922497422,601.2127282524949,1839,50.740977205606136,0.7660365927809853,0.1250895642748713,79.25244487446906,0.1692384735700487,8.626677882451947,0.2116051238379987,0.1611452347189425,0.8415300485679122,0.6803848138489696,82524282.03792946,2.151105884387235,0.0584523643597279,1.17525,0.0686961412137702,2.7568642686071945,11.639987899578207,2.34576836299272,9.904265389983586,1.561902218661111,0.1918400908677006,-0.0309609703172925,0.0805759284915241,0.0800281012719987,-0.0450614630028726,0.0450614630028726,76.38773661360665,38.31946251152051,0.10267855608883529,0.042219598207446495,2.0739650773681397,1.1152304528677675,7.700539708700746,3.139656752280549,0.08008478514570434,0.021640580184976766,0.01689422211842967,0.01396743922586463,44.28191881951729,14.45497440632698
703,702,4,B_optimized,False,148.4063174771861,89.08219785322551,564.7082297924742,1252,47.640159111410426,0.6125983142808489,0.088533238832074,238.3823412764616,0.2726254998705243,8.404309961664161,0.2005239982033781,0.1853951407662047,0.8452809689727853,0.6598858282065805,62982423.72015884,1.6417211871668782,0.057624685281193,1.1755,0.0677378175480424,3.217286825282012,11.45144350874133,2.7369517867137487,9.741763937678714,5.00381077063544,0.881196604201937,0.0053428808353932,0.0479803185884911,0.0908178227968865,0.0022845839648124,0.0022845839648124,234.54263857466708,64.66945960487284,0.10304544264513085,0.0423457513907506,2.0728863347256983,1.1159898242893318,7.679146905956808,3.151839589095993,0.08026995838348779,0.021652148721244185,0.01674863727725185,0.014001239652731284,44.14176384551531,14.49568125325173
704,703,4,B_optimized,False,133.37761834742736,86.19112944727893,922.1403307360152,1646,62.8157132034297,0.7445192830487676,0.0358006950014557,183.2481015296968,0.4669630539702146,8.229007401044772,0.2160851673031469,0.1689476389112302,0.8482497686796288,0.6793021297683985,130824601.14833029,3.4101183603565595,0.0353503878624221,1.17575,0.0415632185292428,4.779230133732804,19.216256761089294,4.064835325309636,16.343828842091682,2.9172334784490124,0.4793201735109165,-0.014382481959187,0.060763900501193,0.0314034255206106,-0.004397269480845,0.004397269480845,149.20314122349754,68.9952967004944,0.10238343038520602,0.04196569154796263,2.0866542840175764,1.1065577405196454,7.703085193377096,3.1346853478114722,0.08002181395895296,0.021526856304926255,0.016535973243497825,0.014171136342711778,44.14651767621589,14.493234738583887
705,704,3,A_standard,False,129.94306515897188,65.72963248272633,332.81489571851495,895,88.83399568932427,0.338795944746235,0.0720223776964036,171.23645258698596,0.3738437050184762,7.332987482303137,0.2200674710063324,0.1991390389269213,0.8635877634752582,0.6644487245483369,19578841.69841761,0.5103487185455917,0.1089786373121848,1.176,0.1281588774791293,1.827321792953413,6.097054807585167,1.5538450620352149,5.184570414613238,1.9276004783781724,0.2549470293942596,-0.0171566233019119,0.1014144028541846,0.0122181787994103,-0.0598041988969932,0.0598041988969932,181.8282900135705,24.793063495769758,0.10090647792546989,0.04227000613380933,2.1279667551086514,1.1165199972346944,7.836777284422051,3.169100956800034,0.07953172805343145,0.021511953068558385,0.016799971018323923,0.01435670763575387,44.4790130209826,14.450775584243326
706,705,12,A_standard,False,131.36141554553546,70.05765648301096,430.411964487592,921,87.71036216759805,0.5371335477033191,0.0604685845125567,157.85090585529923,0.3372822053768701,5.413943689565922,0.2184014682194769,0.3065380920251416,0.8973773065206964,0.5908392144955548,27771514.92346391,0.7239017134708778,0.0978237974432116,1.17625,0.1150652417425776,3.133573834149019,6.039831103863525,2.664037266014044,5.134819216887163,1.7996836628456254,0.2314189466601242,-0.0197508915006956,0.0967084892941576,0.0431974212281259,-0.0172711632844307,0.0172711632844307,131.8442914028701,36.25535133269705,0.10053095317254039,0.04210853299360509,2.1445339405096933,1.1102686514168503,7.8468593598125915,3.161713020238412,0.07942198662754038,0.02146267236633167,0.016386735964639014,0.014497174061783502,44.53456505972241,14.43184107448414
707,706,1,B_optimized,False,137.51678935711948,67.14994545363695,585.572830059689,1725,44.02579553767225,0.2880166867395005,0.0309613689028438,207.75935035854164,0.622608600978349,9.074392108461614,0.211511517194433,0.1467039831578956,0.8340283852178028,0.6873244020599072,67829041.70592888,1.7680547730049854,0.0584547345499795,1.1765,0.0687719951980508,2.509702324154118,11.758233226980725,2.1331936456898584,9.99424838672395,4.719036824235576,0.8480047316201911,0.0063978565203441,0.0600205029190002,0.0485485095606091,0.0175871406577652,0.0175871406577652,222.36215829334853,57.74919267478617,0.1020500681268629,0.04163826822588181,2.100882660436854,1.0968730133966247,7.689410468574741,3.0803548270745056,0.08066293224304767,0.020476044010682235,0.016784151260808667,0.01451940615774227,43.63870960754976,13.786957213236844
708,707,12,A_standard,False,126.30298339862044,65.71795546695537,298.7594446966,617,75.86890047203285,0.5066281752439379,0.0444955558331249,176.8483595780734,0.468172960931773,7.511160889655716,0.224488191401153,0.1852281587128544,0.8605158725313455,0.6752877138184911,12114091.547134444,0.3157700129892627,0.1412099004440238,1.17675,0.166168750347505,1.3117221818754812,4.782155583249474,1.1146991135546898,4.063867077331187,2.330973013682517,0.3387147490646167,-0.0153346868836763,0.1159448162748482,0.049818906364805,0.0053233505316801,0.0053233505316801,186.0057563235126,29.644479211312557,0.10086043238063111,0.041881164406782814,2.137394359072474,1.1003097928238816,7.788170669056391,3.09118061032851,0.07997442140731559,0.02037483483376839,0.01673690385791514,0.014526189976405077,43.98575627316679,13.775215594657235
709,708,10,A_standard,False,135.31482939391944,58.30034092116678,345.6035293799231,1126,82.72552622971467,0.4189769668891291,0.0660366000943396,95.40365946758874,0.4304535688281032,9.169600143682027,0.2139150061470809,0.1406451719824758,0.8324417722027868,0.691796600220311,22687552.8382954,0.5913814359556957,0.108583260136779,1.177,0.1278024971809889,1.295274905223046,6.371116499439009,1.1004884496372522,5.413013168597288,1.15325539547091,0.1362555709962589,-0.0223246180190096,0.1141396020894113,0.0598869695451651,-0.0061496305491744,0.0061496305491744,97.5815615539705,27.448678733596445,0.10158623639034342,0.04241300326624769,2.1267732738582312,1.1073858836348358,7.760693632168949,3.114055992791496,0.07973752571997766,0.020324763818869624,0.016295124656376826,0.014110128811174438,44.22327470068882,13.685746357726318
710,709,10,A_standard,True,137.46111074392897,76.23895690018222,362.8339549798895,882,77.30969515739339,0.4917458050414556,0.0338710727493383,389.9654304632402,0.2574380722956704,8.351697767915665,0.211571484458953,0.1708479849916735,0.8461708788139951,0.6753228938223216,24397956.549469583,0.6359653983595553,0.096284986024584,1.17725,0.2521696472227719,1.7743990215468437,7.013792302466492,0.677512091059646,2.678049881339316,5.044198268655913,0.8853600720855848,0.006227081073654,0.0925880585760602,0.0520249513113008,0.0181538785619625,0.0181538785619625,370.7613718847837,24.73183598639976,0.10031676873422284,0.04270540675167301,2.1800702854459226,1.1435113716639043,7.862303189501845,3.119124278377466,0.07866820991117278,0.020996286544730337,0.0159823611699698,0.014189428815120211,44.96511160784862,14.29578103596186
711,710,14,B_optimized,False,142.54667370521665,77.49476848873375,659.0128621214069,1325,52.97940769607038,0.574399358311295,0.0735921432757877,197.09120697598647,0.6722334738574713,9.20025678102012,0.2062590751704534,0.1499225494874552,0.831931531331155,0.6820089818436998,67667815.16508503,1.7638521873881947,0.0597926074145308,1.1775,0.07040579523061,2.5073760113532173,11.406242532884717,2.1294063790685502,9.686830176547527,3.720147422308862,0.6726394796391415,-0.002457177174344,0.0696582934334874,0.0328621542842691,-0.0407299889915185,0.0407299889915185,182.52725625683783,48.88941407980853,0.09965635053217327,0.04148731386851892,2.1845477189535902,1.138250317641016,7.874681084221436,3.103322176715154,0.07867084239419815,0.02100117560821094,0.01587917117691595,0.014208719405598123,44.918069474467295,14.359318859078916
712,711,11,B_optimized,False,141.84151968566567,81.3241236961341,515.3905774212169,1482,55.82151816763573,1.0927852809028669,0.0459263038413972,158.2627757506119,0.2441169971574553,8.801892520109474,0.2069763216620523,0.1617370618315601,0.838586241909838,0.6768491800782779,62116084.23777709,1.6191388888128997,0.055301442569998,1.17775,0.0651312739868152,2.924644535752221,12.239268066498491,2.48324732392462,10.39207647335894,2.835157139140112,0.4588823507135824,-0.0092262716104718,0.0680584310467321,0.0586620617419885,0.0127357579005913,0.0127357579005913,94.44459839493972,51.64719179933678,0.10078102719524994,0.04103879855989778,2.116250637979736,1.0555932929076666,7.779876683290926,3.0883321781794435,0.07934794196034128,0.021085825322086197,0.01604283563818038,0.014267191586288783,44.272336511421855,14.258810910884456
713,712,15,B_optimized,False,135.0702985063162,86.23063773696825,660.4821573546279,1449,50.97597989824996,0.9660795498215086,0.090554674832866,132.40122413687584,0.2721835805372247,5.5353048195208,0.2141860223745628,0.305567394148005,0.8952018133135903,0.5896344191655852,82526052.78409578,2.151152041256511,0.0561485309262081,1.178,0.0661429694310731,5.442126251701754,10.501332972371053,4.619801571903017,8.914544119160487,2.597325728728586,0.4006699873885037,-0.0182801943505678,0.0697042646647927,0.0768806073483855,-0.0136740674844804,0.0136740674844804,120.5496277297362,57.216727566097305,0.10130801808095309,0.04130580212468918,2.113821249185216,1.0579014881869708,7.755207008541282,3.1041096942038333,0.07972746217589043,0.021120369210587145,0.016061131503872002,0.014258291987531665,44.18126339473247,14.27545412507564
714,713,16,A_standard,False,133.87185835161222,76.02297733719104,459.22456509121207,970,84.3846362477666,0.5201006714251865,0.0433523969751748,311.2065926557142,0.0295493587564244,8.614895616247997,0.2155264238814277,0.1561813191746136,0.8417283745553074,0.6855470553806937,33864270.14347231,0.8827175344902877,0.0862964487667757,1.17825,0.1016787907594535,1.80982324772956,7.944093472877996,1.536026520457933,6.742281750798214,3.687953239994572,0.665511460236884,-0.0032397443653281,0.0622701285745331,0.0567344338677573,0.0133820368925825,0.0133820368925825,314.7693917606661,47.58251546174711,0.10316865651139541,0.04164215714918393,2.0959996143265194,1.0702261195370009,7.621493638127054,3.1006289572862604,0.08084903865095167,0.021139614035319578,0.016758703408789304,0.0146102857922936,43.540165352372185,14.33683107425126
715,714,19,A_standard,False,127.91337233276332,76.74539448018135,328.9784219234581,735,83.41690885958164,0.4075464420102331,0.017330401056038,122.64980247900958,0.3367367408685502,7.656324514385516,0.2225060700516924,0.1820309268241187,0.8580211836006486,0.6759902567765299,18556970.392997745,0.4837122750177966,0.1190037914531137,1.1785,0.1402459682274945,1.5296229187440384,5.680409409836854,1.297940533512124,4.820033440676159,1.470323033492765,0.1780409543576027,-0.0137563975463882,0.1072803752211347,0.0,-0.017330401056038,0.017330401056038,105.80212714610607,27.519697910405217,0.10254120073546127,0.04135869357335101,2.103501674742041,1.065193772376045,7.650361069532364,3.082317198373492,0.07990300459731435,0.021104045159028376,0.016945025806519205,0.014464075989065949,43.91748480711238,14.35165835484807
716,715,16,B_optimized,False,120.69966778225584,87.28081195951818,566.0097004379599,1604,57.23856212015299,1.0638078671830464,0.0522837446423135,233.67279671680657,0.1372509773874499,9.165011187268176,0.2317334754823527,0.1195716034193828,0.8325181764890868,0.7129465730697039,79240465.11482681,2.065508800327905,0.0499379821891916,1.17875,0.0588643965055096,2.394401979767266,14.276639580043172,2.031306027374139,12.11167726832931,4.082436526380408,0.7469547963476361,-0.0039854664256652,0.0436390838145642,0.0329911988832009,-0.0192925457591126,0.0192925457591126,214.7756172196734,60.07888469910455,0.10370091270658013,0.04130845370878316,2.080597353991662,1.0740286208205776,7.5695586582183845,3.089578216887908,0.08002930017679592,0.021036621440648915,0.01726291012616803,0.014527684249393982,43.83055341680856,14.336213831019752
717,716,11,A_standard,False,113.13848489908476,57.67412402988735,417.11646592076727,843,76.17339739135798,0.4806862136405496,0.0735515792260684,169.1837657575057,0.5651331033287738,8.5912074951368,0.2424687516164013,0.1245436083888661,0.842127248307128,0.7175836399182619,20279904.98432626,0.5286228715876359,0.1090720567042807,1.179,0.1285959548543469,1.1418470702036212,6.578986970639009,0.968487760986956,5.580141620558955,2.22103479103454,0.3145429500611664,-0.0133910385755014,0.1083043875198401,0.098855048861296,0.0253034696352276,0.0253034696352276,149.31264267847382,28.478389541421624,0.10202163788183728,0.04191995740302689,2.181361950698237,1.2035969564240634,7.72638222965875,3.1734260520872457,0.0786798695516146,0.022070968136431845,0.017189393483380177,0.014598367741883304,44.83597232712905,15.586730001164897
718,717,10,B_optimized,True,138.1002169118908,82.27124800940379,610.177435143499,1893,75.51610654634206,1.0775442539341848,0.0376374330329873,173.675514516487,0.2589274451699169,8.602969037965607,0.2108856239464775,0.1629613059177816,0.8419291772902835,0.6789678713725019,95028711.86954711,2.477050587297066,0.0444379336934096,1.17925,0.0931510215880991,3.667166593345663,15.279015357844948,1.7494312261906666,7.288893452771813,2.299847310188156,0.3317783754043424,-0.0249096090847664,0.1094328836085737,0.0139291999141674,-0.0237082331188199,0.0237082331188199,184.0563857873441,22.43218163233464,0.10218798069389882,0.04202514421292975,2.1714415271383505,1.2074277132289013,7.725242554275212,3.174401943106569,0.07911620596111704,0.02222939889804361,0.017184886217184753,0.014600596397004763,44.51035704710088,15.698873924763364
719,718,5,B_optimized,False,121.68315444826167,84.68198025087085,744.0558199194012,1964,54.02721127722766,0.9345974848328956,0.0600868908606486,133.89096268647458,0.1010171972417584,7.727757204291749,0.2304208135773917,0.1685309102924379,0.8567962435937699,0.688265333301332,123747948.16699392,3.225655927070287,0.0433126207338606,1.1795,0.0510872361555886,3.891034701594149,15.890641610685655,3.2988848678203886,13.47235405738504,2.478213469124757,0.3724345779997151,-0.0199193135037166,0.0634177885493062,0.036224907335971,-0.0238619835246776,0.0238619835246776,122.72060828856188,56.378199704833165,0.10349416429767841,0.04197896124261887,2.1474575834800658,1.2190350427760486,7.630196178490223,3.1764587662422454,0.07937747939886101,0.022106241505889555,0.016428051357858322,0.013948273805822538,44.43150760604632,15.699195824403253
720,719,12,A_standard,False,136.15388966429705,72.3913452206732,436.23855822855154,819,66.707012770782,0.3491672088657618,0.0231806944973986,166.41485574529736,0.2137381214498896,7.087393807892209,0.2129913618727569,0.2210086010879943,0.8678400320687467,0.6468314309807524,25863934.879112,0.6741780859880109,0.1048411767579725,1.17975,0.123686378280218,2.1080324346053096,6.16963154156475,1.7868467341430891,5.229609274477432,2.494713056888494,0.3762990243176581,-0.009128599844099,0.0902705103262686,0.023574814567001,0.0003941200696023,0.0003941200696023,191.11800632590428,39.06699769811341,0.10455982184499067,0.0414538700746111,2.104908637733867,1.2013812771833785,7.525095651815475,3.1381700791901603,0.07965118350748944,0.02214658421983391,0.016751487328374268,0.013937976625623147,44.02015275208685,15.754406184172396
721,720,3,A_standard,False,139.77382932974075,75.40783084645538,345.5372014506546,1076,81.46237056965508,0.8518599558441511,0.0389329554041257,220.87415888543495,0.5909308987147817,7.567113041029474,0.2091148732256118,0.2054821964130036,0.8595534568368766,0.654071260423873,28036482.86184783,0.7308084574904093,0.0919773488974474,1.18,0.1085332716989879,2.2340521756298006,7.11122105892775,1.8932645556184755,6.026458524515043,2.71136424512192,0.4283378896179331,-0.0075380834378805,0.0910689869062896,0.0454720729954173,0.0065391175912916,0.0065391175912916,194.30764225206312,40.55248825354629,0.10574725318034783,0.04120943230108324,2.0885157216136307,1.2132656832647342,7.428812712534022,3.1195569822381377,0.07987006152363578,0.021900103604906008,0.01696815800699628,0.013840370818511756,43.79534213122216,15.602724209395184
722,721,19,A_standard,False,135.15646729587183,61.75038345248332,335.2496714646266,830,77.957305121927,0.6588677990312277,0.0303710089393683,244.57403096297625,0.3887186135814445,6.200107738469051,0.2140904254615645,0.2651701181610493,0.8833779374049687,0.6182078192439194,17182490.48516559,0.447884616240337,0.112708656523785,1.18025,0.1330243918621973,2.3527040986873096,5.485007436970541,1.993394703399542,4.647326784130939,3.1372817541660383,0.5342666388819636,-0.0011552316563141,0.0933836388415232,0.0493570648431382,0.0189860559037698,0.0189860559037698,235.24991240769268,38.99971601728339,0.10628770890330237,0.04162964281173453,2.0787149917791043,1.2222858845044797,7.409745983002895,3.1334454129028724,0.08004680686605514,0.021998846979750086,0.016246878876032995,0.013005978664921682,43.93698969605562,15.499764942140777
723,722,17,B_optimized,False,143.8196233856474,80.51309441902522,692.4808611540267,1453,51.516754980580885,0.709426262924173,0.05080187995101,154.48715130034924,0.7826250389675212,7.409656265453354,0.2049794504398748,0.218968527565159,0.8622645737486005,0.6432960461834415,81010237.91919236,2.1116402976216286,0.0516534802585936,1.1805,0.0609769334452698,4.239182461064256,12.454069754117205,3.5910058967083915,10.549826136482173,2.9987748909763976,0.4996937227824068,-0.0024075826536235,0.0850586900343243,0.0521944842513964,0.0013926043003864,0.0013926043003864,136.54420580240526,56.83606572713884,0.10471977437788528,0.0421091645984813,2.122141746279599,1.2175789469866674,7.55482174860237,3.207753852511115,0.07909658873591864,0.022317161530867564,0.01603025294512942,0.013136299582768178,44.653862745515156,15.63584166481879
724,723,3,B_optimized,False,136.01684322715957,74.60918649455552,701.1568572117337,1695,63.122654595054826,0.5925498107468755,0.0543350092191271,211.17920065927092,0.7753049085055894,6.535840900460568,0.2131415617145068,0.2483144638531251,0.8774662218430125,0.6291517579898873,88670098.91319111,2.311304828483052,0.0445665166794368,1.18075,0.052621914569245,5.571771867189669,14.117140060896451,4.718841301875647,11.95607881507216,3.345537382957516,0.5855349892408006,-0.0042690670958782,0.0687179934406877,0.0355759392683233,-0.0187590699508037,0.0187590699508037,242.1657621736271,64.7259432564576,0.10597722769707957,0.041691139704280206,2.0879953631225474,1.2110759155877173,7.44425033947906,3.1815440794264656,0.07970067296498985,0.02169532534381926,0.0162649765710074,0.012986104533972384,44.21467745144794,15.275388408723423
725,724,16,A_standard,False,122.96286058105994,70.07338598545704,326.96624295662485,991,61.096277522912416,0.5409641158447327,0.11817687877149,328.13727438279784,0.201353447045367,6.56225919624219,0.2287395471000141,0.222896398430729,0.877002721059063,0.6541063226283339,22705427.061192065,0.5918473515032455,0.0975095922779953,1.181,0.1151588284803125,2.2858920155799822,6.708122835377128,1.935556321405573,5.680036270429405,5.3708227029009965,0.9145751581617722,0.0045616985620037,0.0628249406550595,0.131617407973895,0.013440529202405,0.013440529202405,328.3676516371397,52.76070431795702,0.10446805082044844,0.041449347138048806,2.133423506639246,1.2016086432906259,7.5244101586635,3.1621193529042753,0.07841759106788146,0.021966327913829128,0.016447270625145602,0.012825319687980731,44.995069266978525,15.3943125588917
726,725,3,B_optimized,False,140.9980441192319,77.90988487166997,490.5915645447324,1701,56.91666915316418,1.0293489210899394,0.0145843122685599,104.1096526103521,0.3718941877153747,8.11647884722621,0.20784226455342,0.1850836592780083,0.8501609649093405,0.6650773056313322,65015506.86389002,1.694716220942738,0.0648077090150556,1.18125,0.0765541062740344,2.855889555284403,10.262317797359977,2.417684279605844,8.687676442209504,1.829159263171048,0.2367030507613286,-0.0218290164696957,0.0801824241615939,0.0043425550378249,-0.0102417572307349,0.0102417572307349,137.13518572752218,43.394596225345154,0.10445135921267436,0.04147041465642093,2.142780817290883,1.2167298617914364,7.51989645545872,3.155398150124213,0.07851345259377311,0.021810953761865558,0.016376498468868583,0.012881644814076314,44.917989702661814,15.26256978275471
727,726,15,A_standard,False,135.39035514934207,69.06986683751707,332.09238060301925,822,85.07661768888718,0.6758169391215043,0.01,219.3802461999656,0.0849654958519582,8.534048939503961,0.2138314683557057,0.1612421162855966,0.8430904943231832,0.6818483780375866,18854687.88793576,0.4914726800698738,0.1068829431378753,1.1815,0.1262821973173997,1.508586043309079,6.379393736922322,1.2768396473204222,5.399402231842845,2.578619744877579,0.3961865144283415,-0.0100482696672711,0.0861319936644332,0.0,-0.01,0.01,195.08192496709083,36.58781313718427,0.10429157819397313,0.04135630736116645,2.1536198602995404,1.2087630949586778,7.520658624944459,3.154795806678684,0.07855188502888141,0.02180610871509827,0.015754806045999402,0.012353338574903946,45.28683585084607,14.982982286655481
728,727,2,A_standard,False,136.88423766369155,84.7372052685461,409.7967902403783,846,89.65342112242776,0.2031121284974333,0.0374223838002773,143.41962459390206,0.0213470071956436,7.968206519824784,0.2121952306123848,0.1843691244028625,0.8526858136096644,0.668316689206802,29377379.384109765,0.7657607203657932,0.0929821118042441,1.18175,0.1098816106246655,1.9828450959579849,7.187583463514076,1.677888805549384,6.08215228560531,1.5997116763458803,0.1977703628181651,-0.0243086467486876,0.0846251709047702,0.037125026488574,-0.0002973573117033,0.0002973573117033,160.16455130267678,36.95273755310006,0.10531208136587483,0.04108871278749272,2.135921520923329,1.2123652738673696,7.43740996760383,3.145519056655528,0.07881851089958375,0.021912603605617566,0.015186155799930434,0.011608722578332661,45.195226357436816,15.04034508895843
729,728,10,B_optimized,False,129.5873331709137,80.15192949312086,815.3205652846111,1670,66.514686169691,0.8129135948774782,0.0330938893157446,136.99160805787128,0.3203652905839615,7.501209502661598,0.2204901742759746,0.1912941486076697,0.8606871561051143,0.6693930074974446,109133692.4931826,2.8447157892157557,0.0475606159611087,1.182,0.0562166480660305,4.022112513515272,14.074523510057569,3.402802464902938,11.907380296156996,2.059569336437684,0.2808133587598536,-0.018977026868598,0.0681659284852994,0.0,-0.0330938893157446,0.0330938893157446,127.52897136607396,50.81405678789608,0.10637166972598196,0.04078194646283161,2.112924273278043,1.211637313117657,7.354630017264214,3.138092038195987,0.07973769525531064,0.021553613246254082,0.015492495057723933,0.01146249512159804,44.605642747224195,14.837803214132734
730,729,14,A_standard,False,142.4705299823927,85.39596829610059,366.170698407886,871,105.2835647520895,0.116348039324899,0.0811263926844174,247.4188692354909,0.1961220771808781,7.052591837761074,0.2063362339523856,0.2333524658643318,0.8684442931966215,0.6350918273322897,27235735.67776693,0.7099359101983137,0.0922891768044554,1.18225,0.1091088792770674,2.5284922235113725,6.881541794201259,2.138711967444595,5.820716256461204,2.350023670057966,0.3429948713397919,-0.016374581610331,0.086189474226869,0.0825829590441016,0.0014565663596841,0.0014565663596841,244.64532520459963,41.07181904190078,0.10674279299317332,0.04026124963014099,2.089157804435331,1.1839061168246892,7.251439393963983,2.9132410732923786,0.07995235054428214,0.02141378528099016,0.015561880049155699,0.011404315054989839,44.28948962536723,14.471405749762067
731,730,15,A_standard,False,122.99112060617634,56.68514885335839,366.4702796418909,1054,76.08802496679338,0.4401063407375141,0.1093435519350896,172.1324752762092,0.1063972488545944,7.682807007635289,0.2287027551292485,0.1725481191575565,0.8575668531252498,0.6850187339676933,21895187.15883141,0.5707273638015377,0.1070317948988669,1.1825,0.1265650974679102,1.6121202052212158,6.400142449399818,1.363315184119421,5.412382621056928,2.262280764303344,0.3235030853173982,-0.0153026687180672,0.0947276045114861,0.0820273395628278,-0.0273162123722618,0.0273162123722618,133.764605105104,31.64380469933552,0.10757518183512507,0.041133835381144256,2.0693940939946787,1.2011474785517096,7.233468769915777,2.9289797892939213,0.08008767239998928,0.02157296715841833,0.014410895700394723,0.009611126859862063,44.39381594165538,14.346246294308967
732,731,9,B_optimized,False,125.68495516019968,79.72256599985128,542.7306820152312,1672,56.317500958557744,1.2988045632763814,0.1047423442993903,127.23886409104423,0.1570588849762825,7.177776958772254,0.2252603327256532,0.1985194048973552,0.8662726867804332,0.667753281883078,72343899.73579717,1.885740591474256,0.0535688126109155,1.18275,0.0633585131155604,3.705876520714656,12.465336626614189,3.1332712075372275,10.539282711151287,2.2593130363628044,0.3228539419971754,-0.0228553976781209,0.066048339033361,0.0912064925034825,-0.0135358517959078,0.0135358517959078,123.86802764594944,52.03146963252375,0.10685325201943462,0.04131605311428015,2.0557786867315913,1.1981240133897924,7.302934110360358,2.919362452284328,0.07937043318404455,0.021605224778485945,0.01413063373475519,0.009729600721464678,44.721537155527685,14.343698416843793
733,732,19,A_standard,False,128.18836332364688,89.95141604582392,271.23435427341155,673,74.61288103450933,0.2932153784596836,0.1168732482913131,399.2369030935458,0.1629289721641564,7.937169257878689,0.2221718368247167,0.1714582515489846,0.8532152785831884,0.6817570270342037,16419796.288344093,0.4280039710016828,0.1264872228352327,1.183,0.1496343846140803,1.3555381144887095,5.389928023973516,1.1458479412415126,4.556152175801788,5.350777205733339,0.91299598418607,0.0107122654828278,0.0781487547941642,0.1355597221436071,0.018686473852294,0.018686473852294,373.68626867410126,44.97387347715202,0.10676709847202248,0.04140148486475222,2.0755547768174183,1.20755134764353,7.306696385040101,2.9230205395595616,0.07890642425064817,0.02226823981123349,0.013932570462387382,0.009758556548081799,44.96436530060542,14.667857519595778
734,733,16,B_optimized,False,136.564526304847,64.91541676445223,787.5704732864479,1655,53.012614336231735,0.7269804047978492,0.0126418527776143,332.8419750016854,0.2858759029728508,6.478468225921095,0.2125428479593695,0.2523465123059338,0.8784736514010617,0.626127139095128,84612645.41038881,2.205541871327071,0.0503764823274374,1.18325,0.0596079727139403,5.009212645411207,12.428957127760969,4.233435576092294,10.504083775838554,6.278542931134089,0.9636853265996262,0.0050989450160642,0.0397548029214574,0.0174456378705406,0.0048037850929262,0.0048037850929262,336.5334573018514,74.41503883688661,0.10492283373848085,0.040750120253383676,2.0959031024799013,1.1995754808861725,7.408597866473035,2.8963526599541622,0.07818862404059194,0.021618947259357944,0.01442505024235767,0.009934961163815224,45.16789948140123,14.520807181405955
735,734,5,A_standard,False,135.97817640914764,62.67819423077341,282.2756945837336,742,68.90578969560758,0.4645091713327506,0.0652875326959131,92.21196238243456,0.3181813509867019,8.701317578205728,0.213183986229185,0.1564558266349281,0.8402747548126082,0.68381892817768,13127857.86231533,0.3421951890965432,0.1348262588743796,1.1835,0.1595668773778283,1.1604254834416288,5.07185272280534,0.980503154576788,4.285469136295175,1.338232429956646,0.1595248643691424,-0.0213010019120934,0.1169543298383666,0.0545378379053728,-0.0107496947905402,0.0107496947905402,52.54393793085179,24.80095283394841,0.10339024141407605,0.041309231857288346,2.138559518287334,1.2013763304672365,7.566415467903373,2.9985741757980047,0.07688176286893439,0.02137497698716828,0.014573754121424249,0.009863959319118942,45.953216564555866,14.604506363613554
736,735,14,A_standard,False,130.45928057150527,77.84538635461941,500.0412777343886,666,82.08641906487007,0.5308484960892348,0.0560453557264142,113.3108456763591,0.2737531127317193,7.432968877924308,0.2194575578294194,0.1956904514837052,0.8618626346612792,0.666172183177574,25924653.70135502,0.6757608033724528,0.0947913151481228,1.18375,0.1122092193065904,2.0644343965258343,7.027776565148395,1.7439783708771568,5.936875662216172,1.3803848062468584,0.1652579465120293,-0.0233343552314625,0.0985150837913612,0.0310077011885991,-0.0250376545378151,0.0250376545378151,100.07894592464945,30.634532332053844,0.09954221837486367,0.035755222331381585,2.1790304803491707,1.1851272365185586,7.744213645094,2.9661922549305264,0.07606510931122426,0.021542029930956514,0.01443266591644508,0.009862157167474099,46.796098351192896,14.570853604029821
737,736,15,A_standard,False,121.0613791835898,77.76398384690985,337.5521992297917,769,82.02318180558355,0.6380621747510917,0.0728010631275676,287.3448977127309,0.4216916646724757,8.376256900282339,0.2312485910456994,0.1441360539417016,0.8457553564186919,0.7016193024769903,20185791.497895308,0.5261696775765838,0.1137350675291546,1.184,0.134662319954519,1.2672965082185763,6.168891597986159,1.070351780590014,5.210212498299121,3.5032156932635665,0.6232147329342551,-0.0032704251760539,0.0909080930293217,0.0825114195835532,0.0097103564559856,0.0097103564559856,296.2650595723045,39.39486102172654,0.10064368079244765,0.03568755583640375,2.164562308094275,1.1901504997891803,7.658460128385704,2.970859798025594,0.07660149711956449,0.021712468880453542,0.013635600410942536,0.00928713618117228,46.527058174686616,14.655358962766833
738,737,7,A_standard,False,133.31693028021363,62.03447818526555,295.7659603095148,803,71.88703665213251,0.329260402358718,0.0443643055976675,193.5303449236476,0.4747898873568091,8.887221995631192,0.2161540184768489,0.1464591472973779,0.8371563399007279,0.6906971926033499,14733192.671250064,0.3840403899105775,0.1318148755039755,1.18425,0.1561017663155831,1.1110972622582396,5.239903235219596,0.9382286360635336,4.4246596877514,2.6921452592371757,0.4236384584941017,-0.0065133005920476,0.1086829747760241,0.0853513721657686,0.040987066568101,0.040987066568101,191.09620875212823,26.49102549343808,0.10124711734234956,0.03532810189856114,2.1494536907416397,1.1908171236687144,7.595606933661584,2.94497677135347,0.07678406012480388,0.02167751860111752,0.013906591633401967,0.009456482363897865,46.248739001092105,14.68824009824135
739,738,15,A_standard,False,134.62929307052133,73.94614235071279,450.1769415912508,706,78.2507011799616,0.5599446029240107,0.0698953720012205,432.1990025869797,0.2297208492309483,8.327870881931,0.2146769080962944,0.1673276233481595,0.8465742072480295,0.6792465838998699,23501926.83337609,0.6126091843183517,0.0891026348916508,1.1845,0.1055420710291603,1.8779200362776105,7.623193014727756,1.5854115966885696,6.435789797153023,5.523260444567837,0.9257564611824152,0.0050946216998918,0.0575034236095738,0.0595648269330814,-0.010330545068139,0.010330545068139,403.6694435841034,53.714214500586,0.1023825949339129,0.035088365129586505,2.0805475322886915,1.1437028225934913,7.530686126574865,2.9510804550999534,0.07738407580427133,0.021891696819534158,0.01433820244052208,0.009926461451331562,45.650402373076055,14.840881896363069
740,739,18,A_standard,False,130.70370317064803,69.13973004587149,369.7265984078487,812,60.21334333110643,0.5021584539728349,0.0278936715375539,290.3185956648802,0.1420744888440167,8.799126789598082,0.2191701993928099,0.1453651577456317,0.838632629263889,0.6932674715182573,20756991.33021396,0.5410587658560422,0.1100308563912616,1.18475,0.1303590571095472,1.321130840141096,6.300664143274949,1.1151136021448371,5.318138124730912,4.821499348881041,0.8607459397682481,0.0086168982122465,0.0720999777880596,0.0,-0.0278936715375539,0.0278936715375539,247.4995028232845,44.1981585502151,0.10184836434546408,0.0353019945281825,2.095985962458259,1.141410171237826,7.576384952055872,2.956309540512058,0.07750824846384938,0.02182171515867697,0.014175056531072204,0.010009186902613655,45.716963889143855,14.857178572793432
741,740,17,B_optimized,False,134.79837936026314,76.82013332056455,741.9389479383337,1904,40.73020089524356,1.194579170956096,0.0681523372686273,251.7375388062653,0.1346814437294502,5.933360737145929,0.2144883744588175,0.2800920724777034,0.8881032992752128,0.6080112267975093,108520096.29863554,2.8287215829999277,0.0388428445453971,1.185,0.0460287707862956,7.210905271120108,15.653107642178531,6.085152127527517,13.209373537703405,6.1806112730385045,0.9600980903500476,0.0041129720541725,0.0294281280757606,0.0698188062097033,0.001666468941076,0.001666468941076,260.4710533920068,87.70528471497539,0.1006099691348584,0.035012401534763704,2.125881391840297,1.139655386551759,7.644911593540615,2.930714004169307,0.07714123106335335,0.021462119384826776,0.014107274640392003,0.009998853016753585,46.03631320952755,14.627890833349362
742,741,16,A_standard,False,131.75667941743956,74.43464003705913,390.4708441805165,658,89.26376747833247,0.5521263964899626,0.01,138.904873429581,0.1037494378281073,7.507143336296114,0.2179426256395001,0.1947328753078601,0.8605850186779853,0.6658521433701251,19124478.329355527,0.4985051290867917,0.1115999819445935,1.18525,0.1322738785998295,1.7449185198304051,5.966418020575514,1.472194490470707,5.033889914005918,1.5561170825923094,0.1909447766214596,-0.0194957342295111,0.0976881763133869,0.0,-0.01,0.01,157.04304372863672,31.253054154359667,0.10072262877455757,0.034884162993331566,2.1481037360110795,1.148571666639018,7.60820854445901,2.884763566857717,0.077493987332102,0.02104105182037659,0.013772762169806895,0.010101094897631925,45.94486014691516,14.552404723043246
743,742,13,A_standard,False,127.93035278651416,71.845378419045,340.33670473029264,778,72.29320740327833,0.42203420738696,0.0297482272293339,274.45180699722954,0.0757715743082672,9.103076666789084,0.2224853960644433,0.1319540375229256,0.8335500477226689,0.7015960101997433,19023359.84748368,0.4958693404921709,0.1130664613129632,1.1855,0.1340402898865179,1.1670484420458014,6.20516466202789,0.9844356322613256,5.234217344603873,3.796370597672276,0.6891975819627754,-0.0042386179862588,0.0755383406451075,0.0198054345530822,-0.0099427926762516,0.0099427926762516,244.9368520298952,42.43688744154106,0.10078109272443266,0.03493424412460418,2.1544562916439434,1.1427780226695805,7.599677756400675,2.891506136210479,0.07758364269284139,0.021184077714991104,0.01373204055420969,0.010057672061120881,45.91928940594767,14.584809473355987
744,743,6,A_standard,False,141.82623148572847,79.57071588296198,327.6928836596237,1044,79.6534364858702,0.707470270979318,0.0242406416199726,123.90730759954882,0.1100864087067513,8.509229538316221,0.2069919391605563,0.1718141477169759,0.8435090982338953,0.6716949505169194,27222046.66562056,0.7095790877716008,0.0932103966135609,1.18575,0.1105242277845298,1.843293816561008,7.206223499956619,1.5545383230537704,6.077354838673092,1.5555801866945045,0.1908618480914359,-0.0232567190723231,0.0895530380133989,0.0,-0.0242406416199726,0.0242406416199726,153.82441357758825,31.8733878956553,0.1003601342612744,0.03515418466834955,2.1645936223940025,1.141359080253514,7.6431243507192255,2.9030383912840096,0.07639249710300118,0.02103054733881205,0.013388423010580873,0.010003224999041372,46.63815799500451,14.286281286691489
745,744,16,A_standard,False,122.7944625302986,70.6031963451685,338.12895392518965,948,65.73306578702221,0.4844737027355411,0.0626896255545947,395.8310925850489,0.0888855447831706,9.848463265551462,0.2289590843808882,0.1048845422085908,0.8212158727392195,0.7163313305306286,22631589.70792033,0.5899226820461105,0.1066620499322116,1.186,0.126501191219603,0.9833351438046573,6.715896900405422,0.829119008266996,5.662644941319917,6.021795695146147,0.9535491273591312,0.0055138159662397,0.0609278898955638,0.0788345561212828,0.0161449305666881,0.0161449305666881,393.4948228613932,48.65439700235334,0.10196624430181146,0.034688480364643254,2.1253469462089294,1.1352815863257038,7.477470541814974,2.7980366825375613,0.07719518613575971,0.02128955154545049,0.013182069901132099,0.009888522273520328,46.11143090829327,14.4048538632014
746,745,8,A_standard,False,125.30143389788977,68.65700744458951,253.20832807909613,922,74.17646400538426,0.7661273335255653,0.0137932102426541,266.0248994645894,0.4490719067311252,9.704380479967018,0.2257427434925614,0.1118391642287551,0.8235857470904673,0.7117465828617121,16028533.032813797,0.417805170472538,0.1273668749107737,1.18625,0.1510889553629053,0.8780867419971135,5.588160841351592,0.7402206465729091,4.710778369948654,3.586378820177777,0.6425338482332094,0.0021335921495851,0.0963944591729379,0.0,-0.0137932102426541,0.0137932102426541,215.4396411408116,36.329707117748335,0.10206853448244291,0.03476130076468281,2.124393222672937,1.135591743489614,7.47344459650021,2.8014797161340734,0.07749832858904465,0.021585386889208462,0.013673495606719783,0.009850516548269463,45.937480507522366,14.543504786256312
747,746,11,B_optimized,False,132.050755043057,80.44964522471321,701.9599467606212,1798,42.04212244950608,0.768641641860849,0.020845336170119,151.78329105647882,0.2491898439362089,8.299592134450636,0.2176027629022817,0.1643077345257516,0.8470531438371346,0.682745409311383,101537426.76457328,2.6467089540800037,0.0453068246608427,1.1865,0.0537565474600899,3.626555949478349,15.069372316914064,3.056515760200884,12.700693061031656,3.610267089602228,0.648001726422031,-0.0073929677581417,0.0485419665103504,0.0178286704291054,-0.0030166657410136,0.0030166657410136,114.15438915302524,65.11322872718945,0.10133598198942584,0.03500735456406345,2.1232059368691774,1.1358693245596247,7.547398192035916,2.8112911484317933,0.0767953961466282,0.021706375992021628,0.013735571075698706,0.009814353183829918,46.18302310551739,14.554368096201424
748,747,7,A_standard,False,130.0878841082202,78.76851386445745,343.8450813406072,780,77.20408846482472,0.3814417019476664,0.0295111589165236,315.9968954495478,0.2640483007268299,7.748021381115193,0.2198959509207147,0.1819981913932661,0.856449068539052,0.6744508771457859,21125649.524306428,0.5506683351980135,0.1037575120710683,1.18675,0.1231342274503403,1.7540724306169473,6.500260691330215,1.4780471292327342,5.477363127305849,4.093007271156637,0.7489475872738935,0.0045929271320785,0.0723008639522757,0.0433364092035798,0.0138252502870561,0.0138252502870561,321.8760644749879,45.885851413135455,0.10105217433435211,0.03480213079879057,2.1057864108829945,1.1445461602700133,7.572472428539434,2.790410649243558,0.07656157278827005,0.021586678173697502,0.013812280681291027,0.009871054205491135,46.098588900626844,14.609034083782987
749,748,7,B_optimized,False,135.5079676843966,77.7490400647544,573.0513697182457,1409,40.31441047658318,1.06720971945174,0.0680212677389528,603.2391669087796,0.1285816135244292,7.04156128693301,0.2137015366930067,0.2220633743651142,0.8686359027097781,0.6465725283446638,62776859.209871255,1.636362873022472,0.0623590436161518,1.187,0.0740201847723722,3.5610452227589464,10.36854465447884,3.00003809836474,8.735083954910563,14.963363218697545,0.999993626549735,0.0070705487056512,0.042463366077865,0.0777794579769699,0.0097581902380171,0.0097581902380171,605.8300663597008,66.40481370407848,0.10271382359316167,0.034833062350203524,2.0723442937671623,1.1245174980789105,7.446199426508555,2.795777366070024,0.07671026899599287,0.021671842374163742,0.014128333932978037,0.009717068505418359,45.68421739819836,14.592081787434074
750,749,4,B_optimized,False,151.60461535219355,78.02540963590731,663.6430860337571,1743,58.03471333027392,1.139338347446491,0.0577464694031553,199.47718151915373,0.0964850615315764,7.524191434464752,0.197553319440683,0.2261789013453714,0.8602916419383644,0.6341127405929929,90254324.204209,2.3525997814538315,0.0444387428100302,1.18725,0.0527598974012084,5.0896782186718506,14.269367234436416,4.286947330951232,12.018839532058468,3.4372045638260453,0.6075927330559902,-0.0091084143307559,0.0460940923638033,0.0531289405024646,-0.0046175289006907,0.0046175289006907,219.728445360904,68.70460981153353,0.10288490461666734,0.034602259054224614,2.0262515874556057,1.0591596273570538,7.4300167677872775,2.7713755563227465,0.07657366366102437,0.021744653146940254,0.014352867720319452,0.009953097199527175,45.34621567112818,14.335485250785672
751,750,20,A_standard,False,137.03163222160714,74.64316771886882,370.7223153929832,716,79.8870915303917,0.611424100993333,0.0592561560862306,281.8326575099061,0.0504571067815758,7.5917530915106335,0.2120354351752694,0.1999434563809481,0.8591299723808763,0.6591865159999282,19813071.782944173,0.516454239256381,0.1089353321042088,1.1875,0.129360706873748,1.835432568284456,6.051172776242536,1.545627425923752,5.095724443151609,3.52788732335671,0.6289902290340741,-0.00354950103457,0.0767991386614915,0.0702872365715459,0.0110310804853153,0.0110310804853153,245.32264181032616,43.08967851940587,0.10334358952200973,0.034918840778833345,2.0145385436214105,1.063412846063537,7.413350720125894,2.7845881682711924,0.07695530619080697,0.021665736299676434,0.014200530716215277,0.010025373340150842,45.09966916647688,14.311350421795288
752,751,3,A_standard,False,118.0210146392437,75.8545071545671,479.5324263690628,763,84.79732515522512,0.4910497279159207,0.04724870856697,181.14618414267167,0.191387800179057,7.406750807618285,0.2354027254073666,0.1748950277390658,0.862314680671656,0.6874196529325902,27753892.946413413,0.7234423730489832,0.1007967163198107,1.18775,0.1197212998088551,1.7351262434398542,6.819861579136423,1.4608513941821546,5.741832522952155,2.1362252147821392,0.2965512886407229,-0.0176349840701879,0.0939072220266415,0.0306197578675457,-0.0166289506994243,0.0166289506994243,168.22483412960972,33.7389878410584,0.1075584098024411,0.04332581838245782,1.9770488524288752,1.0817930578414503,7.287830059073547,2.8662285197134505,0.07716774352593206,0.021749935935844397,0.014607215058376768,0.010270932909241045,44.678591325343696,14.667832832771964
753,752,2,A_standard,False,119.5176260018765,64.68330662193122,356.01993455036506,895,94.3907508348622,0.4508386374999854,0.1139109805710746,228.6142406050306,0.3075965956827899,7.081662252258954,0.2333354133699818,0.1915890454812249,0.8679395192392916,0.6763504737580667,20610549.19808683,0.5372415556439486,0.1016138346409083,1.188,0.1207172355533991,1.8854622124859148,6.65608650778914,1.5870894044494237,5.60276642069793,2.4219983269864445,0.3593925381832773,-0.0110916006047198,0.0939395363748353,0.0963094337165872,-0.0176015468544874,0.0176015468544874,211.1752232237002,35.1902790942418,0.10826049494755162,0.0439158361085028,1.967867179016153,1.0897761112902344,7.266712946959821,2.884258398962176,0.07764557363343581,0.022208498445369623,0.015207641649711272,0.010856894977951014,44.46000841217987,14.870892379129982
754,753,19,B_optimized,False,140.00715328421435,83.9039309664367,607.6170730419626,1761,44.10200416106032,0.5954100143638575,0.0412372676552368,111.65033674271857,0.4299556363907732,8.401576587522046,0.2088708671193739,0.1729341164122409,0.8453271796187518,0.6723930632065109,89778352.73390298,2.340192947909916,0.0505948932369536,1.18825,0.0601193818888102,3.4180152451815555,13.289741714790416,2.876511883174042,11.184297677080089,2.531638615219663,0.3850041551109191,-0.0148212919108,0.0714966649497681,0.0333707486028035,-0.0078665190524332,0.0078665190524332,100.55030710030508,53.1876406076462,0.10869903538321553,0.044041655437583926,1.9541777429991682,1.097762867189517,7.250298088818846,2.893458368386972,0.0780833065629097,0.022561759909599143,0.015639698608350298,0.010679826899149389,44.28910301940599,15.007408425914832
755,754,12,A_standard,False,113.69817193812226,61.63789774881221,186.60760704527863,1004,87.32710942769356,0.594847301070132,0.0899456029011115,219.9475844079894,0.1119677057162782,9.696639678142237,0.2416326350507598,0.0960367261541789,0.8237132612419091,0.7276765350877302,11548109.004616244,0.3010169203527006,0.1428509209732583,1.1885,0.1697783195767175,0.6722863632930791,5.093957603703172,0.5656595400025908,4.286039212202921,2.518663286228488,0.381936529459105,-0.0107346019710777,0.1081804956395413,0.0922005843600561,0.0022549814589445,0.0022549814589445,195.98245175229496,30.00937931017715,0.11026626823329823,0.04352719703410913,1.9086797328488176,1.083548563267801,7.113716824210738,2.829614994855352,0.07811577353879533,0.022548361327533614,0.01610420375495787,0.01189087876727238,43.744763049685425,15.257426072965702
756,755,9,B_optimized,False,141.29699163517992,71.36834250361093,652.6135614354763,1657,65.04461892735506,0.7030003843418263,0.0311413272527942,224.35673337269404,0.1967409580137858,8.933256768230258,0.2075343488259391,0.1566161101352784,0.8363859285775066,0.6797698184422282,77176346.12602207,2.01170477570334,0.0664300744126643,1.18875,0.0789687509580547,2.3576085307744425,10.232862516749428,1.983266902859678,8.608086239116238,3.449274314655704,0.6104666819100344,-0.0075687353196973,0.0608465284969216,0.0343993922552483,0.003258065002454,0.003258065002454,206.61541512754548,52.64141202631194,0.10923615255335499,0.04416001527868744,1.927408612967754,1.095631496241824,7.230243911554275,2.894505167377387,0.07791787909532334,0.022519458567822552,0.01636339597451335,0.011704869051939354,43.902068792781435,15.269846243746787
757,756,15,B_optimized,False,140.06362134932013,66.97566228839031,627.5114966822996,1804,55.24197251884763,0.5934041548602939,0.0562403569568076,494.3167697182207,0.2118745567837811,7.677579941729677,0.2088119176727016,0.2012574809970819,0.8576565089807339,0.6563990279836519,75818508.5433124,1.9763109214088372,0.0542172563729556,1.189,0.0644643178274442,3.712055800327662,12.106828561525536,3.121998149981212,10.18236212071113,8.94820997837411,0.9973962878080784,0.0049261025085965,0.0368200562491806,0.0485563799174328,-0.0076839770393748,0.0076839770393748,497.6552391718298,69.89059992867308,0.10937783835939267,0.04422806166644712,1.9358407476531247,1.0928203207540161,7.217374239800994,2.9041671873430297,0.07791280481157695,0.022515621809082054,0.01603850830919207,0.011619786880052796,43.97210026503279,15.220428927631952
758,757,8,B_optimized,False,143.87677286311316,77.2146416733066,466.5250544084832,1634,53.04650464718665,0.5540111023483554,0.0361593659046343,98.08908983296182,0.3803155893120024,9.01402884760071,0.2049224529382133,0.1576816893660036,0.8350358867158376,0.6773541973498339,58860871.05929765,1.534287399648249,0.062186683767436,1.18925,0.0739555136704233,2.535618235500338,10.892270761421909,2.132115396678863,9.15894114897785,1.8491150450977736,0.2403274795475286,-0.0270088234819047,0.0800548057720374,0.0062120263744397,-0.0299473395301945,0.0299473395301945,95.19884005745074,39.8211882511028,0.11054896680093552,0.04375739562203988,1.9136462599944197,1.0791888422513107,7.111692244718708,2.8768316262501243,0.07839953081949019,0.02251695236528922,0.016125862648103177,0.01161700594705418,43.63347448087691,15.225807532808341
759,758,3,B_optimized,False,133.85956996259554,86.11291524401432,750.960573588613,1636,48.24915939836529,0.93341337010499,0.0778077886296849,193.87817342182825,0.400859907979686,8.346650866838882,0.2155402735094428,0.1654577488482615,0.8462562939391279,0.6807985450908665,105795873.31215335,2.757711064012178,0.0430204968144164,1.1895,0.0511728809607483,3.8460213409905513,15.824981009115804,3.2333092400088703,13.303893240114167,4.018270490913401,0.7346355751840623,-0.0031875665049497,0.0487965435065338,0.0642229641271815,-0.0135848245025033,0.0135848245025033,192.7558260269593,66.7145328913291,0.11114414990906207,0.04449603677354832,1.9074065808096439,1.0846070306375826,7.09724066728277,2.8917076602495895,0.07933900015715388,0.023466198385962467,0.016228699119785868,0.011662803716940943,43.155938303225156,15.55380824640208
760,759,15,B_optimized,False,122.67143215394825,93.50042431589311,642.7003559105575,1622,59.97806998616165,0.7606743259501957,0.0687947791375256,392.79203327034674,0.6469545476040574,7.959295649063157,0.2291198005327669,0.1614383034169319,0.8528377906134436,0.6913994871965116,97470450.20866372,2.540697765796523,0.0502361800900634,1.18975,0.059768495262153,3.213586365991707,13.762978911950912,2.701060194151466,11.567958740870695,6.548927522358974,0.9720483013157156,0.0052928786819409,0.0517553806905531,0.0798942474505297,0.011099468313004,0.011099468313004,415.5942789013419,66.87592531825071,0.11120955717061484,0.044421075271638126,1.8673696790451677,1.0326979207255282,7.106394202048181,2.9034125971150355,0.07991525559621683,0.022819152483434073,0.01661528520979706,0.011596539617968695,42.69732849900671,14.939227115376108
761,760,4,A_standard,False,130.26156180202616,65.45822285397838,343.4210197050765,1008,89.62164543146245,0.4551239781215616,0.1025914158522326,197.3207097371218,0.2116092195478232,7.896877274352596,0.2196906788168592,0.1764230757711217,0.8539031104060288,0.6774800346349071,22659567.477720164,0.5906519600690419,0.1054444673191676,1.19,0.1254789161098095,1.6731373419253035,6.4249936659479445,1.4059977663237846,5.399154341132727,2.2017081787236488,0.3103910333891384,-0.0148989572531081,0.0964776838504992,0.1017147021358411,-0.0008767137163915,0.0008767137163915,156.9662438034188,35.437405254494905,0.10913636271665933,0.04453693331532419,1.924347964108754,1.0609733458263926,7.253946402279828,2.9443048021302713,0.07871807487524891,0.02240270019951528,0.016600291313986253,0.011604760134372429,43.393586872946415,14.899318717116541
762,761,12,A_standard,False,121.05355346234764,65.03342891455529,541.7652893175814,976,94.46104109943138,0.1007051994264007,0.0262853190235628,203.6746477061842,0.0929675403562397,7.800059862011736,0.2312590555763797,0.1646662670761935,0.8555581660617457,0.6908918989855521,34387265.924859405,0.89635011965273,0.0800698185103223,1.19025,0.0953031014819111,2.056533537102564,8.62861827139629,1.7278164562928495,7.249416737152943,2.156176190052708,0.3007300571091692,-0.0241482208377499,0.0771865813087014,0.0,-0.0262853190235628,0.0262853190235628,150.35014990371187,37.731233119610906,0.10834342485856967,0.044833060685242315,1.9426034976449444,1.0656489955854962,7.318216724568933,2.9500359860547523,0.07769047784459188,0.02265307315192515,0.016330574324369948,0.011561294666248468,44.06406741455699,15.066795914572243
763,762,19,A_standard,False,126.92359911985666,76.28959414922332,410.6456364489528,811,85.69707881522697,0.1,0.038695042555938,151.20869748732807,0.2585857251598227,8.65106612273727,0.223719253923296,0.1443650585478621,0.841119679917105,0.6967546213692428,25406999.03345433,0.6622674414830407,0.1032480882059966,1.1905,0.122916849009239,1.3982346894388062,6.748353732023635,1.174493649255612,5.668503764824557,1.7644556801446158,0.2252125135073837,-0.0207122679182016,0.0997050486381651,0.0034404347154519,-0.035254607840486,0.035254607840486,157.4894457756418,27.299896165294896,0.10779800429037673,0.044671935976123615,1.9545941495221306,1.0589862806096715,7.34109229192856,2.93776532016069,0.07712023462228959,0.02267241574748482,0.016215260795531844,0.011657030300905808,44.276703550431776,15.07457585711598
764,763,19,B_optimized,False,133.86848320196395,86.25702591275792,606.3679640447987,1237,48.56401744366071,0.8104732646380273,0.0293284390785868,144.59765974160544,0.3211148625805697,8.139670082276421,0.2155302276283271,0.1730205430375117,0.8497667306888383,0.6767461876513265,64699426.02066346,1.6864771506349925,0.0629580191786799,1.19075,0.0749672613370131,2.748189115455895,10.749165816838456,2.3079480289362966,9.027223024848588,2.977464949421734,0.4943664757587649,-0.0134006061329488,0.0684787615534359,0.024103697658498,-0.0052247414200887,0.0052247414200887,116.95354800836364,50.91059126513709,0.10744494288178652,0.04435098650180574,1.966827369180104,1.0505047329192698,7.346146134848514,2.93285904170847,0.07715443509023273,0.022722233605091926,0.016095983079066224,0.011426620859684832,44.29395811145382,15.054282754443719
765,764,8,B_optimized,False,139.870414259979,68.25388992104922,599.570549045321,1586,47.11697596744095,0.911247826994656,0.0139413065220279,96.73674807499448,0.642867510682843,7.27157720242301,0.2090137824642262,0.2187425403552383,0.8646490784234445,0.6459065380682062,64903913.295545615,1.6918073851964894,0.0657650778314106,1.191,0.07832620769721,3.326119995113315,9.821421328261684,2.792712002614034,8.246365514913252,2.0531187770166333,0.2795124655486818,-0.0143530364941921,0.088929505196334,0.0,-0.0139413065220279,0.0139413065220279,80.783517169324,43.48716392958974,0.10725051983534044,0.0443807958977034,1.965937946242574,1.0508530220470838,7.3606901974957895,2.930054208996167,0.07765974166935585,0.022556634696063668,0.01637753729534874,0.011455063503988333,43.93839751889884,15.037185207731001
766,765,16,B_optimized,False,129.18119762930957,78.14106208498583,682.2613618730092,1480,64.50679936484279,0.4285226332570171,0.0195731578985993,165.7500092565611,0.1874133916690107,7.223147890899648,0.2209751884084529,0.202678060823941,0.8654869713352537,0.6628089105113126,78902688.60573258,2.0567042034459058,0.0541426052385884,1.19125,0.0644973784904685,3.743411679781681,12.241910184974175,3.142423235913269,10.276524814249049,2.569496717998652,0.3940061588793116,-0.0200488124475226,0.0612768972519953,0.017006235668742,-0.0025669222298573,0.0025669222298573,141.4547982858848,55.50623156848553,0.10613053423246441,0.04449218579985558,1.986829150331369,1.0439536409871701,7.439329962891788,2.9268789717654813,0.07767669761606,0.02255268840071195,0.015944728713009775,0.011419835365980468,44.014671324890706,15.048197841036952
767,766,13,A_standard,False,135.29102551913363,77.80787240235242,293.2377739333988,903,79.63292804381004,0.6908633240426074,0.0515333728097262,140.9517694962491,0.6561389793192849,8.305903981281668,0.2139413516503177,0.1691488259884352,0.8469462211920372,0.677797395203602,20603035.18987706,0.5370456929611572,0.1103811601746543,1.1915,0.1315191523481006,1.5324066690438278,6.140517042320758,1.2861155426301534,5.153602217642264,1.7700186714056845,0.2261846936799425,-0.0167258775272884,0.1127871555568097,0.0748007616650937,0.0232673888553674,0.0232673888553674,115.19304665172236,27.19985249304728,0.10877087183122996,0.04476906004860771,1.885883374304634,0.8689297128414679,7.250546924374326,2.850533092669506,0.07903313430885996,0.021611484177697215,0.01634812736992654,0.011260302253522625,43.016156526837065,13.684581051363962
768,767,10,B_optimized,False,133.941804297064,82.05307504865223,569.5619295534975,1386,57.83696928620018,1.057353200791411,0.0324392783251193,232.00177476775087,0.1892087345959875,8.428651215683276,0.2154476324503979,0.1626860597434098,0.8448695651460951,0.6821835054026852,64773750.542204514,1.6884145187852264,0.0605018656850736,1.19175,0.0721030984301865,2.6889428598818546,11.275412711297356,2.2562977636936057,9.461223168699272,4.011305876345533,0.7332756335631657,-0.003454857681978,0.0498756041165639,0.0389666342624983,0.0065273559373789,0.0065273559373789,195.41083083679447,58.37561108517637,0.10762549548577915,0.04488791311049309,1.879382498868394,0.8732928281582265,7.342387464606526,2.851632138480293,0.07810066748964965,0.02179519541027638,0.016171898979746715,0.011429362698846743,43.509253690757006,13.696260266539534
769,768,3,A_standard,False,124.86765823373725,68.7589576837408,391.377456010139,861,90.09111906255056,0.6845387686819544,0.0560101515158,154.34291616335102,0.3183827958876346,7.686867355683216,0.226291400629796,0.1756131033057252,0.8574972155548547,0.6818841122491295,23170117.811043467,0.60396013796731,0.1102288072000353,1.192,0.1313927381824421,1.593168861811551,6.18607902570963,1.3365510585667375,5.189663612172509,1.713186802088564,0.216392698561397,-0.0183627671707254,0.1035522401872323,0.0424658234635609,-0.013544328052239,0.013544328052239,128.43905608494538,30.041845369270877,0.10613827175302432,0.04522547500254641,1.9423152288984744,0.9196331091224584,7.4489682932836105,2.8707538081412456,0.07768067309289237,0.022046463627740404,0.01635168164630285,0.01140004130574567,43.941979718619685,14.000111215026195
770,769,8,A_standard,False,131.85025618194692,81.44735215059482,298.05906025771816,876,90.73009285961656,0.783101141938392,0.0385923148159443,177.29439563564338,0.401443118253463,6.867994377253756,0.2178343393402517,0.2240054229635064,0.8716564713696502,0.6476510484061437,21265882.2084175,0.5543236878351452,0.1080317779926944,1.19225,0.1288008873117899,2.0735141744927548,5.995004992419365,1.7391605573434723,5.028312008739245,1.954085905213,0.2600104783170845,-0.0135278024704468,0.105427632990516,0.0635577201649308,0.0249654053489865,0.0249654053489865,174.53749847841624,30.369477659568787,0.1069472051661991,0.04566511753468665,1.931684902561353,0.9272474805927349,7.41861893615592,2.89348161548976,0.07780833756961254,0.02213492020291682,0.01590123062991561,0.011526231956402937,44.154538549750185,13.893412100108259
771,770,14,B_optimized,False,130.84938154198613,81.42072893538874,447.0341997373361,1858,53.12056457401382,0.7301811673320165,0.0288997434349053,179.4928042671145,0.20580693970499,9.250965117085132,0.2189993649239477,0.1318677852075253,0.8310882417480738,0.6992204565405484,67627206.04628813,1.7627936563444029,0.0602982365183518,1.1925,0.0719056470481345,2.1869260665258623,11.59603492430064,1.8339002654304928,9.724138301300329,3.378970191798772,0.5936247017265995,-0.0123352206204512,0.0559223647854669,0.0192568523946675,-0.0096428910402377,0.0096428910402377,170.66120245027767,52.82961815329734,0.10684393611952085,0.045625816375975084,1.9503277567481936,0.9139019432631701,7.413576844250887,2.896821695775173,0.07837334883644005,0.02205565689716852,0.015854235681410055,0.01153000765760124,43.89841566520793,13.92676457149557
772,771,20,A_standard,False,127.60529673798622,80.94775515012104,255.23347363172,1144,86.48565837966035,0.4973707627576734,0.0552156198636784,215.28295105759364,0.039582852172525,9.0386046095271,0.222881969212633,0.1333814788552397,0.8346255547032787,0.7012440758480389,23635699.77872571,0.616096155217185,0.0996302738281379,1.19275,0.1188340091085115,1.3387645514788258,7.038463801250648,1.122418404090401,5.901038609306769,2.4892329559720823,0.3750137297266424,-0.0149922295914756,0.0816924709236159,0.0323940836802925,-0.0228215361833859,0.0228215361833859,209.22722699154065,34.77800577275569,0.10592007360193464,0.0451770978128464,1.971177331091784,0.8974752131832293,7.446693978175318,2.874672478893955,0.07773865639428512,0.02198297407951407,0.015769748281422746,0.011560854265933371,44.1918228791308,13.918588015245577
773,772,1,A_standard,False,135.3769145207715,71.94719133120431,325.61414457361496,689,65.45372402963898,0.3061047797003163,0.032129083160608,173.43320349113557,0.0984482855704765,6.0126234990265015,0.2138463290177874,0.2764355816190572,0.8866965441960273,0.61026096257697,16141218.957091382,0.4207424799384928,0.1207538947072484,1.193,0.1440593963857473,2.289247748813718,5.053758009681308,1.91890004091678,4.23617603493823,2.6497071948511435,0.4133114183981056,-0.0047023466964455,0.0924935004204648,0.0149338162758712,-0.0171952668847368,0.0171952668847368,151.30140992317214,36.11749060571496,0.10707498570661295,0.04455012614145216,1.9390541921462443,0.8865125869706891,7.316067186822103,2.7778176561316092,0.07831911335178132,0.021575705974468454,0.015810653522758032,0.01151834992046562,43.69718633543277,13.595623806087321
774,773,15,B_optimized,False,144.0121755110588,84.31443642354299,686.6416822887448,1691,60.13146387786973,0.9064802612475716,0.0299857593178744,136.4316567212788,0.0454146623053539,9.33958292331353,0.2047875638551338,0.1476913827179921,0.8296165619683331,0.681925179250341,97898426.73584746,2.551853546898398,0.0512683559560272,1.19325,0.0611759657445294,2.880751293149848,13.301093170126755,2.414205986297798,11.146945879008388,2.2688896614654004,0.3249511185768928,-0.0238275523754709,0.061887726692263,0.0,-0.0299857593178744,0.0299857593178744,143.43681206566933,47.8258569029479,0.10696184625336488,0.04451567968466758,1.9342955632998449,0.8896706461294207,7.324361451316292,2.772830106378335,0.07881202907888916,0.02171647584727833,0.01581263213816545,0.011518010400958125,43.393681823058095,13.714630276599893
775,774,17,A_standard,False,133.80102453878408,63.42486582765568,356.4068507467203,872,71.58539846905353,0.4370624236023498,0.0166465662817754,228.6568586939424,0.0867925361348136,7.791024202666986,0.215606286815757,0.1864124105340475,0.8557127906754414,0.6693003801413938,19711609.43251853,0.513809487267578,0.115704293043511,1.1935,0.1380930737474304,1.6111105787919762,5.784576894564325,1.3499041296958327,4.846733887360139,3.1941829421092223,0.5483937656365206,-0.0057193335326636,0.0819070671441893,0.0108228872845789,-0.0058236789971964,0.0058236789971964,206.0980776371333,40.43337908539228,0.10701098658236063,0.04447991542500447,1.924940574225077,0.8806490168593433,7.323030232165394,2.772154900461842,0.07923684814182384,0.021192343087469347,0.01592346508413706,0.011485177768846142,43.10284010470942,13.366456799596671
776,775,20,A_standard,True,124.46453043060312,82.60301319548432,218.9491148296623,1045,77.25145895969516,0.5017136773041969,0.0307057170961335,355.6670333726309,0.0711679982272175,8.189987080027143,0.226804205907916,0.1560586288959281,0.8489120066189283,0.6928533777230002,18899720.16937785,0.4926465067691831,0.110555537861692,1.19375,0.2872951202956035,1.4115858139206168,6.267016479896089,0.5431997199790808,2.4116433895922422,4.6040170394476965,0.8325790732384339,0.0002606666804877,0.0908042909178486,0.000129742757324,-0.0305759743388094,0.0305759743388094,306.3503548406192,22.34070416868602,0.10898970636726711,0.044217106753208384,1.8653207537206524,0.8160123462182047,7.169710837650286,2.718617531901125,0.08002955467588384,0.020661976763754572,0.01591699994501308,0.0114917609891109,42.63289363356196,12.851095243236628
777,776,9,A_standard,False,128.65078597279637,69.51186119177274,269.5588496622955,724,87.796210207359,0.3489442663572336,0.0599290048723431,233.09295778626475,0.3328563795518638,9.138223060052628,0.2216125325279843,0.1319747377829032,0.8329643280504836,0.7009895902675803,13565977.034695338,0.3536153518231494,0.135164534818196,1.194,0.1613864545729261,0.9764006361610812,5.186194671630772,0.8177559766843226,4.343546626156425,2.6549318841410208,0.4145788988349877,-0.0088812259322368,0.110023499039621,0.0199076753056178,-0.0400213295667252,0.0400213295667252,223.05052932226533,25.658667478993063,0.1092514917198196,0.04437862586624638,1.8590277557072243,0.8197328923635432,7.1634875956398085,2.7238132045656167,0.08073351360284914,0.021143656551001675,0.016267553707797124,0.011606442326342526,42.28405065891371,13.073256047199704
778,777,3,A_standard,False,138.34994718176395,71.0093215714478,350.7234894227648,823,79.7865358092944,0.7472862084460801,0.0574552361593064,167.20295085429942,0.4605835401845335,9.652538786629052,0.2106190885642719,0.130940936800238,0.8244401115256829,0.6934991747254449,20496516.28645597,0.5342691351494545,0.1103693802870927,1.19425,0.1318086324078605,1.1863882578631364,6.283438150341292,0.9934170047001352,5.26140937855666,2.0956286566188,0.2881530139945847,-0.0123370219609455,0.1065118173784646,0.0355550309156519,-0.0219002052436545,0.0219002052436545,168.26789624085166,28.407467914406304,0.10843794515343799,0.04455527265604729,1.890399941798544,0.8340740543956386,7.208382011568326,2.7183965821175504,0.07985145379534642,0.02149980010262039,0.015952317013843545,0.01180871334759067,42.88978404783548,13.367585584356364
779,778,6,B_optimized,True,139.49674209243938,72.66360842831392,696.719269816114,1595,55.07145498488559,0.9241425678457096,0.0575165182351341,208.1401527437028,0.0815027146557218,9.00286528504553,0.2094055471770497,0.1517911173556733,0.8352223470378212,0.6834312296821479,80748687.24917434,2.104822629276661,0.0569337821502706,1.1945,0.1345782905701655,2.6660993108632223,12.003966781590307,1.1279019573854188,5.078317065751589,3.779456213764954,0.6855629037225979,-0.0085856037014118,0.0697892772795804,0.1138356648812574,0.0563191466461233,0.0563191466461233,189.1017342656225,23.597058301867712,0.10719988702601961,0.04506424589456481,1.9169158828586403,0.8452342208741349,7.324201696488254,2.771439316211381,0.07902776289675315,0.021736665950006225,0.016090688666075798,0.01186881521071203,43.34662416103295,13.488848515973745
780,779,18,B_optimized,False,138.90924372386377,80.51954470040594,632.033135779013,1498,58.06410520361347,1.0741593121527682,0.0849754252891796,87.4303782666363,0.3934088747067935,8.24103049895056,0.210025111837643,0.1771385025358347,0.8480458214010445,0.6709073188652097,76234748.45208697,1.9871607718403776,0.0482135135215781,1.19475,0.0576030952799054,3.6740425992093657,13.915337627591546,3.075155973391392,11.647070623638038,1.5057560597901936,0.1832855895082124,-0.0242372386615783,0.0762947520532697,0.0705592479517214,-0.0144161773374582,0.0144161773374582,102.8458256333914,48.93710619670145,0.10911378078428477,0.045056006413187896,1.8791317636485638,0.843687142538265,7.189535476937133,2.74349394465531,0.07983051035565453,0.022189297495253713,0.01673443522593383,0.01227943815008341,42.74335024296144,13.712404189871695
781,780,18,A_standard,False,133.14701496203278,67.28315979514745,321.42787768077324,837,91.36868633450564,0.8359254319465605,0.0110718291061978,206.62308933065728,0.121814148993144,6.624359313697002,0.2163470727224297,0.2385537216094385,0.8759141577583641,0.6373604361489256,18101533.88578305,0.4718407127764673,0.1118404918575693,1.195,0.1336493877697954,2.132981692473604,5.698834344904475,1.7849219183879523,4.768899033392866,2.2614212551354758,0.3233150112763532,-0.0142211154860106,0.0944738903241662,0.0,-0.0110718291061978,0.0110718291061978,172.83099643170937,35.14537831190285,0.10725521919894451,0.0444146002837933,1.9142337870029473,0.8242103328927275,7.277245100600683,2.7187652210361257,0.07879296883281167,0.022049045035262962,0.016821583919021374,0.01218971330093855,43.31981954397133,13.771883044627943
782,781,13,A_standard,False,118.82430353799094,62.88167738962242,377.6367889802264,873,93.15236628744282,0.5717421051095266,0.0371246377188491,183.7301454462386,0.1037510514888301,5.973768176015262,0.2342876159997802,0.2467005799807509,0.8873858696137087,0.6406852896329577,20730637.52374886,0.5403718186113873,0.1019995274567679,1.19525,0.1219149351927018,2.418644342105545,6.281257429398478,2.023546824602004,5.255182957037003,1.9723615488123771,0.2635421957458101,-0.0223235246441707,0.090384639429024,0.019221068977386,-0.0179035687414631,0.0179035687414631,180.9075417647085,35.100180424729885,0.10718381756953113,0.04446384446469194,1.9204771129109088,0.8259244595794211,7.285526140104142,2.7235279382468063,0.0791441859890028,0.021896680039099604,0.016875363338738035,0.012134458056222836,43.17490273300651,13.70977603140324
783,782,3,A_standard,False,135.24494448937105,58.25088455747766,264.9732170884007,708,91.99170468677208,0.4983704379952706,0.0238282974364284,144.54203794086175,0.3762643081770424,8.878158939024503,0.213992375323192,0.1495898116269789,0.8373080975601384,0.6877182859331594,10927926.389843447,0.2848510302766226,0.1500573316774637,1.1955,0.1793935400204078,0.996884390484234,4.583036884937786,0.8338639820027052,3.83357330400484,1.571250782154993,0.1932936453936771,-0.0108271343123469,0.125122221677348,0.0,-0.0238282974364284,0.0238282974364284,165.4451991222478,21.09706459456396,0.10707393190868542,0.04457821587828932,1.9205324975022124,0.82600676387091,7.309509657580232,2.7546602851685105,0.07914510120160258,0.02189487580274962,0.016793546830470872,0.012211243908975032,43.202140061314225,13.765176404431054
784,783,3,B_optimized,False,138.72960787872583,83.36258263820903,546.6887412328992,1653,48.46521678099636,0.7790285224433934,0.029341877879448,156.83327333607122,0.5639660287003145,9.342030345744476,0.2102154425152673,0.140318696045489,0.8295759545185201,0.6892572584730311,75332806.01397517,1.9636504347845627,0.0525848511742248,1.19575,0.0628783357915794,2.668424325868738,13.10752513474601,2.2315904878684827,10.961760514109145,3.235996530145862,0.5587268224612868,-0.0116292885124106,0.0685675748746047,0.0052087882859623,-0.0241330895934857,0.0241330895934857,149.26313499924555,51.4845486259642,0.106970265877929,0.044662750765834494,1.9198009440281598,0.8258317300468825,7.326477695021989,2.7688611942884234,0.07855058151072307,0.022270036371972345,0.01657248961721952,0.012067461521338632,43.57715561197658,13.925672127008239
785,784,10,B_optimized,False,134.77650448468725,86.60536762642927,658.0041986800356,1778,71.56318887128498,0.3752725081914139,0.01,182.91508351847267,0.121140014737532,7.185355139161952,0.2145127426126832,0.2140918313499074,0.866141401315992,0.6520495699660845,101322344.64597207,2.641102550733933,0.0467451126087396,1.196,0.0559071546800526,4.5799832196763175,13.949042660861506,3.8294174077561194,11.663079147877514,2.5559940299399946,0.3907868418429155,-0.0222778583938886,0.0570952937899714,0.0,-0.01,0.01,165.01330871342947,59.61387153093432,0.10969892307324754,0.04534668206222872,1.8682713637702293,0.8225759735069926,7.136269706573767,2.6749272272526863,0.080157462078893,0.022967018310636578,0.016467885064594977,0.012116457237655757,42.7050578297087,13.812037009675395
786,785,12,B_optimized,False,136.18533769516503,73.55425466709767,518.192086851777,1451,50.3630402585902,0.8114255226907122,0.0281277191182718,343.85971554660296,0.2559928749925041,7.73022003526127,0.2129569317810178,0.192780326940684,0.8567540417466727,0.6639737148059887,55305202.68073985,1.4416041434821438,0.0606581620916254,1.19625,0.0725623264021069,3.1781432257951563,10.946156162843216,2.656755047686651,9.150391776671444,6.827620290217732,0.9787021304407936,0.0067388159781357,0.0471352322585091,0.0396795241752718,0.011551805057,0.011551805057,340.86746451291634,64.15855941258222,0.11003136910914475,0.04503300711191898,1.8545145353776773,0.8140719064772933,7.081522925661518,2.6095884481619103,0.08010177192549324,0.02304055103783129,0.016426911565615564,0.012138425807478995,42.505762636153904,13.525065684513846
787,786,1,A_standard,False,121.3231150205101,75.0629465884583,399.98796239873104,971,92.05540564480287,0.3057549532288351,0.0463207818501103,359.6224509984309,0.0708609362520846,7.442734111614545,0.2308992598096824,0.1793310397027134,0.8616943252968899,0.6823632855941765,29153571.080892917,0.7599268573362038,0.0897545269911171,1.1965,0.1073912915448716,1.9980166540286208,7.602550071504568,1.669884374449328,6.3539908662804585,3.906587000290232,0.7123012500355241,0.0010582031199781,0.0623959319142078,0.0502654618641908,0.0039446800140804,0.0039446800140804,379.7728071840977,50.02666781546624,0.110673832451024,0.04548476374666737,1.8447878210894364,0.8224030468512508,7.062482401223896,2.6255385703427354,0.08015865878673882,0.023085276038480866,0.01694741903721358,0.012015382933708492,42.38231556992927,13.61874119225557
788,787,14,A_standard,False,141.30010455968804,63.73279156882704,267.1368632057864,980,69.63006095341282,0.7319650844234077,0.0543873356653782,144.88947692177803,0.3776420049376419,7.416099926510997,0.2075311483426248,0.2145801965126802,0.8621534580955654,0.6475732615828852,16684870.46258375,0.4349134842010093,0.1156872328273012,1.19675,0.1384486958860727,1.8548304014930257,5.597620807039162,1.549889618962211,4.677351833749039,2.0808466190876787,0.2851304301750407,-0.0162823269538006,0.1103929981731811,0.0193641549205583,-0.0350231807448198,0.0350231807448198,140.51587903289342,27.353753544540027,0.11003676990341717,0.04592537511957795,1.8566037104358464,0.8249284084248505,7.132556010898083,2.676882759875666,0.07940160582159439,0.0237945016140936,0.016624915109306568,0.011975972971722378,42.908176541880515,13.939337314854889
789,788,11,A_standard,False,138.1927907187282,94.47624983197458,464.9914011356341,961,84.82635499455776,0.511446021627357,0.0690076843437113,174.2502925228166,0.1166362423013692,9.074961183891965,0.2107867250602345,0.1476543295735491,0.8340188927705772,0.686364563197028,42217348.67585708,1.1004517084816838,0.0800508928211007,1.197,0.0958209187068575,1.8445057184250264,8.574102536631651,1.5409404498120522,7.162992929516833,2.054199930363577,0.2797302457760839,-0.0204922676601755,0.08276875256573,0.0445994284614464,-0.0244082558822648,0.0244082558822648,202.07348022292751,35.936184872836776,0.10899175917942566,0.04621983804075323,1.8919559117479599,0.8329365839282272,7.203533179382085,2.6843098307085125,0.0782577969167025,0.024170205669616227,0.016075689795380668,0.011731364996921689,43.69976503082025,14.157004344880088
790,789,1,B_optimized,False,127.8888925168061,77.23874506205682,557.5492462981107,1599,67.44813061559982,0.8401413716323203,0.0291505926615904,176.26033276174215,0.2989096072620465,8.218373132753642,0.222535882850991,0.1605928625763947,0.8484301981786662,0.6878373356022713,68859982.14688435,1.7949276156911276,0.0621088135023976,1.19725,0.0743597769657455,2.585669464933433,11.074713825852085,2.159673806584617,9.25012639453087,2.6132723198258003,0.4045052926505064,-0.0158038062711761,0.0729477751232667,0.0354038350821963,0.0062532424206058,0.0062532424206058,169.2499090875892,48.01184884980864,0.11047893957057836,0.046298944297466525,1.8665359336566956,0.8393518234150884,7.116840920272113,2.6941870793838922,0.07902197495252039,0.024457031304986457,0.016163814668643924,0.011664549597555588,43.27189271786005,14.257557676321815
791,790,2,A_standard,False,132.3190838073472,61.31141133910017,229.89692009351785,796,73.92470959044584,0.4566253402384082,0.0824978446395481,316.6898894522375,0.3276893049298679,7.770821688604331,0.2172937764824767,0.1847870512748047,0.8560586115289874,0.6712715602541827,11219862.48822295,0.2924607354879999,0.1486811279537151,1.1975,0.1780456507245738,1.2428413331134367,4.514840380166819,1.0378633261907613,3.770221611830329,4.283951755870909,0.7831217018410569,0.0112505832213622,0.0972499627157584,0.1043342464264623,0.0218364017869142,0.0218364017869142,295.3719765419372,37.77954481229341,0.11197119129731371,0.046443672318563396,1.8290714190712363,0.8389739134591112,7.042327844972957,2.7137593770009887,0.07895412790932378,0.024433679859049564,0.015939410035341467,0.011815135560718708,43.216026156396126,14.262168864774901
792,791,10,B_optimized,False,121.8813481274966,58.36945855941328,582.4371857146255,1756,53.489049205564186,0.5931478281719766,0.1057880105695145,234.88722257954507,0.0777845797405165,10.657520020510372,0.2301584652556418,0.0860421100046383,0.8080345993418415,0.7219924893372032,59697929.81535465,1.5561064566732403,0.0626216333352436,1.19775,0.075005061327288,1.3739997732734568,11.52944199765648,1.147150718658699,9.625916925615927,4.391314223531029,0.8008019685701503,0.0004713641286704,0.0510648353528713,0.1045994300785058,-0.0011885804910087,0.0011885804910087,217.60239519377643,55.907912350356526,0.11195981669243879,0.04645560461223719,1.8121793004903168,0.820285498765904,7.0529738774976956,2.727714235549986,0.07875158252736238,0.02462443839725062,0.01600507949821449,0.011748228829088768,43.35825206647873,14.421795618265543
793,792,15,B_optimized,False,135.90048678207015,75.0283042593778,725.9545163802401,1252,61.4567769252397,0.8294981308865877,0.1090257696684583,229.38068071011975,0.3085855278131534,6.56557910099244,0.2132692878748953,0.246538680399121,0.8769444916822516,0.6304058112831306,68192854.68947454,1.7775380454478993,0.0498156120607473,1.198,0.0596791032487753,4.9490244162508885,12.65478401659274,4.131072133765349,10.563258778458046,3.7323903430398633,0.6753295975729061,-0.0077423815725467,0.0545386208072437,0.0900938436643998,-0.0189319260040585,0.0189319260040585,221.67605187016008,64.0731888346752,0.1106969832372299,0.04677020503548008,1.839952901216204,0.8256023378934011,7.147104926512326,2.7420029963262773,0.07760828723024904,0.024337326848703548,0.01570939468632238,0.011747765734041255,44.050335199617855,14.46080161096104
794,793,17,A_standard,False,131.25786274748955,59.94094020014904,273.52120107316114,910,63.50933668640802,0.5721761133011807,0.0982801385528648,280.0437167947686,0.4994557977130434,8.547911081495785,0.2185220658358493,0.1544465514029021,0.8428567859187857,0.6884102345158836,14919557.340869356,0.3888982345056469,0.1259928215675101,1.19825,0.150970898443269,1.2258361189263924,5.463884576527369,1.023022006197699,4.559886982288645,4.409488925660631,0.8036853212798184,0.0119695408573402,0.0959362618494077,0.096562047752254,-0.0017180908006107,0.0017180908006107,232.6200614005544,42.50132945218036,0.11161789284172757,0.04644698238891449,1.835708307459401,0.8239620672814248,7.064298868921485,2.7331950582417317,0.07847118006499393,0.024097660985066327,0.01598808903065786,0.011690642147746807,43.64559116870452,14.334325028870877
795,794,9,A_standard,False,128.32774195178064,74.08110972490753,379.215956212228,792,77.12528867944164,0.4121432706516221,0.0467055953291595,168.21476272562572,0.118730248848737,6.951021714827805,0.2220028964472264,0.2137075144006101,0.8702102461423318,0.6565027317417217,22249449.178382285,0.5799616775823051,0.1012413340723334,1.1985,0.1213377388856916,2.1108721685544305,6.484532604762725,1.7612617176090366,5.4105403460681885,2.1810584518494607,0.3059883860218351,-0.0139127268034713,0.0891784532369393,0.0329104121877493,-0.0137951831414101,0.0137951831414101,144.7058061143133,35.84825277524048,0.11033881201314631,0.04677076990312711,1.867048596744552,0.8343249906884428,7.1561838592489115,2.7460818391433577,0.07798946557820645,0.023825254418297866,0.01611856213535525,0.011699212414952483,43.98397185262394,14.205758383053109
796,795,6,A_standard,False,135.42819161120022,82.23450783173837,466.4963276048347,860,93.24736965627253,0.5220312759682728,0.0407501251757178,406.4156908165678,0.2029538606295946,7.842563128005758,0.2137896478481734,0.1869977284806885,0.8548311947659561,0.6678334662852676,32991402.479071397,0.8599650703328757,0.0875043415921544,1.19875,0.1048958294835951,2.1370108622982262,7.632003785571534,1.7826993637524309,6.366635066170206,4.358468151055554,0.7955106193276004,0.0060003013564711,0.0646598370651908,0.0503189654190066,0.0095688402432888,0.0095688402432888,387.3868109862974,51.00006781389141,0.10905156634072431,0.047136551911221666,1.8934807948980295,0.8509597799494095,7.262532235011137,2.76489354742115,0.07698498363170665,0.023703263802102876,0.015713821588962864,0.011736899687116003,44.645660348334125,14.328654858410411
797,796,20,A_standard,False,127.0337746443035,70.51671725554577,372.053012528132,1158,84.60742010118463,0.283629972373151,0.0188955825392097,219.8273466989625,0.0523389473539044,8.148638384462673,0.2235834151213097,0.1617181298197346,0.8496143250608714,0.6878961952411369,30381238.30850652,0.7919276470695239,0.0929959572093451,1.199,0.1115021526940048,1.7389802166957375,7.397054838551736,1.4503588129238845,6.169353493370922,2.598204110656774,0.4008809347494692,-0.0138354925362448,0.0775648143851609,0.0138336547314317,-0.0050619278077779,0.0050619278077779,208.8188112708454,40.38140154228841,0.11065569316521401,0.04721133365556007,1.8742950335441233,0.8630585563687271,7.158800416480205,2.767947753924166,0.0779133672724098,0.02377042305720526,0.016014270618481114,0.011770549505336483,44.12940215828344,14.491858234380084
798,797,10,A_standard,False,131.88455896511914,74.5779393614982,389.40005441276736,911,100.17809371605892,0.663063078387865,0.0662789292276602,149.67510009587602,0.1949033952098862,8.844595719635091,0.2177946771461971,0.1456853865179681,0.837870341353643,0.6921849548356749,26456035.47092247,0.6896119805429162,0.0979589366586927,1.19925,0.1174772547879372,1.4872087375301273,7.066072565154282,1.24011568691276,5.892076352015245,1.4940901203421737,0.1815457399858606,-0.0214469616122586,0.0969466503076681,0.0523547481702333,-0.0139241810574269,0.0139241810574269,173.81119770892352,30.710625794401714,0.11073468082808784,0.04722859639015548,1.8723019288879488,0.8649433500095719,7.1570348021273835,2.7687944532739928,0.07816805437725632,0.023879710039842312,0.015727265758698778,0.01177613030382046,44.05780707129796,14.547735325069867
799,798,7,B_optimized,False,136.94394153763287,75.80468085623166,617.3650144606775,1590,60.87378799220909,0.7277963130547417,0.0509616828920832,198.4008415734292,0.3177432356128997,7.738818104838978,0.2121304683887696,0.1936623482276769,0.8566067257961253,0.6629443775684484,74410661.04986125,1.9396134918439163,0.0637575666712453,1.1995,0.0764772012221587,3.0374802292293057,10.397893335340171,2.532288644626349,8.668522997365715,3.259216291892685,0.5644436292416366,-0.010582706454494,0.0637043192245988,0.0356618453554854,-0.0152998375365977,0.0152998375365977,189.1274012802774,51.86272778664437,0.11057504400473317,0.04712703759505536,1.8653188995334415,0.8659682790016104,7.168093463210775,2.757973431687552,0.07798507959883154,0.023802629305789715,0.015499366602184615,0.011857123530474313,44.214257187862856,14.502592993450289
800,799,9,A_standard,False,136.9754749321556,55.251620660330325,351.2275831171141,757,81.77230145268112,0.484338343829649,0.0885870763343683,382.98479637576463,0.2011124204671726,7.633051902203158,0.2120962827264358,0.1981081997193458,0.8584206444434133,0.6603124447240675,14690261.143188387,0.3829213221603514,0.1264395804513715,1.19975,0.151695886646533,1.5668210777995892,5.222355550112116,1.305956305730018,4.352869806303076,4.6835516375601225,0.8433742539112283,0.0044690732769329,0.0857294190668028,0.0842928043898767,-0.0042942719444916,0.0042942719444916,337.3333810964761,45.20728625416104,0.11074366623152869,0.0469614713246172,1.8810587597309771,0.8831306024736357,7.131145618527854,2.71563144775875,0.07791997088517208,0.023851961212281253,0.01566598487617094,0.012120452741334501,44.304306061891104,14.53940709934739
801,800,1,A_standard,False,125.50554765179528,64.57990763446587,278.1521082119365,922,104.47802753592909,0.6738201290951018,0.0303724712512407,181.69211616398687,0.3124050609253349,7.720914902186492,0.225485687819113,0.175352717083958,0.856913500791505,0.681560783707547,16561920.535039429,0.431708629749758,0.1187083120844768,1.2,0.1424499745013722,1.4771730303028068,5.741474811153285,1.2309775252523392,4.784562342627738,1.739046194201021,0.2208097435618989,-0.0172925889482469,0.1119970850097569,0.0589312398757584,0.0285587686245176,0.0285587686245176,146.42523597605592,25.647529786993257,0.11010173271918128,0.04679908253742954,1.8962398705618426,0.8803333513841407,7.155341497376386,2.700208035256322,0.07791967797882926,0.023851911340668983,0.01584592769740958,0.012037855007330537,44.31404113974399,14.536925112393968
802,801,7,B_optimized,False,142.25558741055227,71.84332393466046,609.6920229401186,1523,64.17481404120036,0.531449210143498,0.0554265098803817,337.28509634253834,0.3083946327881205,6.9200473136988245,0.2065544206506059,0.2394606051012414,0.8707494979797248,0.6312888928784833,66710905.19130077,1.738909047931494,0.0658562561881066,1.20025,0.079043971489775,3.636110203672448,9.585860621583455,3.0294606987481343,7.986553319378008,5.255723781700413,0.9051431145213688,0.0046757694798124,0.0498042316515052,0.0545593938786364,-0.0008671160017453,0.0008671160017453,338.69159592906703,64.02565728714642,0.10594934087594225,0.03937877072702134,1.9360507609313484,0.8627294428776944,7.272741366380952,2.6160485128122786,0.07699197506258218,0.024239456311981263,0.015244155711121305,0.012038536842137838,45.16409652760326,14.468324123538572
803,802,11,B_optimized,False,144.4280148964942,81.32489720186122,825.9223263870122,1576,48.27501034268684,0.9342969790018568,0.0428440958392473,166.0388736582535,0.1975076592421265,8.632309802091687,0.2043746461016573,0.1713194629799038,0.84143526531397,0.6701158023340661,105856844.10526983,2.759300349354743,0.0489915278487966,1.2005,0.0588143291824804,3.496920192173835,13.678197675366548,2.912886457454257,11.393750666694334,3.4394373502895923,0.6081249544201905,-0.0108913659870725,0.0527549914451717,0.0183239663731472,-0.0245201294661,0.0245201294661,160.09078990988564,58.03228475411545,0.10507944849689187,0.03860189420717301,1.948938961512251,0.8504078342102563,7.301673559052492,2.590870173070588,0.07668469221992442,0.023907280310516015,0.014763456536093131,0.011496655280969215,45.26573870430395,14.345831785484451
804,803,19,A_standard,False,125.07045808007445,61.41107416689947,315.69031562324346,738,81.77521225517052,0.4698295733237571,0.0400538470453348,155.8788156800214,0.337634022819592,8.281334370781908,0.2260344884681129,0.1538361539509305,0.8473625062386538,0.6935263522877233,14307518.46324505,0.3729446218401493,0.1297639556960804,1.20075,0.1558140698020686,1.1855075866462443,5.344522279453534,0.9873059226702012,4.450986699524075,1.906186622831608,0.25090087498213,-0.0123110657287421,0.1116340378948368,0.0,-0.0400538470453348,0.0400538470453348,174.355683994106,23.0239447040708,0.10369524664358325,0.03886386054857903,1.9787272202145687,0.8423016461078183,7.4130438194108645,2.6208874475346113,0.07531642861019074,0.024122122772578067,0.014527196922411268,0.011468345149516092,46.040976090491974,14.463083389242023
805,804,15,B_optimized,False,144.4199909099937,79.55243654363785,681.7216247469843,1510,63.605083210230895,0.6872549698204409,0.1181607950819953,296.02573144989697,0.253639672976682,8.43516867131505,0.2043825945858463,0.1783510180897358,0.8447594443252172,0.6664084262354814,81891250.60259634,2.1346050726028767,0.0639885431388041,1.201,0.0768502403097037,2.7872336099738404,10.414495994851864,2.3207607077217656,8.671520395380403,4.654120653713431,0.8394471911300356,-0.0026352676985449,0.0563034194973987,0.1115483789686737,-0.0066124161133216,0.0066124161133216,309.52394589547646,58.832844360671785,0.10335775654025929,0.03866295093042348,1.992573101338126,0.8336760759770818,7.422694341808592,2.612991643667562,0.07578017819687538,0.024236314524636267,0.013810853212771632,0.009802225292405892,46.23858539770422,14.215553923595415
806,805,16,B_optimized,False,129.01185844023672,61.92628897937911,680.5095059427343,1625,69.77151880729153,0.7187241570525862,0.0201030504832988,148.4636124279525,0.3234521494296976,7.930456997466919,0.2211781827490169,0.1730726090458088,0.8533298263345026,0.6802572172886937,68479821.01711445,1.7850182069320486,0.0627668424452739,1.20125,0.0753986694873852,2.757389129407139,10.837843529914805,2.295433198257764,9.02213821428912,2.1278541010123058,0.2948079813274132,-0.0206873708980597,0.0784073863064777,0.0141560144950117,-0.0059470359882871,0.0059470359882871,154.50247935780777,45.39557147807114,0.1047349327471157,0.03822378971811176,1.9442790755357577,0.8396028257048399,7.3052787916744,2.550448150360097,0.07598914339517265,0.024285833512503654,0.014068440597840102,0.009985959928134822,45.910753110292134,14.34051047322597
807,806,11,B_optimized,False,132.88640979030137,81.72406375441405,616.7269329312103,1946,52.93045616606514,0.7074842305425831,0.0395326948300489,318.5472000733203,0.1619301693589342,7.807122040109907,0.2166439820626466,0.1842676410673819,0.8554373325125856,0.6711696914452037,98081185.08782849,2.556617387996544,0.0490803452227711,1.2015,0.0589700347851595,3.7544080065249807,13.67491790041058,3.1247673795463844,11.381537994515671,6.018221325618346,0.9533905502249906,0.0078397080354634,0.0368658168791699,0.0431258464560657,0.0035931516260167,0.0035931516260167,312.4228610635356,71.25246634405869,0.1031928981114107,0.03858701307169296,1.9852494281830246,0.8806458257418003,7.4403616192368975,2.5918964174651937,0.07507841029309825,0.024431884440406487,0.01403177745733677,0.010000540967847223,46.50412473622691,14.498905812374124
808,807,3,B_optimized,False,137.8820057752883,72.57340695368778,596.32654991269,1542,55.277648537136976,1.0470957194928294,0.041311862127596,257.71626866469825,0.3833687279090299,9.17560033823085,0.2111191908459117,0.1441147648163913,0.8323418819448408,0.6882271171284495,66733826.95028568,1.7395065342641869,0.0572267211421694,1.20175,0.0687722121326021,2.518312458586682,12.026324475565762,2.095537722976228,10.007343021065749,4.6622147555997735,0.8405350836580886,0.0040221658189623,0.0503288212280615,0.060206340995223,0.018894478867627,0.018894478867627,274.7670850090079,58.571965784220566,0.10341068360688949,0.03872531864486434,1.9806891413865015,0.8810337442480871,7.431346075741216,2.600422329483512,0.07553279632136428,0.024928579156042185,0.014745791875752302,0.011451790955026782,46.26813477574427,14.781580129653797
809,808,8,A_standard,False,120.44507615420432,54.83963320041696,265.16631960131065,756,80.22480296153736,0.4795700436824032,0.0539798257619364,148.48891007759613,0.4705349906670056,9.021786470157016,0.2320762466533039,0.1232251212890834,0.8349063389013258,0.7116812176122423,10993467.520254549,0.2865594475789617,0.1560779872934068,1.202,0.187605740726675,0.78950993298905,4.559779568879061,0.6568302271123544,3.7934938177030455,1.8509102496491887,0.2406553831386365,-0.0081665282905524,0.129140571915031,0.0456252288906603,-0.008354596871276,0.008354596871276,117.03993700992626,23.109643777934917,0.10138018829053243,0.03729521335182307,1.9910969578398883,0.8702169371395122,7.5391892444482735,2.5596634099238713,0.07384044802924268,0.02435909739325492,0.014563430427175108,0.01137655919849847,47.030784316735236,14.436061721387803
810,809,20,B_optimized,False,150.19142806645306,83.88551167352412,453.2234203984565,1653,50.812426860158766,0.7918167676453216,0.022611870354548,213.039652755572,0.167822708712966,9.414800586184388,0.1988526691253154,0.1537913868360223,0.8283694638641665,0.6745780770281442,62845206.19777392,1.6381444287564555,0.0635398603094316,1.20225,0.0763907970570141,2.4203922716713016,10.616612528624218,2.0132187745238523,8.830619695258239,4.1926683278065005,0.7672179528248415,-0.0018164120750862,0.0489708730205653,0.0316626637185815,0.0090507933640334,0.0090507933640334,226.45452216169548,56.911165640511065,0.10157424007971581,0.0371156043177951,1.9850296972792885,0.869563263823729,7.510077864970526,2.528025333071722,0.07338991109125872,0.02466501601336259,0.014390938504965785,0.011293583111307839,47.23097580549632,14.567886364100605
811,810,1,A_standard,False,121.48421803099062,70.93584187219109,260.490302255619,775,67.20609912078504,0.3181523857562064,0.072763710911101,171.85981502984413,0.0459093545699649,8.37259435149587,0.2306848765823907,0.1449406552247464,0.8458173110928704,0.700876655868124,14320526.639783984,0.3732836973753378,0.1310620234542799,1.2025,0.1576020832037717,1.1058936174238747,5.347671563400055,0.919662051911746,4.447128119251604,2.557205629818984,0.3910753285762849,-0.0118504075528356,0.0993220269127778,0.0458616236148086,-0.0269020872962923,0.0269020872962923,153.6534751989382,29.26505194326304,0.10194833992073761,0.03673826631066835,1.956803859882389,0.8305007624561719,7.45770792039297,2.466613164368732,0.07342517041689559,0.02464249685011377,0.014446049367219396,0.011278431892637856,47.100719821394534,14.48378117440296
812,811,18,B_optimized,False,143.8805952222835,69.74519001817067,737.1866478731203,1959,52.2285099825192,0.8158199641091644,0.0406236221119146,257.40918977941385,0.1594644117660198,9.352664094655418,0.2049186421169128,0.1471158030548836,0.8293995432302603,0.6822837401753766,100722421.53331256,2.625464751701296,0.0527540836429595,1.20275,0.0634499741015696,2.78870928837596,12.933287682392194,2.3186109236133525,10.753097220862353,4.928518731734226,0.8730853752241694,-0.004321262011075,0.03933393305148,0.0304634994837023,-0.0101601226282122,0.0101601226282122,224.5290427720388,64.02428171717287,0.10293055192636064,0.03659279366866625,1.9310185930144592,0.8283368813055776,7.386357264518304,2.4682480720985898,0.07377826069333966,0.02438323109263014,0.01424238212607224,0.011422785493244256,46.46395792646762,14.418262727359348
813,812,14,B_optimized,False,141.71638297199027,80.24005230824753,690.3478735180742,1501,68.69138239145992,0.7118727691227207,0.0795005949385556,514.4697489624365,0.205290688812737,7.583917360279586,0.2071042379611948,0.2079076214328608,0.8592646211624396,0.6513569997295788,83145717.77244855,2.1673044387070184,0.0587417396589057,1.203,0.0706663128096636,3.539350768978124,11.088486713396604,2.9421037148612834,9.21736218902461,7.489582114253651,0.9888992755995522,0.0070191877506385,0.0425146033935702,0.0872939370827467,0.007793342144191,0.007793342144191,525.649164547262,66.8793206122823,0.1034456325118567,0.036837304610190996,1.9192244983852214,0.8362908665831914,7.364639304140167,2.482254813491907,0.07431089886123898,0.024420367488937028,0.014670131919443843,0.011429744241416392,46.13068148558403,14.526415967604525
814,813,6,A_standard,False,115.37283750846798,52.05737902711653,378.1224243523823,847,91.10562740292768,0.6139635459527215,0.0174700317378193,186.1979723321528,0.295481464940622,7.799148213858669,0.2391721049147726,0.1548437562195948,0.8555737655643965,0.7007300093448017,16672400.821600044,0.4345884463159912,0.1241024565922696,1.20325,0.1493262808946484,1.2477090339019128,5.6463830659452885,1.0369491243730835,4.692610069349918,2.043759289518589,0.2776314982355202,-0.0199275110408995,0.1066876633443306,0.0078390466545678,-0.0096309850832515,0.0096309850832515,198.0084186678212,29.51697561712661,0.10199730936658384,0.03685659099487155,1.9409583845349923,0.8406061523918242,7.475753994131827,2.4838540234895037,0.07286422093495826,0.02438174045387525,0.01413038131963331,0.011080887043738207,46.93689430203131,14.58154417413601
815,814,16,A_standard,False,135.83863031212422,59.42243227130041,271.37754125384265,1012,74.97874871059521,0.3686240068965363,0.01,279.73056431564453,0.1660362539097775,9.19510075368196,0.2133372643337984,0.1406251217755786,0.8320173249890039,0.6913922032134253,16319424.5278898,0.4253876467004268,0.1270783498412767,1.2035,0.1529387940339765,1.106601729965978,5.440676591071472,0.9194862733410702,4.520711749955523,3.730797981110025,0.674980359611738,0.0003404237519657,0.0855371530365031,0.0072789251430948,-0.0027210748569051,0.0027210748569051,260.6883755989881,40.69383585639381,0.10111996441934236,0.03752271091481771,2.0005584433765753,0.9140961456140557,7.578732318079928,2.575660644061347,0.07258591238621728,0.024345769806622463,0.013662338845073306,0.011132022982862585,47.40785147423195,14.599255926196046
816,815,17,B_optimized,False,132.67327226670426,77.73469336890795,633.8750606107928,1927,46.96612379095836,0.8925733644509811,0.0408829793866022,222.4329782991637,0.5266636893816529,8.84342153826024,0.2168875479996337,0.1468963543459523,0.8378900178196667,0.6909936634737143,94951158.84818909,2.475029063977195,0.0531079113160734,1.20375,0.0639286482467234,2.765997583141502,13.011124827735046,2.297817306867291,10.808826440486015,4.736030149926598,0.8501821184301036,0.0028584955634699,0.0511496281539256,0.0467333747601107,0.0058503953735084,0.0058503953735084,249.6892807920253,62.61752707261545,0.10219664691922471,0.037511540016637694,2.0041848632008654,0.9150993932239558,7.486621860496022,2.5969318504863086,0.07289063963883342,0.024445541149055065,0.013929108803023305,0.011110649084013277,47.21742943539931,14.653210499854003
817,816,1,B_optimized,False,129.70080221306927,82.42481507960264,637.6495968347369,1601,47.46304942519382,1.0698636096901344,0.0565783763580731,222.3946514231269,0.5269935915655078,7.709549593085104,0.2203551291181676,0.1828957800990643,0.8571083046669218,0.6742125245678575,84145598.31760287,2.193367663630044,0.0567919265678208,1.204,0.0683774795876562,3.2204538770251165,11.871626220721955,2.674795578924515,9.860154668373715,4.685637651108817,0.843649606708432,0.0019365491357732,0.0556223907011431,0.065061524618835,0.0084831482607619,0.0084831482607619,185.10325419078237,61.80400915000404,0.1011467674954894,0.036051533386591866,2.0128359539461105,0.9077930842077989,7.519865790717021,2.558744753680822,0.07282337364655796,0.02438168841412503,0.013884171353143819,0.011082523233107182,47.092734034997626,14.76129336595954
818,817,3,A_standard,False,144.47131633666217,65.70244964789265,372.3687804706353,969,73.52952360591273,0.4270366440201157,0.0204620731541529,204.23784917825608,0.3551047121112672,6.95374176398029,0.2043317650629891,0.2415037378362873,0.8701629071371376,0.6286591693008503,23707109.276790213,0.6179575393782382,0.09810967710614,1.20425,0.1181485786550691,2.4615689803465184,6.407718258217635,2.044068075853451,5.320920289157264,2.777630523936003,0.4446355823460398,-0.0042193569876679,0.093020245853808,0.0,-0.0204620731541529,0.0204620731541529,166.6908123421153,38.13840953950942,0.10081942344191981,0.036366670303773115,2.033668527187117,0.8994348708764044,7.563850412967468,2.6139923040164073,0.07353841929931387,0.024254474085087394,0.014472863754864252,0.011175759915022435,46.80887116583859,14.724739382246625
819,818,14,B_optimized,False,139.73344730029945,80.99757822121077,716.252983603495,1921,67.88720749131501,0.9295721634973012,0.0712772523300128,149.57376694139992,0.4416047909710994,7.796035793007527,0.2091571743495119,0.1958126747973178,0.8556270253346002,0.6598143505372823,111446348.323017,2.9049982593114385,0.0559889553784809,1.2045,0.0674386967533802,3.497344672241868,11.784723363331029,2.9035655228243,9.78391312854382,2.20326881114583,0.3107251831345751,-0.014649361045285,0.0794665158478581,0.0512092690429043,-0.0200679832871084,0.0200679832871084,134.26755440838855,46.960879565241605,0.1020787047093817,0.03600132114793598,1.9706430205868821,0.8589635930719282,7.4668902352908955,2.5902708157132928,0.07418762522719906,0.02416981393976502,0.014117173946769613,0.01131311403713153,46.25172519548496,14.584527404458457
820,819,20,B_optimized,False,128.39603241459383,77.95868659982837,510.0760934228132,1735,59.9963874071069,0.9373733922669713,0.0689611413320275,255.81141773042228,0.3584449580812757,7.315131558722965,0.2219202356122222,0.1972317749834195,0.8638962216922311,0.6666644467088115,68992036.10648605,1.7983697789252806,0.0534871165724752,1.20475,0.0644386036906895,3.6874632177296354,12.464019177505651,3.060770465017336,10.34573079685051,4.26378035055024,0.7796761875858347,0.0009982438690397,0.0552035356655263,0.0642327633026602,-0.0047283780293673,0.0047283780293673,241.63277839425567,63.453902445077816,0.10044461425705192,0.03558873670530958,2.0007632780026725,0.8514280757425614,7.572451994089579,2.5768983589740238,0.07310539442990334,0.02438660075579013,0.014155633285046638,0.011273301224169668,46.738060133626185,14.859750313305458
821,820,1,A_standard,False,141.40263154776244,63.34971331239139,258.87240734452314,963,92.81230563762573,0.5001570779123805,0.0246653425161502,193.19378622962137,0.1842014197699223,9.724503482488675,0.2074258044691887,0.1330390003649862,0.823254353419987,0.6902153530550007,15792711.55654287,0.4116581680055778,0.1262340151639998,1.205,0.1521119882726198,1.05390769827091,5.467744586578279,0.8746121977351952,4.537547374753759,2.0815535709663635,0.2852745508177475,-0.016648264775977,0.1023415468206242,0.0,-0.0246653425161502,0.0246653425161502,163.28145663137454,27.01670865076328,0.09934636674253032,0.03577760964455734,2.0304998431617727,0.8686819521740932,7.660814324988405,2.5770021182611855,0.07248680900007261,0.02436283551570755,0.0138877417601908,0.011439959716269179,47.24290202974174,14.910928585615828
822,821,14,A_standard,False,116.99132409098787,73.17126801765654,370.7468114081729,768,91.58222668795958,0.5181836275534035,0.0366489564340152,146.41828754779377,0.1657141174091486,8.760040643519751,0.2368511338073698,0.1255783316405815,0.8392884639200522,0.7137101322794706,20834314.98565553,0.5430743104462545,0.101873795687369,1.20525,0.1227833922522015,1.23268531218722,7.005826448930093,1.0227631712816594,5.812757891665707,1.5987631317010067,0.197619912478842,-0.0161553277025882,0.0944268261659428,0.0281776632397461,-0.0084712931942691,0.0084712931942691,134.9938677188826,31.19825142348188,0.09837224453616365,0.036282925717310316,2.0575135889637015,0.8817222882251435,7.772440940750203,2.6399126422322636,0.07203827282198501,0.024713794583953095,0.01379051162175567,0.011497928421206399,47.62833564676067,15.255134499930953
823,822,3,A_standard,False,135.7988373724496,72.44464153521984,315.79222017259264,835,91.32051367210678,0.2440854589673361,0.0211583931945747,347.2362952608148,0.2638538621884442,7.234077422613234,0.2133810221506679,0.2136075481468559,0.86529780466502,0.651690256518164,19102674.24866227,0.4979367765349771,0.1128805932957399,1.2055,0.1360775552180144,1.8923319049822669,5.773271006919475,1.5697485731914282,4.789109089107818,3.802390955745091,0.6904856972969972,0.0026140019641577,0.0833447614992254,0.015358084135546,-0.0058003090590286,0.0058003090590286,323.7675341281086,43.93999643396004,0.09892434107438305,0.03669448266799076,2.0527814584606614,0.8856734096842233,7.7462242099475676,2.662569332103389,0.07199371427941983,0.024705634082916206,0.013774563085168256,0.011510828554522304,47.73405905010586,15.222167623903353
824,823,14,B_optimized,False,133.56938189411818,67.70982148764604,596.9106801601575,1655,71.9629619923402,0.9212460411768691,0.0655541876381054,230.02359176825615,0.1431296876002363,6.955009039334987,0.2158679593572437,0.222826105288926,0.8701408526964935,0.6473147474075676,66889664.31421609,1.7435686437703808,0.0577292781126318,1.20575,0.0696070770843059,3.859845689637488,11.212936807292712,3.2011989961745706,9.299553644862293,3.196416398101291,0.548946838968611,-0.0148042139246723,0.0586322910092897,0.0272375146209147,-0.0383166730171906,0.0383166730171906,210.3937543107376,52.32830060436019,0.09983130850712506,0.03770882049722444,2.0453029201027646,0.894213052388741,7.714478384587918,2.6943998842327943,0.07219373367388016,0.024951044123356712,0.013672651057193808,0.011532014523918626,47.70475338231927,15.256980599458947
825,824,13,A_standard,False,141.37685079938845,77.15038996748365,448.4630873555451,933,76.37808865945019,0.4653791201767975,0.0148208200591285,198.5384959433587,0.307252525580599,7.221686726215444,0.2074522813098109,0.2235421289529007,0.8655122640847637,0.641970135131863,32280962.23644336,0.8414464943612573,0.0878908773881088,1.206,0.1059963981300593,2.5434053635143785,7.304172562722849,2.10895967123912,6.0565278297867735,2.599416919538137,0.4011722566057131,-0.0129982953071861,0.0818924218270486,0.0,-0.0148208200591285,0.0148208200591285,189.84015421004725,40.92013297803654,0.10222348967726154,0.03992576703451129,2.0233936314964183,0.8954570439817474,7.603792280527885,2.767101782057853,0.07324727474116137,0.025686554640467266,0.013769859629537614,0.011566444719038036,47.21471495500035,15.51206109900163
826,825,2,B_optimized,False,134.31133230598846,68.18233629231175,547.7327423396723,1588,51.39649089739317,0.5239514713377673,0.0149611595577414,402.0807837322509,0.2697630224754448,7.441174761533666,0.2150325313567047,0.2018774103544505,0.8617211993782656,0.6598437890238151,59304968.48198372,1.5458633934720076,0.0660522513025101,1.20625,0.0796755281336528,3.056328987635561,9.989724438033493,2.533744238454352,8.281636839820512,7.823117429066434,0.9920224740405792,0.0099433762151209,0.044419145105494,0.0154485345821372,0.0004873750243957,0.0004873750243957,388.3451328960226,64.84347356164936,0.10239853542444392,0.040165560571211796,2.0055526442855576,0.918629620451601,7.608176265164983,2.7620151223187683,0.07410961413968431,0.026813197897217766,0.014303110191692867,0.011734073774134442,46.659118785434345,16.072789346209962
827,826,14,A_standard,False,126.34552015409068,76.01906986170142,372.66032269053454,825,79.49024134694749,0.619284532796557,0.0247685787181555,96.2925405594978,0.1394633949159873,7.833299606202805,0.2244352838100159,0.1723774343972033,0.8549895843861712,0.6826121499889679,23371665.161869157,0.6092137394726769,0.0977139126567812,1.2065,0.1178918356204065,1.7641032859125874,6.985823527368449,1.4621660057294548,5.790156259733484,1.2113756220617582,0.1432414615839727,-0.0253828640455135,0.0946593569067338,0.0087822079028389,-0.0159863708153165,0.0159863708153165,84.27224257590376,30.740776314027794,0.10078410031178628,0.04014513907697256,2.0250001395286845,0.9121670365876127,7.738330214626554,2.7795181007805208,0.07331524123981945,0.026250276121707945,0.014420267075959593,0.01190727678737933,47.04281351812646,15.787416033638062
828,827,18,B_optimized,False,144.55747253473686,75.32890448726225,809.4358354238071,1488,56.01024909790056,0.6247762336601723,0.0476890273626297,390.09757807862815,0.088076874663624,9.114546490880889,0.2042465102825147,0.1554215286612689,0.8333588562044563,0.6779373275431874,90729185.12598844,2.3649776670637404,0.0518736604453533,1.20675,0.0625985397424301,2.99615502987299,13.069008851946462,2.482829939816027,10.829922396475212,6.964753493539636,0.9813805485745104,0.0039480331320744,0.0380986368917797,0.0577762519221909,0.0100872245595612,0.0100872245595612,376.315188802688,67.16933722380722,0.10046521071076382,0.040383970703633726,2.0188972076936333,0.9063114654785054,7.795279120244162,2.8136682132821242,0.07318462093226408,0.02638555396184307,0.014821532403305,0.011778588138265711,47.03584607613832,15.779843112384052
829,828,18,A_standard,False,130.8115794452004,79.12650231489104,436.5048025095899,867,79.40145602304149,0.4432492948214146,0.0205019611641416,148.04895102408352,0.2532757978446083,7.033483108646997,0.219043663704601,0.2142439609736091,0.8687762539610515,0.6545322929874424,29945398.19682672,0.7805668911109869,0.0975176349660041,1.207,0.117703785403967,2.196976588370885,6.711937725065015,1.820196013563285,5.560843185637958,1.8645621684962708,0.2431589650132927,-0.0179784568561423,0.0929767566138125,0.0,-0.0205019611641416,0.0205019611641416,110.49060013027128,33.47752366248017,0.10191628516764442,0.0401597062288878,1.9907509259551912,0.8998106161446746,7.668904128284279,2.790552922991245,0.07395429873059238,0.026338705048825104,0.014648199857109882,0.011696433920190706,46.60883660421181,15.765071509289392
830,829,1,A_standard,False,113.93685559356264,69.98465279992757,297.10472985023654,953,87.82518180672398,0.4662902368680017,0.068581335653792,241.97083178766437,0.14778064234613,10.28953724484655,0.2412781902156508,0.0835223578241532,0.8140033928263607,0.7304810350022074,19815511.109687183,0.5165178235733997,0.1047520444172507,1.20725,0.1264619056227259,0.7973339163812889,6.973429865411871,0.6604546832729666,5.776293116928451,2.755141826181097,0.4390894797306429,-0.0138637022473576,0.0867430119681338,0.0412857890629102,-0.0272955465908817,0.0272955465908817,240.95799706337507,32.545491826097,0.10218275678621738,0.040566772534299,1.9865612479243706,0.905050625315908,7.663121131881651,2.797648251227777,0.0736588915436322,0.025987970320890546,0.014347097185869373,0.011212852354586616,46.8033748914107,15.526304646789763
831,830,5,B_optimized,False,132.87181618224193,79.9337609285633,728.8089978667971,1614,49.714584449825566,0.7590025212801748,0.0673863213107346,168.84799241354256,0.120992827295872,7.056699763171346,0.2166606379326286,0.2167720209534365,0.8683729460399611,0.6516009250865246,94025900.93568556,2.4509109778695524,0.0468303569230191,1.2075,0.0565476559845456,4.628878257532214,13.914071296907723,3.833439550751316,11.523040411517783,3.396347254676389,0.5978097332973067,-0.0126972918345564,0.0489372352204462,0.0581476492297033,-0.0092386720810312,0.0092386720810312,194.8547989382608,64.813959608642,0.1018442266796071,0.04085210934529281,1.9962432399448633,0.9112668028224945,7.71519897129547,2.840706742187521,0.07347157737498526,0.026148871367109146,0.01430511522199115,0.011246282503669715,46.97798270172736,15.712324500848986
832,831,5,A_standard,False,132.13388934381314,72.42773520653336,353.9300338170917,858,95.5356466849423,0.524360907626409,0.1001980357971395,145.22395645613548,0.2930239809806036,6.590952268905401,0.2175069179002716,0.2384542731100935,0.8764995873813586,0.638045314271265,21994272.961469702,0.573310167890842,0.1099600165320978,1.20775,0.1328042099666412,2.168554358488002,5.802521083515992,1.795532484775824,4.804405782252943,1.5201023020763698,0.1854428719144367,-0.0217344236730275,0.113103940842325,0.0465937461348998,-0.0536042896622396,0.0536042896622396,152.3202112895979,23.300682400597907,0.10315567142093719,0.04103790738322852,1.971347895711939,0.9198886901722332,7.634416691229803,2.860146724000143,0.07327334753762088,0.026148258876895845,0.014306466258527807,0.011245261952291646,47.065401323639065,15.7154997172631
833,832,10,B_optimized,False,120.36450216856431,75.13401642240706,451.7576622978172,1762,56.14640934918157,0.6548271915013549,0.0367179980048181,397.3734358584609,0.1877238531359772,9.68830482532347,0.2321849847073837,0.1054541615977348,0.8238505832631259,0.718396421665391,59806451.74297312,1.5589352259920433,0.0644609057968174,1.208,0.0778687742025554,1.6359398040438553,11.14468394114406,1.3542548046720655,9.225731739357666,7.077450552307728,0.98333190921678,0.008369919441086,0.0405048070712681,0.0514282230123869,0.0147102250075688,0.0147102250075688,403.2129427152397,59.22954164411218,0.10380710309582053,0.040578138241869094,1.9467592838752545,0.904735118574066,7.553356628961958,2.8087532051082973,0.07383826649563646,0.025645935806184926,0.014461423069649143,0.011147579812223259,46.626502075175594,15.32787970682702
834,833,3,B_optimized,False,138.0266678859748,85.00169544463573,513.7614536024022,1598,40.80722642172557,0.5870925950488004,0.0296096297850194,507.2099404856333,0.3660635801948502,9.321255599836956,0.2109642785652286,0.1399525331289771,0.8299207107291093,0.6899681776001322,69785610.18726698,1.8190553496774196,0.0600711154568576,1.20825,0.0725809252507482,2.329780828349849,11.485855928472969,1.9282274598384843,9.50619154022178,12.429414713066535,0.999919680251724,0.005846234054682,0.0460407279754067,0.045118123268039,0.0155084934830196,0.0155084934830196,494.3744829539448,61.494123064018346,0.1043932031402602,0.04027226022369199,1.9420225401060827,0.9045602560744087,7.490197927492983,2.7878734388743553,0.07392140258155128,0.025574809138366367,0.01437791256699935,0.01112931767712275,46.52512045995506,15.263887986441798
835,834,18,B_optimized,False,130.80586888137643,77.76623264630653,638.0888893978263,1543,60.47963645324006,0.4255648518258852,0.101914071438607,199.1535237776773,0.0851808583127171,7.817651202243715,0.2190503575804107,0.1804215374489466,0.855257210711181,0.6748356732622343,76566389.60084528,1.9958054423419769,0.0617394677129841,1.2085,0.0746121467311413,2.922304712565622,10.930377249111146,2.4181255379111475,9.044581918999707,3.2929021313091598,0.5727064738073628,-0.0108483514496029,0.0588582600718148,0.0891585283259264,-0.0127555431126805,0.0127555431126805,183.20350792258412,53.10107232584465,0.10197385710547564,0.03877705145971926,1.9783607769093994,0.8882247438995985,7.618557336914617,2.761822600231342,0.0725229075814916,0.024377465459161394,0.014397764966052152,0.011119234803138733,47.23395872000217,14.974505943977729
836,835,16,B_optimized,True,135.2557861466265,72.27989820176391,607.4803809134818,1555,57.58779266793871,0.5306941573731718,0.0119912652709603,255.8499557606461,0.2817317598284901,8.381332315124526,0.2139803681332199,0.1663867178760638,0.8456695095900717,0.6792827917140078,68277904.24305259,1.7797549759154938,0.0559963190776108,1.20875,0.1216729266832593,2.971386702141115,12.130847221806173,1.367491704290175,5.582858982938139,4.442781080982245,0.8088849483565661,-0.0043332618633974,0.0647897460807132,0.0133597082706025,0.0013684429996422,0.0013684429996422,271.1227676690128,32.320464666236795,0.10326556297641243,0.03898261840012129,1.9581215122438076,0.8988797422228945,7.541068257765721,2.781405259566869,0.07311621973982602,0.024152515722170073,0.014423094871301223,0.011108242802126909,47.02532927809613,14.909454509666592
837,836,17,A_standard,False,121.49152216452228,74.09210961535354,281.3238989318605,927,83.68146555198408,0.4811059351179501,0.0253321696826606,225.71510565334137,0.1549788469451624,8.406569119102015,0.2306751682684657,0.1438208651084421,0.8452427773798373,0.7014219122713952,19322277.832611352,0.503661037928106,0.1101284704877379,1.209,0.1331453208196751,1.30593718837179,6.369124252474693,1.0801796429874193,5.268092847373609,2.6973130090930835,0.4249007576852489,-0.0137723842674914,0.0890278403091737,0.0,-0.0253321696826606,0.0253321696826606,164.5083399640454,33.36284577128622,0.10152285026361046,0.0384479649658155,1.9819466071049114,0.8864952933144897,7.650110393216761,2.7644555894918375,0.07265870953031413,0.023860879748689702,0.013965013097881736,0.011055264960168815,47.38442585549042,14.68753653001781
838,837,4,B_optimized,False,134.47977179494725,77.77522965609673,530.80560127308,1779,54.53956270027265,0.7486948885314799,0.0908287268682711,479.3138601163682,0.1112173208275155,8.136712428743559,0.2148439621428181,0.1741003299546351,0.8498169984870336,0.6757166685323984,73443395.49678448,1.9144004203502167,0.0546061927826577,1.20925,0.0660325386224288,3.188289113060584,12.374359648581793,2.6365839264507622,10.23308633333206,8.788370063590042,0.99694638258306,0.0018394364324465,0.038059101859145,0.0988643776225643,0.0080356507542931,0.0080356507542931,471.87301869031927,67.66439436690496,0.10295302241177776,0.03833264423722701,1.957440449360634,0.8939038241394447,7.5387320241316855,2.749027861889981,0.07368477549268439,0.023498928973299884,0.013885214688445235,0.011097608476013378,46.83840915448587,14.563252397297383
839,838,1,B_optimized,False,133.3577760250934,81.80687869053241,825.0286013885441,1821,51.877085403202685,0.7861147266362232,0.0464267354330233,85.00498016906506,0.1584902855543506,6.703520461529527,0.2161076727406782,0.234879607150686,0.8745284875576248,0.6396488804069388,122904779.78693227,3.203677614516822,0.0429546683297093,1.2095,0.0519536713447834,5.468081032492408,14.891254089012008,4.520943391891201,12.311909126921874,1.6385843481449172,0.2040103180969773,-0.0285823980892664,0.0688533251286809,0.0454206032787587,-0.0010061321542646,0.0010061321542646,91.56772810895676,59.48404348286825,0.10286670738014445,0.038411606751992844,1.9406559235728988,0.8828483869889879,7.562131611583446,2.7685181887805057,0.07378482469772779,0.023373826502972626,0.01391795127509328,0.01108167424097935,46.69191781581264,14.393395593872679
840,839,19,A_standard,False,131.59708014329212,71.13325357912821,321.04763300789074,1091,99.7489108535736,0.3454226746418593,0.0362956593130083,260.69029535839417,0.1268879428107991,5.518032817333747,0.2181276146398511,0.3001012575976101,0.8955111052849789,0.5954098476873688,24915344.49449454,0.6494518077601564,0.1059672675840987,1.20975,0.1281939019598634,2.83201845663748,5.6188091026772415,2.3409947977991155,4.6446035153356,2.6134650807473423,0.4045517259025364,-0.0120778502083452,0.0881841377540739,0.055887399631114,0.0195917403181057,0.0195917403181057,219.29737734129048,38.490746908177,0.1029114812846364,0.0384681300114007,1.9510782824960697,0.8750032002194438,7.55321381820354,2.7786495632975785,0.07371804971289093,0.02328250115892877,0.014004960561449356,0.011064393264498467,46.799686885837254,14.28191661452519
841,840,6,A_standard,False,117.51037662248896,66.82244552066341,331.65270440787594,879,88.97194418033061,0.4945480814499643,0.01958952929294,158.6056138711466,0.1587634560045083,7.155273817676583,0.2361183146623904,0.1846134323789215,0.8666626516581564,0.6820492192792348,19480261.554654785,0.5077790951317885,0.1037617186262877,1.21,0.1255516795378082,1.7792056147781483,6.5732259286850265,1.4704178634530152,5.432418122880187,1.7826475000892494,0.2284026969712795,-0.018608344287811,0.0938866631019855,0.0,-0.01958952929294,0.01958952929294,152.3878198870744,31.54477479220908,0.10263210510873838,0.03814677225392717,1.9643157113498537,0.8640158866536118,7.555782224756694,2.7758472452221694,0.07369028457168646,0.023268942669910447,0.014392204323880869,0.011000050207708391,46.88367552894465,14.257603970892307
842,841,14,B_optimized,False,139.74204349070823,82.59907775059668,678.1285922584321,1480,47.8419681010552,0.6413892447738849,0.0306232005770303,76.2062695365335,0.5925353433343444,9.816154411370947,0.2091481678972718,0.1283453359394442,0.8217466951010333,0.6934013591615891,82898938.54894823,2.160871807889678,0.0484510296623083,1.21025,0.0586378586488086,2.6489702455031265,14.311385413156836,2.188779380709049,11.825148038138266,1.5928748870774967,0.1966878975516154,-0.027573075547454,0.0868171179906662,0.0,-0.0306232005770303,0.0306232005770303,76.39996471971037,41.714768892404855,0.10288608985736658,0.0379254563904453,1.9608780852896996,0.8630032528634666,7.519379743357314,2.744068835609505,0.07362567011741632,0.02333719768559146,0.01427865208345829,0.011118690690691324,46.8335789610705,14.205497473023481
843,842,19,A_standard,False,134.34286579582076,67.34045972528183,299.1899245519003,1042,77.65200605885582,0.6491109755008844,0.0227270456244898,187.0524394687072,0.0979619783831372,9.855413502726655,0.2149971988110904,0.1201653826583275,0.8211017277709979,0.7009363451126703,20993785.72120624,0.5472311286476297,0.1013161227772577,1.2105,0.1226431666218704,1.1860440309437197,6.918309997448981,0.979796803753589,5.715249894629477,2.4088552113764075,0.3563722297684392,-0.0157219157417854,0.0869989172015032,0.0215796100251633,-0.0011474355993265,0.0011474355993265,143.5187335196632,36.21589031699355,0.10435684584038578,0.03798575165813909,1.9370214910221955,0.8593445292802391,7.4143951158740595,2.7530857567620117,0.07410373437049511,0.023205329642029465,0.014288018954446459,0.011113904911023952,46.53461728877738,14.040342442768695
844,843,1,B_optimized,False,125.80281072988376,95.02703305594504,692.7334690576782,1480,60.821703296262086,0.8157850425366452,0.0771295596194054,505.3491124755157,0.2648203732432233,7.738163035507691,0.2251125908603925,0.1751770802684293,0.8566179486055432,0.6814408683371138,97426041.26939316,2.5395401873453656,0.0572094782793966,1.21075,0.0692663758267794,3.062028977312269,11.911328137081211,2.5290348769872137,9.837974922222768,8.308697144076412,0.9950759962577987,0.0047023079726796,0.0418247219846223,0.0807706173338675,0.003641057714462,0.003641057714462,506.7900737678607,66.81807635924177,0.10460393270449325,0.03811724713381372,1.9246367339484889,0.8622276534742219,7.4111124263860475,2.755729475349119,0.07425858703098448,0.023359460556844857,0.013901263490889368,0.011230525819407016,46.44673412399145,14.107560980870716
845,844,1,B_optimized,False,131.89791465027383,74.64872527997264,587.7186545691007,1668,45.63128011437275,0.7132332718183247,0.0434802750902266,163.76056813668922,0.3928215582344054,7.042035777476329,0.2177792395334896,0.2157555562019356,0.8686276595584627,0.652872103356527,73179243.90925568,1.907514955608552,0.0548516623943943,1.211,0.0664253631596115,3.9334369604080615,11.90250349501255,3.2480899755640475,9.828656891009537,3.588778744015744,0.6430848838276243,-0.0051695494351314,0.0582491817454026,0.0438808819888448,0.0004006068986182,0.0004006068986182,144.39782811254355,61.09034758101808,0.10606503718292648,0.038063694492454475,1.8860146446649175,0.8607322872840033,7.314207449271084,2.7557786784102176,0.07477928899678479,0.02376457798403876,0.013631654076041706,0.011241267682949687,46.07743950362118,14.333691448016749
846,845,1,B_optimized,False,139.10422747870427,79.4121707072768,715.0046732460203,1875,59.095167296393946,1.0181147174747698,0.0383800178970669,314.0248190378452,0.359855752682553,8.27812121972938,0.2098189925065085,0.176064116115947,0.8474169620629589,0.671352845947012,106462637.19058806,2.775091157082706,0.0463898610239519,1.21125,0.0561897191652618,3.795314584474433,14.471973640972529,3.133386653848861,11.947965854260085,5.313883239603035,0.910020334553285,0.0021501090793177,0.0422330281608108,0.0430873512185993,0.0047073333215323,0.0047073333215323,318.956090776437,70.27174866483782,0.10667817322600871,0.037623856179881225,1.8589026730479656,0.8441641605102423,7.252942867682517,2.7208368089026185,0.07544640413860852,0.02367183352775792,0.013834449164373373,0.01116859949460176,45.63195375989394,14.127267855799248
847,846,4,A_standard,False,138.1961014034135,63.45953281336028,264.9147998808013,967,88.28711406128974,0.3423236079099364,0.0598472170896047,377.2960036824332,0.0699974005643687,8.438981195467026,0.2107831902599166,0.1688414147405755,0.844695033465246,0.6758536187246704,16256594.24439973,0.4237498912520233,0.1148221045026616,1.2115,0.1391069796049745,1.4704608966356447,5.886093288849307,1.21375228777189,4.858516953239214,4.273511572940427,0.781343278642413,0.0028631826793242,0.0753368872569019,0.064111718068012,0.0042645009784072,0.0042645009784072,380.791980542676,45.66757170954801,0.10639817157471768,0.03732977721528632,1.8787382724223298,0.8321302778595646,7.2528611638286336,2.720920073513444,0.0752239648933191,0.023465302211265266,0.013677182026026007,0.011067883757790244,45.8255520015001,13.931936566613334
848,847,2,A_standard,False,123.73456110627866,73.37293463927864,251.0537873443143,724,97.05940278708772,0.4438277165771273,0.0245270894968958,218.74660063738105,0.2342645843109883,8.600719519294058,0.2277399976858799,0.1410377289176783,0.8419670568504736,0.7009293279327952,13336480.4659446,0.3476332165376888,0.1343722933154847,1.21175,0.1628256264250386,1.0496042408574828,5.216323325576685,0.8661887690179351,4.30478508403275,2.253739404488505,0.3216366436895717,-0.0131708410315282,0.1069476200306841,0.0333556691556003,0.0088285796587044,0.0088285796587044,208.9186179300596,29.24534240507224,0.10688650812612728,0.03770630574001363,1.8854962742860781,0.8263890468117923,7.226157427719521,2.7418137129157008,0.07492095482578601,0.023309576272357004,0.01478801958291656,0.013129898114528565,45.63814805558108,14.193279480649093
849,848,17,A_standard,False,120.90461934871652,69.24787860731875,186.2176319004822,768,99.98288983341334,0.2927553014097384,0.0444654336372076,232.25422627857935,0.0757671965628617,5.472971317162402,0.2314584292758682,0.2817414860718889,0.8963185305447482,0.6145770444728593,9903495.143721184,0.2581478584674948,0.1617873430107113,1.212,0.196086259728982,1.7414309477425312,3.798671966769184,1.436824214309019,3.1342177943640137,2.3229397216418746,0.3369177335053578,-0.0046445163657498,0.1163813725886595,0.0646256997909957,0.020160266153788,0.020160266153788,215.22563371179007,27.360806420698815,0.1070263387853214,0.03782952992247508,1.8781129604220457,0.8309044501490074,7.22534861292094,2.7425531609856475,0.07536739158233142,0.023684943034943506,0.014994576395847838,0.013066705409624204,45.34432558883578,14.379987490432423
850,849,13,A_standard,False,112.75181565960015,64.69460999490587,276.05574755475794,800,91.8689134459908,0.6412072925735517,0.0411455885417432,101.62539842574864,0.7243285750344121,11.157756183825162,0.2430505155132066,0.0664106135635054,0.7999907421637328,0.7335801286002274,14287455.139925806,0.3724216444595942,0.1323556807635814,1.21225,0.1604481740056516,0.5017586943028948,5.542490691507037,0.413906945186962,4.572069038158001,1.1062000693574503,0.1308118105655167,-0.0174875159030202,0.1288463889929496,0.0101887884894889,-0.0309568000522543,0.0309568000522543,96.80303234721195,17.42747777586052,0.10689777126861624,0.037969961560547195,1.867911331112548,0.8173491768735094,7.255077809552135,2.773379691322666,0.07504106110246114,0.024030113555937614,0.014380458751216917,0.012663577691821425,45.62704542985911,14.65640387129002
851,850,20,B_optimized,False,131.3154913479338,83.40899157455542,615.7610515116189,1806,71.59561115847566,0.7676748471950325,0.062892883829244,159.3899647419333,0.3926502045805091,9.132474668043631,0.218454931601467,0.1360090122415532,0.8330600976653338,0.6970510854237806,92756175.09359445,2.417813874047124,0.0509098712317448,1.2125,0.0617282188684906,2.67156464848304,13.6918650265439,2.203352287408693,11.292259815706313,2.226253287916299,0.3156691750562801,-0.0210723869595341,0.0722784400165141,0.0284762709913899,-0.0344166128378541,0.0344166128378541,122.7796070364615,44.83226642159881,0.106081494657732,0.03842570659370463,1.8715124156349623,0.8188281677705554,7.346739118179066,2.8084727628100348,0.07471637227655968,0.024045323459608237,0.014285689379514325,0.012677937243114706,45.91450144390741,14.703075737036874
852,851,17,B_optimized,False,125.34715974438016,79.81261632639348,624.4991143663251,1375,66.88417190915439,0.9392661762803431,0.0473328118122809,330.888340074758,0.1913198595716758,7.802136296260334,0.2256850956760527,0.1719028346705678,0.8555226365939433,0.6836198019233756,68533998.79025154,1.7864304231152155,0.0520300898277901,1.21275,0.0630994914386524,3.303911933258889,13.138931802463327,2.72431410699558,10.833998600258363,4.947184522583131,0.8751393180070578,0.0006985736745794,0.0432732162737362,0.0264024294432653,-0.0209303823690155,0.0209303823690155,325.31551114086386,63.67728518773963,0.10777987359454258,0.03910542544978881,1.8389563679377117,0.8243027920914229,7.265554422888595,2.839396113515755,0.07563111149174312,0.023737221026510377,0.014632488503378085,0.012529077046751432,45.435658859951694,14.461915232767277
853,852,20,A_standard,False,127.86869172739858,64.70204144540325,393.92457276702913,797,80.25674453657999,0.4861462689743182,0.0549902236693218,226.0899977234585,0.2577987891567448,7.281522369839147,0.2225604917348903,0.1977841095017457,0.8644771139293457,0.6666930044275999,20313716.054727465,0.5295042023996269,0.1083001253310056,1.213,0.1313680520265098,1.826259285455521,6.155976296333334,1.505572370532169,5.0750010687001925,2.8170840846953324,0.4543980969166235,-0.0095368271031219,0.0912388813615872,0.0391367215129777,-0.0158535021563441,0.0158535021563441,195.35771682589424,36.68181115778965,0.10664244084593064,0.03962889290370771,1.8691172279496788,0.8377150316749571,7.370422600089462,2.880325882659245,0.07495053648228527,0.023668246769628313,0.014500699421334813,0.012549185360239627,46.002515576502844,14.429606290096022
854,853,5,A_standard,False,125.34724852574716,60.31681017773769,238.10510275907015,889,77.8330674594408,0.3724700549591205,0.1046611801922577,259.5452847275871,0.0661683372072623,8.987305694079605,0.2256849837817464,0.1315589893404026,0.8354823018453382,0.7039233125049356,12767587.11378244,0.3328042497511333,0.1394087374660768,1.21325,0.1691376507307176,0.943692567134938,5.049348593923143,0.7778220211291473,4.161836879392659,3.334640316763019,0.5828880071755211,-0.0038180141430691,0.0968636785468278,0.0796624667089483,-0.0249987134833094,0.0249987134833094,267.18492568441764,32.75085906401504,0.1067626288763398,0.03950149678432195,1.886697176001488,0.8597893038631271,7.340995803828246,2.8516337128709033,0.07507810008233184,0.023482029955517972,0.014482221350622217,0.01255649468741882,46.01993879406641,14.45618750611861
855,854,6,B_optimized,False,139.01133205954042,75.99505483209077,704.9901763842734,1552,42.95897645863477,0.8406427524589386,0.01,233.5855654273105,0.5128632401636106,8.495394615034542,0.2099171319087556,0.1680777057949661,0.843742528200492,0.6756648224055259,83149590.55535352,2.167405387977828,0.0493809105720549,1.2135,0.0599237349791887,3.403697984663784,13.682712906227566,2.804860308746423,11.275412366071334,5.437409935784439,0.9196358751675532,0.0005780891467613,0.0469377110650515,0.0145133179194103,0.0045133179194103,0.0045133179194103,244.9977006022524,67.56323487650485,0.10633901464138627,0.03949533976534646,1.8899730558822387,0.8598427908737444,7.368231746336896,2.8407670526826885,0.07432570401492086,0.02349951694929664,0.014143391981953322,0.012619161818032581,46.51001055645823,14.437645992683295
856,855,17,A_standard,False,117.59184470121556,77.8307307298976,254.23140076226863,974,85.7606950356139,0.5138398400214766,0.014525619363762,589.9450053509543,0.1856652947947762,8.092147488034511,0.2360037941904407,0.1481133366179652,0.8505747770234456,0.7024614404054804,19272553.28772168,0.5023649011006267,0.1161449281597445,1.21375,0.14097090655389,1.2752458412497496,6.04814563610838,1.050665986611534,4.983024211005874,6.878967166788555,0.9797465182593714,0.0106156890380149,0.0684958944382594,0.0205402071788821,0.0060145878151201,0.0060145878151201,602.1192195060896,49.76650257365669,0.10680618112091216,0.03987454417437452,1.9038991008528499,0.8450342209690239,7.340751995713866,2.8630389430732395,0.07476431666384285,0.023936612706736964,0.013887033501901166,0.012475907852305094,46.417725005857484,14.543091160525542
857,856,5,B_optimized,False,141.73856778264923,67.60594258924606,503.39021914457305,1432,50.70609551725358,0.519585792151189,0.0256761327528651,181.2529595797785,0.2071341039707538,8.458334633640812,0.2070815463721725,0.1735021972053478,0.8443681416720109,0.6708659444666631,48734067.80584163,1.270318716363869,0.0754049576024107,1.214,0.0915416185293266,2.300938860282588,8.896841345683818,1.8953367877121807,7.32853488112341,3.574579303155065,0.6398191525993069,-0.0083793360256077,0.0651117647799489,0.0143351405707816,-0.0113409921820835,0.0113409921820835,207.6887293460187,49.30750392088489,0.10803431386508036,0.0392355341689492,1.8564960707489986,0.7998560876543597,7.226338773630822,2.8062362852864635,0.07548666328005861,0.0236849525253194,0.013902260060280542,0.012470582309172985,45.89411550618436,14.337077755648165
858,857,2,A_standard,False,133.62415005049738,70.6289413562543,475.36289998630406,1051,96.73974495271048,0.3194599677656821,0.0137238700223495,453.0769894581821,0.0929717264028144,7.887280395775385,0.215806021511443,0.1822961707448659,0.8540670222252893,0.6717708514804234,35286671.683761306,0.9197943347691538,0.08077184628749,1.21425,0.0980772143545848,2.256927124038019,8.316893600393866,1.8587005345176195,6.849407947616938,4.683462724443412,0.8433625086525837,0.0058708576089053,0.0544856255238016,0.0284428237574869,0.0147189537351373,0.0147189537351373,437.9611790002588,53.50288502319387,0.10734107784382454,0.03909491411059829,1.8519573486723362,0.8008523260596262,7.270149303649622,2.7846700012459826,0.07433311150454165,0.02321536008944812,0.013191701309524502,0.011098982244658032,46.513920802491555,14.006466263984517
859,858,14,B_optimized,False,134.73002875414196,75.91332352757587,793.7325073865884,1552,58.371605924442704,0.781868364852565,0.027009179625944,233.621899949906,0.5855437311116104,8.401862265717302,0.2145645379289388,0.1648463098210005,0.8453223498016881,0.6804760399806875,93515562.31802292,2.437608318623397,0.054869031689953,1.2145,0.0666384389874479,3.004359740709351,12.401823378729096,2.473742067278182,10.211464288784766,4.002320927272594,0.7315146558426547,0.0046424643465949,0.0592158219120476,0.0363563964498602,0.0093472168239161,0.0093472168239161,215.11486616039977,58.551556780291016,0.10740062402453283,0.039051351312242515,1.8670758951966797,0.7983963730056052,7.2525405930101785,2.7748178783530912,0.0746330690243912,0.022863582302208082,0.013092336764812125,0.011107346172813313,46.43265094181588,13.942824813856884
860,859,17,A_standard,False,126.4002369450828,63.09759984341384,305.4452765106222,937,84.33769122214451,0.344975670280939,0.01,471.54620117258247,0.3769380805196797,8.726362850953503,0.2243672710953825,0.1411530919000646,0.8398539620017665,0.6987008701017019,18058673.40995446,0.4707234970978122,0.1160535835388795,1.21475,0.1409760906038539,1.2162751687264914,6.020502330008859,1.0012555412442818,4.956165737813425,5.591168009692549,0.9302910002279264,0.0121525077612429,0.0786364809372858,0.020317288626487,0.010317288626487,0.010317288626487,460.5296251638262,46.47969354520839,0.10716929038160415,0.039295324298829294,1.8766952171003135,0.802037292742508,7.288993473180706,2.81668460484018,0.0746333229529762,0.022863258336139315,0.012860934915005014,0.01117628976911845,46.51770763820892,14.049147409516202
861,860,20,B_optimized,False,123.2349264091828,71.4103806982576,666.4150293251488,1889,54.4377446238852,0.5528751801342633,0.0263019638611417,126.77164614899962,0.3949475836795318,8.343316874082028,0.2283859380131823,0.1487488076438132,0.8463127240675722,0.697563916423759,89895528.33916517,2.3432472869209517,0.0579970761840927,1.215,0.0704664475636727,2.56476390588482,12.0275703935414,2.1109167949669296,9.89923489180362,2.3287453774008315,0.3382159667568901,-0.0217862750057768,0.0764465164371839,0.0302999624864596,0.0039979986253179,0.0039979986253179,84.65946383751314,47.21988081297752,0.1069488426713639,0.03951201857339125,1.8928676208794923,0.8211035305098755,7.313646524578832,2.837680142349138,0.07446427765174446,0.023013032022319406,0.012914861415147551,0.011182274257776717,46.791140211433074,14.310503064595272
862,861,19,A_standard,False,121.39411233083814,76.46838199681615,372.4732206415385,847,84.54531871868811,0.2809799705222329,0.0841098248225123,239.06154752081204,0.1967223100506591,8.290921898321919,0.2308047225606153,0.1475506269529779,0.8472000395883877,0.6996494126354098,24124613.568102516,0.6288403476332198,0.1110541711663726,1.21525,0.1349585815099344,1.3286365149844677,6.300073246121029,1.0933030363994796,5.18417876660854,2.8276142445716426,0.4570099691390559,-0.007210552637124,0.0906372311699924,0.0902800269788996,0.0061702021563872,0.0061702021563872,193.012920655973,36.72344666694544,0.10729570934911166,0.039719497548969765,1.8841593251976034,0.8290595431593697,7.30230092204897,2.84586364453865,0.07489614920613759,0.023030380976473492,0.013069209965702513,0.011072368476666055,46.87527819901136,14.235859500755483
863,862,3,B_optimized,False,139.2358184801929,66.18714655100977,765.2849787902383,1344,43.80475425374063,0.7783758323566158,0.0225247615933396,184.28223966410675,0.234870159605112,9.39286013321118,0.2096801636822346,0.1395270973739231,0.8287330396538347,0.6892059422799116,68076327.03577562,1.774500596161756,0.0545870516067447,1.2155,0.0663505612279982,2.556047510664293,12.625813668140196,2.1028774254745315,10.387341561612663,4.206900433606936,0.7697500570586108,-0.0054780741455666,0.0475170636457412,0.0130945901167464,-0.0094301714765931,0.0094301714765931,191.6125828233364,59.554753678620834,0.10621583117119733,0.03973634485311746,1.902597849249802,0.8210269287995117,7.369338767103869,2.836430782999511,0.07418409680092117,0.023134685119010442,0.012904153928048633,0.010946631995805471,47.312258912827346,14.147683597213957
864,863,16,A_standard,False,125.56342075487642,65.51640952164502,394.96220025503465,650,80.51397854317092,0.33998311436639,0.0578435829053876,234.2502755639791,0.3612868455043964,6.402892880581543,0.225412933181447,0.2361483983373077,0.8798024744021687,0.643654076064861,16819728.41736123,0.4384287373230532,0.1246678808301425,1.21575,0.1515649761192457,1.8942200409988128,5.162950326731123,1.5580670705316169,4.246720400354616,2.909436097961251,0.4773744865765226,-0.0063077250224244,0.1033489141024874,0.0438621335043322,-0.0139814494010553,0.0139814494010553,191.65645248115663,34.90542911835776,0.10845004519708322,0.040562817395538006,1.8643543412163097,0.830618676482155,7.2458586836398595,2.8435965365846174,0.07548604492038223,0.022890645544327442,0.012847193445513045,0.010979841543898182,46.67538667932095,13.927842400912875
865,864,17,A_standard,False,138.57043631143694,58.74799498390214,396.3768290846896,908,76.72108937368787,0.7036006375999709,0.0818639549706454,381.3420969623247,0.4182687147307283,7.202117721441569,0.2103844409826938,0.2197612584544264,0.8658510746548499,0.6460898162004234,21144000.32185656,0.5511466733018839,0.1142845273347662,1.216,0.1389699852390758,1.922930982692819,5.653344606377679,1.5813577160302787,4.649132077613222,4.970498986333594,0.8776646991248747,0.0088150068147843,0.0841488959762794,0.1039472179491263,0.0220832629784808,0.0220832629784808,354.2456536419351,44.89326801176359,0.10861090491300585,0.04034958522442579,1.8245744304399756,0.7438939954679212,7.2296381206188745,2.816290852620747,0.0749819531495502,0.023313312664729937,0.012969855022473317,0.010878650814898935,46.84589415102007,14.138441177029545
866,865,14,B_optimized,False,125.04067271148188,73.63456926663531,553.2122219043064,1309,58.08252761178793,0.6509738365538622,0.0502697939444742,260.8881753983224,0.1617589547927153,8.026560685981023,0.2260721769730756,0.1629059810627778,0.8516912387055188,0.6887852576427409,53322826.6679071,1.3899308589534436,0.0630034003520107,1.21625,0.076627885678133,2.585669664694198,10.932509258141318,2.1259360038595667,8.988702370517013,4.491680822536635,0.8163304208232196,-0.0021168121203078,0.0479189054404177,0.0500970105920947,-0.0001727833523794,0.0001727833523794,253.10371128971025,60.11269867890772,0.10908532621936445,0.04072226904851852,1.8061613190094699,0.7422428712892313,7.222052731116127,2.8238959627928137,0.07539412395159456,0.02372993890061954,0.012874286656173937,0.010840211868252004,46.622029802260734,14.36030863520015
867,866,17,A_standard,False,134.82349555004177,78.16977831375306,243.43800385743583,903,78.37865493356082,0.3900322503076106,0.0144870614543071,381.0001454421231,0.3758476415272166,7.270132417070759,0.2144604038378939,0.2103135988905481,0.8646740634308894,0.6543604645403411,17183633.799594525,0.4479144182614519,0.1166586754941363,1.2165,0.1419152787386168,1.802811475440755,5.609188187407729,1.4819658655493255,4.610923294211039,4.861019186474751,0.8654156983058459,0.0088806886741735,0.0795256033550833,0.0055355696441367,-0.0089514918101704,0.0089514918101704,366.6023967650058,46.855925535347694,0.10785011153528828,0.04114707543080994,1.8624171730591188,0.8189105850246996,7.306416592788812,2.8323361425840847,0.07450871113899322,0.023851465847377223,0.012526810631269016,0.01089886053080458,47.389051345821635,14.561366146147906
868,867,17,A_standard,False,128.95979150801207,65.7032240834711,333.8258224070357,922,81.3542598524553,0.5699337683977218,0.0710641422293132,162.71953170534223,0.3118815915468551,7.603967461756059,0.2212406887472258,0.1859445071480027,0.8589201233822216,0.6729756162342188,20222625.054930728,0.5271297935488184,0.1072553292463057,1.21675,0.1305029218604425,1.7336621728230568,6.274519140105091,1.4248302221681175,5.156785814756598,2.000135358621068,0.2689680353224954,-0.0191550682773777,0.1007628788782765,0.0699398422530147,-0.0011242999762984,0.0011242999762984,166.1581973867884,33.744251300212895,0.1076979998168923,0.041346290972670265,1.8923638171075303,0.8575549212287821,7.334231068084318,2.8839751405644694,0.073790107494286,0.024013771798488123,0.012037398030967731,0.010615399148822199,47.87689089917408,14.774420171879596
869,868,9,A_standard,False,134.95284014771883,66.72880727832968,236.72409113371253,1153,97.18099996239822,0.3745547870066117,0.0203328846541272,151.91969220471898,0.2882231467260357,9.287741782890045,0.2143164995007859,0.1366248668329413,0.8304771734157584,0.693852306582817,18213152.64247534,0.4747502050907223,0.1154428271775194,1.217,0.1404939206750411,1.1834851083718676,6.010354419992352,0.9724610586457416,4.938664272795687,1.5632653735143758,0.1920515197300332,-0.0199404927486508,0.105501614137874,0.0269203971988526,0.0065875125447254,0.0065875125447254,138.39972417196282,28.496148546728563,0.10776875041585134,0.041375403042295776,1.8898867350085309,0.860418800341566,7.335870313849198,2.883059282929663,0.07389563851830941,0.0240844939691214,0.012212015706164654,0.010503832175007895,47.80998298730154,14.83575399782911
870,869,1,A_standard,False,120.71270434890609,70.32944016279342,521.2422501237227,1049,77.60286221469198,0.6139300618644828,0.0349545358520986,221.60019376513105,0.6125103295581299,7.851029026042275,0.2317159566926036,0.1621540123602672,0.8546864687439929,0.6925324563837257,38454950.74677557,1.0023797698378096,0.078123151238285,1.21725,0.0950954058448024,2.075620476005608,8.864625215532058,1.7051718841697332,7.282501717422106,2.8555672747232395,0.4639544585111882,-0.0060564600782995,0.0885592927567124,0.0498226682980492,0.0148681324459505,0.0148681324459505,191.3762846783844,41.17961525871595,0.10907951633056945,0.041168364535486814,1.863191379158144,0.8608900156909793,7.241449255600801,2.8767432972246003,0.074481179137108,0.02364067700620368,0.012768301492739114,0.010773707426528566,47.35381362815392,14.58795347766754
871,870,10,A_standard,False,130.25896080581626,79.14071378232092,238.358731518908,994,80.52612075911381,0.3460876998603026,0.0956812806365771,216.2065208787049,0.0852995661826041,6.170788972286026,0.2196937495387164,0.2577709789074865,0.8838960803271946,0.626125101419708,18750696.86776304,0.48876201491905,0.1134389369265433,1.2175,0.1381119057080665,2.272332462657019,5.519490206657625,1.8663921664534036,4.53346218205965,2.6849240822796623,0.42187625092595,-0.0113437989997319,0.0912195845561534,0.1124832662353591,0.016801985598782,0.016801985598782,220.63988614260805,36.69662073107068,0.10926406223129577,0.040993566665593846,1.8480096414707197,0.8424650571732272,7.220991366505846,2.861566054843396,0.07462205216292465,0.023562835905924052,0.012922618729135154,0.01064746285964047,47.168599094346874,14.468287778687744
872,871,5,B_optimized,True,136.852795661089,71.62326623386836,566.9151388374626,1451,54.9198648390696,0.8763926066969617,0.0136753967921717,202.34837292225188,0.1264715375813655,7.576658270665721,0.2122293558133968,0.200289931634498,0.8593893797963024,0.6590994481618043,58916859.49932171,1.535746813287716,0.0687449847659159,1.21775,0.1472002198226825,2.913520634508927,9.58760046869031,1.3606632644690846,4.477571086210034,3.684429550494864,0.6647266090435253,-0.0062606580573212,0.0792763227892883,0.0776885678309686,0.0640131710387968,0.0640131710387968,208.78315760172728,21.828054127531004,0.11073789815470095,0.04036636727815639,1.8194440736820174,0.8219569531878228,7.081392544298659,2.795757110636232,0.0757956601107919,0.023377328201752156,0.013069148496362521,0.010582311289581476,46.38438486642851,14.251519533175275
873,872,3,A_standard,False,131.17857864389177,70.16029832693049,276.6511846791126,785,71.34622339593491,0.5058841891642635,0.0709317905419872,142.91403130598982,0.2859126900660227,8.058113174133872,0.2186145095045554,0.17176629792192,0.8511539486973323,0.6793876507754122,15236794.774924444,0.3971674529016356,0.1174623055646304,1.218,0.1430690881777199,1.462309947827563,5.783878049299801,1.2005828799897889,4.748668349178819,2.0031057637471616,0.2695524896040575,-0.0204316279417509,0.1056665993264963,0.0870599402475796,0.0161281497055924,0.0161281497055924,102.16741875033884,29.24887309669503,0.10918391603126022,0.04074576234113052,1.8830883328809276,0.8941318631474551,7.184909931808596,2.8075693503119177,0.07533007081681496,0.023617240761788887,0.013115092306974982,0.01054823704787545,46.916039128618024,14.712609327355418
874,873,3,B_optimized,False,129.67521705154704,84.67029236234359,545.4289800560169,1652,70.31460326883025,0.5315291325067597,0.0449994116460454,377.2925049403138,0.2272325453355219,8.039689532456327,0.220385561751343,0.1700213104981526,0.8514676335932289,0.6814463230950762,76292054.74940088,1.9886545371942856,0.0518602103419236,1.21825,0.0631787012490485,3.278453931774893,13.140060917651091,2.691117530699686,10.78601347642199,5.365777340701625,0.914180151547939,0.0047277178680199,0.0423157670157751,0.05261020243169,0.0076107907856446,0.0076107907856446,378.4523355619853,66.46429265552699,0.107354707175547,0.04033941796932788,1.8973430243462164,0.8832036935782624,7.2993385950401555,2.804380884167028,0.07459371926165549,0.023181268474714852,0.013810356136516062,0.01137333446717209,47.14540012525344,14.519636085125557
875,874,14,B_optimized,False,128.04096428539822,84.80873469931436,672.5267905398355,1712,52.974170379060425,0.8029403650558875,0.044523010719882,186.85834306413224,0.5494748960160942,8.556037441346415,0.2223508387891441,0.1492038030696013,0.842719809899353,0.6935160068297517,97645882.22091112,2.5452706360419355,0.0534941055279831,1.2185,0.0651825675858474,2.7891634339329574,12.964344388690993,2.289013897359834,10.639593261133356,3.5273481722706395,0.6288644031691405,-0.0073453607983637,0.0656579805319759,0.034440659245883,-0.0100823514739989,0.0100823514739989,164.2348333513174,55.292933680451696,0.10496225527155266,0.0384736698341064,1.9164867326170196,0.8833917188243346,7.412591279181495,2.7464859240729997,0.07386071333420796,0.022399211346430678,0.013808520582282411,0.011372296092599475,47.43936493517156,14.257323106228773
876,875,11,A_standard,False,126.2413079320102,60.40706299083816,277.15794016109464,838,87.16631066473155,0.5079276964803423,0.0309337227054254,417.95037331432025,0.4391505367904125,8.474388574755475,0.2245649577134998,0.1491130237490841,0.8440970764624788,0.6949840527133946,14030045.0114672,0.3657119048732057,0.135051876901892,1.21875,0.1645944749741809,1.1041166340650472,5.146052529268166,0.9059418535918335,4.222402075296957,4.794861341807684,0.8575222576665383,0.0151626216394357,0.0901561058646658,0.0131063914878417,-0.0178273312175836,0.0178273312175836,395.9757823866467,40.90134436386312,0.10441182945050974,0.037855559279301634,1.9360086623199317,0.8599839685087148,7.422668424692019,2.7367581773435243,0.07287202641395556,0.020967918361367216,0.01335594973033185,0.011123477266881954,47.97438806515698,13.594640564416286
877,876,11,B_optimized,False,132.34853989752185,72.768965683353,655.9384971726422,1679,64.34402708261273,0.9144831165126388,0.0947539649835193,221.2652173916564,0.2463963824257993,7.8611739014740145,0.2172599220315853,0.1812427422312828,0.8545130725802406,0.6732703303489578,80141970.89913437,2.0890077554177755,0.0500575867020592,1.219,0.0610201981898101,3.620684778713615,13.449915881007938,2.970209006327822,11.033565119776815,3.438784102020364,0.6079692684912266,-0.0095287015250849,0.0606306064338411,0.0853570482703662,-0.009396916713153,0.009396916713153,248.24637881412667,59.08361214158538,0.10531218012645834,0.03735165216884074,1.9254056590756712,0.8598887250827529,7.3251769216807485,2.6823818455715958,0.07289996509897054,0.020968041967939936,0.012926383512437365,0.01070023089699655,47.94316883981288,13.603792748564574
878,877,15,B_optimized,False,133.90021466143645,77.91817095549503,608.2029362691937,1812,44.86329277496019,0.9815191138617992,0.0511531939851664,294.5416929974186,0.2989293334665704,6.806960241754567,0.2154944731503903,0.2306480528437941,0.8727211370305769,0.6420730841867828,85870789.37930903,2.2383370781209537,0.0562706100167217,1.21925,0.068607941262888,4.098907987229088,11.41045181482802,3.36182734240647,9.358582583414409,6.565315980591884,0.972490154174659,0.0045454171368603,0.0444768168941081,0.0603165150090979,0.0091633210239314,0.0091633210239314,296.05478517883506,68.04049810198552,0.1066226790709306,0.03698809240408812,1.8892546685517748,0.8636039786791271,7.219379576968926,2.645227067541476,0.07374335654968844,0.020596855881629024,0.012581597806494472,0.01071479501646188,47.48752255674301,13.446666894827127
879,878,11,B_optimized,False,131.13475049768132,65.13405870309971,558.7337726403249,1283,46.775925616827934,0.6471664484231554,0.0817218023392148,282.7595488237721,0.2236998390714335,7.558860748362438,0.2186656530180633,0.1915008136370005,0.8596953342784718,0.6681945206414712,46691703.67863557,1.2170817613295295,0.079149711895278,1.2195,0.0965230736562915,2.4194758142692008,8.442159859350477,1.9839900076008208,6.922640311070501,6.044980299054682,0.9545653162957116,0.0030783015008267,0.0553569532432644,0.0852822950699117,0.0035604927306968,0.0035604927306968,276.86712817367214,57.981111782071096,0.10530298458208963,0.03726329401350108,1.9023085684239804,0.8626184068621486,7.330820674155836,2.6702966883152603,0.07318907545723731,0.020489049700972095,0.0128576436260475,0.010975434074701182,47.70346642287909,13.355985255029633
880,879,13,A_standard,False,133.48366668765934,74.35101603289745,245.2337666293984,889,93.66679178718285,0.8491708004639887,0.0144776225882739,151.8212608104963,0.1289029180659934,7.377223443378202,0.2159649822349544,0.2032696350328649,0.8628240686590137,0.6595544336261487,16209474.566164032,0.4225216537609458,0.122828636687042,1.21975,0.1498202295990195,1.6549042675673458,5.369712238251433,1.356756931803522,4.402305585776949,1.6208653879749004,0.2011480208133101,-0.0130450550518027,0.1086736444142329,0.0,-0.0144776225882739,0.0144776225882739,138.9663595546787,27.93121429606003,0.10440973638500964,0.03622264404759379,1.923245722662634,0.8473374059509933,7.350682569728994,2.649859625669428,0.07335025066658547,0.020709594238962976,0.013364574491355861,0.01207765191948536,47.54204956243097,13.587156897257948
881,880,2,A_standard,False,123.7565323628444,66.12008220590621,444.6815736829582,807,96.24497845956756,0.5945637931970248,0.01,259.52910674874084,0.1919674741654151,7.714896197313743,0.2277116944766675,0.1726011071515839,0.8570166571893143,0.6844155500377304,23727722.44134673,0.6184948491067007,0.0966838468794716,1.22,0.1179542931929554,1.7852114155816787,7.078902754985935,1.4632880455587531,5.802379307365521,2.6965469877243398,0.4247135834009112,-0.0100873773388626,0.0850545660312333,0.0,-0.01,0.01,259.09748362636924,38.63348462498591,0.10639576758356156,0.03645529615985379,1.881040385269685,0.855049001185074,7.215854528443628,2.617395708335559,0.07478571635495392,0.02131992658916313,0.013354303450877068,0.01208554858122278,46.67861100164346,13.66043259461158
882,881,18,A_standard,False,134.07856566220894,85.10339177223572,519.5713530758447,960,82.03364524695711,0.411064397850609,0.076880702205347,523.9401034332973,0.3058192514902799,8.691168535257887,0.2152937779126048,0.1539458274235803,0.8404453318154473,0.686499504391867,42448593.03786646,1.1064794023381552,0.0804281162908012,1.22025,0.0981424089038501,1.914079733845359,8.535566118566226,1.568596380942724,6.994932283192973,6.386892863970736,0.9672923842613038,0.0109226718564952,0.0554263520664779,0.0949570543297847,0.0180763521244376,0.0180763521244376,507.8515941254457,54.29094721595783,0.1064933298560886,0.03655610317084026,1.8863964136608626,0.8505683968683845,7.207017090708755,2.625820960237685,0.07520541604827885,0.02139998225035559,0.013280166628384417,0.012142725980947058,46.43858968389958,13.710410617176796
883,882,9,B_optimized,False,138.5322196692909,76.04528039853845,536.0063357242242,1814,60.77329567847592,0.803550194441435,0.0493632998052488,246.3745798754596,0.21520297244811,8.404102749563751,0.2104250661742468,0.1705999602011462,0.8452844720289443,0.6746845118277981,73940004.30131276,1.927345193637288,0.0662401337468001,1.2205,0.0808460832379696,2.575477290750297,10.18543402111397,2.110182130889223,8.345296207385475,4.053994063098311,0.741541131044855,0.0016462096352365,0.0555026830637452,0.0396213020332988,-0.00974199777195,0.00974199777195,228.11625705617035,55.16604861032828,0.10611218384846861,0.036813617950760276,1.909441889516354,0.8662804254796393,7.237507863433725,2.63609211721325,0.07548066032676005,0.021355968128634654,0.013486358604266193,0.012196538290954226,46.37828526439053,13.704164055765965
884,883,4,B_optimized,False,132.323583729247,83.19185520561877,645.6364489576409,1544,63.669846244859,0.8368293945823148,0.0153886852352136,330.03611212466075,0.2599254636909192,8.824005713741686,0.2172886038066114,0.146995121251349,0.8382154475114719,0.6912203262601229,82930855.50072567,2.161703765964134,0.0499809486826251,1.22075,0.0610142431043146,2.941023032290879,13.829675996134329,2.4091935550201757,11.32883554874817,5.183554407457194,0.8987629396452353,0.0024122711452549,0.0460534244046573,0.0193270862278776,0.0039384009926639,0.0039384009926639,339.16011499129735,65.74695788367025,0.10704008970982568,0.03718974625255923,1.897571743824636,0.8710430483217474,7.193876825556571,2.660586886216497,0.07610500143996514,0.021185285369706604,0.013427352707525002,0.012197589996643282,46.12812308118233,13.685605954506169
885,884,17,B_optimized,False,140.88114523003094,86.59950311691283,608.097189837026,1732,47.34085819140486,1.1094252559085538,0.0601347395702132,300.545716271444,0.551742669810094,7.615916796397206,0.207962972365505,0.2051879902865117,0.858714877429038,0.6535268871425263,91208703.89092538,2.3774769655908794,0.0520800665185326,1.221,0.0635897612191283,3.9398565325083776,12.548503310954285,3.2267457268700883,10.277234488906048,6.3485481200256455,0.9660572599821716,0.0111005504292877,0.0504059950102275,0.0755866076900207,0.0154518681198075,0.0154518681198075,268.9937690483318,66.77270098705212,0.10674031237346263,0.03758041902751647,1.9236741583369903,0.9074555206614794,7.2492515858734246,2.751918872735445,0.07584051273372011,0.021480929935323956,0.013514981288091182,0.012183409776151965,46.3186606999492,13.926303174544762
886,885,15,A_standard,False,134.41487017225035,69.99104222401688,316.6975616481168,943,85.74354283279236,0.6027573445475771,0.0923536987989678,252.5981516568368,0.0405213226168215,9.508360768284732,0.214916572401225,0.1295738480098155,0.8268208652300143,0.6972470172201988,20902530.842211805,0.5448524480661524,0.113831124315782,1.22125,0.1390162605706488,1.138298938789018,6.125275678433489,0.932076920195716,5.0155788564450265,2.94597287809096,0.4864965040094756,-0.0102288816192221,0.0863833238003699,0.1014395693263581,0.0090858705273903,0.0090858705273903,256.848384400239,36.52736404515088,0.10519159576354335,0.03773601556563381,1.9739535561252088,0.9247843546992848,7.355225631334852,2.763810513218618,0.07530885369559727,0.02173774920396004,0.013567190775040818,0.012175017504385115,46.6957106622712,14.183587942849273
887,886,2,B_optimized,False,136.68703899386088,74.29562334646948,588.2953706877564,1362,55.19261925187129,0.5037339878499727,0.0394193625148821,239.25812004244997,0.0153724819649524,8.67283851259672,0.212409478411239,0.1584695045002404,0.8407534959381024,0.682283991437862,59529984.47939549,1.5517287366674957,0.0647985361636986,1.2215,0.0791514119239578,2.445572290397173,10.529311799794804,2.0021058455973577,8.619985100118546,4.334965857492584,0.791660859527558,-0.0012198961932365,0.0534252200483521,0.0564987303148485,0.0170793677999664,0.0170793677999664,201.1729056162952,55.21188146208612,0.10494941016813313,0.0380013511307585,1.9873708289725927,0.9316531632469236,7.3891512940543205,2.80576784956267,0.07474527954035905,0.022070388477626473,0.013708890589809543,0.012102385822090701,47.08916682718397,14.468429370497415
888,887,4,A_standard,False,106.66272095442346,52.11971601681067,257.5703797208913,769,78.46449677829962,0.8207261705727812,0.0767994668090106,281.4400751353993,0.3501830689275726,8.112234681841958,0.2526819190786176,0.1287587182170078,0.850233132446973,0.7214744142299652,10323436.689908711,0.2690941970334878,0.1454824963509098,1.22175,0.1777432399167241,0.8850461151452638,4.959183629140778,0.7244085247761519,4.059082160131595,3.5868461111858583,0.6426411703987006,0.0026074168098671,0.1031565078321979,0.0716118401814966,-0.0051876266275139,0.0051876266275139,264.45572746149656,35.82078269158502,0.1037305541408271,0.03799653322033606,2.020065920585479,0.9283155082755516,7.462185233365891,2.794706139839848,0.073905629164502,0.02225130735014031,0.013735030226527795,0.012087172798299151,47.624596660052795,14.571991517295821
889,888,1,B_optimized,False,130.81465676042214,88.41483888422016,789.2380537518449,1601,43.94736661176738,0.6177794909857902,0.0813256181553958,310.16508632568093,0.4274010466099954,8.60334658437797,0.2190400567070592,0.151908407239585,0.8419228199674783,0.6900144127278933,111718348.93738754,2.9120883194450182,0.049097100769979,1.222,0.0599966571409144,3.094040276457037,14.054076552516314,2.5319478530744983,11.500880975872596,7.057648961442684,0.9830042304630532,0.0055350554915354,0.0436487365870792,0.0884648291576741,0.0071392110022782,0.0071392110022782,277.55584954326235,68.00941706782395,0.10361903258710183,0.03811647792467908,2.0277043534568304,0.9305793272772785,7.4817301868701565,2.818893454907994,0.0741097980237285,0.02205016034483411,0.013856417090464415,0.012073526803706238,47.634461964306155,14.580397666438945
890,889,6,A_standard,False,139.52244562808093,72.85891977724539,193.4152150891785,1044,85.28018679694523,0.2555545864273557,0.0327035542492534,119.7197650730617,0.1131470999115569,7.324239585368969,0.2093785420011475,0.2157707870827533,0.8637388682283306,0.6479680811455772,14712072.68003589,0.3834898690668076,0.1242912393354817,1.22225,0.1519149672777925,1.736009619313183,5.213304530632355,1.4203392262738257,4.265334040198286,1.4038403241085549,0.1685190377106522,-0.0194929122445106,0.1087926778562924,0.0178902322461167,-0.0148133220031366,0.0148133220031366,86.64936717821436,27.297529470209824,0.10178454341070083,0.037968812645690596,2.0511618533780296,0.9332780468291647,7.625350585796357,2.8336038282169325,0.07326498719711363,0.02171367239419993,0.014019386902767206,0.012130110969972598,48.07282703559439,14.519246278925511
891,890,2,B_optimized,False,129.80436069700627,67.87446462789222,642.590688962654,1643,53.55024138955616,1.3608924985472162,0.0861915068686438,245.8972698424444,0.21250728842777,5.891245784039579,0.2202320541896062,0.2732300510655981,0.8888516629800426,0.6156216119144444,71660264.83762665,1.8679207326895264,0.0521807323795497,1.2225,0.0637909453339995,5.236224916856096,11.797872199963864,4.283210565935457,9.650611206514409,4.5918984389564566,0.8308830325040119,-0.0042281514755284,0.0496160224719188,0.0884072349163378,0.002215728047694,0.002215728047694,266.86035894358787,69.89585197025464,0.10135501692374521,0.03765978220491284,2.0429495749487727,0.9392836575418065,7.652423985692987,2.8109638144079243,0.073278079287753,0.02172056493903243,0.013775642321384101,0.012087137189578599,47.99808389527769,14.545543641303837
892,891,15,B_optimized,False,125.11502220571536,70.01897760684966,764.3038640534232,1808,61.69538228499301,0.7453805432088051,0.0445761539125463,202.5106545078517,0.2444769409694838,7.393303630930221,0.2259781283508392,0.1881106516198369,0.8625466258177656,0.6744359741979288,96756521.45670944,2.522088257159341,0.0417356554725094,1.22275,0.0510322727290109,4.50719293827174,16.159707247012523,3.6861115831296174,13.215871802913536,3.2824280684797875,0.5701413964805423,-0.0116219298207129,0.0508869357553047,0.0384235833505801,-0.0061525705619661,0.0061525705619661,212.95369832719933,66.10674656002676,0.10119475867513718,0.03778399831245629,2.083789129966376,0.9861865145469643,7.648050503334068,2.8090117506086845,0.0735562703311331,0.02147685073053964,0.01418282571463169,0.011961814612880334,47.985600924529166,14.535198855869698
893,892,11,A_standard,False,105.61893947717796,85.55678233808183,332.9123897034529,912,83.13965152499215,0.373627693614691,0.0815560882803868,184.46144412482744,0.1979137971510688,8.747456957242168,0.2544273331345212,0.1080034459588941,0.8394997173569342,0.7314962713980401,25976416.531520203,0.6771100708342368,0.1031730961323155,1.223,0.1261806965698219,1.0468179206368275,7.089990499654328,0.8559426988036203,5.797212182873531,2.218693977438401,0.3140384765804386,-0.0164202917514424,0.0922754684026736,0.0914344076395595,0.0098783193591726,0.0098783193591726,192.30387573350487,32.87049472336639,0.09983502800847473,0.03751101259967512,2.106116632776747,0.9849197082654868,7.738427471327809,2.7818645924396783,0.0735988551510094,0.021491034694048193,0.014313066443855911,0.011939123344098605,47.89346078493353,14.557091792322694
894,893,20,A_standard,False,125.071607795551,82.60736230836312,327.85442037869893,693,80.58264387251488,0.4644653661330059,0.1160070025022168,394.18152120302574,0.1226377347383815,8.080216039688963,0.2260330339973599,0.160992782079817,0.8507777730231668,0.6897849909433498,18768649.899814747,0.4892299847327258,0.1102020613633224,1.22325,0.1348046715626841,1.4608872110753348,6.259274848491399,1.1942670844678804,5.116922009802901,4.891642942699143,0.8689427443698687,0.0016965097780105,0.071101752924552,0.0845516554590317,-0.031455347043185,0.031455347043185,359.0025137255801,44.00960840186101,0.09849132221769011,0.03759327188453705,2.122537233473263,0.980162107121712,7.856491644015231,2.795297567396177,0.07278288380607066,0.021211322625661267,0.014487990771499006,0.011805268116102188,48.462662347234854,14.548959189957587
895,894,15,B_optimized,False,136.74439906720093,85.67729492510301,602.0073035585573,1315,51.52033200691084,0.4218012380193451,0.0232729085786234,158.17653741954496,0.2101325049258929,7.863165527322127,0.2123471050119243,0.1882997001066192,0.8544790358516713,0.6661793357450521,67825539.84167907,1.7679634922254612,0.0618329858569087,1.2235,0.0756526581959279,3.045295282074429,10.77385034076626,2.489003091192831,8.805762436261755,3.0701769817463025,0.5175370488096113,-0.0135752248116283,0.0652928330362347,0.0151564398602032,-0.0081164687184202,0.0081164687184202,127.9976959692104,51.82962089066577,0.09718861289245034,0.037234915908967325,2.1651137178417463,0.9754099580773437,7.927690489413567,2.7646303484680073,0.07190802412539225,0.020730948987938126,0.014735333082741,0.01176585147988333,49.02744181336824,14.304103580404785
896,895,13,A_standard,False,138.20278427406203,84.64763431005252,304.4092711547899,894,81.3775369227713,0.4374367659287073,0.0359462019021998,117.4463306970958,0.1838130909646081,7.152159929222272,0.2107760554332615,0.221462045193179,0.8667166271553712,0.6452545819621922,23036167.050778445,0.6004685320846705,0.1061340268318867,1.22375,0.1298815153355213,2.08662623857633,6.079620280348518,1.7051082644137532,4.968024743900731,1.4432278874273918,0.1741103158890358,-0.021871084597591,0.1009134255541743,0.0239123802192992,-0.0120338216829006,0.0120338216829006,112.60405651858848,31.06103726891976,0.09667430424208988,0.0374414433765915,2.183027722217714,0.9750154162225827,7.9738424633464975,2.7728888096780104,0.07085584667916016,0.02119836858257009,0.014438175955391895,0.011948633549641806,49.56659014309862,14.508840079637402
897,896,11,B_optimized,False,132.8724747164919,93.36896982850598,672.0298655418791,1606,53.007722352449576,0.6834899713303668,0.1165767916549462,314.7251907623309,0.5550561100312309,6.044174174083464,0.2166598862721365,0.2699468775474228,0.8861372031996462,0.6161903256522234,100771258.40085325,2.6267377500303635,0.0501698312360601,1.224,0.0614078734329376,5.380661463206102,12.282088866372924,4.395965247717403,10.03438632873605,5.937346046859283,0.949662008323995,0.0090107770201942,0.0520574225580548,0.1231384831639766,0.0065616915090303,0.0065616915090303,327.1304244819791,72.25028481902346,0.09526319991303028,0.037176474440630165,2.2161473260736533,0.9920175134780175,8.072116249090923,2.735288073064931,0.07031485002965451,0.021012415605569483,0.014337336181004525,0.011949552938102818,49.880787174123945,14.394094885843836
898,897,2,B_optimized,False,120.76682683161891,83.94745590546957,645.0071585369299,1405,45.96163681363159,0.2462253557071275,0.0435917711357585,116.09981681747928,0.2995122517275614,9.424845620814793,0.2316432602370914,0.11268015427448,0.8282030605809679,0.7155229063064878,76076127.54998755,1.98302610568556,0.0582929823478679,1.22425,0.0713651836393773,1.932996901789179,12.27459768718898,1.57892334228236,10.026218245610766,2.52601571367549,0.3836736510474215,-0.0166075611141225,0.0701300422727097,0.0,-0.0435917711357585,0.0435917711357585,91.52289796992515,40.71339223684289,0.09440818016429642,0.03644195792049267,2.220292155040888,0.9887979213177661,8.114322069205604,2.6946713487175042,0.07052218518421144,0.02115331882867804,0.013418614404810096,0.00958409993026107,50.18238777905884,13.945297980042017
899,898,2,B_optimized,False,131.7857107633836,79.6772609077279,497.21399214336896,1691,49.8131326910006,0.8481841424912306,0.0555309605627677,92.3931795261372,0.2783619839016575,7.792105258188393,0.2179090168076127,0.1830547490636923,0.855694289414709,0.6726395403510167,66991753.42345549,1.7462297330666896,0.0624448056588532,1.2245,0.0764636645292657,2.931464789301325,10.771745275752204,2.394009627849184,8.796852001430954,1.8547956037872169,0.2413661094564665,-0.0190958313307075,0.0797310762162834,0.0354624721206623,-0.0200684884421054,0.0200684884421054,72.4036402060267,42.05904691660509,0.09450425484774132,0.036578939249686256,2.211087069049436,1.0005569227460436,8.116143704051906,2.6923794989758254,0.07071428454042242,0.02151943317644608,0.01322102718246311,0.009628832539232208,50.11639707666398,14.053764387109188
900,899,13,A_standard,False,127.46170619798048,61.84191851694829,365.496267778336,934,84.51922283393648,0.4500864952505188,0.0496442383425245,331.0760167444136,0.2584748854629233,7.570462018102809,0.2230576991359497,0.1847688232887893,0.8594958862685181,0.6747270629797288,21111193.043123595,0.5502915076634749,0.1085338909602005,1.22475,0.1329268829535055,1.70240670129982,6.216740752684817,1.390003430332574,5.075926313684277,3.917168256444009,0.7144647672518382,0.0029571589106481,0.0794120429803291,0.0413159808877983,-0.0083282574547262,0.0083282574547262,297.10499972342683,44.178634275131785,0.09621804117710074,0.03708517396174932,2.1781476644938174,1.0114816630752645,7.992263707384959,2.7094710545068716,0.07148934395231005,0.021170791032293412,0.013706344385457472,0.009946579037759794,49.52097905025701,13.977462647419669
901,900,1,A_standard,False,118.27051214024368,77.29721916781423,377.66211999708406,1017,77.05847565154436,0.3043651601610135,0.0248501063872437,236.28827388280925,0.1059714796651391,7.328353732908128,0.2350549997169282,0.1786072202162296,0.8636678001694316,0.6850605799532019,29688499.599029496,0.7738704852560598,0.0871393899313639,1.225,0.1067457526659208,2.04967260336469,7.861663714799876,1.6732021251956652,6.417684665142756,3.0663502215031646,0.5165814726989341,-0.0117864966228521,0.0736753742672634,0.0377884083303736,0.0129383019431298,0.0129383019431298,255.74604416896744,43.27130515439376,0.09747908293058531,0.0370803176521383,2.1743770704664493,1.0114113397031066,7.875377570378511,2.718979505378563,0.07235204889106513,0.021797902534040202,0.01404378873468349,0.010106045864572434,48.99652372224722,14.245852395466644
902,901,1,A_standard,False,121.25010350626664,64.22404368210631,372.615828055653,860,77.57503207921967,0.7105934080325018,0.0876037216303383,272.14945400997965,0.2385041712745012,9.25452247762663,0.2309965772326303,0.1179183295909445,0.8310291142411234,0.7131107846501789,20580569.887213808,0.5364601047735346,0.1049781176594694,1.22525,0.1286244386622649,1.1232658026261322,6.792946954558516,0.9167645808007612,5.544131364667225,3.5082093647355563,0.624386614042549,-0.002722091178985,0.0854427888096319,0.0912948187022093,0.0036910970718709,0.0036910970718709,250.38358068005013,40.89497103424573,0.09716719866813005,0.036566305539768945,2.1726111250959543,1.013745643089852,7.8870337647826805,2.704208822983921,0.07269601763688055,0.022216262486413313,0.014501646897070399,0.010777255061145343,48.62876671157218,14.689526947882706
903,902,5,B_optimized,False,129.59379582447028,62.43853002782233,778.5504475637522,1740,69.06488732971471,0.9619569520556438,0.059990689085607,180.28431593306263,0.1429572156097017,8.881350812379385,0.2204824773520484,0.1411147020845793,0.8372546476380818,0.6961399455535024,84584089.16718791,2.204797514620554,0.053352368489973,1.2255,0.065383327584462,2.644956654756576,13.047967039820046,2.158267364142453,10.647055928045733,2.6103613993082777,0.4038043032556838,-0.0195491859659755,0.0635248267390303,0.0303348959516115,-0.0296557931339955,0.0296557931339955,168.01199400334374,47.479004464594354,0.09828742853770388,0.036293274530483456,2.1321563194064677,1.0215965214391072,7.787827483805839,2.67727235675576,0.07317780943169391,0.022210474721205638,0.014497800490457012,0.010779148275918365,48.295115766342725,14.63657860178794
904,903,18,A_standard,False,138.21524597056495,71.7943151953354,327.8712589622059,999,97.07362013671552,0.2866087102285071,0.0503452567487274,117.99529928782384,0.3790285985674628,7.032760535789047,0.2107627525308411,0.2271274492957348,0.8687888091345864,0.6416613598388516,23515753.21691462,0.6129695875142964,0.1015502678986069,1.22575,0.1244752408767174,2.236601182800529,6.318657479855393,1.8246797330618223,5.154931658050494,1.2155238376980568,0.1437512982657474,-0.019591348774208,0.1049224390142364,0.0,-0.0503452567487274,0.0503452567487274,107.54419271316314,24.68001604160853,0.09885243281982113,0.036040820506430954,2.082422989909225,1.0210397833127478,7.749536826081982,2.668023724768053,0.07408779536044802,0.021941009269977215,0.014584479080645616,0.010752769562830592,47.625237208468945,14.480069160968783
905,904,10,A_standard,False,114.62796375561088,59.81638057008214,272.8864719298017,922,107.10546768846385,0.4699680785566251,0.0185985074935785,129.02720843526575,0.3007888675480843,9.164542965043534,0.2402589767198175,0.1105968451808519,0.8325259725958428,0.7219291274149909,15049880.73490441,0.3922952882316433,0.1298738131376719,1.226,0.1592252949067857,0.8515715563353361,5.5586966300105045,0.6945934390989691,4.534010301803022,1.2046743384806962,0.1424210221730498,-0.0180223284967277,0.1187109954834732,0.0145987415981077,-0.0039997658954707,0.0039997658954707,137.86149492212834,24.391306837129427,0.09800958775963343,0.036585063134003816,2.1029179130000486,1.029275103183935,7.861344286697077,2.748584364601922,0.07419321947496024,0.021861693342677648,0.014952124531788997,0.010682179086982218,47.573232880993515,14.44674853316174
906,905,15,A_standard,False,139.03192880769615,64.84435388093827,396.6083168464701,742,67.95633051465956,0.6568745887641046,0.0253442659054294,194.63821771557065,0.0991232673363383,7.854929581078733,0.2098953628482657,0.1922971793295397,0.8546197963124166,0.6623226169828769,19082615.056889124,0.4974139068487018,0.1189390582509615,1.22625,0.1458490201802416,1.6167706568164717,5.56858803762659,1.3184674061704151,4.541152324262255,2.8641660937472664,0.4660936408412434,-0.0101506616783272,0.0894808791045058,0.0276520125959171,0.0023077466904876,0.0023077466904876,163.11865656208207,37.765436686462415,0.09713340118813991,0.03583584132275693,2.1230739560718015,1.0242203730234178,7.891219740804054,2.718169323232518,0.0733249407294489,0.02131970473736326,0.014920089152305884,0.0106860322601887,48.044830208837695,14.174780828396683
907,906,9,B_optimized,False,144.45406555302395,63.82042355165217,637.8361753670825,1832,55.58339913373706,0.6176675247662494,0.0402686327696048,124.09485840507824,0.4600881927737535,7.389457812012773,0.2043488457449514,0.2209039749082063,0.8626129723319147,0.6417089974237083,74575177.95907936,1.9439018453171115,0.0590985064397279,1.2265,0.0724843181483263,3.737894376966985,10.85829466905665,3.047610580486739,8.853073517371914,2.232588512740979,0.3170393193652228,-0.0182467552236318,0.0788739787040094,0.0186180417934324,-0.0216505909761723,0.0216505909761723,137.2898460144483,46.29228294543263,0.09595196146856351,0.03610811862408063,2.1530622401366712,1.026456502418257,8.002852428218729,2.7451145521074847,0.07242247798165952,0.021763469337964643,0.014861207861932488,0.010721747185900757,48.636898440950155,14.390270969407812
908,907,4,A_standard,False,129.55918320766168,64.59002642109108,350.87596315950714,730,67.40528795623942,0.4954722714281221,0.0910184976688095,252.598520931936,0.1475291039583734,7.706387613202449,0.2205237080751016,0.1827856411915807,0.8571625095651839,0.6743768683736031,16544054.043628791,0.4312429157337414,0.1177685000386703,1.22675,0.1444725074224388,1.5520758193537447,5.726292413949108,1.2651932499317258,4.667856053759207,3.747458524261879,0.6786246723416919,0.0014213374209149,0.0857026811840558,0.1027871565668872,0.0117686588980776,0.0117686588980776,217.2826347278416,40.99477586278388,0.09531330407768722,0.03635017748257832,2.16548243902816,1.0229913786524734,8.06848293181144,2.7597140120612162,0.07221132333737493,0.021981856512514827,0.014529131496665784,0.010876151570700331,48.8166219048304,14.517876268238764
909,908,8,B_optimized,False,124.78332832864014,81.03527629516695,717.1776397669664,1504,46.981537866795215,0.7058552155496987,0.1049321670802158,178.66659552772117,0.2001211606782777,7.216702749485103,0.2263984408816591,0.1951766465395423,0.8655985422444561,0.6704218957049137,87407499.03961268,2.278393472569252,0.0420941908470215,1.227,0.0516495721692954,4.636664646883275,15.926708227777956,3.778862792895904,12.980202304627513,3.802910752608548,0.6905967747864625,-0.0105251569490508,0.0459913865997969,0.0912035212279906,-0.0137286458522252,0.0137286458522252,195.3473981759717,68.0784377186343,0.09646047281115944,0.036786751957476424,2.1465756047163054,1.032723856203899,8.002058825832988,2.7926877518946087,0.07260428066475585,0.021852304967991884,0.014501287921538047,0.010890429674869398,48.65542750132702,14.490657467466365
910,909,2,B_optimized,False,126.35189520159568,77.13549864343061,582.3174149784596,1767,52.48182440065607,0.9847308310737826,0.0390262475077606,239.10284368162084,0.4439225345115596,6.67912289725121,0.224427357078915,0.2233583382017009,0.874955318985396,0.6515969807836951,79368947.15389772,2.068857856671788,0.0517745040602076,1.22725,0.0635402601078898,4.314060409771602,12.585286766358292,3.5152254306552058,10.254868010884737,4.555917146787143,0.8257667092682672,0.0018172987122797,0.0520535290311429,0.0519540104817294,0.0129277629739688,0.0129277629739688,199.79769094617023,65.3321916613092,0.09853442575107206,0.0376603368418701,2.1172451131017556,1.0458549739035254,7.857963298321189,2.803384983751681,0.07375725938748602,0.02194348631696269,0.014452600442770011,0.010943926796761573,48.02000903249803,14.422314680467672
911,910,16,B_optimized,False,141.6598178586342,71.15331854278305,635.1640056578212,1845,42.2205790306675,0.4499569070307859,0.013282048673775,235.9085438961428,0.520800344368005,8.776130965508589,0.2071621225563464,0.1623368277453581,0.8390184189409695,0.6766815911956113,83382979.48563246,2.173488982877122,0.0475414808905591,1.2275,0.0583571677931613,3.414635486830095,14.233498379096297,2.7817804373361263,11.595518027777022,5.58752507218784,0.9300543863510404,0.0015000450181909,0.0482678086752726,0.0243650380375293,0.0110829893637542,0.0110829893637542,231.8373387146389,66.89268905861564,0.10180900094973419,0.04148390863189074,2.070876798273671,1.0470541946324523,7.710495145590049,2.8667433454211833,0.07518084013838848,0.022693700567021833,0.014603604294769243,0.011009885891531438,47.02911991975043,14.804529829288088
912,911,4,B_optimized,False,143.14057894478378,80.5242606466404,571.9832876068981,1304,46.8867224628783,0.5356857575600908,0.0594437313783833,261.8278811863781,0.3911060754238363,7.779295140968532,0.2056596483289021,0.2019193128050085,0.855913548383876,0.6539942355788675,60060324.8631613,1.5655527687229638,0.0602857097492435,1.22775,0.0740157801446337,3.349372739325544,10.848246430192743,2.7280576170438158,8.835875732187128,5.584264956751359,0.9298420077563324,0.0084711045183418,0.0486547123771407,0.0519665473860836,-0.0074771839922997,0.0074771839922997,292.13230740554195,63.494938310386736,0.1003137098783556,0.04146284160998641,2.1023278209773055,1.035705600827102,7.82337471733614,2.8695799229097267,0.07454102854176287,0.022822017467941793,0.0144969402877164,0.011089975529234465,47.47842695945963,14.820199938408152
913,912,8,B_optimized,False,130.53010236764615,80.92105094006247,761.2398634487054,1710,65.88271791237163,0.7543769636568721,0.0428644067909216,275.44684879116016,0.540771632585474,8.617209533645271,0.2193742011909555,0.1510123801260136,0.8416894216580588,0.6906770415320452,105336563.90283348,2.7457385493929256,0.0494906217766564,1.228,0.060774483541734,3.0513332567836664,13.955715582822236,2.4847990690420736,11.364589236825926,4.180866508232442,0.7651035684798551,0.000608116527685,0.0577255066070656,0.0273648921174973,-0.0154995146734242,0.0154995146734242,281.6277931335317,60.04801889128903,0.1012801515672214,0.04152262848893576,2.1060433411197184,1.0356719526437046,7.747740307320219,2.897853617660981,0.07541263184514828,0.022831309026204002,0.014551350427602836,0.011109560567432206,47.12059298115439,14.845640697130404
914,913,20,B_optimized,False,131.20748506314652,87.55532694832218,678.0268412705608,1773,53.86014060490716,0.6495330325066364,0.0729296571443856,188.45745537807292,0.5157043777142918,8.287213331129546,0.2185807942019404,0.1634209859789752,0.8472628798842775,0.6838418939053024,105253899.91321383,2.7435838018433985,0.048720144351065,1.22825,0.0598405172991956,3.354279593291121,14.036122080790864,2.7309420665915907,11.427740346664654,3.499015287771134,0.6222278922827507,-0.0026957241310402,0.0611083727717446,0.0950595971605805,0.0221299400161948,0.0221299400161948,188.33902473491344,56.82368268276892,0.09898800964182407,0.04036263448978816,2.161444463899149,1.0343442965284184,7.87178757954598,2.869343072886767,0.07475247235511383,0.022487349038153984,0.014828601255013528,0.01104389303876608,47.477995899798536,14.783026735229033
915,914,12,A_standard,False,120.46083735646052,77.18844224114093,412.1850267384255,1035,70.4284717219185,0.3530908749645847,0.085448115549589,238.9880895898356,0.4043093658704276,8.54854111135324,0.2320549906934864,0.1375549743894927,0.842846165486884,0.7052911910973911,32929477.33357926,0.8583509085180727,0.0956399356054507,1.2285,0.1174936608912961,1.438258751626065,7.374442345998352,1.1707437945674115,6.002802072444731,3.3933448184629365,0.597087636268391,-0.0059146688193362,0.0848035005082476,0.0953441494589146,0.0098960339093255,0.0098960339093255,206.46483602771104,41.15611099592875,0.09919062584101715,0.04018795726932466,2.1671358798167693,1.0372035389574008,7.828496450221228,2.8295243606665355,0.07514698249927332,0.02210023652342241,0.015149237935158499,0.011048815940291211,47.18913457098714,14.512283929741814
916,915,10,B_optimized,False,138.69741237931987,81.09281826410161,683.03481740128,1553,70.12584140880965,0.7412266205052824,0.0248230152899665,244.65063276512143,0.3389921038229554,5.954013194592913,0.2102495990924133,0.2859812907803168,0.887736544712321,0.6017552539320041,86019456.04408926,2.242212273754573,0.0558412803643789,1.22875,0.0686149732477306,5.1213240261364765,10.776172215346676,4.167913754739757,8.770028252571048,3.488737216554622,0.619808907748357,-0.0049217389234891,0.061828457609423,0.0042910622752075,-0.020531953014759,0.020531953014759,218.792928926831,59.48855014148143,0.09780836376833672,0.03952052592217756,2.1820460577690044,1.0315922765446894,7.907201229467642,2.782733899292905,0.07411507342136885,0.021698077345201475,0.015064746438911028,0.011067574118087495,47.82512624492627,14.318257638492698
917,916,11,B_optimized,False,121.03740121832814,89.82715494667508,772.2365732394481,1382,54.23721729203155,0.5472499361186957,0.0154635282713814,73.74601112085703,0.3496664924985351,7.133239750642983,0.2312806579449436,0.192092090714247,0.8670446578827248,0.6749525671684777,95866319.3900594,2.4988839486022005,0.0601535764080508,1.229,0.0739287454054944,3.193361096457397,11.22048941180068,2.598341006067858,9.129771693898032,1.359693856043232,0.1624234098261549,-0.0230732169009659,0.081654844348898,0.0,-0.0154635282713814,0.0154635282713814,93.22177563745664,42.24891855556614,0.09921559634206847,0.03953722817470722,2.129038971002068,0.9886207485955266,7.8119208609661595,2.803305153420707,0.07471800880046751,0.021420492825327854,0.015294090960619365,0.01091362262101754,47.3526751707981,13.960398306900661
918,917,16,B_optimized,False,123.83283789296668,80.0639522363905,754.0707167209121,1770,54.71217043046804,0.8428626971843016,0.0703689873495666,294.28954569312486,0.7693629267741157,8.569364755401848,0.227613464574006,0.1422025539971624,0.8424952160016715,0.7002926620045091,106861770.86813484,2.785495110697636,0.0515091578777396,1.22925,0.0633176323212114,2.7607237209097777,13.59549817659027,2.2458602569939217,11.059994449127736,5.378868053994095,0.9152016279242824,0.0073787345803466,0.0599643116313393,0.0802395037080197,0.0098705163584531,0.0098705163584531,300.74170259102294,62.2043294152794,0.10097127279746126,0.03930230170427864,2.0813866647152466,0.9692695204683991,7.6455395890410625,2.7217136296095563,0.07541786340493487,0.021196462381114604,0.01517105487711509,0.011052575897394614,46.830254911922935,13.731130883261658
919,918,6,B_optimized,False,133.31559959489573,79.07732004154131,718.8808282522657,1384,60.12715326833699,0.7701533829640023,0.0614507537255378,235.35653500812535,0.2804562450382338,6.725169305864032,0.2161555287485974,0.2337080651739438,0.8741499188974144,0.6404418537234706,78676482.34916687,2.050807834552202,0.0612919515356264,1.2295,0.0753584544130527,3.8130302481574434,10.449036744265,3.101285277069901,8.498606542712485,3.9143136206327656,0.7138820513085677,-0.0048450613570741,0.0617586301039536,0.0424961256187127,-0.018954628106825,0.018954628106825,245.08075246721887,56.73512185339725,0.10069762024685458,0.03917060610322362,2.0898063984049515,0.960193228538449,7.654556051870574,2.7162067192297874,0.07467938632156174,0.021240325022313593,0.015201557468992351,0.011039768140446866,47.245472781326626,13.613779054257359
920,919,13,B_optimized,False,144.29934339677476,88.51449748997746,522.0445387666283,1568,35.0,0.9098380988466066,0.0438691506228864,283.5673144466008,0.1082816538522182,8.373065083812232,0.204502197432857,0.1804484371302939,0.8458093480595136,0.6653609109292197,72454943.70558217,1.8886351011983205,0.05641794944239,1.22975,0.0693799733267792,3.1984224686250746,11.793425984200969,2.600872102968144,9.590100414068688,8.10192326990288,0.9939517715197742,0.0022668766722987,0.0359504204451075,0.0438588745443911,-1.0276078495283223e-05,1.0276078495283223e-05,284.83738110734,68.13703174523505,0.10079364335940288,0.03926170158038463,2.091218705131985,0.9589001985256848,7.64920921723888,2.721561831252341,0.07512107505532008,0.021393479268831856,0.014953773280757967,0.01080403080795194,47.02243651091248,13.758456564592768
921,920,18,B_optimized,False,132.38561947099956,72.17247295966853,587.3888792434984,1593,56.6395145892286,0.8400799000960586,0.0117599968794135,123.2910633217341,0.1062543016498767,6.609295419981425,0.2172173239711695,0.2379598149145841,0.8761780910705302,0.6382182761559462,67532539.65039015,1.7603260500079272,0.0549241376057618,1.23,0.067556689255087,4.332518001877937,11.61999630721546,3.522372359250355,9.44715146928086,2.176767654452691,0.3050779537587288,-0.0261423370704168,0.0641697520808712,0.0,-0.0117599968794135,0.0117599968794135,107.3751122806482,52.40647228233723,0.10215558273616608,0.039551821546210945,2.0628033135856843,0.967880964448987,7.570144335228395,2.7446026552498592,0.07597668729949453,0.021843145635010247,0.015134226421890749,0.010762772069422307,46.49734159289162,14.068755268071437
922,921,12,A_standard,False,125.33507942157848,76.40575297335724,405.3052884630562,1044,78.96711584961444,0.2976986515439063,0.0357883841077231,190.8579850138549,0.344759941546178,8.016443983494694,0.225700322191913,0.1637664437095508,0.8518635822778612,0.6880971385683103,32330232.602064125,0.8427307923980949,0.0849008188465667,1.23025,0.1044492323859887,1.9289147729600884,8.104717338614172,1.5679047128307972,6.587862091944054,2.416929920263597,0.3582264747245381,-0.0164556470741076,0.0896430805171343,0.0177113018786476,-0.0180770822290755,0.0180770822290755,191.49270539904592,36.90808437427558,0.10109181352242802,0.03950613890416476,2.0712354728216904,0.9665367224093203,7.647241915465327,2.724082024669446,0.07489350430572125,0.02192402079153523,0.014896816743653228,0.010961642490124228,47.11629050644993,14.056536711591379
923,922,9,A_standard,False,121.86220527118688,72.21455783464657,250.4766551667019,939,88.95780511037258,0.4655001205958327,0.0285662595055592,134.61775136874377,0.4051961191304988,9.609990393936055,0.2301837729433482,0.109474476652635,0.8251419821503386,0.7156675054977035,16984689.18581798,0.4427286605814859,0.1201729559934696,1.2305,0.1478728223499643,0.910974318203374,5.955312487583262,0.7403285804172077,4.839750091493915,1.5132764483309762,0.1844140137556927,-0.0197227780479454,0.1152715671370453,0.0348150480938022,0.0062487885882429,0.0062487885882429,126.629729875935,25.949337976952226,0.10135983189543595,0.039276208192011934,2.0324185289463217,0.9084987404182626,7.626839941199198,2.7096202928790514,0.07523964394551967,0.021691513142310662,0.015245851590311861,0.010968665785340786,46.634015407220424,13.582265407623902
924,923,3,A_standard,False,136.92980160686824,59.196628655556914,249.60444547796777,1079,85.91252942048271,0.38644556512243,0.0278826447230219,307.5686042602668,0.0408527827372229,8.774600115331625,0.2121458019724687,0.1554401391900861,0.8390441075641241,0.6836039683740379,15943025.26164456,0.4155762959500255,0.1209571543506157,1.23075,0.1488680177170203,1.2850842930672408,5.651620791214141,1.0441473029187414,4.592013643074663,3.580020357158036,0.6410720905031619,0.00212837650971,0.0810687376101571,0.0597592956583848,0.0318766509353628,0.0318766509353628,290.9220095000262,36.69339133517812,0.10092223791916079,0.03973640198749614,2.055593538163426,0.9114688881653262,7.706727655347335,2.8376627494279836,0.0749482565468273,0.02185876461827208,0.014611151339429045,0.01018514564879188,47.01316751679343,13.67788327953803
925,924,5,A_standard,False,135.85942247810272,67.50688452840224,297.112149688163,1027,81.72031136780468,0.5307846637554468,0.0269545689352998,116.90072875026866,0.3297298773450709,6.149259052559266,0.2133144091508868,0.2693548667522004,0.8842767665158682,0.6149218997636677,20598657.701670755,0.5369315878710326,0.1041711253128157,1.231,0.1282346552600761,2.585696045265461,5.902997571708256,2.100484195991439,4.79528641081093,1.4304978382194955,0.172287374089714,-0.0235420134635927,0.1087932274697299,0.0,-0.0269545689352998,0.0269545689352998,77.00936251967532,29.07016727996211,0.10062690827425859,0.03997604453588677,2.0790677067896937,0.9351682644423693,7.741190356184339,2.861535328945979,0.07512862694989698,0.021936108004103366,0.014526100194066425,0.010156358904646086,47.13787532857808,13.660206470017762
926,925,19,A_standard,False,116.24671092899165,64.03106813645819,276.06142141965324,982,85.289355469579,0.289782327841373,0.0572553146612994,144.8549496484581,0.2527122563988107,8.848371404316184,0.2379121138609697,0.12182925727639,0.8378070730582327,0.7159778157818426,17358330.54644347,0.4524681228299734,0.1210154410975989,1.23125,0.1490002618514186,1.0067248953638466,5.916417023216125,0.8176445850670836,4.805211795505483,1.6983942351413943,0.2138948934015984,-0.016443959738008,0.1073545431554369,0.0165350753243703,-0.0407202393369291,0.0407202393369291,150.26856971868477,22.51349383011143,0.1004403899391823,0.0398438027390838,2.065714848455775,0.9498590050877388,7.757895189775666,2.8480649870796477,0.07514606639815677,0.0219399291454271,0.01451045842321759,0.01016669596623817,46.99889657298647,13.726118366258046
927,926,11,A_standard,False,126.77126305184532,76.95740605355593,402.8676243183271,791,73.07913843371631,0.6219553605331433,0.0114817554124929,279.79827695308114,0.4779462749672691,9.822238226729583,0.2239074042943842,0.1108838673215033,0.821646714080526,0.7107628467590228,24523885.05424306,0.6392478934136269,0.0950318243349577,1.2315,0.1170316916685004,1.1668077309625464,7.4792086938561155,0.9474687218534684,6.073251070934726,3.8287024580463775,0.6960805015208212,0.0026159718761011,0.0847201961745095,0.0206863517949764,0.0092045963824835,0.0092045963824835,278.3944649450385,42.40106488011259,0.09937438214798497,0.040381057019912577,2.082241842550385,0.950079111202758,7.891414367209272,2.9389881362863917,0.0749774748438797,0.021983804477739257,0.014662781456595997,0.010199661582167181,47.14510558194318,13.724537115086719
928,927,7,A_standard,False,123.0945147012458,79.42547882253747,374.5916773191543,1108,77.55877228247381,0.5173324284746696,0.0551128679745926,165.7381290391074,0.4489998843662128,10.79701601016174,0.2285682678501046,0.0847664672812617,0.8057833894274555,0.7210169221461938,32965352.654084496,0.8592860467723821,0.0786345892987625,1.23175,0.0968581553687507,1.0779793985977584,9.169208214552736,0.8751608675443543,7.444049697221625,2.136935954007613,0.2966995764070585,-0.0158615974017778,0.0899761133318131,0.0686101185079543,0.0134972505333617,0.0134972505333617,139.62524449310564,34.5465702082968,0.0983941539392019,0.040251191254273476,2.1102668789845533,0.935554488228269,7.949772472298943,2.920338605036573,0.07468029528082859,0.02193983471111805,0.01488509266690901,0.01007603081427182,47.288692187619475,13.695337653951587
929,928,9,B_optimized,False,135.60562075041094,102.5155796261293,559.6500677589783,1729,54.60810809551239,0.8413380144992048,0.0219427652878659,144.87216759646446,0.2137375764653055,8.47507573746869,0.2135938007043158,0.1636175416073061,0.8440854759014481,0.680467934294142,99197659.52443343,2.5857197887813825,0.0441402764991123,1.232,0.0543808206469064,3.706762951758953,15.416032437128608,3.008736162142008,12.513013341825168,2.652942441131189,0.414096136779716,-0.0175466180919374,0.0606281589688751,0.0,-0.0219427652878659,0.0219427652878659,158.2714827588817,55.38089540829942,0.09861663974197914,0.04009544538394305,2.117908621839224,0.937512985827406,7.910077483542763,2.896317446924969,0.07462863737528481,0.02196965706469897,0.014593024302660757,0.009848218160737186,47.34840061989527,13.702690195776025
930,929,12,A_standard,False,140.34807974767497,78.45108468824706,426.94287956497175,964,79.79905451624204,0.5284754591528715,0.0373801932879095,330.84543072419604,0.1258022459423924,6.635580076114645,0.2085155725813971,0.2506690391676199,0.8757176113199489,0.6250485721523289,32288343.249731023,0.8416388903533671,0.0860303518152525,1.23225,0.1060109010243449,2.913727932973282,7.265442474239801,2.36455908539118,5.896078291125828,4.145981838128882,0.7587762181495338,0.0017770191629967,0.0652597071386663,0.0502560469020279,0.0128758536141183,0.0128758536141183,326.14474638466004,51.51108068826845,0.09758821811821904,0.04007810814415601,2.1311331669600575,0.9379558159230384,7.989589081113895,2.8736189547771525,0.07383490840064244,0.02156605082583419,0.013797625244391676,0.00840149356973658,47.95595647964879,13.34590461066157
931,930,11,B_optimized,False,141.80273563538407,83.00205982533389,715.478032426322,1487,66.88831114812118,0.5107385290939772,0.0806675864800394,337.0050235165983,0.2264883837372865,8.43467797802443,0.207015946677158,0.1744507439979787,0.844767734721728,0.6703169907237492,88307205.72087753,2.3018455316299025,0.0477746914516302,1.2325,0.0588823072141342,3.651530521648737,14.030796858257384,2.962702248802221,11.3840136780993,5.038324600098151,0.8847625579948454,-0.0003703314459788,0.0399314286417644,0.0736116509987091,-0.0070559354813302,0.0070559354813302,337.6127286761471,68.23689623060937,0.0968929365549023,0.03928060768515601,2.1407229347871772,0.9253349885113629,8.01073068101917,2.8514802182561336,0.0732136720407025,0.020675977863835602,0.013897593588583269,0.00831178967129143,48.34178681243842,12.922902486077668
932,931,14,B_optimized,False,147.64130839966887,83.04663402270138,665.3586747575047,1477,62.71743515330894,0.8985183103289744,0.0346168515244674,304.46604887794507,0.2654461328006038,9.596033598341464,0.2012507501045237,0.1449728261923136,0.8253723410591928,0.6803995148668791,81612814.17242657,2.127347254315034,0.0537088131089323,1.23275,0.0662095393600363,2.6992371977812923,12.668302937301766,2.189606325517171,10.276457462828446,4.854567922519414,0.8646625378882508,0.0012816504752979,0.0448686198522478,0.0360893853855697,0.0014725338611023,0.0014725338611023,317.1992809203219,63.27712040996998,0.09647811952031829,0.03886033032988844,2.132561183591761,0.9344900001526135,8.034975465900413,2.8264214330265642,0.07285894685890792,0.020542912557611252,0.014077393569197088,0.008151655379162069,48.517880502448804,12.835535965282572
933,932,6,A_standard,False,119.19920705498863,63.95824464466384,377.7540772187643,854,64.15783661128147,0.7161615167360025,0.0357065673644883,322.32066357453425,0.3495670448070753,7.812911820249696,0.2337715578473513,0.1609862103696545,0.8553382823659097,0.6943520719962551,20633056.484080523,0.5378282381832813,0.1120880129047692,1.233,0.1382045199115805,1.4362482320605463,6.19470409013479,1.1648404152964689,5.024090908462926,5.023870513705221,0.8832806357724858,0.0091143011692466,0.0751505494327919,0.0273567483489252,-0.0083498190155631,0.0083498190155631,331.180268429063,47.10632843515912,0.09702106516473018,0.038707601118368906,2.115755749129011,0.9252077718030888,7.9894745971268515,2.831290672449396,0.07308443046352835,0.020671752225944563,0.0143406538561075,0.008601372274896551,48.2439694523176,13.02867838613601
934,933,13,A_standard,False,142.83383283748012,48.08373502168416,364.6054707311358,820,68.38689795277404,0.4343306752442201,0.0347330699197965,198.22779928815265,0.2355858737740007,9.043108922882558,0.2059687172273742,0.1552687884943283,0.8345503697892365,0.6792815812949081,14375906.130515732,0.3747272379363169,0.133559205432755,1.23325,0.1647118900999451,1.1625465125464804,5.08599597529738,0.9426689742927068,4.124059173158225,2.8986224733434014,0.4746773022525125,-0.0017286891025067,0.1037023605411656,0.0332290428655342,-0.0015040270542622,0.0015040270542622,191.6052613958976,33.97603444222083,0.09733419898664827,0.03915998981575148,2.1085342301316974,0.9333554267398597,7.983540064089554,2.8386963377260614,0.07326484940717559,0.020822942973264945,0.014172212950993341,0.008734206493855371,48.2333352186103,13.034931552884716
935,934,9,A_standard,True,129.7336420838645,55.86430481495957,433.9810846240919,931,68.78433938722341,0.3911274957900164,0.0688952470453398,200.64972130796988,0.0741795685745344,7.160397001122312,0.2203160822213473,0.2064802290143272,0.8665738547724612,0.6600936257581339,22571212.035286702,0.5883488571829253,0.1009930417631549,1.2335,0.2273185211522352,2.044499555707579,6.536030742654137,0.9083299854658452,2.90382685234904,2.917084369719777,0.4792829602105525,-0.0051788723141274,0.1215850325553501,0.091897307765109,0.0230020607197691,0.0230020607197691,184.34021276738227,17.228245349672154,0.09756076964067364,0.03892232575809065,2.122522230884617,0.9636484476512799,7.9166878066321935,2.7568002471863986,0.07352428933331798,0.020555290031717435,0.014288317785233696,0.008766714155407529,48.12170875776801,12.884547679753728
936,935,19,B_optimized,False,131.53890916111013,84.20076779178078,524.8538809732465,1618,45.9304665156256,0.7338267196391116,0.0236603325465343,164.34879546715985,0.3364436729019272,8.372353253126851,0.2181951345796506,0.1609266279623971,0.8458213896061875,0.6848947616437903,71504435.40592521,1.8638588299475,0.0520783846011905,1.23375,0.0642517070017188,3.090084863321939,13.151228996226076,2.504628055377458,10.659557443749604,3.5782087127560134,0.6406551270939687,-0.0103681648059207,0.054392743969089,0.0199076623717862,-0.0037526701747481,0.0037526701747481,196.9351309095217,58.99271603061115,0.0988890964294459,0.03887087383498115,2.0779465642720343,0.9493537703460494,7.817470290075362,2.7602006449853946,0.07442468898804316,0.020581601561260803,0.014389829319685332,0.008780013976412902,47.46665747884745,12.824138455477748
937,936,4,A_standard,False,120.7045247489593,81.37301582465767,382.8809137814534,699,87.64108223683775,0.417835455747969,0.0505414215663769,237.24792035497825,0.3341934755524544,5.510420484829872,0.2317269482208499,0.2788969494044149,0.8956474542299374,0.6167505048255225,21778166.08461222,0.5676770528490047,0.1033010505407196,1.234,0.127473496367248,2.699846206254002,5.970418515563973,2.187881852717992,4.838264599322508,2.707040058152739,0.4272793792174563,-0.0146964354640304,0.0970053852176228,0.0703412963606651,0.0197998747942882,0.0197998747942882,206.2666907906895,37.32018254682361,0.09903410354359211,0.03872985224908142,2.06270046412144,0.943925488416628,7.797495669830904,2.7358082039372573,0.07484403588111484,0.020248693644092396,0.014270519538793271,0.008865978057955724,47.22652034024515,12.562706378781991
938,937,3,B_optimized,False,134.89897965759943,95.01709180265314,633.0130208289895,1781,64.93710894902064,0.7666803384700764,0.0275541699937027,173.48190483622187,0.472403213828545,7.049664618163282,0.2143763943226238,0.2206270229792376,0.8684951372280162,0.6478681142487785,107121907.29235391,2.792275914832641,0.0511534483669083,1.23425,0.0631361436468566,4.313043011230568,12.665189443374668,3.4944646637476757,10.261445771419623,2.67153724032302,0.418614704351147,-0.0135940793189027,0.0701485333304759,0.0085040019956543,-0.0190501679980484,0.0190501679980484,176.29816219215152,53.69092862379246,0.09935182987262937,0.03858531518562494,2.063780829864331,0.9447331291435359,7.760159826318554,2.7340857335539916,0.07502234796947668,0.020051658318994026,0.014185341083994607,0.008952611084411902,47.1115453627704,12.43644991570766
939,938,10,B_optimized,False,145.93233132805705,86.34005929338085,515.5298897853099,2012,52.90148379535204,1.009652875278162,0.0231710450095269,181.04538644737303,0.2562132674611989,7.993879352718144,0.2028976248038268,0.1975153188927707,0.8522481087824428,0.6547327898896721,89555893.0781664,2.3343942391822985,0.0568063727019602,1.2345,0.0701274671005698,3.4769922721356066,11.525692607144396,2.816518648955534,9.336324509634991,3.4223120687454105,0.6040363750212563,-0.0063868763223587,0.0633742437950536,0.0,-0.0231710450095269,0.0231710450095269,170.765716619521,53.56635062725433,0.1005303008427383,0.03828166755061943,2.0597020679853526,0.9433175196015572,7.634260752229961,2.709546599170659,0.07595042013652986,0.020307000065769836,0.014370703983600663,0.009075481052149875,46.53612832858618,12.491155226426171
940,939,11,B_optimized,False,125.86680434885145,67.15955216796861,645.2159160737216,1329,47.76437418963164,0.656112888696621,0.01329106574657,288.17926708423045,0.436488457428393,7.636643269423565,0.2250324680049601,0.1793362610270897,0.8583589885824526,0.6790227275553629,57588775.51498334,1.5011285263651148,0.0670596182577615,1.23475,0.0828018636437711,2.674280970967698,10.125657514860247,2.165848123885562,8.20057300251893,6.033351676295728,0.9540583042502402,0.0129007034733245,0.057197223961069,0.0238798129373331,0.010588747190763,0.010588747190763,295.68480632832114,59.097113167166384,0.10216361760165077,0.038252333480948225,2.028348224128497,0.9465992775555643,7.502349216296402,2.681500206488885,0.07636462976606918,0.020209066464002945,0.013939682689578408,0.009210213149260649,46.24197677136187,12.416903851756581
941,940,14,A_standard,False,124.58180652792578,66.78996048544141,354.7670674406403,984,82.45354948572417,0.4711210145715113,0.0337245132853364,374.9040800933804,0.346888847119598,6.6993825057242535,0.2266547320066645,0.2190518659365596,0.8746008657572008,0.6555489998206411,23315760.361241955,0.6077565060060545,0.1086255660085723,1.235,0.1341525740205868,2.016577441071956,6.034942085078824,1.6328562275886285,4.886592781440343,4.546851923679653,0.8244585866436024,0.0089080722985731,0.0797627914268523,0.0474074674184473,0.0136829541331109,0.0136829541331109,391.6752034096653,46.27329826384632,0.10091155715140455,0.03876147661224431,2.0507035455249176,0.9391015041841986,7.638513657751816,2.7750273932130343,0.07541969812287906,0.02089921936610201,0.013979788243018806,0.009196601773716418,46.77827119845434,12.766899253093744
942,941,9,A_standard,False,123.5870492738524,63.9942030538791,453.631712375148,786,86.11061200073944,0.4863552657813007,0.0146580767821914,263.1816980564997,0.139796071209525,7.500343801915044,0.227930242805516,0.1809462625302895,0.860702058184393,0.6797557956541036,22817422.73194348,0.5947666685870165,0.1123789479851452,1.23525,0.1388160954986506,1.610143766021086,6.048782337275099,1.3034962687885738,4.89680820665865,3.0563213051399494,0.5140766054607669,-0.0034670560413582,0.0858796659786718,0.0146588431689438,7.663867523776541e-07,7.663867523776541e-07,241.60379222509823,39.985733616268746,0.1011385892551102,0.03860136325492044,2.0110729832092566,0.8883712637420752,7.631127869744781,2.772444618966657,0.07540714448530171,0.02090773667521369,0.013754083590180504,0.009170962008363938,46.58450099133253,12.642973898023179
943,942,19,A_standard,False,119.80305278387596,83.14128234748988,358.0626618206953,944,61.60345010197536,0.375395339509734,0.0275369347336357,493.2764097109293,0.0811138088483817,8.329655048467997,0.2329461344652356,0.1436520899197803,0.8465439991995615,0.7028919092797812,28102680.68811464,0.7325339924493288,0.091054689631313,1.2355,0.1124980690394873,1.5776462530533886,7.71944764323332,1.2769293832888615,6.248035324349106,8.007285450642513,0.9933554095047088,0.0131461702863444,0.0553516142340178,0.0389403836866712,0.0114034489530355,0.0114034489530355,504.9198221843805,53.631388193550535,0.10169471201733744,0.038401135546021134,2.0112563481846637,0.8884958904984447,7.570409111990972,2.7721980170666214,0.07558826614156733,0.021001978016193353,0.013780062424247772,0.009177740491919202,46.489324015863524,12.694087593264047
944,943,10,A_standard,False,130.758614877843,80.12127956390661,328.6961576557455,837,65.16433313948397,0.1965372120450411,0.0107428247909413,160.15555135683817,0.1809580909503156,7.913772412889781,0.2191057674037433,0.1765849566567305,0.8536146229221809,0.6770296662654505,22042860.990641687,0.5745766799147163,0.1129725488084968,1.23575,0.1396058271900999,1.5630784515277685,5.992868828808171,1.264882420819558,4.849580278218225,2.457717951536861,0.3676568794968145,-0.0086607596810043,0.0931861896124685,0.0298089624224072,0.0190661376314659,0.0190661376314659,153.3139056337267,32.857794881153644,0.10320252836139134,0.03834357417942572,1.9982866855673072,0.8897336087588975,7.444336478764186,2.7535355598654685,0.07633517014858175,0.021098835559116604,0.013813274793689816,0.00916630150207542,46.03820804622141,12.523865304290663
945,944,3,A_standard,False,120.17667559446524,70.1955897753583,291.35237188556454,868,86.63215440256495,0.4158606498681443,0.0537032248562626,96.21054419753162,0.0885567058926272,8.06093756987087,0.2324389458448661,0.1535581692052469,0.8511058701435891,0.6975477009383422,17752033.568798434,0.4627305191474543,0.1163022872444076,1.236,0.1437496270340878,1.3203366231529616,5.997712662971583,1.0682335138778003,4.852518335737527,1.1105639108368184,0.13130877956177,-0.0200833606982535,0.1080734452449576,0.0365640990812034,-0.0171391257750592,0.0171391257750592,73.35524370500768,25.57487498962302,0.10475387528024331,0.0387609186256335,1.9603409561133731,0.8821583255944775,7.36151210892792,2.7832982831245543,0.07769487919100562,0.022296919422577416,0.013638641529908154,0.00914951214311613,45.26820553684664,13.026239081896843
946,945,3,B_optimized,False,141.16548642332293,91.22776307814004,501.01647464115337,1657,56.57682600696962,1.0702368656918002,0.0518491268551287,303.4479500157946,0.2592008861808444,8.731968803085739,0.2076696625345263,0.1631043637591346,0.8397598036581558,0.6766554398990212,75735856.492961,1.97415648507232,0.062036849058538,1.23625,0.0766930546486176,2.629152934657098,10.907314768042598,2.1267162262140324,8.822903755747298,5.36346719023109,0.913998735648634,0.0008165969267895,0.0467542758655104,0.051685789084104,-0.0001633377710246,0.0001633377710246,325.4783011062362,62.00848294683532,0.10695047520967778,0.039813128880483405,1.9321450560022813,0.8837962937610642,7.243258180114894,2.812136832410179,0.07943802582273285,0.022373581061271727,0.013903431835553053,0.008936143320376387,44.37165981910581,12.962633388940528
947,946,20,B_optimized,False,128.89010680583246,77.27282736443986,697.5944744046152,1404,53.37784515468945,1.0888950598746188,0.0434428461769012,155.44662850585084,0.2992257499386047,7.656837299266753,0.2213244119228947,0.1836644160379081,0.8580123840399568,0.6743479680020488,75682756.7370412,1.9727723688510344,0.0605004384014022,1.2365,0.0748087920833338,3.0357534737079086,11.146166636478778,2.455118053948976,9.014287615429662,2.912193777312763,0.4780625372142554,-0.0132244093617734,0.0693644045479757,0.0194294123349391,-0.024013433841962,0.024013433841962,159.9343741536156,48.13652985754769,0.10707488174067319,0.0396970698860206,1.9156270084286922,0.8608897387736556,7.230760328731986,2.803517660904015,0.0795227270647611,0.022322557551694076,0.014050421347987077,0.008960578590141568,44.30245686888048,12.928053067836593
948,947,3,B_optimized,False,135.61483420261894,80.85724058271458,684.0166363430666,1783,67.3077225122282,0.9505568874728744,0.0118567585916176,194.50658870086107,0.2065154689068261,9.359177883051917,0.2135836427489627,0.1354751154426597,0.8292914996057312,0.6938163841630716,98613625.04790165,2.5704961483191107,0.040012520578629,1.23675,0.0494854848256194,3.385818076030379,17.339981938894486,2.737673803137561,14.020603953017574,2.8898108781726184,0.4724805581790545,-0.0161361208720269,0.0555606723380912,0.0,-0.0118567585916176,0.0118567585916176,173.50286921839077,59.67099771549358,0.10805369123917352,0.040230782242062266,1.9061128616972938,0.8674149442374643,7.187832798219734,2.8298714522926334,0.0793494945572035,0.022275976840303264,0.013932359271344246,0.008945317521469187,44.47086725391029,12.884535406798813
949,948,19,B_optimized,False,133.54428571559836,69.76596822259786,821.7153644012194,1431,57.72497622792968,0.6038758378465157,0.0428660004120053,99.20804569495594,0.6526472913537423,7.010728933898587,0.2158963552985769,0.2201181514346303,0.8691717096709078,0.6490535582362775,82036036.00919616,2.1383790980462862,0.0498764610219532,1.237,0.0616971822841561,4.4132672391841306,13.013223972538782,3.5677180591625954,10.519987043281148,1.7186329415403911,0.217317609836826,-0.0216597714660252,0.0887495963697675,0.0270500692380308,-0.0158159311739744,0.0158159311739744,111.96211440036409,48.29443750583749,0.1082777949055563,0.040487509408877964,1.913610521145519,0.8587091253245651,7.176923465630056,2.8401409640034716,0.07921541874176463,0.02207461925271142,0.01384324349395908,0.009045064369809171,44.6128487927344,12.714260684197322
950,949,6,A_standard,False,112.55707033009448,67.65277527148821,399.2117821331788,809,52.213303583339496,0.5539738499430334,0.010571129255125,146.78705558031174,0.0928974821181308,9.92800255305952,0.2433448059942055,0.0892844574299894,0.8199105327644496,0.7306260753344601,21849298.050750483,0.5695312027688758,0.0998997504139754,1.23725,0.1236009661996911,0.8937405454968883,7.31359259964927,0.722360513636604,5.911167993250572,2.811296077943426,0.4529635142376245,-0.0114867958024338,0.0802840153933183,0.0030249603428404,-0.0075461689122845,0.0075461689122845,120.52291757404384,37.22969649555093,0.1078999901466658,0.04018804493320558,1.9119777542577032,0.8604718844444187,7.192280735308418,2.8279282832841766,0.07933127839670656,0.02209973307948589,0.013242734414647385,0.008817215444358232,44.6839346945684,12.678966181642778
951,950,2,B_optimized,False,129.2519303957926,84.20961614499116,726.3085960547608,1479,56.64527136708804,0.3627413508746137,0.0205544536120502,111.90219254239096,0.2743052282148587,9.113038630494264,0.2208905318096285,0.1335894551528065,0.8333839883595544,0.6997945332067479,90458846.58526012,2.3579309311046184,0.0431881722069124,1.2375,0.0534453631060541,3.093195389533645,16.20338387681856,2.4995518299261774,13.09364353682308,1.9754904485709324,0.2641499258597771,-0.0202274871321024,0.0652457965534105,0.0,-0.0205544536120502,0.0205544536120502,101.44231888323569,50.58175560222951,0.10691641362587012,0.040281910838127835,1.9092536177665616,0.8600784356430039,7.270138826187465,2.81414362176373,0.07889471861806854,0.021718163934347418,0.013340705949701926,0.008998043100379152,44.81003284180334,12.551220034848807
952,951,7,B_optimized,False,129.10138843405036,74.78900567945958,611.9377169759748,1494,62.20517666284352,1.0157669828519882,0.0741504418824434,180.9446308956956,0.3460669139988293,7.644002219487778,0.2210708028095471,0.1845443052746003,0.8582326654600533,0.6736883601854529,68374722.8052452,1.782278681347487,0.064320766086133,1.23775,0.0796130282231111,2.8691248022057763,10.473885825353909,2.318016402509212,8.462036619150805,2.908835576119788,0.4772246655717468,-0.0141802635425188,0.0705838106570762,0.0593437842949219,-0.0148066575875215,0.0148066575875215,161.008947413034,48.07430131806042,0.10513067482804067,0.04035723719999599,1.9381232453303554,0.8468132574289473,7.4073907672017905,2.858473059793416,0.07778072908351108,0.021656993023363633,0.012754179501841142,0.00808655305771483,45.620044530312356,12.388744698105098
953,952,13,B_optimized,False,136.65848618552252,80.8013571039478,723.6263083947038,1586,63.742972944741695,0.822277012266216,0.0287127872773913,184.2105458041534,0.0951623806832272,7.71068129576892,0.2124405433532422,0.1943564714937897,0.8570889050510943,0.6627324335573046,92733400.57849728,2.4172202258234767,0.0617993681125396,1.238,0.076507617723324,3.144958879512445,10.72393543491314,2.540354506875966,8.662306490236785,2.8898957374304484,0.4725017087773061,-0.0132990580810436,0.0609419314618415,0.0136604123558082,-0.015052374921583,0.015052374921583,187.57629580812636,50.46442607838407,0.10536787779471346,0.04046332898443906,1.9387332814688782,0.8460957175784357,7.3961802907596015,2.864904033098291,0.07796927780743274,0.02175943791596781,0.013151411218520455,0.008390734586082492,45.403337235446564,12.540044777697728
954,953,9,B_optimized,False,140.9732359689761,77.72720795711373,524.210250714934,1658,61.2688407543784,0.6509605058357075,0.041474497955843,229.08880692616617,0.5203556725443048,8.206735591611736,0.2078678668047853,0.1816058461532549,0.8486276939881775,0.6670218478349226,67555871.82480572,1.7609342343682324,0.0589979080869878,1.23825,0.0730541596887126,3.0781743292574246,11.305855910203642,2.485906989103513,9.13051153660702,3.739075264122653,0.6767936088747092,-0.0024273218069664,0.0652359902821173,0.0308991941205697,-0.0105753038352733,0.0105753038352733,210.60998383144693,55.05780902928502,0.10468371604043795,0.040897023666643884,1.9829785529764865,0.847185533785677,7.458401372460311,2.8995390689955194,0.07730981635474192,0.02188740123645579,0.01347719006701968,0.008714410635641693,45.81172965973773,12.511727559491035
955,954,16,A_standard,False,126.96258823321462,68.943190297495,436.5935379289728,881,92.24629357599804,0.5204387459380239,0.0898373557139632,384.3305079984054,0.6905877530302486,8.598670929871977,0.2236711601334191,0.1461276531718641,0.842001554453311,0.695873901281447,26518233.35529061,0.6912332516616307,0.1004935137189739,1.2385,0.1244612167409492,1.4541003470184573,6.92456533291721,1.1740818304549514,5.591090297066783,4.166351764385751,0.762484947046585,0.0049084231946977,0.087649177486476,0.0808391726089129,-0.0089981831050502,0.0089981831050502,388.5460566225638,43.68282347661053,0.10615564498240188,0.040370640023703004,1.9502686965631477,0.8382993562550638,7.314366259938939,2.8211404260047077,0.07769553041971591,0.021756970689739526,0.013238334761262363,0.008641002135866735,45.5621775119839,12.441208096028692
956,955,13,A_standard,False,115.57715042865694,71.81730238709973,346.4588818996599,1127,61.7668285647721,0.679933170473874,0.01,298.340474310437,0.3994104078119965,9.094548275233455,0.2388760667886254,0.1138959551777923,0.8336922366725183,0.7197962814947261,28041723.55641706,0.7309450632099352,0.1009954942087105,1.23875,0.1251081684510402,1.1277330347274948,7.127013805261875,0.9103798463995922,5.75339156832442,4.830108348489687,0.8617746337095524,0.0054852596075048,0.0717446200147772,0.0212977457211786,0.0112977457211786,0.0112977457211786,305.28109060131857,46.57012118698212,0.10684788334023075,0.04066378965123278,1.9279743324526086,0.8418717652939779,7.293367096041993,2.835782589952432,0.07839177115496536,0.021907379512035235,0.01380891959027887,0.00951436681513958,45.10978756189545,12.630288925267726
957,956,9,A_standard,False,123.98271305545984,82.80037825055686,441.5540936645887,1066,88.43344891924978,0.7933229815945683,0.0831137906048182,106.02248667503818,0.0678299105080296,6.659408751984917,0.2274208259782792,0.2199207029142117,0.8753003669293787,0.655379664015167,38973861.8077614,1.015905881294886,0.0804129139377899,1.239,0.0996316003689217,2.734892844255708,8.150179267501615,2.20733885734924,6.578030078693796,1.198895756874181,0.1417166992663097,-0.0307423034895427,0.0901481589350303,0.0483001852831253,-0.0348136053216929,0.0348136053216929,87.59782414892128,32.59673043887163,0.10821922157043379,0.0401663214978091,1.8922751103174054,0.8349156336070079,7.174045645006368,2.785214001418352,0.07963296130401486,0.02143686771182792,0.013873345373725372,0.009478545224885148,44.35891413347298,12.339970974890141
958,957,13,A_standard,False,122.72717689117316,73.37973939389781,212.09894776198968,943,71.11415375243037,0.6139000657187702,0.0772630960893116,289.2335497513343,0.3659522982549288,8.437442622061248,0.2290469465354654,0.1447755786261443,0.8447210263714535,0.6999454477453092,14676630.878282549,0.3825660310591063,0.1292146044126232,1.23925,0.1601291985183433,1.120427364106846,5.416922111297583,0.9041173000660448,4.371129401894359,4.067172770672949,0.7440588832777345,0.0078495978218976,0.0947236283664182,0.0739164824469417,-0.0033466136423698,0.0033466136423698,316.9446906544322,40.46306417741917,0.10922886243054915,0.03972079456305751,1.8809710393250794,0.8346340060878181,7.083991174997274,2.755491207714741,0.0802196901804262,0.02085964547844057,0.014071433039878735,0.009316200779097344,44.0163484540887,12.038125684933775
959,958,20,B_optimized,False,134.22158278086897,95.4001024138868,563.3774656687024,1687,66.35570778251963,1.0347124687511209,0.0946705642692772,231.34663269009303,0.2516074740466307,5.883485747537285,0.2151331708546663,0.2820325061798134,0.8889896241125969,0.6069571179327835,90669953.98520724,2.36343372808812,0.0508092818641095,1.2395,0.0629781048705637,5.550806778456647,11.945792100665845,4.478262830541869,9.637589431759451,3.486461683873978,0.6192725419736256,-0.0093724680455021,0.0589633829069161,0.0751366767050345,-0.0195338875642427,0.0195338875642427,205.8723378491765,62.49711467652007,0.10783064058085567,0.03991002748804827,1.8960512081411351,0.828217946342526,7.186223116219355,2.772278786086533,0.07974981580710544,0.021237345484636065,0.014194077533975193,0.009279633065138897,44.28169241179087,12.251943578406864
960,959,9,A_standard,False,123.0302714237935,75.80823226431313,346.11826376344595,897,90.48903715171582,0.7073780963612339,0.0330561136251827,210.52526126591067,0.2879416385296075,7.822699514164516,0.2286518080814573,0.1671816408328536,0.8551708629669141,0.6879892221340606,23536036.516079195,0.613498298859736,0.1048248433526943,1.23975,0.1299565995465027,1.5948665935073545,6.563226808927801,1.2864421000260975,5.293992183043196,2.326527808146965,0.337719795477232,-0.0154797183343735,0.0970735117674033,0.0150527739286319,-0.0180033396965507,0.0180033396965507,165.61377397416788,32.57962771528116,0.10663298765155281,0.039057654302368565,1.9151510747664913,0.8167147733838657,7.23080959172518,2.7397613882489518,0.0796014910499316,0.021092044323081777,0.014203188742909736,0.009267134285975127,44.36419563288836,12.19488648927352
961,960,4,B_optimized,False,135.4206789523993,95.85808240116472,679.9828278867599,1599,59.86945930331031,0.6276882238244381,0.0920022152416964,217.7641851647477,0.7078935401859907,9.45391250378746,0.2137979499828902,0.1324927817196491,0.8277217348721136,0.6952289531524645,104225778.06516673,2.7167844295545875,0.0529092931455418,1.24,0.0656075235004719,2.5041495329599384,13.140015899287144,2.019475429806402,10.596787015554147,3.63731671705121,0.6541466492165084,-0.0076838520089899,0.0692351533288558,0.0971197155608478,0.0051175003191513,0.0051175003191513,225.8484311237377,54.88583212850045,0.10371288403325142,0.03510894237862268,1.9380514835132294,0.8038595286720823,7.3403639899854705,2.6718855180987937,0.07874477919608783,0.020203178587295364,0.014395040315138283,0.009548046141861177,44.83181935824489,11.565123878069242
962,961,9,B_optimized,False,138.42704439774627,80.37210536171793,455.75753035268656,1361,56.341211717813614,0.7151689483538115,0.0169290931812578,241.2119816997087,0.2259510013379183,6.582390967781501,0.2105369684002715,0.2501144566771287,0.8766496797689041,0.6265352230917753,49853691.65075628,1.2995032106923283,0.0724870764736922,1.24025,0.0899020965964968,3.450469640169621,8.643405881035411,2.7820759041883654,6.969083556569571,4.281270749160047,0.7826660084042616,0.0008389943453543,0.0575703167952328,0.0201473544336243,0.0032182612523664,0.0032182612523664,191.93299534753763,57.74618943664935,0.10537378936876435,0.03516831597337649,1.9120978854435244,0.806138952891636,7.219269387910244,2.655539298457119,0.07985423193464829,0.020361116799118104,0.014719832325863874,0.009454389461737494,44.25905903229055,11.558639938327621
963,962,17,A_standard,False,146.00770481272122,79.35416087256137,347.1933561526895,1001,110.0,0.615016143839468,0.0646259224226296,161.14079571889167,0.4344215526406239,6.4007622139683376,0.2028242999073356,0.2730145700918632,0.8798399665161636,0.6068253964243003,27578788.67546304,0.7188780458192162,0.0964917630368241,1.2405,0.1196980320471803,2.829408039603057,6.288882877937652,2.280860975093154,5.069635532396334,1.464916324717197,0.177251100618813,-0.0198293983965912,0.1041291149597245,0.0398582627689025,-0.024767659653727,0.024767659653727,175.06772276672925,31.277167182077893,0.10440344712624648,0.03521540595512408,1.9175683997757331,0.8089717404178941,7.291082610741693,2.6383312097984173,0.07871003744621317,0.020975810557876198,0.014515194613265968,0.009452922398169562,44.767514944098245,11.803740838944364
964,963,5,A_standard,False,130.45129253735658,60.64259199180465,299.1103939314857,1036,57.268223698788745,0.7564848883891075,0.0607617026989369,202.66809895115284,0.0701032931053807,8.220795099547976,0.2194669645039834,0.1646072498731891,0.8483891017786693,0.6837818519054801,18791827.44456407,0.4898341384637816,0.1140490471447261,1.24075,0.1415063552448189,1.4433022808538296,5.99550692464597,1.1632498737488046,4.832163549986677,3.5389276262018825,0.6315629210165757,-0.0044691913018952,0.0818188542487101,0.061340578014019,0.000578875315082,0.000578875315082,195.7427233959978,42.11610482155371,0.1060070558047219,0.035123333530796316,1.8615097038329163,0.7944548683048291,7.185884803553873,2.62229193883978,0.07958680831422943,0.021519796576347953,0.0142008226772803,0.009559796038720519,44.21237912393443,12.02611664195745
965,964,19,B_optimized,False,129.17028736192225,80.51182169095084,646.6555293559505,1731,64.91337649670423,0.9049780728633988,0.01,374.8028491427638,0.3723127024806464,9.387429164172602,0.2209882533905603,0.1256177673928893,0.8288230610123705,0.7032052936194811,90121770.80237947,2.3491445995894207,0.044230973713929,1.241,0.0548906383789859,2.8400407417060807,15.898480964212416,2.2885098643884616,12.811024145215484,5.7738923681129615,0.9412486032577776,0.0016528922629218,0.0375569183487421,0.0219013115813455,0.0119013115813455,0.0119013115813455,343.6207247398468,67.97083235055156,0.10595468535421695,0.035179830117267524,1.8653940138337226,0.7996770865866722,7.1936238042995,2.6293294589689835,0.07914491728674766,0.022079081006018297,0.013953355114969783,0.00948269087538827,44.46442134744081,12.353751072412193
966,965,12,B_optimized,False,139.43815505047755,77.01245626920388,558.1763037093422,1590,54.27283087934289,0.5772794336770246,0.0260053411179674,160.2716107785524,0.0618646453286326,8.325395451085322,0.2094671327233423,0.1748377786824403,0.8466161210036824,0.6717783423212421,68348579.80607532,1.781597229077184,0.0644242323730206,1.24125,0.0799665784330119,2.713851174354981,10.42741710031716,2.186385638956682,8.400738852219265,2.953072618136717,0.4882703070289705,-0.015249464249279,0.0612007757305556,0.0167586207451235,-0.0092467203728438,0.0092467203728438,131.46043166792327,49.80003978539129,0.10736259327282563,0.035639951023043424,1.846938102642121,0.8032420769178519,7.116679270518688,2.6554238035995725,0.0801439227981291,0.022195489454831362,0.013891196338596952,0.009515325956486543,43.86536191222906,12.35594115513325
967,966,13,A_standard,False,131.96296807196265,76.03889513979234,516.8702726587311,800,86.95377147860648,0.7776280451436901,0.0587661429994036,138.40414014429962,0.2107498664096446,6.095382103118449,0.2177040833520586,0.2652746503100932,0.8852301227557084,0.6199554724456152,31441795.570858505,0.8195724918526196,0.0819451337228008,1.2415,0.1017348835168572,3.2372227398816475,7.565494670406717,2.607509254838218,6.093833806207584,1.5916979538760043,0.1965020064048864,-0.0214830844321414,0.0907109271621787,0.0420036730246587,-0.0167624699747448,0.0167624699747448,92.37747276465517,37.490069782116095,0.10738837450753042,0.035660186357638936,1.8441680277705865,0.8042336417542092,7.1165747792373875,2.6555134499832356,0.08033393754706357,0.022232796388992497,0.013817537255934735,0.009531212673083227,43.74940823078924,12.360086172136233
968,967,7,A_standard,False,115.78881362926164,67.64344996270711,345.36651571178675,891,61.91837286406261,0.6426747756168391,0.0655314935777067,213.97501156352087,0.4377081165868597,6.3168715869537255,0.2385703152884156,0.2215697044699023,0.8813174121372391,0.6597477076673368,20815348.31829117,0.5425799188712275,0.1117040060591146,1.24175,0.1387084495239056,1.9835430463670731,5.906213491736304,1.5973771261260912,4.756362787788448,3.455759601972872,0.6120077550670401,-0.0008958640585798,0.0973095119820607,0.0770626284082621,0.0115311348305554,0.0115311348305554,211.67019320606133,39.64853093317367,0.1059634965469602,0.03580186636027388,1.868578773057476,0.8060092254761517,7.220168285294383,2.6681528724943364,0.079924067833503,0.0223172145563718,0.014115047458538704,0.009320975787028526,43.99073697763958,12.402825075697873
969,968,19,B_optimized,True,139.9160585823585,88.8480503320223,659.1176349637938,1809,55.26597213075729,0.7781038180785865,0.1496827519935575,132.27361800090452,0.43766116960187,8.09774643292942,0.208966050047855,0.184122480786021,0.8504795359299304,0.6663570551439093,105937422.10202985,2.7614007227079207,0.0519208097711931,1.242,0.1529258003556522,3.546217433769236,12.834103668267902,1.2039988043732066,4.357388050899157,2.3934007292579587,0.3528353399720161,-0.0208318688682269,0.1297440822251464,0.1394597870758157,-0.0102229649177418,0.0102229649177418,95.46299725815214,18.2349963846588,0.10493942002089836,0.036339418376967435,1.9017988542010777,0.815302428185111,7.315063035230479,2.716804093389162,0.08003071292543103,0.022209878448977476,0.013894148985087024,0.009515399141948072,44.091749137220795,12.503105076468549
970,969,1,A_standard,False,124.76829493090464,49.87123843381787,321.45884598768964,681,84.26768922217504,0.6059570219636878,0.0884846381777859,101.32925261676074,0.1555558434671174,6.820757580704233,0.2264175357439367,0.213452890655171,0.8724803456681822,0.6590274550130112,10917486.064095078,0.2845788892098041,0.1442624027357635,1.24225,0.1792099697985022,1.4796155242619895,4.5682550859776745,1.1910770974135558,3.677403973417327,1.2024686276800851,0.1421518350885185,-0.0177818264879938,0.123107752031469,0.0752348468170455,-0.0132497913607403,0.0132497913607403,100.94001962158288,23.309745858193317,0.10350039304453569,0.036363241202454426,1.9444580277720354,0.8368145873019525,7.407727763479801,2.7100019305041765,0.0791132130438337,0.022599470052084996,0.014269787673279036,0.010077843916953029,44.714216131073016,12.705508411539602
971,970,6,B_optimized,False,150.62175779250245,77.36864103733298,553.0037277757463,1473,68.77261533837532,1.0178274367826723,0.040656358483903,188.4094116678555,0.2976872354683662,8.136686293905656,0.1984548099213493,0.1989375083739022,0.8498174426837398,0.6508799343098376,63022521.39340518,1.6427663866977362,0.0593778799234264,1.2425,0.0737770158048573,3.350363950859337,10.96165668341832,2.696469980570895,8.82225890013547,2.739599341116267,0.435265219920721,-0.0124200915183374,0.0684048141822835,0.0215468859827882,-0.0191094725011147,0.0191094725011147,169.54476691921047,48.94632477107067,0.10394804141926879,0.037001015942959625,1.9456871328163305,0.8355455023529943,7.3915443411805795,2.7279291643584567,0.07930080818650216,0.022881935848813567,0.014405614237616904,0.010162713855478428,44.67005774798115,12.777020907662854
972,971,9,A_standard,False,131.7224210395321,52.9746436641135,351.81734794034537,1035,77.93227836448106,0.4692151742093949,0.0135455721117099,422.2119311149633,0.3572122160861688,8.195995113266939,0.2179823018667453,0.1675318358705049,0.8488100069161585,0.6812781710456536,19289707.594463,0.5028120510698548,0.1234276461967456,1.24275,0.1533897073110056,1.3573282893482108,5.519656187558544,1.092197376260882,4.441485566331558,5.417677244598478,0.9181653874502926,0.0129392344496172,0.080981455139255,0.0013715937147759,-0.0121739783969339,0.0121739783969339,408.5584623351226,45.32860362576669,0.10383817253989262,0.03709164208437196,1.9500681304169956,0.8370869073689836,7.404637425592658,2.736496980282221,0.0795182772907953,0.022616432208319208,0.01460772171525742,0.009972396642452771,44.62659688364312,12.720411269514228
973,972,10,A_standard,False,121.80376869669595,61.85505910785052,209.80303830319195,1148,81.29782322461843,0.4937994078554135,0.01,216.21119901821427,0.4441620179667005,7.510242489342289,0.2302610704562124,0.1774056297230969,0.8605316786374493,0.6831260489143524,14898031.476867644,0.3883371340443388,0.127979087424862,1.243,0.1590780056691035,1.3862079601657868,5.337794343278338,1.115211552828469,4.2942834620099255,2.659495549110123,0.4156869451188316,-0.0056511855114009,0.1085677763651018,0.0117929997189847,0.0017929997189847,0.0017929997189847,211.23791521170375,33.04841491815678,0.10464522657917402,0.03688555150522821,1.9251514418058469,0.8402824382551617,7.3451484037852515,2.7331193624115846,0.07959091446835954,0.022588971036107897,0.014521610640644066,0.009907901901215562,44.30620683093115,12.831459661157151
974,973,10,A_standard,False,137.26450274814388,74.24978582874066,296.80924522585593,910,70.88313723671763,0.4493244002974607,0.0551038058112996,238.4088933591029,0.2849484433084499,9.814754293948813,0.2117835669657443,0.1251047774405994,0.8217697062605028,0.6966649288199034,20054600.82990907,0.5227500171940532,0.1045467764106135,1.24325,0.1299777797724952,1.196639262689872,6.663667238133786,0.9625089585279484,5.35987712699279,3.363407753284466,0.5898651040080755,-0.0041714487397556,0.0868617203572531,0.0569550027810777,0.001851196969778,0.001851196969778,239.1455431498985,40.24768642687857,0.1051597026021862,0.036274828173644996,1.9132608589419784,0.8327225250604561,7.248370688241447,2.572896868245607,0.0793399080202875,0.02292861769642179,0.01443713048028978,0.00994901040697085,44.36135292127458,12.90455779553626
975,974,3,B_optimized,False,132.7433748566425,76.6293018028344,688.182332370967,1312,67.97539302364186,0.8422221487242261,0.0459929801689187,84.35725240358968,0.4392169477609123,8.590467204934292,0.2168073638963383,0.1552875764174001,0.8421397167704544,0.6868521403530543,69188230.31513493,1.8034838436136995,0.0635752547006773,1.2435,0.0790558292202923,2.4425789113786363,10.803765452248136,1.9642773714343675,8.688190954763279,1.240996905663351,0.1469152391623262,-0.0268489404787473,0.0869652385378299,0.0141398344808918,-0.0318531456880268,0.0318531456880268,98.63764346550204,35.37507464170906,0.1065008435679225,0.035872527409784645,1.8674139061385842,0.8023243251718252,7.144674952512641,2.542653377395193,0.07964642103998622,0.02315826261043371,0.014886912886328289,0.01050541060449561,43.90191068144362,13.167921778822349
976,975,5,B_optimized,False,132.25150918999122,87.82874290931971,651.7394681300651,1594,54.93459354461342,1.049485267364736,0.0403107670055494,267.9456115534974,0.5134763095927682,9.211590878794176,0.2173714897208386,0.1350193426359416,0.8317429688374713,0.6967236262015297,91242884.3552621,2.3783679251502976,0.0480107111235737,1.24375,0.0597133219599448,2.8122754168006017,14.511837252488254,2.2611259632567653,11.667808846221712,4.877538801409237,0.8673281722545181,0.0006928357227513,0.0516550664275629,0.0517046839494394,0.01139391694389,0.01139391694389,251.004184746343,63.01407825556207,0.105229981890603,0.03637639201335607,1.9112994414395093,0.7984157427942022,7.253949253730424,2.6051961467952776,0.07953663774065553,0.023168187117723973,0.015422539360144599,0.010802044192540631,44.0903729856253,13.137877276260566
977,976,2,A_standard,False,120.37842731279176,70.91039652272237,418.8267978611783,645,87.80541109496501,0.5931877416342584,0.0861586216006585,229.44014375120585,0.2407767540074922,8.920581758271622,0.2321661832833799,0.1260524209222718,0.8365979794533203,0.7105455585310485,19155967.430387467,0.4993259346588139,0.1036108038602424,1.244,0.1288918400021416,1.2165953378018393,6.857832697538784,0.9779705287796135,5.51272724882539,2.613052440504576,0.404452329064617,-0.0154787333824732,0.0941476323705924,0.0570924393842093,-0.0290661822164491,0.0290661822164491,212.44684931037403,31.565700136822905,0.1062868108453897,0.035969454249506747,1.899294290654067,0.8021171761806807,7.134771819381593,2.4906797603705897,0.07982828756080337,0.0233153578492583,0.015317806416228158,0.010888305800419931,43.957895789368074,13.240239438398634
978,977,12,B_optimized,False,139.61379522944247,75.69360723746681,776.0329325193197,1833,51.37158738155507,1.0267204716011995,0.0740549352253331,163.10854080957728,0.2243466076816538,7.849926438050132,0.2092826348107007,0.1934273502288623,0.8547053162925526,0.6612779660636903,107671761.75133865,2.8066086073816647,0.0503516718143263,1.24425,0.0626500676549755,3.8415278631091536,13.1331878810733,3.0874244429247764,10.55510378225702,3.1750730145461943,0.5436568017717442,-0.0095913334143155,0.0570030406972728,0.0442687422670101,-0.0297861929583229,0.0297861929583229,141.46998137838267,54.96619142285535,0.1068425146500205,0.0361369043613152,1.8905709133237518,0.8082530861484688,7.107120469386402,2.5094247013257687,0.08002088082963103,0.023522665837769158,0.015328455350159545,0.011003271309943687,43.87213734085365,13.366591671987889
979,978,8,A_standard,False,127.7090709130786,71.47493365740532,305.97382515470576,973,65.51642162029619,0.3919477943960977,0.01,238.56701554848237,0.1819972699235686,7.805552748660652,0.2227551767400619,0.1757439307911312,0.8554641815437487,0.6797202507526174,21278983.46478158,0.5546651896205794,0.1028342850503025,1.2445,0.1279772677451015,1.7090013384657077,6.609860227259074,1.3732433414750564,5.311257715756589,3.641331587538615,0.6550544057293837,-0.0008231317754264,0.0799138622175746,0.0,-0.01,0.01,231.9516481452096,42.9032880206078,0.1074879379888864,0.036246853071342816,1.8767457304822153,0.8112340480669573,7.07403140511299,2.5259475896344106,0.08042681592256273,0.02360641579029542,0.015334329401831387,0.011122152977510848,43.731875878352994,13.47534658152928
980,979,12,A_standard,False,125.31158688019552,85.60754786149354,291.978738603981,792,92.4163726289874,0.4713340685330135,0.0525637673819453,237.50347954269137,0.2202074189880097,7.702379963171229,0.2257299402634645,0.1757561477226972,0.8572312164658437,0.6814750687431465,19796502.400946423,0.5160223361336174,0.1129727406433332,1.24475,0.140622818915789,1.5557394352109928,6.03220798984274,1.249840879864224,4.846120096278562,2.5699286044927043,0.3941092831092144,-0.0105641984145074,0.1000717439011388,0.0111586723170015,-0.0414050950649437,0.0414050950649437,204.66954741918747,28.891583183846247,0.10823649838671626,0.03627822107535807,1.8635030944252304,0.8150458333987481,7.029325315297902,2.534990110258963,0.0807570512625724,0.023757251115887116,0.015437786479365256,0.011222165087319012,43.48565994028926,13.516938366075465
981,980,12,A_standard,False,131.31456527505532,59.8472830811215,441.666794556008,820,75.90749693389817,0.146724517223255,0.0609542071942886,136.57282360041253,0.2889388183901623,8.681102252500244,0.2184560100308174,0.1501021884127086,0.8406145520561116,0.690512363643403,21674697.298686456,0.564980000432929,0.102368850380952,1.245,0.1274492187242853,1.4662877218423704,6.745336702265906,1.1777411420420645,5.417941126317996,1.7992007261067111,0.2313330606365609,-0.0171725535197311,0.101990936094239,0.0506769825406332,-0.0102772246536553,0.0102772246536553,115.49340727234394,30.693224809485507,0.10787594908995553,0.03660471538837027,1.8788235669579032,0.8175298581644534,7.061286093480816,2.554245047607133,0.08060389290204122,0.024002725761695057,0.015580888776572259,0.01130644878584223,43.48127852837101,13.66964394723014
982,981,15,A_standard,False,124.8760794251566,69.7805331665302,443.817808066628,975,65.97309322596911,0.7584634842158764,0.0189287441851203,255.4334033463609,0.1861190842375341,7.349634822628136,0.2262807183298637,0.1895541303192777,0.8633002825478607,0.6737461522285829,30195597.19379782,0.7870886629018028,0.0937093614662153,1.24525,0.1166915823658046,2.0227875566905555,7.189742216645944,1.624402775900868,5.773733962373775,3.871781522680131,0.7051162605465707,-0.0002153199270863,0.0742050636728149,0.0075518270163498,-0.0113769171687705,0.0113769171687705,238.01461429172872,46.14883644075622,0.10748430774083996,0.03693241157607277,1.9008336515160467,0.8133826049499064,7.091010969052553,2.575889625014066,0.0808052400131154,0.024241750757308483,0.015678232936922113,0.01141807242424194,43.41107755885712,13.819471853754827
983,982,11,B_optimized,False,139.91462501347283,79.69795972441176,650.606108069146,1629,66.70538800166798,0.8015476668843239,0.01,377.0351753795613,0.4749056775369179,9.725032942034568,0.2089675487956589,0.1310447650972196,0.8232456358686207,0.6922008707714009,84466874.43828492,2.201742155799447,0.0548321376370193,1.2455,0.0682934274269076,2.3899262502716323,12.623999366095637,1.9188488560992631,10.13568796956695,5.652244693788955,0.934149206287736,0.0043088591254648,0.0516568307667539,0.024482043720386,0.014482043720386,0.014482043720386,379.9230263933631,60.37352632026776,0.10766692884251249,0.037349389930731995,1.8937056234734142,0.8216170763834293,7.10294075720043,2.6051443947904964,0.08058796282888482,0.024485256250504118,0.015233224276811168,0.0111604471304176,43.66257400350794,13.880764033225468
984,983,13,A_standard,False,127.83285098343252,72.43548418251052,386.1893330512799,931,95.949368233407,0.4669288126120522,0.0835889801750032,198.55256623801048,0.5217179334202571,7.254130696327607,0.2226041696993489,0.1989305041661819,0.8649508331743859,0.666020329008204,26043618.344217643,0.6788617760434806,0.0841495032187854,1.24575,0.1048292436348019,2.3640128171519965,7.914726808030906,1.897662305560503,6.353382948449453,2.0693473015373103,0.2827923149028702,-0.0166005024479029,0.0962861226824735,0.0855485676759925,0.0019595875009893,0.0019595875009893,181.52325441450304,38.10119549709485,0.10641782718356413,0.03688188481794361,1.9172672502212087,0.8167408862783654,7.167983884707718,2.6011450035464545,0.08025139936370546,0.024681182673492622,0.015516238815726438,0.01113846200611982,43.738752808891014,14.039921329232026
985,984,12,B_optimized,False,131.78947707973973,67.34951374791206,580.8221475534681,1564,61.40334686332172,0.3326517247285223,0.0747617033225059,148.8903539101944,0.3425489089865278,8.214475072297029,0.2179046575637535,0.1669647815554864,0.8484963454012057,0.6815315638457192,61180691.527167775,1.5947566256254442,0.0652595025980455,1.246,0.0813133402371647,2.5584746268122327,10.44340726964307,2.053350422802755,8.38154676536362,2.4247921573658,0.3600360128308318,-0.0180264009851087,0.0787494398631618,0.0421670639913094,-0.0325946393311965,0.0325946393311965,147.5822502808412,40.60943161749935,0.10747733260583242,0.03668725134182288,1.8548039433841195,0.7181752236206983,7.1077496030723095,2.6036342966821584,0.08077061927728568,0.024754473887524487,0.015418247382835796,0.011258489656375532,43.281231787729325,13.89373648747709
986,985,14,A_standard,False,128.1109592657761,64.10981506769332,318.1417866172933,841,79.32657347190847,0.5683370656004865,0.0310676145595641,203.10366524782236,0.3882248915998376,7.770919187954052,0.2222657929590565,0.177779810279908,0.856056942227456,0.6782771319475479,17153045.339591127,0.4471170891035028,0.1181921554883571,1.24625,0.1472969737773651,1.5041591342956837,5.738766072460398,1.2069481518922234,4.604827339988283,2.5603483972460555,0.3918239884735042,-0.0022356770436046,0.109865380897112,0.0110753438485364,-0.0199922707110277,0.0199922707110277,186.141000358084,30.354699732893803,0.10691535093231568,0.036975468673882975,1.8690129894680703,0.7214642342059305,7.153093538573037,2.6203567145901294,0.08036304696503274,0.024930122952576322,0.015353620074992923,0.011394211085168176,43.54877188954053,13.96336700393033
987,986,13,B_optimized,False,132.58102393841972,85.63352276098533,627.7802729755446,1443,57.5246500335789,0.5788455409569387,0.0218121483573429,323.1780740427273,0.0386667162515483,7.549206685613473,0.2169931724542519,0.1943438418184762,0.8598613413584261,0.6655174995399498,77574289.37332262,2.022077699160304,0.063342466298721,1.2465,0.0789563842413557,3.068144535167877,10.50665593602546,2.461407569328421,8.428925740894874,5.618079794559,0.9320161391439186,0.0053143133375807,0.0397956607958671,0.0313801375217356,0.0095679891643927,0.0095679891643927,308.94651352044315,62.7429781372086,0.10797452599467064,0.03683895865243603,1.8651549781773435,0.7304774137606573,7.064793705829932,2.5936227500035507,0.08064837757108857,0.025189766636358156,0.015616084684117069,0.011420006725335387,43.25807803725951,14.022748957915486
988,987,7,A_standard,False,124.1248979408696,70.22661396066353,333.2370254418573,822,99.07635970442028,0.7186680042067104,0.0559129873748103,126.69518312753368,0.2973060215091016,10.172346852463612,0.22723843747743,0.0991076937699615,0.8159134979517596,0.7168058041817981,19236532.72923241,0.5014259770238372,0.1149521376142991,1.24675,0.1433165775706275,0.8621648611920483,6.235689209946738,0.6915298666068164,5.001555412028665,1.2787630016434808,0.1517118990639743,-0.019006243271691,0.1139870767312885,0.0592445585735755,0.0033315711987652,0.0033315711987652,117.6239591175234,25.934137615601404,0.10845011624199101,0.03721193119443799,1.8410254801244221,0.72436042152937,7.067312393968362,2.6283896999004264,0.08125569495992688,0.025236884442030573,0.015942343195478926,0.011387615506036527,42.87681194780188,14.00462796026135
989,988,5,B_optimized,False,138.24678502930826,95.52693551345494,529.0187242684942,1916,52.42501831848044,0.952666822476898,0.0403374698231069,285.424847366982,0.1645537652370326,7.560945658587537,0.2107290935894915,0.2032514847955885,0.8596594872739968,0.6564080024784082,96826089.96229036,2.523901653386821,0.0541370846634493,1.247,0.0675089445753213,3.754385483797831,12.124923360004678,3.010734148995855,9.723274546916342,5.444439630579325,0.9201538797079776,0.0058184050675785,0.041279692420965,0.029539802929106,-0.0107976668940009,0.0107976668940009,264.34636049550164,66.16846180257359,0.10814611851752642,0.03767735634021608,1.829138034314456,0.7305846777115403,7.121303660497336,2.6431958213020272,0.0806374944193918,0.02529162067074351,0.015703821129039792,0.01144805523572326,43.19031586038902,14.06197301885448
990,989,16,A_standard,False,133.8807509479769,57.20040532732524,293.70950268975287,915,92.21356129313342,0.545044015616177,0.0463582369785289,162.14987145804125,0.1896901306080291,7.695278819007574,0.2155164028290868,0.1904322463582899,0.8573529715606379,0.666920725202348,15372276.881142003,0.4006989753665002,0.1228280293238771,1.24725,0.1531972595742058,1.5503973108300193,5.429711189485817,1.2430525643054875,4.353346313478307,1.7584167576240823,0.224160519718612,-0.0135168742549508,0.1071474995301408,0.0388774286064073,-0.0074808083721215,0.0074808083721215,158.43675513366424,29.144141406578644,0.10721944527510163,0.03778177000887266,1.8476349276635022,0.7321088729022603,7.184890885789299,2.651833365145519,0.0806046788685774,0.02564958610831776,0.01612395851276084,0.011317455962800864,43.220155055912215,14.260255541327354
991,990,7,A_standard,False,131.9071069986994,81.27924973820022,280.36588166799487,851,72.01854295213565,0.7166515553140147,0.01,245.3181483844846,0.4057900925057086,7.33586640154411,0.2177686157958041,0.2023975448303548,0.8635380409181734,0.6611404960878187,19392527.165553264,0.5054921808321566,0.1085704495036684,1.2475,0.1354416357558263,1.864204723804852,6.08950685117574,1.4943524840119051,4.881368217375343,3.4063192384706515,0.6002049737671037,-0.0046401902360558,0.0892635288735758,0.0,-0.01,0.01,227.8396075569341,40.4756141918552,0.10871455404356209,0.03723717062366928,1.8350385008999321,0.7388284626132391,7.024144221234265,2.5062859166788245,0.08183461488342984,0.024923700442069804,0.01624460556794414,0.011459170658861534,42.512992847493955,13.813167538811765
992,991,11,B_optimized,False,130.03449455559203,85.76980298239833,686.5523529234896,1415,57.65357262971675,0.4899497159429426,0.0148762765169508,170.6608873444406,0.4028255279482087,8.041040615688923,0.2199591464328056,0.1705544923221199,0.8514446258312274,0.6808901335091074,83322925.96699984,2.1719236075219097,0.0541552374034377,1.24775,0.0675721974701394,3.14936284096676,12.572932298989151,2.524033533133048,10.076483509508437,2.960109487759233,0.4900286941439115,-0.0129696533289021,0.0653861803006441,0.0,-0.0148762765169508,0.0148762765169508,164.3074168691189,52.05217095878596,0.10956008273799003,0.03745457064228147,1.8247047615453216,0.7473674882551078,6.983656143852353,2.532331545271522,0.0824414925055732,0.02503464941457809,0.016450425720741207,0.011565645878568929,42.29866793755579,13.961700279287674
993,992,4,B_optimized,False,132.53679607190992,91.69439334037844,703.0865221683745,1469,54.82633232089838,0.7346614822826101,0.0375302740030922,170.454758686415,0.270672367396815,7.898693632657306,0.2170438577395535,0.1800784054434762,0.8538720910893342,0.6737936856458578,94705096.31844166,2.468615114741943,0.0491139765515988,1.248,0.0612942427363953,3.666540933705234,13.718980480800084,2.937933440468937,10.992772821153912,3.1089943731552885,0.5272216497039726,-0.0129149399747221,0.0606838688304186,0.0378887992835439,0.0003585252804517,0.0003585252804517,165.18476043189577,58.681996172611264,0.10979720998711527,0.03800937019962436,1.8009834132637188,0.7458440543644026,7.010620457114316,2.566633395496046,0.08219090357658515,0.025379467202189105,0.016440969834256247,0.011744835446308449,42.44438303317518,14.151894929616883
994,993,9,B_optimized,False,135.5375566042106,73.23118291058135,872.2276433023536,1703,49.68529456341604,0.8676961227378065,0.0440014683838063,436.60122883089286,0.3996053637862952,6.880746869295695,0.2136688787094162,0.2298791671685346,0.8714341838737615,0.6415550167052269,108777868.33303696,2.835440756149189,0.0541994619442953,1.24825,0.0676544783719666,4.241355152285421,11.836925934146707,3.3978410993674517,9.482816690684324,8.787333006019216,0.9969432238485162,0.0093689073829881,0.0473111955326025,0.0818495404248726,0.0378480720410663,0.0378480720410663,468.4719874517238,63.9811445737644,0.10889373375159057,0.03825584954035904,1.8073461097367696,0.7568678306363269,7.081066009280749,2.575084987724097,0.08171844706391404,0.02563769916317285,0.0165944021781219,0.011899115312589624,42.53175341130023,14.369294210724378
995,994,11,A_standard,False,129.29108843797465,64.54708357975653,276.89084581840973,767,79.1501019906325,0.313739328177295,0.0886954594519037,116.69206949149488,0.1280563456261982,7.575630135652344,0.220843699319388,0.1876775057951808,0.859407051344219,0.6717295455490382,13708204.867280452,0.3573227106761094,0.1330653149945874,1.2485,0.1661320457707424,1.410416424466547,5.0481190051394025,1.1296887660925483,4.043347220776454,1.4743135707557964,0.1786256895356315,-0.0183203291669368,0.1174532023783805,0.064765005459951,-0.0239304539919527,0.0239304539919527,112.82199934892203,23.366955835029877,0.10747334450629827,0.038020803595933,1.82680892603882,0.761195233299934,7.168926588583382,2.568431544541217,0.08016923302645493,0.024491615265251183,0.016799932412327707,0.012037929730835693,43.315519766998335,13.894123118334784
996,995,13,B_optimized,False,140.97563210893355,81.89059425622561,594.0347608456036,1266,56.03233862869788,1.0939141391523022,0.0300095225980731,273.70265769497826,0.5304365823767712,8.609686542783962,0.2078653936309838,0.1670176335106995,0.841816071622229,0.6747984381115295,61585658.2213187,1.6053126246266656,0.0570167052490964,1.24875,0.0711996106798092,2.929275425176312,11.835100522968618,2.3457661062472965,9.477557976351246,4.884726648814136,0.8681530963572732,0.0041049800398526,0.0576277310801671,0.0197408109450226,-0.0102687116530504,0.0102687116530504,270.8366150040696,59.835439729933405,0.10508212366322481,0.03622238004161234,1.8479999869929955,0.7648510945027165,7.285310675755583,2.5278321782821944,0.07873794905962113,0.023554780553569136,0.016918270447380625,0.012225367842902226,43.98237889729184,13.617721332176261
997,996,11,B_optimized,True,131.37240830292276,72.45472060504488,625.8984883692335,1829,57.12339236511686,0.6849960607091172,0.0120124157405737,479.4902360137961,0.4834926570835275,9.026986849421954,0.21838867553977,0.1392629087968283,0.8348195068247416,0.6955565980279133,82943869.88639842,2.162043003348708,0.0502694767084227,1.249,0.1151614940474044,2.770327401747043,13.836559351161322,1.209283623391538,6.039836525059304,8.393938387780397,0.995476513064494,0.0069801297476014,0.0729962634261878,0.0317202958518682,0.0197078801112944,0.0197078801112944,465.38254347838966,32.11702722195012,0.10616161014109954,0.036369119771078415,1.8187424010075506,0.7611127472397342,7.232312461121794,2.555557422901446,0.07909426405539138,0.023889288838286168,0.016842711755872552,0.012434631962405683,43.81120834992015,13.825877980611605
998,997,8,B_optimized,False,123.94569322781597,78.17787563534925,598.1817328005606,1712,51.99683946463815,0.6713024581833742,0.0404590302434227,299.49939971563515,0.2101368715665262,8.02400061296548,0.2274683717355763,0.1611843796181626,0.851734847657086,0.6905504680389233,80060956.01954453,2.0868959941287946,0.0602035509115287,1.24925,0.0752092859762273,2.677323466435206,11.470261431152313,2.1431446599441317,9.181718175827346,5.759953927955905,0.9404730548021129,0.007064414493368,0.0430103499344885,0.0480917808173259,0.0076327505739032,0.0076327505739032,313.40770869180454,62.42830223266465,0.10447489238503146,0.035862807934452956,1.8446904376056459,0.7619048521919064,7.3319848502214455,2.544402583071866,0.07902686437382485,0.0243248529418178,0.017009452232977503,0.012629751000637573,43.757015661497064,14.076448065791187
999,998,20,A_standard,False,126.55633333230432,86.25120131822803,306.73619152503545,860,81.21037939663574,0.8596064884396553,0.0629356629609601,120.86012531391523,0.1951029616768484,8.058994790653209,0.2241735187809285,0.1642093369904069,0.8511389410020096,0.6869296040116026,22752473.90585865,0.5930736904898438,0.1030446022976968,1.2495,0.1287542305709722,1.5935753385316052,6.666332720922696,1.2753704189928812,5.335200256840892,1.488234954840293,0.1806773608497009,-0.0243539469174336,0.1040752473547038,0.0246306114850601,-0.0383050514758999,0.0383050514758999,103.57320248483686,25.32232551428948,0.10245255485599175,0.03488105111769885,1.8717081740788746,0.7626276637344315,7.444492309044095,2.520898709101297,0.07793275652229606,0.02407589944184637,0.01757302454831057,0.012506414478246125,44.153630503843,14.18426974631907
1000,999,11,B_optimized,False,123.50041519489072,86.17769181882004,669.0902331018102,1762,62.23060550887614,0.7895108467009,0.0343274926030999,123.58341057176648,0.3646172362635925,7.639004928234724,0.2280421542887444,0.1751670584932629,0.8583184465185549,0.683151388025292,101598068.66053972,2.648289666278067,0.0480559170503823,1.24975,0.0600578823337152,3.645067439033909,14.215760096911048,2.916637278682864,11.374883054139666,1.9858943933004056,0.2661771459862352,-0.0235684834119287,0.074794850426784,0.0,-0.0343274926030999,0.0343274926030999,82.19120792669405,46.65281170463509,0.10139389235920317,0.03512668670622077,1.9066773746769872,0.7553327109958445,7.524669816046067,2.535471775703047,0.07758933483633618,0.02448516243548433,0.018177710224407975,0.012345019812533106,44.30385912218779,14.443251753577533
