slice_id,pore_fraction,resin_fraction,matrix_fraction,assigned_fraction,mean_intensity,std_intensity,mean_intensity_pores,mean_intensity_resin,mean_intensity_matrix,pore_object_count,mean_pore_area_um2,median_pore_area_um2,mean_pore_equivalent_diameter_um,median_pore_equivalent_diameter_um,resin_object_count,mean_resin_area_um2,median_resin_area_um2,mean_resin_equivalent_diameter_um,median_resin_equivalent_diameter_um,heterogeneity_index,phase_fraction_sum,unassigned_fraction
0,0.0568750695294248,0.3030648570475025,0.6220658582712204,0.9820057848481476,162.00645233062633,34.22310875980644,76.73789731051345,136.00669909149306,182.5154468636831,250,52352.0,19200.0,216.14216576233463,156.35280380893437,592,117805.4054054054,12800.0,233.53352747088584,127.66152972845846,0.2313755191934876,0.9820057848481477,0.01799421515185229
1,0.0493658916453443,0.3023417510290355,0.6383635554566692,0.990071198131049,163.49958282345088,33.34487456148466,77.19718309859155,136.7075706006807,182.891996688886,251,45258.964143426296,12800.0,200.1000768885138,127.66152972845846,769,90473.8621586476,12800.0,216.50740496494768,127.66152972845846,0.241252676774308,0.990071198131049,0.009928801868950954
2,0.0407998665035042,0.2942485259761931,0.6572755590165759,0.9923239514962732,165.03220602959172,32.66210618053361,77.1622358554874,136.0703213610586,183.4816993187492,261,35972.41379310345,12800.0,179.85440779708185,127.66152972845846,755,89684.76821192053,12800.0,221.4687835615936,127.66152972845846,0.2529969541244139,0.9923239514962732,0.007676048503726829
3,0.033513182778952,0.2845700300367115,0.6739626209811992,0.9920458337968628,166.61895094003782,32.18135864819924,77.149377593361,135.3720680218921,184.30148970412247,249,30971.887550200805,12800.0,171.08629083457282,127.66152972845846,704,93018.18181818182,12800.0,225.4787366807136,127.66152972845846,0.2634876369292497,0.9920458337968627,0.00795416620313727
4,0.0289520525086216,0.2654911558571587,0.6976304372010235,0.992073645566804,168.2049171209256,32.12634721204584,77.01729106628243,133.32474334799917,185.3280577260405,260,25624.615384615383,12800.0,155.14694191845982,127.66152972845846,672,90914.28571428572,12800.0,234.7455899231082,127.66152972845846,0.276852525533433,0.9920736455668038,0.007926354433196225
5,0.0255033930359328,0.2544498831905663,0.7127600400489487,0.9927133162754478,169.6074646790522,32.35667273805356,78.12431842966194,131.58159361678872,186.52243639769003,270,21736.296296296296,12800.0,147.0040283752001,127.66152972845846,576,101655.55555555556,12800.0,249.69652669058308,127.66152972845846,0.2857322744764277,0.9927133162754478,0.007286683724552212
6,0.0225275336522416,0.2446045166314384,0.7246634775837134,0.9917955278673934,170.94807542552007,32.71510111801521,79.28765432098766,129.56702671972712,187.87285078292908,296,17513.513513513513,12800.0,136.09687310057242,127.66152972845846,512,109937.5,12800.0,266.95224138863,127.66152972845846,0.2930243971868135,0.9917955278673933,0.008204472132606666
7,0.0179664033819112,0.2387084214039381,0.7353988207809545,0.992073645566804,172.29455445544554,32.80652254011137,79.23993808049535,127.9465221950367,189.0908403297784,272,15200.0,6400.0,126.23480573749796,90.270333367641,427,128644.49648711944,12800.0,291.458833171778,127.66152972845846,0.3000254924148153,0.9920736455668038,0.007926354433196225
8,0.0132662142618756,0.2416286572477472,0.7379575036155301,0.992852375125153,173.559906552453,32.89287806403994,76.69811320754717,127.99240331491713,190.35445089319364,224,13628.57142857143,6400.0,119.8964766080522,90.270333367641,396,140412.12121212122,25600.0,318.4604171862294,180.540666735282,0.3025207419827811,0.992852375125153,0.007147624874846992
9,0.0119868728445878,0.2399321392813438,0.7419345867170987,0.9938535988430304,174.7682167093114,33.23030890156434,74.10904872389791,127.9917700243422,191.66000674738535,190,14517.894736842103,6400.0,122.73578890050818,90.270333367641,352,156854.54545454544,44800.0,345.8726929702279,238.83285285767383,0.3049206029098424,0.9938535988430303,0.0061464011569697385
10,0.0099566136388919,0.2365391033485371,0.7486928468127712,0.9951885638002004,175.83379686283234,32.90625697297089,70.62569832402235,128.605291005291,192.27938335809807,155,14781.935483870968,6400.0,122.40044417668648,90.270333367641,344,158232.55813953487,38400.0,342.5397149398153,221.11625566165472,0.3090077855530112,0.9951885638002002,0.004811436199799846
11,0.0094281900100122,0.2338413616642563,0.7522249415952831,0.9954944932695516,176.81596951830014,33.279083001180325,69.05604719764011,128.1270218839201,193.4393093503901,150,14464.0,6400.0,119.9212015956211,90.270333367641,327,164560.24464831804,51200.0,357.70784160275457,255.32305945691687,0.3110608768070354,0.9954944932695515,0.004505506730448472
12,0.0081766603626654,0.2332295027255534,0.7546445655801535,0.9960507286683724,177.7532539770831,33.25836155861221,71.10204081632654,128.09420462675888,194.38722635807477,135,13937.777777777776,6400.0,118.38524063918476,90.270333367641,300,178901.33333333334,96000.0,392.75380867543697,349.61549778946534,0.3126476154727317,0.9960507286683723,0.003949271331627702
13,0.0077038602736678,0.2326732673267326,0.7556179775280899,0.9959951051284904,178.54630659695184,33.13257530636876,74.54151624548736,128.71360267750418,195.07769884795167,128,13850.0,6400.0,120.51741597181729,90.270333367641,302,177292.71523178808,96000.0,391.8034064938855,349.61549778946534,0.3133081427508442,0.9959951051284903,0.004004894871509679
14,0.0062854600066748,0.2274724663477583,0.7623206140838803,0.9960785404383136,179.22157637112025,33.043280317685884,73.15929203539822,128.37498471695807,195.4233126596133,105,13775.238095238095,6400.0,119.13844526191934,90.270333367641,313,167238.33865814697,96000.0,383.8406646849921,349.61549778946534,0.3173808415262918,0.9960785404383135,0.003921459561686547
15,0.0068695071754366,0.2225497830681944,0.7663533207253309,0.995772610968962,179.87192679942152,33.02451296427758,74.09311740890688,128.45213696575857,195.92407911449828,122,12957.377049180328,6400.0,116.68358087297436,90.270333367641,267,191808.2397003745,115200.0,415.6274325603294,382.9845891853754,0.319558016297838,0.995772610968962,0.004227389031038031
16,0.0058960952275002,0.2192958059850928,0.7708032039158972,0.9959951051284904,180.56157525864947,32.991155798122946,71.85377358490567,128.24629042485734,196.42861266462205,87,15595.402298850577,6400.0,125.69319044148344,90.270333367641,277,182180.50541516245,108800.0,400.4578912566637,372.1941193345023,0.3222805422895251,0.9959951051284902,0.00400489487150979
17,0.004338636110802,0.2166536878406942,0.7753087106463455,0.9963010345978418,181.31176994103905,32.851661234580625,73.30128205128206,127.95840821566112,196.9446138393658,79,12637.974683544304,6400.0,115.70071482449158,90.270333367641,271,183970.47970479704,102400.0,407.1691248381948,361.081333470564,0.3251611517602363,0.9963010345978418,0.003698965402158194
18,0.0036711536322171,0.2155412170430526,0.7764489932139281,0.995661363889198,182.06299365891644,33.044745063457405,74.10606060606061,127.88245161290322,197.79651121140483,67,12608.955223880595,6400.0,117.36919988773457,90.270333367641,259,191505.7915057915,121600.0,414.99957718953794,393.4792607492748,0.326035452483868,0.9956613638891978,0.004338636110802208
19,0.00428301257092,0.2092001334964957,0.7825675826009567,0.9960507286683724,182.7112303927022,33.016545837876784,69.7012987012987,127.94801914384472,198.152178548582,65,15163.076923076924,6400.0,124.0152122042615,90.270333367641,255,188787.45098039217,96000.0,405.0149701343147,349.61549778946534,0.3293880066102088,0.9960507286683724,0.003949271331627591
20,0.0037824007119813,0.2100901101346089,0.78131605295361,0.9951885638002004,183.21885081766604,33.17075855358513,70.11029411764706,128.17474185861795,198.7909799594205,59,14752.542372881357,6400.0,123.46182644873667,90.270333367641,259,186662.54826254823,121600.0,410.7728628453652,393.4792607492748,0.3288735875149994,0.9951885638002002,0.004811436199799846
21,0.0040605184113917,0.2159305818222271,0.7753087106463455,0.9952998108799644,183.59261319390367,33.52332039479597,71.0,128.9273570324575,199.6342145855006,65,14375.384615384615,6400.0,121.9011881207061,90.270333367641,242,205328.9256198347,124800.0,430.5861104554658,398.59023213625017,0.3253402644074128,0.9952998108799643,0.004700189120035669
22,0.0052286127489153,0.2262209367004116,0.7641561908999889,0.9956057403493158,183.8800478362443,34.58606907974125,66.98936170212765,129.4679124661913,201.01528606784103,52,23138.46153846154,9600.0,149.9297276431997,108.96593154804972,239,217814.2259414226,153600.0,460.2788598017311,442.23251132330944,0.3187097275359753,0.9956057403493158,0.004394259650684185
23,0.0061185893870285,0.2281121370564022,0.7615696962954722,0.9958004227389032,184.14937701635333,34.929256690748744,66.17727272727272,129.62253108997805,201.63798707227116,58,24275.86206896552,12800.0,153.78335677209785,127.66152972845846,255,205854.11764705885,128000.0,436.5432794176567,403.7012035232256,0.3170286488360552,0.9958004227389029,0.004199577261097098
24,0.0059795305373233,0.2219657358994326,0.7669929914339748,0.9949382578707308,184.3987373456447,34.73179194717933,65.96744186046512,129.28317253477007,201.53963304082964,49,28081.632653061224,12800.0,166.61828117340613,127.66152972845846,245,208483.26530612248,140800.0,435.7681058082306,423.4053942720982,0.3202162876432354,0.9949382578707308,0.005061742129269242
25,0.0057848481477361,0.2090888864167315,0.7802592056958505,0.9951329402603182,184.6098286794972,34.08663016418871,65.61057692307692,128.50359138068634,200.7610764569596,53,25116.98113207547,12800.0,154.85506746023566,127.66152972845846,248,194012.90322580645,108800.0,420.8260994856891,372.1941193345023,0.3278513545464462,0.9951329402603182,0.004867059739681823
26,0.0050895538992101,0.1980754255200801,0.7929413727889643,0.9961063522082544,184.8588830793192,33.098040015767054,66.02732240437159,128.40803145183938,199.9005997685104,52,22523.07692307692,6400.0,145.22833051713872,90.270333367641,267,170714.60674157302,102400.0,392.3769298683618,361.081333470564,0.3352974683261397,0.9961063522082545,0.0038936477917455026
27,0.0048670597396818,0.1894537768383579,0.8015630214706864,0.9958838580487264,185.11336077427967,32.440188569032266,67.58857142857143,128.37066940692895,199.4279865375941,64,17500.0,6400.0,131.18577886397418,90.270333367641,238,183179.83193277312,108800.0,411.73365312383584,372.1941193345023,0.3405019887251626,0.995883858048726,0.004116141951273966
28,0.0043664478807431,0.1868116586939592,0.8035654689064412,0.9947435754811436,185.27308376905103,32.04737339414543,66.37579617834395,128.6907845764478,199.30741009933203,45,22328.88888888889,6400.0,145.83020529460222,90.270333367641,260,165341.53846153847,96000.0,391.6082452763174,349.61549778946534,0.3419536343763463,0.9947435754811436,0.00525642451885644
29,0.0054232951385026,0.1882856825008343,0.8008955389921014,0.9946045166314385,185.24833129380357,32.213558669626444,67.54871794871795,129.38596750369277,199.43754557766437,55,22690.90909090909,6400.0,144.44402168072202,90.270333367641,251,172621.51394422312,115200.0,402.5791712532625,382.9845891853754,0.3401806023151659,0.9946045166314383,0.00539548336856166
30,0.0055067304483257,0.1945989542774502,0.7940816553565468,0.9941873400823228,185.17198798531535,32.875642779257895,65.44949494949495,129.18836644276118,200.00987671616696,47,26961.702127659573,6400.0,156.3682426771711,90.270333367641,245,182778.77551020408,115200.0,411.3654399152482,382.9845891853754,0.3361523778486542,0.9941873400823227,0.005812659917677321
31,0.0052286127489153,0.1995216375570141,0.7894370897763934,0.9941873400823228,185.2681054622316,33.46157965368332,67.2872340425532,128.4892667967661,200.69853796019024,51,23592.156862745094,6400.0,150.3711965944292,90.270333367641,244,188170.49180327868,108800.0,412.7524761686027,372.1941193345023,0.3334554702402026,0.9941873400823228,0.00581265991767721
32,0.0045333185003893,0.2087551451774391,0.7818444765824897,0.9951329402603182,185.37776727110912,34.01073765056498,64.20858895705521,128.71729283240074,201.47168468981215,43,24260.46511627907,6400.0,151.36859856352592,90.270333367641,238,201842.01680672268,124800.0,434.53983196632106,398.59023213625017,0.3290306592841285,0.9951329402603181,0.004867059739681934
33,0.004310824340861,0.2157358994326399,0.776337746134164,0.9963844699076648,185.5105406608077,34.0490813885711,66.85161290322581,129.4964548150058,201.93060829691197,40,24800.0,12800.0,157.50059040689445,127.66152972845846,253,196224.50592885376,134400.0,433.2897201907383,413.6706356661128,0.3257471004179582,0.9963844699076648,0.003615530092335173
34,0.0043664478807431,0.2123150517298921,0.7797029702970297,0.9963844699076648,185.70536210924465,33.65890718154962,69.10191082802548,130.06274561173697,201.69135009809168,47,21378.72340425532,6400.0,145.85961120444708,90.270333367641,251,194651.79282868523,147200.0,436.4881484932988,432.9213103844808,0.3276716505167499,0.9963844699076649,0.003615530092335062
35,0.0038102124819223,0.2025531204805873,0.789909889865391,0.9962732228279008,185.9464067193236,32.995065033222176,67.45985401459853,129.7279967046547,201.12231532990637,38,23073.68421052632,6400.0,152.4467553556887,90.270333367641,250,186444.8,128000.0,420.4683233439679,403.7012035232256,0.3337396558204401,0.9962732228279005,0.0037267771720994602
36,0.003615530092335,0.1977138725108466,0.7949160084547781,0.9962454110579596,186.1739348092113,32.458507967112176,67.33846153846154,130.19172879448587,200.83846476803583,37,22486.486486486487,6400.0,147.61338293436188,90.270333367641,245,185704.4897959184,128000.0,417.8663056396792,403.7012035232256,0.3367295328700995,0.9962454110579597,0.0037545889420402823
37,0.0034764712426298,0.1961286016242073,0.7964178440315942,0.9960229168984314,186.2683557681611,32.3687581032336,66.456,130.1055019852524,200.8299343483727,37,21621.62162162162,6400.0,143.69188172452934,90.270333367641,235,192054.4680851064,128000.0,426.4553414249259,403.7012035232256,0.3376747347787417,0.9960229168984314,0.003977083101568635
38,0.0035320947825119,0.1968517076426743,0.7955000556235399,0.9958838580487264,186.24788630548449,32.50587698960041,68.39370078740157,129.77366487708392,200.9662622801804,45,18062.222222222223,6400.0,137.43667474112883,90.270333367641,232,195255.1724137931,121600.0,422.6882575018973,393.4792607492748,0.3371392010983854,0.995883858048726,0.004116141951273966
39,0.0036989654021581,0.1997441317165424,0.7921348314606742,0.9955779285793748,186.17838469240183,32.55152168716778,69.32330827067669,130.27930938457254,201.0486623130398,49,17371.428571428572,6400.0,132.97501141107782,90.270333367641,253,181679.0513833992,83200.0,398.0485244575844,325.4743156102575,0.3351602540851861,0.9955779285793747,0.00442207142062534
40,0.0034208477027478,0.2077261096896206,0.7840416064078318,0.9951885638002004,186.0720324841473,33.21687125687717,67.48780487804878,130.0629267639577,201.6833386541804,42,18742.85714285714,6400.0,137.9048515109881,90.270333367641,239,200006.69456066945,140800.0,430.3641961959184,423.4053942720982,0.3305297029440242,0.9951885638002003,0.004811436199799735
41,0.0031983535432194,0.2155968405829346,0.7762264990543998,0.995021693180554,185.96885081766604,33.78989840470925,67.62608695652175,129.99019607843138,202.2781082049445,31,23741.93548387097,12800.0,160.1678573636472,127.66152972845846,249,199248.19277108437,147200.0,433.5759647218644,432.9213103844808,0.3260864311134985,0.9950216931805538,0.004978306819446221
42,0.0034486594726888,0.218711758816331,0.7728890866614752,0.995049504950495,185.86903437534764,34.21215550412358,66.14516129032258,129.845498474059,202.533357322778,42,18895.23809523809,9600.0,136.0624625419748,108.96593154804972,241,208836.5145228216,166400.0,451.78256987602833,460.29019134012736,0.3241209108460533,0.9950495049504949,0.004950495049505066
43,0.0035042830125709,0.2168483702302814,0.7743352986984091,0.9946879519412616,185.86441762153743,34.17308607484179,65.12698412698413,129.7569578042837,202.41232670066805,33,24436.36363636364,6400.0,148.26705852545072,90.270333367641,253,197236.36363636365,121600.0,424.7387201441274,393.4792607492748,0.324976551240726,0.9946879519412615,0.005312048058738528
44,0.0036433418622761,0.2159305818222271,0.7764211814439871,0.9959951051284904,186.0159361441762,34.088239346709024,65.82442748091603,129.73737764039154,202.4257979009206,34,24658.82352941177,6400.0,145.9929743360715,90.270333367641,254,195628.3464566929,128000.0,423.122923196267,403.7012035232256,0.3259858848107708,0.9959951051284903,0.004004894871509679
45,0.0038936477917454,0.2173489820892201,0.7737790632995883,0.995021693180554,186.2424073868061,34.27399332683017,65.38571428571429,130.1495841330774,202.8860973330458,28,32000.0,12800.0,162.37929050557298,127.66152972845846,261,191632.183908046,134400.0,423.8931609810495,413.6706356661128,0.3245340536878316,0.9950216931805538,0.004978306819446221
46,0.0052564245188563,0.2155412170430526,0.774168428078763,0.994966069640672,186.5049504950495,34.306080621608544,62.83068783068783,130.91109677419354,203.080866503808,41,29502.439024390245,12800.0,159.23107631252438,127.66152972845846,257,192996.10894941635,147200.0,437.231838760781,432.9213103844808,0.3244670372052863,0.9949660696406719,0.005033930359328087
47,0.005701412837913,0.2112303927021915,0.7795360996773835,0.996467905217488,186.74324173990436,34.24750552135064,63.57560975609756,130.6391046741277,203.0440615077241,41,32000.0,12800.0,170.1743283706812,127.66152972845846,266,182736.84210526315,124800.0,416.1327962637781,398.59023213625017,0.3272840527568547,0.996467905217488,0.003532094782512041
48,0.0040048948715096,0.2078651685393258,0.784208477027478,0.9960785404383136,186.98901435087328,33.64229895737683,65.65972222222223,130.40500401391492,202.83182608078877,41,22478.048780487807,6400.0,148.87219435219805,90.270333367641,235,203547.2340425532,128000.0,436.73879424411285,403.7012035232256,0.3303950917761594,0.9960785404383133,0.003921459561686658
49,0.0022249415952831,0.2013572143731227,0.7921626432306152,0.995744799199021,187.12960284792524,32.67202181239166,69.3125,130.39406077348067,202.10486957132323,28,18285.714285714286,12800.0,141.28765472228466,127.66152972845846,246,188357.72357723577,105600.0,410.7445438254799,366.63772640253313,0.3354443635428591,0.995744799199021,0.004255200800978964
50,0.0026421181443987,0.1988819668483702,0.7947213260651907,0.9962454110579596,187.0889142285015,32.70759653673096,68.92631578947369,129.92182911480913,201.97609798775156,31,19612.90322580645,6400.0,138.91578687660433,90.270333367641,225,203406.22222222225,134400.0,442.205664591388,413.6706356661128,0.3368026279640971,0.9962454110579597,0.0037545889420402823
51,0.0036989654021581,0.2016909556124151,0.7913561019023251,0.9967460229168984,187.06969629547223,33.283588891449746,64.42857142857143,129.8656922228351,202.37917340268504,30,28373.33333333333,9600.0,160.7459441371521,108.96593154804972,237,195834.5991561181,140800.0,437.93142246374674,423.4053942720982,0.3345493781219683,0.9967460229168983,0.003253977083101711
52,0.0047001891200355,0.2068361330515074,0.7845144064968295,0.9960507286683724,187.00442207142063,34.007962353216726,64.67455621301775,129.96450181524807,202.97855218377765,33,32775.757575757576,12800.0,169.47307141812445,127.66152972845846,240,198320.0,147200.0,433.5720280562962,432.9213103844808,0.3304342834417251,0.9960507286683724,0.003949271331627591
53,0.0053954833685615,0.2097563688953165,0.7805095116253198,0.995661363889198,187.0122093670041,34.41828036293848,64.6340206185567,130.09639352956776,203.37941847206383,30,41386.66666666666,16000.0,197.716914100452,142.0071667686964,252,191542.85714285716,128000.0,419.7801975494026,403.7012035232256,0.3280115645437373,0.9956613638891978,0.004338636110802208
54,0.005006118589387,0.2084770274780287,0.7819557236622539,0.9954388697296696,187.16442318389144,34.02399878510727,66.10555555555555,130.62673425827109,203.2695262483995,34,33882.35294117647,19200.0,182.61039944707227,156.35280380893437,253,189622.13438735175,121600.0,421.11951504706445,393.4792607492748,0.3289594562259091,0.9954388697296696,0.004561130270330449
55,0.0034208477027478,0.2026921793302925,0.7894649015463344,0.9955779285793748,187.39250750917788,33.3418803646063,66.22764227642277,130.37568605927552,202.82575917705915,34,23152.941176470587,6400.0,147.63478651207055,90.270333367641,227,205476.65198237883,140800.0,447.0207467091204,423.4053942720982,0.3336459443662296,0.9955779285793747,0.00442207142062534
56,0.0041995772610968,0.1947380131271554,0.7960562910223606,0.994993881410613,187.60710312604292,32.80861182944592,66.6092715231788,130.97986289631532,202.39370436362367,34,28423.529411764703,12800.0,164.49056587895015,127.66152972845846,265,169104.90566037735,102400.0,394.0927518719849,361.081333470564,0.3374620344081402,0.9949938814106128,0.005006118589387154
57,0.0055345422182667,0.1890922238291245,0.7998108799644009,0.9944376460117922,187.7508899766381,32.93125089658072,65.55778894472361,130.65215472863656,202.4165797343348,50,25472.0,9600.0,156.43334516452148,108.96593154804972,232,187558.6206896552,124800.0,423.146194477065,398.59023213625017,0.3395332744507838,0.9944376460117921,0.005562353988207924
58,0.0043664478807431,0.1815830459450439,0.8085437757258872,0.9944932695516744,187.71423406385583,32.26287083377274,65.28025477707007,130.00520753561037,201.64777105118327,39,25764.102564102563,12800.0,157.46714736775726,127.66152972845846,239,174835.14644351465,121600.0,408.11709464512296,393.4792607492748,0.3449938250553621,0.9944932695516742,0.005506730448325836
59,0.0029758593836911,0.1831961286016242,0.8090721993547669,0.9952441873400824,187.6277394593392,31.680996080379003,68.1214953271028,130.22696219826932,201.30246467979788,36,19022.222222222223,6400.0,139.38393098066183,90.270333367641,240,175653.33333333334,105600.0,406.33485523694,366.63772640253313,0.3454452056072217,0.9952441873400822,0.0047558126599177575
60,0.0028089887640449,0.1859773055957281,0.8068472577594838,0.9956335521192567,187.5673601067972,31.90118598595731,70.03960396039604,130.0349932705249,201.4684085346937,38,17010.526315789473,12800.0,136.1529540919847,127.66152972845846,245,174680.81632653062,115200.0,399.4196169383641,382.9845891853754,0.3440781028584382,0.9956335521192569,0.004366447880743141
61,0.0031149182333963,0.1936255423295138,0.7990321504060518,0.995772610968962,187.59125041717652,32.559499779685815,66.89285714285714,130.07339844872163,202.2368256178211,36,19911.11111111111,6400.0,143.2869508859743,90.270333367641,236,188800.0,108800.0,413.6381554043254,372.1941193345023,0.339328699946365,0.9957726109689619,0.004227389031038142
62,0.0036989654021581,0.1981588608299032,0.7932194904883747,0.995077316720436,187.6801368339081,33.101743900642646,66.89473684210526,130.6039298245614,202.79429192524807,35,24320.0,6400.0,151.6586379286197,90.270333367641,250,182400.0,115200.0,409.7190488487781,382.9845891853754,0.335866121382335,0.995077316720436,0.004922683279564022
63,0.0038380242518633,0.201607520302592,0.7902992546445656,0.995744799199021,187.83955389921016,33.411209437499295,64.44927536231884,130.63098358394262,203.26414695945945,28,31542.85714285714,12800.0,167.3330385491825,127.66152972845846,234,198263.24786324787,147200.0,436.58220630529615,432.9213103844808,0.3340312690887758,0.9957447991990209,0.004255200800979075
64,0.0039770831015685,0.204472132606519,0.7882968072088108,0.9967460229168984,187.99516075203027,33.543010960921144,62.6993006993007,131.06909684439609,203.5594482077336,22,41600.0,25600.0,200.0148606525172,180.540666735282,253,185979.4466403162,140800.0,421.990157913528,423.4053942720982,0.3327005569200369,0.9967460229168983,0.003253977083101711
65,0.0035320947825119,0.2035265324285237,0.7894927133162755,0.9965513405273112,188.0337634887084,33.353470995590335,64.54330708661418,130.96652090735174,203.4741254799732,28,29028.571428571428,12800.0,163.24198843984627,127.66152972845846,249,188093.17269076305,128000.0,426.2836019700848,403.7012035232256,0.3335146563695177,0.9965513405273111,0.0034486594726889086
66,0.0029202358438091,0.1963510957837357,0.7970297029702971,0.9963010345978418,188.0059517187674,32.50589715460382,68.61904761904762,131.07620396600566,202.65754763067903,31,21677.41935483871,12800.0,144.16381037753268,127.66152972845846,254,177889.76377952757,121600.0,411.2432782694541,393.4792607492748,0.3381058566137405,0.9963010345978418,0.003698965402158194
67,0.0030314829235732,0.193736789409278,0.797724997218823,0.9944932695516744,187.9937145399933,32.454870632202145,67.12844036697248,131.13953488372093,202.5584841195133,29,24055.172413793105,12800.0,154.92775094229842,127.66152972845846,250,178329.6,131200.0,413.80409053698673,408.68591959466926,0.3387408138578532,0.9944932695516742,0.005506730448325836
68,0.0038936477917454,0.1981032372900211,0.7923017020803204,0.994298587162087,188.0199410390477,32.96091594153682,66.30714285714286,131.34030605082128,203.1093091828138,34,26352.941176470587,12800.0,161.21693850911402,127.66152972845846,241,189158.5062240664,140800.0,425.1521724093204,423.4053942720982,0.3353897302276087,0.9942985871620869,0.005701412837913145
69,0.0043664478807431,0.2003838024251863,0.7901601957948604,0.9949104461007898,187.9816998553788,33.40462301147708,66.22929936305732,130.94573213046496,203.40002111858084,32,31400.0,19200.0,175.54303728827642,156.35280380893437,233,197905.57939914163,140800.0,433.6824067256717,423.4053942720982,0.3339545564094442,0.9949104461007898,0.005089553899210175
70,0.0038380242518633,0.2049727444654577,0.785626877294471,0.9944376460117922,187.9106129714095,33.55986456589183,64.47101449275362,131.18127544097695,203.6263098272444,27,32711.11111111111,6400.0,170.17945112459353,90.270333367641,243,194106.99588477367,128000.0,431.0382047354628,403.7012035232256,0.3314627863121774,0.9944376460117921,0.005562353988207924
71,0.0045889420402714,0.2085048392479697,0.7820113472021359,0.9951051284903772,187.8390532873512,34.30284477529189,64.9090909090909,130.60744297719089,204.11704246390207,29,36413.79310344828,12800.0,181.90763252559276,127.66152972845846,246,195043.9024390244,121600.0,426.0140370251026,393.4792607492748,0.3291195331398036,0.995105128490377,0.004894871509622978
72,0.0052564245188563,0.2115085104016019,0.7791189231282679,0.9958838580487264,187.7595950606297,34.63601798399028,65.71428571428571,130.55161078238,204.33904476333265,35,34560.0,19200.0,182.4594279052692,156.35280380893437,246,197853.65853658537,137600.0,432.945109354247,418.5380149691055,0.3272078290153966,0.9958838580487261,0.004116141951273855
73,0.0041439537212148,0.2085604627878518,0.7828178885304261,0.9955223050394928,187.7083379686283,33.89880119318371,66.56375838926175,131.0777436991599,203.6945678047394,29,32882.75862068965,12800.0,176.5937907871113,127.66152972845846,258,186021.70542635655,118400.0,419.7006942773751,388.2319249673251,0.3296278704759755,0.9955223050394927,0.004477694960507317
74,0.0038380242518633,0.2066692624318611,0.7838747357881856,0.99438202247191,187.66606407831796,33.65717806854217,66.55797101449275,131.19633965818866,203.46439595529537,35,25234.285714285717,6400.0,151.9619456909507,90.270333367641,258,184334.88372093023,102400.0,411.5663471565945,361.081333470564,0.3304481705869787,0.99438202247191,0.005617977528090012
75,0.0042552008009789,0.197296695961731,0.7927466903993771,0.994298587162087,187.62053621092448,33.482145729601925,64.32679738562092,130.0608965322808,202.9304658995229,36,27200.0,12800.0,158.5790190014078,127.66152972845846,241,188388.3817427386,140800.0,423.63868529666695,423.4053942720982,0.3355831647046662,0.994298587162087,0.0057014128379130335
76,0.0037824007119813,0.1895650239181221,0.8017298920903326,0.995077316720436,187.56713761263768,32.65081684650981,66.23529411764706,129.82291666666666,202.0440212300968,36,24177.777777777777,6400.0,144.88848311421745,90.270333367641,243,179516.04938271604,128000.0,413.3583342916706,403.7012035232256,0.3409107422945938,0.9950773167204361,0.004922683279563911
77,0.0031427300033374,0.1841973523195016,0.809100011124708,0.996440093447547,187.4674046056291,31.798558372300768,69.48672566371681,130.02868790578287,201.18362436408637,41,17639.024390243903,6400.0,128.75118159546838,90.270333367641,238,178097.47899159664,115200.0,412.9053634128416,382.9845891853754,0.3452617764081201,0.996440093447547,0.003559906552452974
78,0.0026421181443987,0.1835020580709756,0.8102124819223495,0.996356658137724,187.3461731004561,31.56812044235194,66.09473684210526,129.9307365868445,200.92650693395575,29,20965.51724137931,12800.0,147.83326051759505,127.66152972845846,232,182013.7931034483,118400.0,415.6697692306037,388.2319249673251,0.3460324592492357,0.9963566581377239,0.003643341862276106
79,0.0035042830125709,0.1875069529424852,0.8043163866948493,0.9953276226499056,187.241517410168,32.16718595794912,66.71428571428571,129.88312073568673,201.38609958506223,33,24436.36363636364,19200.0,161.01731275903447,156.35280380893437,237,182062.447257384,115200.0,409.1357849283411,382.9845891853754,0.3424764201958184,0.9953276226499054,0.004672377350094625
80,0.0040883301813327,0.1947658248970964,0.7964456558015353,0.9952998108799644,187.1812214929358,33.113829895649246,65.87755102040816,129.52491789233187,202.1661836086182,37,25427.027027027027,12800.0,158.66255579940693,127.66152972845846,230,194866.08695652173,124800.0,426.5147258044606,398.59023213625017,0.3376728622946366,0.9952998108799643,0.004700189120035669
81,0.0046167538102124,0.200133496495717,0.7904661252642118,0.9952163755701412,187.16723217265547,33.6204733537142,64.144578313253,129.93399110617008,202.65283934979945,37,28713.513513513517,12800.0,164.56454802679923,127.66152972845846,224,205600.0,134400.0,434.3955906639719,413.6706356661128,0.334045679490049,0.9952163755701412,0.0047836244298588015
82,0.005033930359328,0.2013850261430637,0.7882411836689287,0.9946601401713204,187.17031927911893,33.65803559023445,65.58563535911603,130.26612346361,202.78085526780043,44,26327.272727272728,12800.0,157.9006471630269,127.66152972845846,236,196366.10169491524,96000.0,417.33791733854406,349.61549778946534,0.3327273665527688,0.9946601401713204,0.005339859828679572
83,0.0051173656691511,0.2006619201245967,0.7894649015463344,0.9952441873400824,187.1577761708755,33.619332796042976,63.266304347826086,130.26431046431046,202.670612273656,36,32711.11111111111,9600.0,169.23086569307847,108.96593154804972,237,194835.44303797468,89600.0,408.54011748941537,337.76065965158017,0.3333546127782637,0.9952441873400822,0.0047558126599177575
84,0.0055345422182667,0.198019801980198,0.7915785960618533,0.9951329402603182,187.14022694404272,33.641790669098015,62.64824120603015,129.93047752808988,202.5689691518516,32,39800.0,19200.0,190.13893254691936,156.35280380893437,239,190661.0878661088,128000.0,417.1035025836071,403.7012035232256,0.3345358097158486,0.995132940260318,0.004867059739682045
85,0.0054232951385026,0.1977416842807876,0.7921904550005562,0.9953554344198464,187.09077761708755,33.42754824702446,64.18461538461538,130.2748241912799,202.3673290268221,36,34666.666666666664,12800.0,174.88901984397913,127.66152972845846,253,179857.7075098814,121600.0,408.9361601629995,393.4792607492748,0.3348894125346006,0.9953554344198463,0.004644565580153692
86,0.0042552008009789,0.1998553787963066,0.791272666592502,0.9953832461897876,186.9671264879297,33.00084072371891,61.68627450980392,130.8833843584748,202.05641277986717,33,29672.727272727272,12800.0,161.44895084785296,127.66152972845846,254,181064.56692913387,118400.0,413.2811914675546,388.2319249673251,0.3345694296649423,0.9953832461897875,0.004616753810212537
87,0.0045055067304483,0.2039158972076983,0.7876015129602848,0.9960229168984314,186.77300033374124,33.11622686586197,64.11111111111111,131.12997817785052,202.1109149334369,36,28800.0,9600.0,161.61133560931745,108.96593154804972,250,187699.2,124800.0,420.2342640149051,398.59023213625017,0.3322804633371375,0.9960229168984314,0.003977083101568635
88,0.004338636110802,0.2075036155300923,0.7843197241072422,0.9961619757481366,186.54027144287463,33.5807824178642,65.56410256410257,130.13322610910066,202.32956278146165,38,26273.68421052632,9600.0,155.24539234113794,108.96593154804972,237,201478.48101265825,140800.0,438.2410384312621,423.4053942720982,0.3303808121965111,0.9961619757481365,0.0038380242518635255
89,0.0046445655801535,0.2156802758927578,0.7761152519746357,0.996440093447547,186.3666147513628,34.21741835510527,63.91616766467066,130.18027079303675,202.90525335053397,28,38171.42857142857,16000.0,188.1332737494768,142.0071667686964,256,193875.0,124800.0,426.4041483076608,398.59023213625017,0.3255406534450743,0.996440093447547,0.003559906552452974
90,0.005701412837913,0.2234397597063077,0.7666314384247414,0.995772610968962,186.16192012459672,35.200261943641145,62.81463414634146,130.11737615135672,203.6402321784872,33,39757.57575757576,25600.0,195.1893588753128,180.540666735282,255,201637.64705882352,128000.0,430.88192913380425,403.7012035232256,0.3199794596472826,0.9957726109689621,0.00422738903103792
91,0.0061464011569696,0.2278062075870508,0.7619868728445879,0.9959394815886085,186.03101012348424,35.62043510760812,64.41628959276018,130.02258576486386,203.98634936856703,43,32893.023255813954,12800.0,177.3689258237098,127.66152972845846,239,219340.58577405856,140800.0,453.23012207901326,423.4053942720982,0.3172410355204115,0.9959394815886082,0.004060518411391767
92,0.0054232951385026,0.2277505840471687,0.7636833908109912,0.9968572699966626,186.0847146512404,35.397862592771496,64.6974358974359,130.0642325070216,203.84183692049965,35,35657.142857142855,19200.0,191.34139813777924,156.35280380893437,242,216568.59504132232,150400.0,446.4516130099429,437.57691085389513,0.3182612081378854,0.9968572699966625,0.003142730003337535
93,0.0038936477917454,0.2267493603292913,0.7651017910779842,0.995744799199021,186.28840805428857,34.992876763684094,66.0,130.14853428185944,203.77858960378043,36,24888.88888888889,12800.0,155.27761202250974,127.66152972845846,244,213849.18032786885,140800.0,452.0384452266194,423.4053942720982,0.3195353998314369,0.9957447991990208,0.004255200800979186
94,0.0041439537212148,0.2260262543108243,0.7661308265658027,0.9963010345978418,186.4326120814329,34.712969594482296,67.14765100671141,130.77470161191093,203.6926707082441,38,25094.736842105263,6400.0,151.70753410986558,90.270333367641,243,214044.44444444444,128000.0,449.6673765073565,403.7012035232256,0.3199945656957222,0.9963010345978418,0.003698965402158194
95,0.00428301257092,0.22082545333185,0.7712481922349538,0.996356658137724,186.5416620313717,34.57667270287629,63.21428571428572,130.3638539042821,203.49100284879736,26,37907.69230769231,12800.0,182.8846006518557,127.66152972845846,227,223859.0308370044,172800.0,464.6197586732736,469.0584114268032,0.3228503965494749,0.9963566581377238,0.003643341862276217
96,0.0037824007119813,0.2154577817332295,0.7774224051618644,0.9966625876070752,186.67682723328517,34.38190084150044,62.8235294117647,129.77410610558923,203.2238042428362,30,29013.33333333333,6400.0,148.2093571053853,90.270333367641,225,220359.11111111112,153600.0,461.5725230597972,442.23251132330944,0.3264505341805662,0.9966625876070753,0.0033374123929247324
97,0.0048114361997997,0.2124819223495383,0.7798698409166759,0.997163199466014,186.86402825675825,34.39538894989007,64.3179190751445,129.8675392670157,203.29620912235652,33,33551.51515151515,12800.0,169.1088495674173,127.66152972845846,223,219264.5739910314,166400.0,461.7825994886277,460.29019134012736,0.3275789322482083,0.997163199466014,0.0028368005339860503
98,0.0060629658471465,0.201607520302592,0.7887417955278674,0.996412281677606,187.007564801424,34.440751547859534,62.17431192660551,129.00882880397296,202.9836036671368,38,36715.78947368421,12800.0,176.91646122072535,127.66152972845846,254,182651.968503937,118400.0,410.9346845966352,388.2319249673251,0.3325909199588839,0.9964122816776059,0.003587718322394129
99,0.0063688953164979,0.1919012125931694,0.7965290911113583,0.9947991990210256,187.0794304149516,33.93642303480648,61.87772925764192,128.65376811594203,202.42311452513965,42,34895.23809523809,12800.0,168.27533353454004,127.66152972845846,258,171162.7906976744,115200.0,402.6474495535986,382.9845891853754,0.3373672985624668,0.9947991990210255,0.0052008009789744625
100,0.0056457892980309,0.1897597063077094,0.7993380798754033,0.9947435754811436,187.08955389921016,33.75318332368476,60.42857142857143,128.30367873369485,202.2141887895341,39,33312.820512820515,12800.0,164.01450609805428,127.66152972845846,239,182707.94979079496,128000.0,415.33967865211616,403.7012035232256,0.3391871296169446,0.9947435754811436,0.00525642451885644
101,0.0061464011569696,0.18950940037824,0.8000611858938703,0.99571698742908,187.04822560907775,33.832236298373616,60.918552036199095,128.21910771940122,202.1805193450829,39,36266.66666666666,12800.0,172.70977548096653,127.66152972845846,246,177274.79674796748,121600.0,409.6962112851359,393.4792607492748,0.3393942574161572,0.9957169874290799,0.0042830125709201194
102,0.0063132717766158,0.1903159417065302,0.7979474913783513,0.9945767048614974,187.0003893647792,33.91269473572108,59.691629955947135,128.5288616104048,202.23997072252624,40,36320.0,6400.0,169.90839016334877,90.270333367641,236,185572.88135593224,118400.0,419.8623470271661,388.2319249673251,0.3382566120471203,0.9945767048614973,0.005423295138502704
103,0.0060351540772054,0.1919568361330515,0.7966959617310045,0.9946879519412616,187.01432306151963,33.853679750533274,59.516129032258064,128.75920023181686,202.3067094882357,33,42084.84848484849,19200.0,189.31115009075123,156.35280380893437,233,189582.8326180257,115200.0,419.4310790527465,382.9845891853754,0.3375435436350249,0.9946879519412615,0.005312048058738528
104,0.0049783068194459,0.1976860607409055,0.7930248080987874,0.995689175659139,187.146707086439,33.9279439715558,61.502793296089386,128.8643781654474,202.6998316616399,32,35800.0,16000.0,177.06714601470125,142.0071667686964,222,204915.31531531533,147200.0,447.9580247111329,432.9213103844808,0.3354237437275285,0.9956891756591388,0.0043108243408611635
105,0.004338636110802,0.1961007898542663,0.7958616086327734,0.9963010345978418,187.3000889976638,33.408461816430645,65.07692307692308,129.20564458941993,202.48336594911936,37,26983.783783783783,12800.0,161.67937461822555,127.66152972845846,227,198794.71365638767,147200.0,433.18581798011735,432.9213103844808,0.3371439487123522,0.9963010345978418,0.003698965402158194
106,0.0040327066414506,0.1984369785293136,0.7929135610190232,0.9953832461897876,187.34931583045943,33.41179012332166,66.69655172413793,129.59761737911705,202.6756225885654,42,22095.23809523809,12800.0,153.85242189180454,127.66152972845846,222,205693.6936936937,128000.0,443.2774990192376,403.7012035232256,0.3355804971257324,0.9953832461897875,0.004616753810212537
107,0.0049226832795639,0.198742907998665,0.7917454666814996,0.9954110579597284,187.3020914450996,33.59406750830024,64.50847457627118,129.94654352085084,202.74406350990583,45,25173.33333333333,6400.0,152.89405527826892,90.270333367641,227,201473.127753304,108800.0,428.76697831335457,372.1941193345023,0.334715203418422,0.9954110579597285,0.004588942040271493
108,0.0052842362887974,0.1984647902992546,0.79202358438091,0.995772610968962,187.27255534542215,33.713504289808135,64.11578947368422,129.57104820627802,202.7833766416181,43,28279.06976744186,12800.0,163.9218347321962,127.66152972845846,224,203885.7142857143,128000.0,431.6953029226497,403.7012035232256,0.3347618673219415,0.995772610968962,0.004227389031038031
109,0.0040048948715096,0.1974635665813772,0.794888196684837,0.996356658137724,187.2202135943932,33.27264365839384,63.94444444444444,129.35704225352112,202.40414960988068,39,23630.76923076923,6400.0,147.95018460499867,90.270333367641,219,207488.58447488584,128000.0,440.4331311983254,403.7012035232256,0.3366235687597833,0.9963566581377238,0.003643341862276217
110,0.003587718322394,0.1946823895872733,0.7975859383691178,0.9958560462787852,187.27266659250196,33.06735154078872,67.21705426356588,129.14828571428572,202.23314038635888,30,27520.0,19200.0,165.85507733028874,156.35280380893437,233,192274.678111588,121600.0,424.2086383561041,393.4792607492748,0.3383691337310219,0.9958560462787851,0.004143953721214899
111,0.0041439537212148,0.1957114250750918,0.7952219379241295,0.995077316720436,187.31418956502392,33.452601197509715,67.77852348993288,129.064089810999,202.56681705312488,44,21672.727272727272,6400.0,147.92294923283862,90.270333367641,221,203786.4253393665,128000.0,444.4716805116262,403.7012035232256,0.3369660926212642,0.9950773167204361,0.004922683279563911
112,0.0048948715096228,0.1990766492379575,0.7899655134052731,0.9939370341528536,187.16175325397708,34.002694871325765,65.60227272727273,129.02430846605196,202.9316645542881,41,27473.17073170732,19200.0,170.50060871959667,156.35280380893437,224,204514.2857142857,140800.0,438.6732208473053,423.4053942720982,0.3338649303344634,0.9939370341528534,0.006062965847146606
113,0.0049226832795639,0.2039437089776393,0.785626877294471,0.9944932695516744,186.9006563577706,34.18714289557223,66.71751412429379,129.15573435156142,202.9447748513169,39,29046.153846153848,12800.0,168.053644164836,127.66152972845846,235,199707.2340425532,121600.0,431.88631945869184,393.4792607492748,0.3312373629498082,0.9944932695516742,0.005506730448325836
114,0.0049504950495049,0.209450439425965,0.7807320057848481,0.9951329402603182,186.66525753698969,34.64758732711781,63.28651685393258,128.95631390253618,203.21330863493876,35,32548.571428571428,12800.0,173.52685637577505,127.66152972845846,247,195135.2226720648,108800.0,413.0943132363578,372.1941193345023,0.3282986119898647,0.9951329402603181,0.004867059739681934
115,0.0065357659361441,0.2123150517298921,0.7759483813549894,0.9947991990210256,186.42368450328175,34.925544818877995,65.19148936170212,129.62680115273776,203.27655913978492,45,33422.22222222222,19200.0,178.10212481907192,156.35280380893437,255,191598.431372549,108800.0,405.66078554382136,372.1941193345023,0.3252389578775933,0.9947991990210256,0.0052008009789743515
116,0.0080376015129602,0.2114806986316609,0.7755868283457559,0.9951051284903772,186.2253865836022,35.175210046283425,62.95501730103806,129.67411888479748,203.18456628536595,45,41102.22222222222,25600.0,195.73284914285625,180.540666735282,243,200269.95884773665,108800.0,421.35113550430367,372.1941193345023,0.3246770420925807,0.995105128490377,0.004894871509622978
117,0.00856602514184,0.2118978751807765,0.7751696517966403,0.9956335521192567,186.16364445433308,35.26315778428401,61.46428571428572,129.8793804961281,203.1708165901263,44,44800.0,25600.0,201.00992574919965,180.540666735282,249,195829.718875502,128000.0,423.4352774485994,403.7012035232256,0.3242598505267274,0.9956335521192567,0.004366447880743252
118,0.0076482367337857,0.2100066748247858,0.7787295583490933,0.9963844699076648,186.2696351095784,34.627977267600734,61.38909090909091,130.35995232419546,202.7772857142857,43,40930.232558139534,12800.0,186.8373795793564,127.66152972845846,262,184451.90839694656,118400.0,415.4058428934365,388.2319249673251,0.3264218572908447,0.9963844699076648,0.003615530092335173
119,0.0068138836355545,0.208727333407498,0.7803704527756147,0.9959116698186672,186.451885638002,34.682030595824216,61.01632653061225,129.7307128580946,202.9420150397377,32,49000.0,32000.0,218.7896316311497,201.8506017616128,255,188360.78431372548,115200.0,420.8223738239316,382.9845891853754,0.3276065836367793,0.9959116698186672,0.004088330181332811
120,0.0087328957614862,0.205862721103571,0.7811213705640226,0.99571698742908,186.66884525531205,35.25663423456136,62.83757961783439,129.26898135639016,203.42287972655416,49,41012.24489795919,25600.0,198.5632295645184,180.540666735282,251,188736.25498007968,115200.0,418.41034382076975,382.9845891853754,0.3276798298180459,0.9957169874290799,0.0042830125709201194
121,0.0110690844365335,0.2046668149961063,0.7800367115363221,0.995772610968962,186.8732617643787,35.78840636885345,63.14070351758794,129.71341214838972,203.87699219167823,57,44687.71929824561,25600.0,202.65486736272288,180.540666735282,253,186156.52173913043,102400.0,414.03396769289975,361.081333470564,0.3265717227076185,0.995772610968962,0.004227389031038031
122,0.0108187785070641,0.2027756146401157,0.7822060295917233,0.9958004227389032,187.08682834575592,35.62236456045524,60.347043701799485,129.98340419695515,203.86922666666663,45,55324.444444444445,25600.0,218.01747501905368,180.540666735282,271,172185.9778597786,108800.0,401.3966466719087,372.1941193345023,0.3278931607577129,0.995800422738903,0.004199577261096987
123,0.0106240961174769,0.2032206029591723,0.7827066414506619,0.9965513405273112,187.3001724329736,35.80297581297528,60.28010471204188,129.49363623922267,204.2079024979569,49,49893.87755102041,12800.0,203.3673122178085,127.66152972845846,265,176470.94339622642,115200.0,406.954996516814,382.9845891853754,0.3281275057152754,0.9965513405273111,0.0034486594726889086
124,0.0089275781510735,0.2043330737568139,0.7839025475581266,0.997163199466014,187.35724218489264,35.16394711597897,59.33021806853583,130.2553423165918,203.8488611367345,32,64200.0,38400.0,237.1621281765613,221.11625566165472,255,184395.29411764705,115200.0,411.7849882168241,382.9845891853754,0.3290846371853496,0.997163199466014,0.0028368005339860503
125,0.0068695071754366,0.200133496495717,0.7902436311046835,0.9972466347758372,187.36177550339303,34.245827888742895,60.12955465587044,130.00277932184548,203.1320123882593,33,47903.030303030304,12800.0,195.7052385666862,127.66152972845846,260,177132.3076923077,108800.0,405.8951652752417,372.1941193345023,0.3332093033545327,0.9972466347758371,0.002753365224162918
126,0.0047280008899766,0.2038046501279341,0.7886861719879853,0.997218823005896,187.1671209255757,33.65462765964083,61.311764705882354,130.33133187772927,202.7442696946188,30,36266.66666666666,6400.0,165.79864292422235,90.270333367641,230,203909.5652173913,134400.0,445.7518435874368,413.6706356661128,0.3327174845815518,0.997218823005896,0.002781176994103962
127,0.0044220714206252,0.2089498275670263,0.7839025475581266,0.997274446545778,186.8308488152186,33.968866511092955,59.48427672955975,129.98935179023027,202.829667210672,30,33920.0,6400.0,159.46294726858116,90.270333367641,242,198690.9090909091,134400.0,432.8080917517689,413.6706356661128,0.3299818254151772,0.9972744465457781,0.002725553454221874
128,0.0042273890310379,0.2135387696072978,0.77917454666815,0.9969407053064856,186.44181777728332,34.411145185406625,62.578947368421055,129.22870539202918,202.94046259280407,28,34742.857142857145,9600.0,170.35033446328455,108.96593154804972,245,200568.16326530607,147200.0,439.9531036031124,432.9213103844808,0.3273289516780419,0.9969407053064857,0.0030592946935142917
129,0.0040327066414506,0.2174324173990433,0.7758649460451663,0.9973300700856602,185.96612526421185,34.7477323626077,64.06896551724138,128.48631363520082,202.84220525504531,29,32000.0,12800.0,167.58082512705664,127.66152972845846,243,205906.17283950615,147200.0,436.3082935978648,432.9213103844808,0.3254247363718993,0.9973300700856602,0.002669929914339786
130,0.003615530092335,0.2212148181110245,0.7729447102013572,0.9977750584047168,185.53710090110133,34.961841120044355,62.06923076923077,128.10284133769173,202.6609455958549,27,30814.81481481481,6400.0,160.17120753128785,90.270333367641,227,224253.7444933921,160000.0,463.75872717702975,451.35166683820506,0.323800815203742,0.9977750584047167,0.002224941595283303
131,0.0034208477027478,0.2231060184670152,0.7711647569251308,0.9976916230948938,185.28106574702412,35.240374748175256,59.61788617886179,127.51545749189728,202.6543566070398,20,39360.0,12800.0,183.8805739531443,127.66152972845846,224,229200.0,179200.0,477.6394182525976,477.6657057153477,0.3228451065143044,0.9976916230948938,0.002308376905106213
132,0.0048670597396818,0.2197407943041495,0.7728890866614752,0.9974969407053064,185.32628768494828,35.385091257534484,62.205714285714286,127.38526768763448,202.69341489744517,36,31111.11111111111,6400.0,163.08372366836423,90.270333367641,237,213360.33755274265,166400.0,453.600765891481,460.29019134012736,0.3235225544225054,0.9974969407053065,0.0025030592946935215
133,0.0058126599176771,0.2150684169540549,0.7762821225942819,0.997163199466014,185.44126154188453,35.25124961171223,60.6267942583732,127.71912582438898,202.5061980510175,37,36151.35135135135,6400.0,173.5904610944176,90.270333367641,251,197176.09561752988,147200.0,435.8237813776328,432.9213103844808,0.3252984933818441,0.9971631994660138,0.0028368005339861613
134,0.0061742129269106,0.2136500166870619,0.7776448993213928,0.9974691289353654,185.53562687729448,35.22670778266242,60.90990990990991,127.96550377505858,202.4689031150531,36,39466.66666666666,16000.0,186.21628710769895,142.0071667686964,248,198245.16129032255,121600.0,431.1789356253903,393.4792607492748,0.3259692311228856,0.9974691289353653,0.0025308710646346766
135,0.0066748247858493,0.2125931694293024,0.7782289464901546,0.9974969407053064,185.66987429079987,35.30294546966162,61.54166666666666,127.94505494505496,202.61904081195053,41,37463.41463414634,6400.0,177.7799054097346,90.270333367641,243,201323.45679012343,121600.0,431.8502017481404,393.4792607492748,0.3261972749512914,0.9974969407053063,0.0025030592946937436
136,0.0063132717766158,0.215124040493937,0.776337746134164,0.9977750584047168,185.7391812214929,35.43828375874381,62.47136563876652,127.8868778280543,202.8692054166368,39,37251.28205128205,6400.0,176.46827378544114,90.270333367641,241,205410.78838174275,140800.0,439.2096553371537,423.4053942720982,0.3251496154149437,0.9977750584047167,0.002224941595283303
137,0.0063688953164979,0.2206029591723217,0.7699966625876071,0.9969685170764268,185.6850038936478,35.89118824052523,62.19213973799127,127.8804841149773,203.41963447229648,40,36640.0,9600.0,176.3063966406863,108.96593154804972,241,210642.3236514523,153600.0,449.0746764541827,442.23251132330944,0.3216031098550584,0.9969685170764268,0.0030314829235732477
138,0.0062854600066748,0.2227166536878407,0.7678551563021471,0.9968572699966626,185.6452330626321,35.89294496867735,63.16814159292036,128.231018981019,203.4718751131877,42,34438.09523809524,12800.0,175.63963379891402,127.66152972845846,252,203377.77777777775,147200.0,437.3324024157199,432.9213103844808,0.3204175836044791,0.9968572699966626,0.003142730003337424
139,0.0057848481477361,0.2176827233285126,0.7731115808210034,0.9965791522972522,185.6867004116142,35.32262650264418,63.19230769230769,128.30049827520122,202.93884452118857,36,36977.77777777778,12800.0,181.9043691277759,127.66152972845846,262,191193.893129771,121600.0,417.5736156590237,393.4792607492748,0.3235552914996091,0.9965791522972521,0.0034208477027478645
140,0.005757036377795,0.2144843697852931,0.7758649460451663,0.9961063522082544,185.7478306819446,35.14203914475916,63.88405797101449,128.1301867219917,202.7800480338388,42,31542.85714285714,12800.0,172.14921909883603,127.66152972845846,229,215531.87772925769,121600.0,440.7669373425185,393.4792607492748,0.3251976225903121,0.9961063522082544,0.0038936477917456136
141,0.00642451885638,0.210868839692958,0.7788129936589164,0.9961063522082544,185.9000444988319,35.06584114260807,64.25541125541126,128.27011342653654,202.7120665642967,48,30800.0,6400.0,163.92856706785537,90.270333367641,244,198872.131147541,108800.0,417.050522397878,372.1941193345023,0.3267588302563063,0.9961063522082545,0.0038936477917455026
142,0.0068138836355545,0.2097563688953165,0.7798976526866169,0.996467905217488,186.1677884080543,34.996825632209045,62.92244897959184,128.84911164147442,202.8415590899365,46,34086.95652173913,12800.0,171.30011720825237,127.66152972845846,245,197015.51020408163,115200.0,422.4078145238163,382.9845891853754,0.3272622546346171,0.9964679052174878,0.003532094782512152
143,0.0070085660251418,0.2081154744687952,0.7815941706530204,0.9967182111469574,186.38624986094115,34.84838342908804,62.49206349206349,129.2663370306027,202.87161513005728,40,40320.0,25600.0,186.47267919759815,180.540666735282,273,175425.64102564103,108800.0,400.9277459830204,372.1941193345023,0.3281775709205238,0.9967182111469574,0.0032817888530426442
144,0.0077316720436088,0.2056958504839248,0.7830125709200133,0.996440093447547,186.61199799755255,34.92738839853607,62.435251798561154,129.38115197404002,203.06425374724728,54,32948.148148148146,12800.0,167.66185210058435,127.66152972845846,259,182758.30115830115,108800.0,411.7148297101477,372.1941193345023,0.3288945936860548,0.9964400934475469,0.003559906552453085
145,0.0086494604516631,0.2064745800422739,0.7814273000333741,0.9965513405273112,186.8318778507064,35.20404845833044,60.62700964630225,129.74878771551724,203.48987436381108,39,51035.89743589744,25600.0,214.7006465222452,180.540666735282,262,181349.6183206107,102400.0,404.8111177890061,361.081333470564,0.3277687188509572,0.9965513405273111,0.0034486594726889086
146,0.0079263544331961,0.2092001334964957,0.7787851818889754,0.9959116698186672,186.8450606296585,35.56338512848374,58.44561403508772,129.20140919968094,203.8311549175059,38,48000.0,19200.0,201.26342737064917,156.35280380893437,256,188050.0,115200.0,412.4317067150749,382.9845891853754,0.3264559853533405,0.9959116698186672,0.004088330181332811
147,0.0067860718656135,0.2132884636778284,0.7758927578151074,0.9959672933585494,186.80228612748917,35.53364274482856,62.09836065573771,128.92202373190767,204.01215140870312,38,41094.73684210526,12800.0,185.15726833040137,127.66152972845846,256,191725.0,115200.0,422.2271719615456,382.9845891853754,0.325011439794917,0.9959672933585493,0.004032706641450723
148,0.0067026365557904,0.2143731227055289,0.7751696517966403,0.9962454110579596,186.75536767159863,35.57409830931234,63.64315352697096,128.81590555267255,204.0390714695752,40,38560.0,16000.0,186.84179278016512,142.0071667686964,243,203009.0534979424,134400.0,433.0449644647573,413.6706356661128,0.3245785868495893,0.9962454110579596,0.0037545889420403933
149,0.0063688953164979,0.2128434753587718,0.7766992991433975,0.9959116698186672,186.7599566136389,35.34216092259678,62.51965065502184,128.96445838233373,203.8323486231962,43,34083.72093023256,6400.0,169.89289477118135,90.270333367641,244,200734.4262295082,121600.0,425.958202702788,393.4792607492748,0.3255719878203396,0.9959116698186672,0.004088330181332811
150,0.005701412837913,0.2095616865057292,0.7802592056958505,0.9955223050394928,186.8143842474135,34.97242656235379,60.8,128.98327803583277,203.49039386918557,34,38588.23529411765,16000.0,187.33157085534367,142.0071667686964,241,200099.58506224063,134400.0,426.2372214019464,413.6706356661128,0.3278201478566216,0.9955223050394927,0.004477694960507317
151,0.0065079541662031,0.2076148626098564,0.7807041940149071,0.9948270107909668,186.7766158638336,34.99899231684268,63.85042735042735,129.02947086403216,203.43756902141,41,36526.82926829269,19200.0,185.22542364938465,156.35280380893437,253,188837.9446640316,121600.0,423.7965876756228,393.4792607492748,0.3279998624982645,0.9948270107909666,0.005172989209033418
152,0.0075369896540215,0.2047502503059294,0.7833185003893648,0.9956057403493158,186.63747357881851,35.42211386295399,62.64944649446495,128.06710133116002,203.3752884786082,45,38542.22222222222,19200.0,189.7161553239953,156.35280380893437,256,184050.0,140800.0,419.12371956776406,423.4053942720982,0.3292198256788948,0.9956057403493157,0.004394259650684296
153,0.0070920013349649,0.2047502503059294,0.7838747357881856,0.99571698742908,186.6835854933808,35.181244541946675,62.28627450980392,128.3947296930182,203.27684938797236,48,34000.0,6400.0,169.65402282751072,90.270333367641,254,185499.2125984252,134400.0,428.0280945000274,413.6706356661128,0.3296202140538206,0.9957169874290799,0.0042830125709201194
154,0.0086494604516631,0.2000778729558349,0.7875737011903438,0.9963010345978418,186.84049949938813,35.50370357645232,61.10932475884244,127.88810119544064,203.41648421498687,54,36859.25925925926,12800.0,176.95432661106594,127.66152972845846,258,178455.81395348837,115200.0,410.269771188523,382.9845891853754,0.3314143358592331,0.9963010345978418,0.003698965402158194
155,0.0104016019579486,0.1935142952497497,0.7929135610190232,0.9968294582267216,187.10607409055515,35.4276283329785,59.144385026737964,128.34521414199483,203.28141003156787,47,50927.65957446808,19200.0,209.0362744817947,156.35280380893437,256,173950.0,102400.0,392.70911195703854,361.081333470564,0.3341880216489784,0.9968294582267215,0.003170541773278468
156,0.0105684725775948,0.1893425297585938,0.7973634442095895,0.997274446545778,187.3627767271109,34.97931064532343,60.03684210526316,128.7746768507638,203.1018137425881,47,51744.68085106383,12800.0,206.4450094477411,127.66152972845846,229,190267.24890829696,115200.0,414.8692394493652,382.9845891853754,0.3367649894900615,0.9972744465457781,0.002725553454221874
157,0.0088719546111914,0.1869507175436645,0.8004227389031038,0.9962454110579596,187.49402046946267,34.2137461219267,59.14733542319749,129.26852127343054,202.69812369701185,43,47479.06976744186,12800.0,193.935920623006,127.66152972845846,245,175595.10204081633,96000.0,400.6480509598012,349.61549778946534,0.3390530294333744,0.9962454110579597,0.0037545889420402823
158,0.0080932250528423,0.1846423406385582,0.8034820335966181,0.9962175992880188,187.43892535320947,33.60278980204901,58.08247422680412,129.79183611989757,202.16555901696088,37,50335.13513513513,12800.0,202.19854769965727,127.66152972845846,237,179281.01265822785,121600.0,414.4276371395256,393.4792607492748,0.3410401593411953,0.9962175992880186,0.0037824007119814373
159,0.0075648014239626,0.1889253532094782,0.7993658916453443,0.9958560462787852,187.2231616420069,33.63856818149277,59.22058823529412,129.92727808037685,202.1797369702874,39,44635.89743589744,6400.0,188.23712710095796,90.270333367641,249,174599.1967871486,108800.0,404.7537827502212,372.1941193345023,0.3387031258566491,0.9958560462787851,0.004143953721214899
160,0.0062854600066748,0.1982701079096673,0.7901323840249194,0.9946879519412616,187.07703860273668,33.953159136172346,61.99557522123894,129.86982746528264,202.70577261527632,42,34438.09523809524,12800.0,172.8430125666473,127.66152972845846,224,203685.7142857143,112000.0,428.9618336655593,377.5893542599388,0.3335957399161157,0.9946879519412615,0.005312048058738528
161,0.0063410835465569,0.2039715207475803,0.7844031594170653,0.9947157637112026,187.05634664590053,34.38796755951041,63.56140350877193,129.93946004908645,203.19078854063247,44,33163.63636363636,12800.0,178.9465880445359,127.66152972845846,238,197216.80672268907,121600.0,423.8206672837052,393.4792607492748,0.3302085655367824,0.9947157637112025,0.005284236288797484
162,0.0056457892980309,0.2066692624318611,0.7832906886194237,0.9956057403493158,187.1813049282456,34.30164784150603,64.23645320197045,130.23038621988965,203.3115324527766,38,34189.47368421053,12800.0,183.94938004270503,127.66152972845846,248,191767.74193548388,115200.0,419.32736564304577,382.9845891853754,0.3295846367997732,0.9956057403493157,0.004394259650684296
163,0.0048948715096228,0.2048058738458115,0.7871287128712872,0.9968294582267216,187.3573534319724,33.909193294127626,66.70454545454545,130.27865290602932,203.1365981202742,38,29642.105263157893,12800.0,170.94821868494694,127.66152972845846,268,175856.71641791044,108800.0,399.49430343058486,372.1941193345023,0.3318222550096453,0.9968294582267214,0.003170541773278579
164,0.0055345422182667,0.1986038491489598,0.7929969963288463,0.997135387696073,187.52336188675048,33.589191243374714,65.07537688442211,130.37277692199973,202.8382141479325,41,31063.414634146346,19200.0,178.78676963225868,156.35280380893437,269,169897.39776951674,89600.0,389.9623174216077,337.76065965158017,0.3351079572859012,0.9971353876960729,0.0028646123039270943
165,0.0047280008899766,0.1968795194126154,0.7944153965958394,0.9960229168984314,187.57815107353431,33.49194291420068,65.38235294117646,129.85760700663937,202.8155370396303,44,24727.272727272728,12800.0,154.73994256660782,127.66152972845846,241,187990.04149377596,115200.0,415.9645042726626,382.9845891853754,0.3362501571298086,0.9960229168984314,0.003977083101568635
166,0.0031149182333963,0.1984369785293136,0.7935532317276671,0.9951051284903772,187.53615530092333,33.241511830045376,65.40178571428571,129.68451296426068,202.7104054953913,28,25600.0,6400.0,153.14720344894536,90.270333367641,243,187917.69547325105,121600.0,414.1738759149047,393.4792607492748,0.3361723746827834,0.995105128490377,0.004894871509622978
167,0.0033652241628657,0.202998108799644,0.7888252308376905,0.9951885638002004,187.49969407053064,33.47251152224658,67.03305785123968,130.17906562542814,203.00835595670412,37,20929.72972972973,6400.0,140.9355141609256,90.270333367641,250,186854.4,121600.0,424.3458656351715,393.4792607492748,0.3333323546034626,0.9951885638002003,0.004811436199799735
168,0.0049226832795639,0.2010512849037712,0.7891033485371008,0.995077316720436,187.49257425742573,33.9157006850387,63.99435028248588,129.95504219117444,203.18425968350192,37,30616.216216216217,12800.0,173.41233050174353,127.66152972845846,251,184325.09960159365,140800.0,416.5527319740507,423.4053942720982,0.3332018029966954,0.995077316720436,0.004922683279564022
169,0.0054789186783846,0.202302814551118,0.7886027366781622,0.9963844699076648,187.61055178551564,34.24078892693929,63.41116751269036,130.0050866098433,203.44210897548933,35,36022.857142857145,12800.0,184.94125278666635,127.66152972845846,259,179743.62934362935,108800.0,406.7472529951664,372.1941193345023,0.3326276127696034,0.9963844699076647,0.003615530092335284
170,0.0052564245188563,0.2034987206585827,0.7876293247302258,0.9963844699076648,187.7610690844365,34.08918920706362,63.66137566137566,130.42271422714228,203.59668079096045,34,35576.470588235294,12800.0,185.09121027074315,127.66152972845846,249,188067.4698795181,121600.0,414.6733676020056,393.4792607492748,0.3321003739796822,0.9963844699076648,0.003615530092335173
171,0.0048392479697407,0.201607520302592,0.7898264545555679,0.9962732228279008,187.85665813772388,33.75522572203444,63.35632183908046,130.6393985377293,203.42614176555512,36,30933.33333333333,6400.0,165.325635177906,90.270333367641,259,179125.86872586873,128000.0,408.2224435596737,403.7012035232256,0.3334873281140749,0.9962732228279005,0.0037267771720994602
172,0.0054511069084436,0.2001056847257759,0.7906886194237401,0.9962454110579596,187.91878963177217,33.69024599339176,62.93877551020408,131.16622654621264,203.35430882870207,34,36894.117647058825,16000.0,184.05471432525164,142.0071667686964,258,178480.62015503875,118400.0,410.3271111598036,388.2319249673251,0.3338789798186885,0.9962454110579596,0.0037545889420403933
173,0.0058960952275002,0.1975470018912003,0.7924129491600845,0.9958560462787852,187.86992435198576,33.89983258593775,60.36792452830189,130.77938899056736,203.27295381159624,32,42400.0,19200.0,193.6261037401005,156.35280380893437,266,170899.24812030076,121600.0,398.29853480028834,393.4792607492748,0.334863873962264,0.9958560462787851,0.004143953721214899
174,0.0059795305373233,0.1970463900322616,0.7932194904883747,0.9962454110579596,187.71437312270552,33.985051409741736,61.64186046511628,130.07706422018347,203.169980014726,33,41696.969696969696,12800.0,187.5026004630741,127.66152972845846,261,173731.80076628353,102400.0,395.9463530922127,361.081333470564,0.3352736303791354,0.9962454110579596,0.0037545889420403933
175,0.0075369896540215,0.1993269551674268,0.7889364779174547,0.9958004227389032,187.3582990321504,34.570821539290286,63.50553505535056,129.8638202874285,203.29121866958084,47,36902.12765957447,12800.0,177.41090184314638,127.66152972845846,232,197710.3448275862,108800.0,416.2846210440178,372.1941193345023,0.3325002824472491,0.995800422738903,0.004199577261096987
176,0.0120703081544109,0.1968795194126154,0.7867393480921125,0.995689175659139,186.85476693736788,35.73263592635579,56.42165898617512,129.82229128407968,203.3514917986425,34,81694.11764705883,16000.0,224.9283042713957,142.0071667686964,240,188773.3333333333,102400.0,411.777253411807,361.081333470564,0.3303535452097219,0.9956891756591388,0.0043108243408611635
177,0.0159639559461564,0.1977416842807876,0.7817610412726665,0.9954666814996106,186.299532762265,37.10968940191613,52.329268292682926,129.4225035161744,203.6652317762994,43,85432.55813953489,6400.0,204.4420643825333,90.270333367641,230,197843.4782608696,96000.0,413.45589505741776,349.61549778946534,0.3266950545070509,0.9954666814996105,0.004533318500389516
178,0.0199410390477249,0.1984926020691957,0.7773667816219825,0.9958004227389032,185.892924685727,38.250053264061314,51.189679218967925,129.4312736443884,203.974025974026,38,120757.8947368421,12800.0,248.1699186161903,127.66152972845846,232,196882.75862068965,108800.0,413.0448169155541,372.1941193345023,0.3232937659509086,0.995800422738903,0.004199577261096987
179,0.0211369451551896,0.200912226054066,0.7737512515296473,0.9958004227389032,185.48445322060297,38.7878496832465,48.92105263157895,129.5204872646733,203.946443334172,30,162133.33333333334,16000.0,273.7826226911601,142.0071667686964,243,190261.7283950617,108800.0,417.4248364498808,372.1941193345023,0.3209174339797958,0.9958004227389029,0.004199577261097098
180,0.0233618867504728,0.1964345310935588,0.7766158638335744,0.996412281677606,185.24079430414952,39.45114506441902,47.85714285714285,128.53277644060597,203.8919209282338,41,131121.9512195122,12800.0,225.12030608794277,127.66152972845846,225,200903.11111111112,147200.0,438.9642812293646,432.9213103844808,0.3221380092567985,0.996412281677606,0.003587718322394018
181,0.024947157637112,0.1908443653354099,0.7805373233952608,0.9963288463677828,185.1806096339971,39.74844876250376,45.7670011148272,128.3682599825124,203.71623017993943,43,133506.97674418605,6400.0,204.0013637152957,90.270333367641,236,186088.13559322036,121600.0,415.13370598929646,393.4792607492748,0.3242386238727233,0.9963288463677827,0.003671153632217261
182,0.0261708755145177,0.1812493047057514,0.7886861719879853,0.9961063522082544,185.3692568695072,39.86897984541776,42.93092454835281,128.3493938928955,203.3998166302278,41,146887.80487804877,6400.0,190.941621150525,90.270333367641,234,178242.73504273503,108800.0,406.9605789132621,372.1941193345023,0.3290488724744049,0.9961063522082544,0.0038936477917456136
183,0.028534875959506,0.1765491155857158,0.7911892312826788,0.9962732228279008,185.41859494938257,40.255096133237686,41.85087719298246,128.838531821046,203.41233127109112,38,172800.0,12800.0,212.0823273206172,127.66152972845846,231,175875.32467532466,134400.0,412.9981622830652,413.6706356661128,0.3302074016011259,0.9962732228279005,0.0037267771720994602
184,0.032094782511959,0.1767994215151852,0.7869062187117588,0.9958004227389032,185.0005840471688,40.9647693927072,42.09705372616985,129.70851030360234,203.4549374425673,38,194357.8947368421,12800.0,235.5680315179992,127.66152972845846,262,155285.4961832061,108800.0,388.1912619429655,372.1941193345023,0.3270932657944179,0.995800422738903,0.004199577261096987
185,0.035654689064412,0.1785515630214706,0.7818166648125486,0.9960229168984314,184.3898097674936,41.97599503462971,43.16848673946958,129.10295950155762,203.66280103873927,42,195352.38095238092,12800.0,246.1878394385577,127.66152972845846,250,164352.0,105600.0,394.3111433046757,366.63772640253313,0.3233687254990744,0.9960229168984313,0.003977083101568746
186,0.0382689954388697,0.1841973523195016,0.7735843809100011,0.9960507286683724,183.6108855267549,42.62030961298169,44.12645348837209,129.12048920428808,203.67668524177603,46,191443.4782608696,12800.0,243.4283597272739,127.66152972845846,250,169548.8,102400.0,396.3985763391048,361.081333470564,0.3178680493054343,0.9960507286683724,0.003949271331627591
187,0.0386583602180442,0.1933474246301034,0.7644621203693404,0.996467905217488,182.7325898320169,43.22120976959001,42.736690647482014,128.72382048331414,203.63630079674027,41,216975.60975609755,12800.0,247.92053569785884,127.66152972845846,257,173123.73540856031,102400.0,398.842249636486,361.081333470564,0.3121416702196757,0.996467905217488,0.003532094782512041
188,0.0382968072088107,0.2041105795972855,0.7537545889420403,0.9961619757481366,181.90902770052287,43.58373016299422,41.34858387799565,128.99918244992506,203.56826064497085,44,200290.9090909091,9600.0,216.2294020415304,108.96593154804972,241,194894.60580912864,128000.0,433.5061263720036,403.7012035232256,0.3057745323245921,0.9961619757481365,0.0038380242518635255
189,0.0382968072088107,0.2112860162420736,0.7473578818556013,0.9969407053064856,181.2693848036489,44.01680986946274,40.07407407407408,128.5350796366987,203.5619976183388,40,220320.0,6400.0,208.0676868532053,90.270333367641,240,202586.66666666663,147200.0,445.73172424552575,432.9213103844808,0.301858303609783,0.9969407053064856,0.0030592946935144028
190,0.0397986427856268,0.2134275225275336,0.7437979753031483,0.9970241406163088,180.76576927355657,44.49842260995575,39.84206848357792,128.23651290070367,203.52082710140596,38,241010.52631578947,6400.0,215.05858721045288,90.270333367641,245,200463.67346938772,121600.0,437.80387557258064,393.4792607492748,0.2994541080111823,0.9970241406163087,0.0029758593836912706
191,0.0431082434086105,0.2118144398709533,0.7418789631772166,0.9968016464567804,180.47346757147625,45.18908977741299,41.01032258064516,128.02626050420167,203.72731021555765,43,230697.67441860464,12800.0,235.85812539234735,127.66152972845846,265,183933.5849056604,102400.0,409.3734387271604,361.081333470564,0.2977155052131,0.9968016464567804,0.003198353543219623
192,0.0447769496050728,0.2112025809322505,0.7402102569807543,0.9961897875180776,180.40290911113584,45.6632065924295,40.66832298136646,128.120226494601,203.97801991358256,48,214666.66666666663,6400.0,222.85474136507136,90.270333367641,257,189111.2840466926,115200.0,413.2575549790872,382.9845891853754,0.29649322590882,0.9961897875180776,0.0038102124819223704
193,0.045639114473245,0.2098119924351985,0.7406552452998109,0.9961063522082544,180.6009011013461,45.93337852028044,40.65082266910421,128.08191940615058,204.3019037963276,39,269292.3076923077,25600.0,259.6749813084353,180.540666735282,255,189339.6078431373,121600.0,418.9209916343668,393.4792607492748,0.2966094916963536,0.9961063522082543,0.0038936477917457246
194,0.0458337968628323,0.2073367449104461,0.7437145399933252,0.9968850817666036,180.9035209700745,45.89080239698525,40.53094660194175,128.2989939637827,204.3824464305748,48,219733.3333333333,6400.0,216.6185136707604,90.270333367641,257,185649.8054474708,121600.0,412.98036304641386,393.4792607492748,0.2982955046628185,0.9968850817666035,0.003114918233396491
195,0.0457503615530092,0.2028312381799977,0.7488875292023585,0.9974691289353654,181.19779730782068,45.70225495722481,39.93495440729483,128.37186343068697,204.25238608088532,42,250666.66666666663,6400.0,230.11820156330785,90.270333367641,243,192079.01234567905,147200.0,421.81043565033593,432.9213103844808,0.301340293300328,0.9974691289353654,0.0025308710646345656
196,0.0466681499610635,0.1951273779063299,0.7558404716876183,0.9976359995550116,181.40813772388475,45.49281683830025,40.35816448152563,128.49558152793614,203.89101078117525,50,214784.0,6400.0,211.72406807122584,90.270333367641,262,171383.20610687023,86400.0,388.754432072321,331.61748763091884,0.3053894958906158,0.9976359995550117,0.002364000444988301
197,0.0469184558905328,0.1912059183446434,0.7594281900100123,0.9975525642451886,181.6194237401268,45.43829218594709,39.52637818612922,128.744,203.8310627700872,37,291805.4054054054,12800.0,264.9330190751153,127.66152972845846,253,173913.04347826086,102400.0,397.4366009718707,361.081333470564,0.3075649060772935,0.9975525642451885,0.0024474357548115444
198,0.0481421737679385,0.1898709533874736,0.7594281900100123,0.9974413171654244,181.9115585715875,45.55835377555854,40.69324090121317,129.00615204335725,204.204021094265,42,263771.4285714286,9600.0,258.8512895033352,108.96593154804972,250,174771.2,102400.0,401.5067502598412,361.081333470564,0.3073923098985805,0.9974413171654244,0.0025586828345756096
199,0.0483646679274669,0.1892312826788297,0.7587050839915452,0.9963010345978418,182.1838914228501,45.53362121034403,41.20471535365152,129.5978835978836,204.46455278592376,43,258827.90697674415,19200.0,261.1174072198648,156.35280380893437,258,168781.39534883722,112000.0,394.8797720366026,377.5893542599388,0.307087993221478,0.9963010345978418,0.003698965402158194
200,0.0481143619979975,0.1886750472800089,0.7593725664701302,0.9961619757481366,182.3997107575926,45.18109423110892,41.13236994219653,130.88001179245282,204.31500878992088,53,208905.6603773585,6400.0,219.8420587971476,90.270333367641,268,162005.97014925373,96000.0,385.27442179558017,349.61549778946534,0.3075605086059633,0.9961619757481366,0.0038380242518634144
201,0.0481699855378796,0.1872010234731338,0.7610968962064746,0.996467905217488,182.51379463789075,45.16834192428116,41.38221709006928,130.49413162977268,204.3965870057736,45,246328.88888888888,12800.0,249.07267845602945,127.66152972845846,258,166970.5426356589,102400.0,395.2038455708884,361.081333470564,0.3085721385502341,0.996467905217488,0.003532094782512041
202,0.047752808988764,0.1904271887862943,0.7583991545221938,0.9965791522972522,182.65460562910224,45.25494140455061,42.05358182877112,130.27384255878488,204.82148226924343,49,224261.22448979592,12800.0,236.17622343964368,127.66152972845846,243,180332.51028806585,108800.0,407.6109386640209,372.1941193345023,0.3069502965433637,0.996579152297252,0.0034208477027479756
203,0.0451941261541884,0.1935699187896317,0.7581210368227834,0.9968850817666036,182.8203359661809,44.85391219208032,41.59692307692308,130.4824712643678,204.76158333027624,39,266666.6666666667,6400.0,248.55716763163727,90.270333367641,244,182557.37704918036,121600.0,409.2446932949832,393.4792607492748,0.307136980057242,0.9968850817666035,0.003114918233396491
204,0.0436644788074313,0.1910668594949382,0.762098119924352,0.9968294582267216,183.09625653576597,44.529592151213976,41.46050955414013,130.06812227074235,204.6697321363404,40,251200.0,12800.0,242.33214689402584,127.66152972845846,271,162243.54243542434,96000.0,383.6045472431096,349.61549778946534,0.3098298922004471,0.9968294582267214,0.003170541773278579
205,0.0426910668594949,0.1843085993992657,0.7700522861274891,0.99705195238625,183.3700912226054,44.22269234067459,41.24104234527688,129.16945827674664,204.36156457671197,43,228465.11627906977,12800.0,238.27982577958437,127.66152972845846,269,157668.40148698885,89600.0,376.8620926587732,337.76065965158017,0.3148554404378208,0.9970519523862497,0.0029480476137503375
206,0.0408554900433863,0.180915563466459,0.7758093225052842,0.9975803760151296,183.53668372455223,43.74296714579605,41.18720217835262,128.21475787855496,204.04366373902133,42,223847.61904761905,12800.0,235.7998819497113,127.66152972845846,256,162625.0,108800.0,388.1053295046373,372.1941193345023,0.318620733188998,0.9975803760151296,0.0024196239848703893
207,0.0378518188897541,0.183780175770386,0.77569807542552,0.9973300700856602,183.78014795861608,43.15395845476041,40.58119030124908,128.5240617433414,203.98246746262237,38,229221.05263157896,6400.0,230.8180955809732,90.270333367641,245,172617.14285714287,115200.0,404.9390670026644,382.9845891853754,0.3190400503520713,0.9973300700856602,0.002669929914339786
208,0.0354878184447658,0.1872566470130159,0.7744187340082322,0.997163199466014,183.99054399822003,42.5159059399822,41.92319749216301,128.8017228575672,203.97557909858145,46,177530.4347826087,6400.0,202.11631026997776,90.270333367641,234,184150.42735042732,131200.0,421.6793332883405,408.68591959466926,0.3186450466349699,0.997163199466014,0.0028368005339860503
209,0.0315107353431972,0.1936811658693959,0.7716097452441874,0.9968016464567804,184.1658972076983,41.93545405496374,41.581641659311565,128.58543940264215,204.09526384083048,38,190821.05263157896,6400.0,197.21597792071992,90.270333367641,230,193780.86956521735,147200.0,438.2987181612053,432.9213103844808,0.3176383750695895,0.9968016464567805,0.003198353543219512
210,0.0296473467571476,0.1976582489709645,0.7695238624986094,0.9968294582267216,184.19562798976528,41.61371194880593,41.687617260788,128.73744195863233,204.09404026166467,39,174933.33333333334,6400.0,189.30139099744568,90.270333367641,233,195213.7339055794,128000.0,430.6087054977909,403.7012035232256,0.3166974023230966,0.9968294582267214,0.003170541773278579
211,0.027088663922572,0.2024696851707642,0.7672989209033263,0.9968572699966626,184.05904438758483,41.25268076482953,41.46714579055441,128.36964285714285,203.94769654572477,34,183341.17647058825,6400.0,203.09270244613535,90.270333367641,231,201696.9696969697,115200.0,427.99528329964943,382.9845891853754,0.3158237540661288,0.9968572699966625,0.003142730003337535
212,0.0254199577261096,0.2090332628768494,0.762125931694293,0.9965791522972522,183.573589943264,41.04351734403132,43.68599562363239,127.49800425758382,203.77823595956647,41,142673.17073170733,6400.0,187.7406720223108,90.270333367641,223,215705.8295964125,134400.0,447.7144673627256,413.6706356661128,0.3131135821973998,0.996579152297252,0.0034208477027479756
213,0.0244187340082322,0.2198242296139726,0.752864612303927,0.997107575926132,182.86828345755924,41.164909672742944,44.682232346241456,127.20129048582996,203.7477650535648,40,140480.0,9600.0,212.47711375901295,108.96593154804972,225,224824.88888888888,134400.0,450.9640178439866,413.6706356661128,0.3078507493534207,0.9971075759261318,0.0028924240738682494
214,0.0226944042718878,0.2283346312159306,0.7449104461007898,0.9959394815886085,182.4601457336745,40.86020625010748,46.41789215686274,127.51193666260656,203.65266577060933,48,108800.0,6400.0,195.90921127380716,90.270333367641,259,202872.5868725869,128000.0,429.3846037237663,403.7012035232256,0.3038154568770252,0.9959394815886082,0.004060518411391767
215,0.0196629213483146,0.2299755256424518,0.7460507286683724,0.995689175659139,182.81708198909777,40.169400148830896,47.5997171145686,127.5510944491474,203.65945945945947,45,100551.11111111112,12800.0,199.8644735562084,127.66152972845846,244,216891.8032786885,166400.0,454.2571218939697,460.29019134012736,0.3051783182422421,0.9956891756591388,0.0043108243408611635
216,0.016436756035154,0.2227444654577817,0.7567304483257314,0.9959116698186672,183.79619534987208,38.87066852964288,49.64467005076142,127.91072543388688,203.3727810650888,50,75648.0,6400.0,185.53396728287225,90.270333367641,251,204213.5458167331,140800.0,438.0549109446234,423.4053942720982,0.3119363631169874,0.9959116698186672,0.004088330181332811
217,0.0133218378017577,0.2076426743797975,0.7750584047168761,0.9960229168984314,185.147179886528,37.16576533473934,52.881002087682674,127.91843021698368,202.9400387541266,61,50255.73770491804,6400.0,163.25400735136722,90.270333367641,261,183074.3295019157,121600.0,418.3150906562761,393.4792607492748,0.3231724334947006,0.9960229168984314,0.003977083101568635
218,0.0095672488597174,0.1960451663143842,0.7905495605740349,0.9961619757481366,186.6133885860496,35.521946383902474,58.270348837209305,127.9876578238048,202.8967106420405,45,48924.444444444445,12800.0,184.60599361393616,127.66152972845846,257,175539.29961089493,102400.0,399.8866347136519,361.081333470564,0.3330236661097998,0.9961619757481366,0.0038380242518634144
219,0.0075091778840805,0.1911502948047613,0.7974468795194126,0.9961063522082544,187.8425853821337,34.41706074526524,64.01851851851852,129.09137203550122,203.30300282495728,49,35265.30612244898,12800.0,175.81958415552788,127.66152972845846,252,174552.38095238095,99200.0,400.248256514511,355.34841563001464,0.3375271480316536,0.9961063522082545,0.0038936477917455026
220,0.007175436644788,0.1884525531204806,0.8011736566915119,0.9968016464567804,188.34536655912785,34.15790081630233,60.33720930232558,129.4319657615112,203.519908355608,49,33697.95918367347,6400.0,162.9250981861838,90.270333367641,251,172774.50199203187,115200.0,404.55295550247945,382.9845891853754,0.3397256600972172,0.9968016464567805,0.003198353543219512
221,0.0074257425742574,0.1918734008232284,0.797001891200356,0.9963010345978418,188.23542663255088,34.67684281106476,58.58801498127341,129.3091752427888,203.83239697107163,48,35600.0,6400.0,156.9147972792441,90.270333367641,245,180218.77551020408,121600.0,418.7808435010239,393.4792607492748,0.3372489886285557,0.9963010345978418,0.003698965402158194
222,0.0079263544331961,0.1960173545444432,0.7926076315496718,0.9965513405273112,188.02875737011905,35.43486590156321,57.4140350877193,128.4033768444949,204.24927190427732,37,49297.2972972973,6400.0,178.68869016808657,90.270333367641,242,186393.38842975209,115200.0,418.8533402784949,382.9845891853754,0.3345017670767422,0.9965513405273112,0.0034486594726887976
223,0.0086772722216041,0.1983813549894315,0.7897430192457447,0.9968016464567804,187.8465902770052,36.04176750976181,56.70192307692308,127.8361138370952,204.52014368220875,44,45381.81818181818,6400.0,166.1985469291528,90.270333367641,237,192621.0970464135,108800.0,416.84012533244265,372.1941193345023,0.3326259090171148,0.9968016464567804,0.003198353543219623
224,0.0090388252308376,0.1991044610078985,0.7874346423406385,0.9955779285793748,187.6453721214818,36.13672997683452,56.824615384615385,128.0205335940774,204.4691837671741,51,40784.3137254902,6400.0,159.5214125951402,90.270333367641,239,191705.43933054397,115200.0,413.4030574588222,382.9845891853754,0.331353687547911,0.9955779285793747,0.00442207142062534
225,0.009316942930248,0.1952386249860941,0.7907998665035043,0.9953554344198464,187.52592056958505,35.77243670452443,56.8089552238806,128.44757834757834,203.9168249279032,54,39703.7037037037,6400.0,156.93568328728665,90.270333367641,239,187983.2635983264,102400.0,407.118022942628,361.081333470564,0.3333292706573816,0.9953554344198464,0.004644565580153581
226,0.0094281900100122,0.1942374012682167,0.7920792079207921,0.995744799199021,187.3021192568695,35.52466559409336,55.70796460176991,128.66323024054984,203.4774929775281,51,42541.17647058824,6400.0,159.73231867950477,90.270333367641,239,187019.24686192468,108800.0,410.2703944246744,372.1941193345023,0.3340179446583796,0.995744799199021,0.004255200800978964
227,0.0106240961174769,0.1951273779063299,0.7898542663255089,0.9956057403493158,186.9828679497163,35.7748516602075,56.403141361256544,128.66519384264538,203.40345070422532,62,39432.25806451613,6400.0,158.45795993010023,90.270333367641,238,188665.5462184874,124800.0,422.2746322376151,398.59023213625017,0.33248912947344,0.9956057403493157,0.004394259650684296
228,0.0104850372677717,0.196601401713205,0.7882133718989877,0.9952998108799644,186.88914228501503,35.68740367393556,56.08488063660477,128.9978780591314,203.3195017818708,54,44681.48148148148,6400.0,169.23041172216776,90.270333367641,239,189295.39748953976,134400.0,420.0619205538796,413.6706356661128,0.3315796178680558,0.9952998108799643,0.004700189120035669
229,0.0092056958504839,0.1991600845477806,0.7871009011013461,0.9954666814996106,186.8642507509178,35.51525222668704,56.77643504531722,128.94721407624633,203.29882336313204,54,39229.62962962963,6400.0,158.49487860603563,90.270333367641,260,176270.76923076922,124800.0,412.0043039407188,398.59023213625017,0.3311391154295726,0.9954666814996106,0.004533318500389405
230,0.0077038602736678,0.2016353320725331,0.7868784069418178,0.9962175992880188,187.03762932473023,35.42890031635315,59.76173285198556,128.25696551724138,203.5351500371117,56,31657.14285714286,6400.0,149.31522467215402,90.270333367641,232,200000.0,140800.0,441.72793395776,423.4053942720982,0.3311984713149178,0.9962175992880187,0.0037824007119813263
231,0.0066192012459672,0.1976582489709645,0.7916620313716765,0.9959394815886085,187.42596506841696,35.28402938973755,57.8655462184874,127.72745180807654,203.63207447742843,44,34618.181818181816,6400.0,152.75799183923044,90.270333367641,237,191918.98734177212,134400.0,426.3627699266197,413.6706356661128,0.3342701263605377,0.9959394815886082,0.004060518411391767
232,0.0062854600066748,0.1996328846367782,0.7908554900433864,0.9967738346868394,187.474051618645,35.11478673699772,61.06637168141593,128.04012259682364,203.6381347587565,44,32872.72727272727,6400.0,156.65487117320652,90.270333367641,255,180153.72549019608,102400.0,411.5051208704233,361.081333470564,0.3337459991914472,0.9967738346868393,0.003226165313160667
233,0.0063132717766158,0.2042496384469907,0.7864890421626433,0.99705195238625,187.0752308376905,35.32964508609829,66.08810572687224,127.88003812636164,203.5615474380282,54,26903.703703703704,6400.0,155.6358656615907,90.270333367641,271,173437.63837638375,121600.0,404.65722991564496,393.4792607492748,0.331135380368691,0.9970519523862498,0.0029480476137502265
234,0.0060629658471465,0.2073923684503281,0.7835131827789521,0.9969685170764268,186.91748247858493,35.358623177681885,66.03669724770643,128.07590183719995,203.5984665625444,54,25837.03703703704,6400.0,152.44440299946996,90.270333367641,263,181463.11787072243,115200.0,413.6362575974251,382.9845891853754,0.329457055178591,0.9969685170764266,0.0030314829235733587
235,0.0054511069084436,0.2042218266770497,0.7866002892424074,0.9962732228279008,187.1088552675492,35.278427035159304,62.62244897959184,127.64360615552226,203.61559947671745,44,28509.090909090908,6400.0,158.87229572398635,90.270333367641,244,192603.2786885246,128000.0,421.42960910697695,403.7012035232256,0.3314728944437639,0.9962732228279008,0.003726777172099238
236,0.0061185893870285,0.2011069084436533,0.7885471131382801,0.995772610968962,187.10215263099343,35.39312371007823,65.37727272727273,127.18061125708752,203.5589884668289,62,22709.67741935484,6400.0,137.59765387487133,90.270333367641,240,192826.66666666663,105600.0,414.0500582211749,366.63772640253313,0.332549216648162,0.9957726109689619,0.004227389031038142
237,0.006480142396262,0.2019690733118255,0.7878240071198132,0.9962732228279008,187.0058960952275,35.31024975307504,63.59227467811159,127.67047645276784,203.4316023581742,57,26161.40350877193,6400.0,149.80658185379286,90.270333367641,256,181550.0,124800.0,410.8674390704723,398.59023213625017,0.3319873090812034,0.9962732228279007,0.0037267771720993492
238,0.0067860718656135,0.2030537323395261,0.7862109244632328,0.9960507286683724,186.96815552341752,35.34567727843827,64.34016393442623,127.87138748116696,203.49877958187412,46,33947.82608695652,12800.0,170.68981827808804,127.66152972845846,253,184689.32806324112,115200.0,416.2228625193973,382.9845891853754,0.3310079566214433,0.9960507286683724,0.003949271331627591
239,0.0067304483257314,0.2061964623428635,0.7831794415396596,0.9961063522082544,186.78487595950605,35.5014148527268,62.70247933884298,128.17116266522794,203.49545454545452,58,26703.44827586207,6400.0,147.76893943043552,90.270333367641,260,182498.46153846156,112000.0,409.8102327409226,377.5893542599388,0.3292363366090309,0.9961063522082545,0.0038936477917455026
240,0.0103181666481254,0.2068917565913894,0.7778952052508622,0.9951051284903772,186.13307931916788,36.35194042377434,63.08625336927224,128.01666890711118,203.4638541294244,68,34917.64705882353,6400.0,169.3718989013023,90.270333367641,275,173125.81818181818,108800.0,402.87509644717153,372.1941193345023,0.3255526284189429,0.995105128490377,0.004894871509622978
241,0.0130159083324062,0.2128712871287128,0.769217933029258,0.9951051284903772,185.340555122928,37.04129881576251,60.19444444444444,128.61614841912726,203.40263214983003,72,41600.0,6400.0,172.33078746097104,90.270333367641,267,183466.66666666663,140800.0,420.9113930493001,423.4053942720982,0.3199488266364239,0.995105128490377,0.004894871509622978
242,0.0134608966514629,0.2068639448214484,0.7758649460451663,0.9961897875180776,185.7003281788853,37.03508483951647,56.17355371900826,128.62731917182035,203.36147255977343,71,43628.16901408451,6400.0,163.87256921954284,90.270333367641,254,187414.17322834645,121600.0,420.97435779127983,393.4792607492748,0.3235955659919667,0.9961897875180776,0.0038102124819223704
243,0.0141561908999888,0.2042774502169318,0.7783680053398598,0.9968016464567804,185.97104794749137,36.99768285406624,54.25147347740668,129.09720898570455,203.45174545324616,60,54293.333333333336,6400.0,170.74221311878816,90.270333367641,259,181498.0694980695,102400.0,406.4996026319061,361.081333470564,0.3248496671205675,0.9968016464567804,0.003198353543219623
244,0.0151852263878073,0.2027756146401157,0.7782567582600957,0.9962175992880188,186.0173545444432,37.40150604794808,53.31501831501832,128.7450281168564,203.720401672444,62,56361.29032258064,6400.0,167.5279951252439,90.270333367641,234,199411.9658119658,131200.0,439.9181326930933,408.68591959466926,0.324661680861911,0.9962175992880187,0.0037824007119813263
245,0.0151574146178662,0.1979641784403159,0.7830960062298364,0.9962175992880188,186.5446657025253,37.17693608058657,51.00183486238532,129.19893228434952,203.8593245019001,58,60137.93103448276,6400.0,160.07572258564747,90.270333367641,237,192216.03375527423,128000.0,429.15634953393305,403.7012035232256,0.3275374871299328,0.9962175992880186,0.0037824007119814373
246,0.0156024029369229,0.1868116586939592,0.7937201023473134,0.9961341639781957,187.2153743464234,37.13471854957394,48.53832442067736,128.6106892958166,203.92014436385296,45,79786.66666666667,6400.0,174.98818407108456,90.270333367641,239,179869.4560669456,140800.0,416.5397095539116,423.4053942720982,0.3338525327097336,0.9961341639781954,0.0038658360218045695
247,0.0169651796640338,0.1795805985092891,0.7996440093447547,0.9961897875180776,187.6757981977973,36.90230951794401,48.0672131147541,129.50890506427135,203.8813647746244,44,88727.27272727272,6400.0,180.0628139609355,90.270333367641,245,168672.6530612245,134400.0,404.9450468947826,413.6706356661128,0.337228665964458,0.9961897875180775,0.0038102124819224814
248,0.0184113917009678,0.1751307153187228,0.801229280231394,0.9947713872510846,187.61742129269103,36.86556822225767,48.1570996978852,130.30331904081308,203.62810232913327,45,94151.11111111112,6400.0,188.64347908454948,90.270333367641,249,161850.60240963855,102400.0,391.8183062089341,361.081333470564,0.3381919583090427,0.9947713872510846,0.0052286127489153955
249,0.0219434864834798,0.1761319390366003,0.7960841027923017,0.9941595283123816,186.90279786405603,37.71295792456979,49.68821292775665,130.2981209537344,203.53521520402455,59,85586.44067796611,6400.0,194.82743578341,90.270333367641,260,155889.23076923078,92800.0,378.6467383274616,343.68807872052275,0.3345657978908557,0.9941595283123817,0.005840471687618254
250,0.0238624986094115,0.1797196573589943,0.7902992546445656,0.9938814106129714,186.39859828679496,38.68552426655504,48.95454545454545,129.68477251624884,203.794481981982,65,84480.0,12800.0,197.87291632731535,127.66152972845846,264,156654.54545454544,102400.0,382.6798570452875,361.081333470564,0.3307439761031339,0.9938814106129714,0.0061185893870285835
251,0.0255033930359328,0.1844198464790299,0.7853209478251196,0.9952441873400824,186.22079764156192,39.27215701197792,49.395856052344605,129.87633841049615,204.1691043666112,63,93155.55555555556,6400.0,204.97242140883773,90.270333367641,281,151026.33451957296,89600.0,374.0818849488036,337.76065965158017,0.3272204980912369,0.9952441873400824,0.0047558126599176465
252,0.0252530871064634,0.1840304816998554,0.7866002892424074,0.9958838580487264,186.3645844921571,39.28993807727984,48.747797356828194,129.7021308750189,204.27178870699717,48,121066.66666666669,12800.0,237.5383698252733,127.66152972845846,256,165425.0,108800.0,393.9001990029996,372.1941193345023,0.327948199872406,0.9958838580487263,0.004116141951273744
253,0.0246412281677605,0.183057069751919,0.7886027366781622,0.9963010345978418,186.49666258760703,38.76589048634669,48.98758465011287,130.48268003646308,203.9895609239993,61,92957.37704918032,6400.0,194.9710547084338,90.270333367641,264,159563.63636363635,83200.0,377.3070359373283,325.4743156102575,0.3292108949330292,0.9963010345978416,0.003698965402158416
254,0.0239459339192346,0.1869785293136055,0.7851818889754144,0.9961063522082544,186.0854933807988,38.775353149,48.27061556329849,130.31637661758143,203.7803202040238,64,86100.0,6400.0,183.57626232699155,90.270333367641,244,176340.9836065574,108800.0,408.8335618198368,372.1941193345023,0.3272625629439854,0.9961063522082545,0.0038936477917455026
255,0.0236956279897652,0.1961007898542663,0.7758927578151074,0.995689175659139,185.30968405829347,39.39673886725178,48.49647887323944,129.2894624875904,203.8677324539393,61,89390.16393442624,6400.0,188.3116482852869,90.270333367641,250,180505.6,102400.0,402.63474217940814,361.081333470564,0.3217457222485055,0.9956891756591388,0.0043108243408611635
256,0.0234731338302369,0.2042218266770497,0.7679942151518523,0.995689175659139,184.76657581488485,39.95655871642578,48.610189573459714,128.5135503200327,204.13225175635543,53,101916.98113207548,6400.0,207.14118821585865,90.270333367641,255,184294.9019607843,121600.0,406.31704505703976,393.4792607492748,0.3170736045821962,0.9956891756591388,0.0043108243408611635
257,0.0225275336522416,0.207253309600623,0.7658805206363333,0.995661363889198,184.54563911447323,39.954295179046056,48.569135802469134,128.12962962962962,204.049967317888,60,86400.0,6400.0,182.4217992941045,90.270333367641,262,182033.58778625957,128000.0,407.5481156971912,403.7012035232256,0.3160101328311129,0.9956613638891979,0.0043386361108020965
258,0.0204694626766047,0.2092557570363778,0.7667426855045055,0.996467905217488,184.51988541550784,39.437559265489526,48.33288043478261,128.10061137692716,203.73292466175775,62,75974.19354838709,6400.0,168.60878835468907,90.270333367641,252,191085.7142857143,131200.0,426.0645947681125,408.68591959466926,0.3168167474986945,0.9964679052174881,0.0035320947825119298
259,0.0199410390477249,0.2086438980976749,0.7681054622316165,0.9966903993770164,184.5758705083992,39.15299056221331,50.231520223152025,127.97267395361236,203.59178796437104,73,62860.27397260274,6400.0,161.80994855115145,90.270333367641,274,175229.19708029198,128000.0,412.4434487417429,403.7012035232256,0.3176923765173031,0.9966903993770162,0.0033096006229837993
260,0.0200244743575481,0.2090332628768494,0.7672432973634442,0.9963010345978418,184.6851151407276,38.944097810840965,51.105555555555554,128.78751995742417,203.57943959111176,73,63123.28767123288,6400.0,170.6392390952246,90.270333367641,282,170575.8865248227,96000.0,398.1462872419928,349.61549778946534,0.3172203465159642,0.9963010345978417,0.003698965402158305
261,0.0203860273667816,0.2029146734898209,0.7719991100233619,0.9952998108799644,185.2397652686617,38.714152073862685,52.97680763983629,128.78563596491227,203.81500828589955,79,59382.27848101266,6400.0,176.88593919681523,90.270333367641,246,189814.63414634147,124800.0,422.043539197759,398.59023213625017,0.3200861044886958,0.9952998108799643,0.004700189120035669
262,0.0190232506396707,0.1934864834798086,0.7828457003003672,0.9953554344198464,186.295277561464,37.77930215507053,53.28508771929825,129.39672272531263,203.8428307517408,71,61656.33802816901,6400.0,183.394332753473,90.270333367641,243,183229.62962962964,108800.0,408.59286053526336,372.1941193345023,0.3268037876616558,0.9953554344198464,0.004644565580153581
263,0.01713205028368,0.188758482589832,0.7899655134052731,0.9958560462787852,187.21907331182555,36.86614161207131,55.10714285714285,129.96611168410195,203.98813547387687,64,61600.0,6400.0,186.89471711677368,90.270333367641,243,178752.2633744856,115200.0,413.27129491327736,382.9845891853754,0.3313569890764963,0.9958560462787851,0.004143953721214899
264,0.0144343085993992,0.188035376571365,0.793386361108021,0.9958560462787852,187.82823450884413,36.5646254128359,56.6840077071291,128.93832273332347,204.40936656500855,66,50327.27272727273,6400.0,173.31134490365574,90.270333367641,230,188132.1739130435,144000.0,428.0466374498869,428.16335232828953,0.3338917731154979,0.9958560462787851,0.004143953721214899
265,0.0120146846145288,0.1858104349760818,0.797752808988764,0.9955779285793748,188.30331516297696,35.84992778817264,59.17592592592592,128.7687471935339,204.36814949100545,62,44593.54838709677,6400.0,171.63216121559375,90.270333367641,235,181950.63829787236,121600.0,418.8651517748317,393.4792607492748,0.3369904106863763,0.9955779285793747,0.00442207142062534
266,0.0090666370007787,0.185921682055846,0.801284903771276,0.9962732228279008,188.65271442874624,34.93642671465385,61.36503067484663,128.79745699326853,204.1654229287425,49,42579.5918367347,6400.0,178.4262381964373,90.270333367641,239,179012.55230125523,121600.0,410.0642319993131,393.4792607492748,0.339535529773358,0.9962732228279008,0.003726777172099238
267,0.0071198131049059,0.182389587273334,0.8074869284681278,0.9969963288463678,189.0100122371788,34.176162436161626,63.1171875,128.837450442208,203.8677412688572,56,29257.14285714286,6400.0,152.2843416308935,90.270333367641,256,163950.0,96000.0,383.7027423184312,349.61549778946534,0.3435199653037646,0.9969963288463677,0.0030036711536323146
268,0.0055901657581488,0.1868672822338413,0.8038157748359106,0.9962732228279008,189.1464567805095,34.17939963487081,64.64676616915423,128.84045244828098,204.2383918067954,57,22568.42105263158,6400.0,135.75191703937517,90.270333367641,266,161660.15037593985,108800.0,390.2062636597927,372.1941193345023,0.3416708875299072,0.9962732228279008,0.003726777172099238
269,0.0046167538102124,0.195878295694738,0.7946100789854267,0.9951051284903772,188.8352986984092,34.466494182606176,66.97590361445783,129.0976856453216,204.54670820062304,59,18006.77966101695,6400.0,125.90370785747976,90.270333367641,245,183980.4081632653,140800.0,429.07135531305767,423.4053942720982,0.3365098941170289,0.9951051284903771,0.004894871509622867
270,0.003587718322394,0.1983257314495494,0.7938869729669596,0.9958004227389032,188.52458560462787,34.40945110828756,69.69767441860465,128.51689805076427,204.2713259765283,48,17200.0,6400.0,127.292904829384,90.270333367641,249,183286.7469879518,147200.0,425.7539597954046,432.9213103844808,0.3361859601216477,0.995800422738903,0.004199577261096987
271,0.0041995772610968,0.1973801312715541,0.7949716319946601,0.9965513405273112,188.34539437089776,34.44827589244576,68.03973509933775,128.2823728335917,204.0633921074727,53,18233.962264150945,6400.0,128.96988555604383,90.270333367641,254,178822.0472440945,131200.0,416.58450567989456,408.68591959466926,0.3366096933198288,0.996551340527311,0.0034486594726890196
272,0.0043664478807431,0.1960173545444432,0.7960841027923017,0.996467905217488,188.37328957614864,34.554688085189355,65.28662420382166,128.05363223609535,204.089610117384,49,20506.122448979597,6400.0,133.64758748898944,90.270333367641,253,178289.32806324112,134400.0,416.4599268869413,413.6706356661128,0.3372481805364699,0.996467905217488,0.003532094782512041
273,0.0047280008899766,0.1906496829458226,0.8006452330626321,0.9960229168984314,188.4571142507509,34.12904583588265,66.57058823529412,128.44128373450036,203.6871613172155,58,18758.62068965517,6400.0,129.21368390550154,90.270333367641,247,177619.43319838058,134400.0,414.7464812686072,413.6706356661128,0.3399584424749859,0.9960229168984314,0.003977083101568635
274,0.0053676715986205,0.1799977750584047,0.8105740349315831,0.9959394815886085,188.7174046056291,33.51577948314867,65.14507772020725,128.3813349814586,203.14510207582777,58,21296.55172413793,6400.0,134.5935987715372,90.270333367641,246,168377.23577235773,108800.0,398.21892393563377,372.1941193345023,0.3458450809413428,0.9959394815886082,0.004060518411391767
275,0.0066192012459672,0.1731560796529091,0.816247635999555,0.9960229168984314,189.02600400489487,33.3379234508023,62.747899159663866,128.67426919370382,203.049780231013,61,24970.491803278688,6400.0,143.32030154528812,90.270333367641,243,163976.9547325103,121600.0,404.3175643931772,393.4792607492748,0.349093983536975,0.9960229168984313,0.003977083101568746
276,0.0073423072644343,0.1729057737234397,0.8166926243186117,0.9969407053064856,189.09158415841583,33.28737731686253,62.15909090909091,129.29435419012384,203.04849310403543,65,25993.846153846152,6400.0,141.66641694713536,90.270333367641,235,169314.04255319148,121600.0,410.12944197409325,393.4792607492748,0.3491132745400791,0.9969407053064857,0.0030592946935142917
277,0.0073701190343753,0.178774057180999,0.8107965290911113,0.9969407053064856,188.80732005784847,33.85572837155964,58.9811320754717,128.97884256378345,203.32737625630293,54,31407.40740740741,6400.0,153.17151731192837,90.270333367641,254,161965.35433070865,115200.0,400.8768906742578,382.9845891853754,0.3454989486056031,0.9969407053064856,0.0030592946935144028
278,0.0085104016019579,0.1842251640894426,0.8037323395260875,0.996467905217488,188.51663143842475,34.41730640952684,61.1078431372549,129.2842693236715,203.6271151250908,57,34357.89473684211,6400.0,164.71937011787233,90.270333367641,272,155858.82352941178,96000.0,379.607722578465,349.61549778946534,0.3410836894255541,0.996467905217488,0.003532094782512041
279,0.0077038602736678,0.1917343419735231,0.7980865502280565,0.9975247524752476,188.19765824897092,34.64581298518158,61.064981949458485,129.13344937626923,203.7237245609144,63,28139.68253968254,6400.0,144.89313767653198,90.270333367641,257,171679.3774319066,121600.0,406.05519662935785,393.4792607492748,0.3376775278327872,0.9975247524752474,0.0024752475247525885
280,0.0076204249638446,0.2011903437534764,0.7887139837579263,0.9975247524752476,187.900016687062,35.30603673362656,61.37956204379562,129.09068288636993,204.25318241122747,50,35072.0,6400.0,166.98426417060398,90.270333367641,257,180146.3035019455,121600.0,414.0966413268613,393.4792607492748,0.3321245563897688,0.9975247524752473,0.0024752475247526995
281,0.0080932250528423,0.2071698742907998,0.7814829235732562,0.9967460229168984,187.40502280565136,35.92089779114917,62.00343642611684,128.6748556853269,204.44617246165345,49,38008.16326530613,6400.0,174.4028951744744,90.270333367641,250,190694.4,121600.0,417.2294242309976,393.4792607492748,0.3278886356719682,0.9967460229168983,0.003253977083101711
282,0.0076482367337857,0.2190176882856825,0.7690510624096117,0.99571698742908,186.4727444654578,36.59831945025535,61.68363636363637,128.37384126984128,204.4884276001736,54,32592.59259259259,6400.0,161.46881578902196,90.270333367641,242,208264.4628099173,147200.0,445.1900583543572,432.9213103844808,0.3209271327206425,0.9957169874290799,0.0042830125709201194
283,0.0069251307153187,0.2253309600622983,0.7628768494827011,0.9951329402603182,185.66620313716768,36.70190165819701,64.11244979919678,127.80041964946926,204.10958804228943,62,25703.225806451614,6400.0,145.3076691681446,90.270333367641,253,204951.7786561265,153600.0,441.8553006958157,442.23251132330944,0.3176510472957661,0.9951329402603181,0.004867059739681934
284,0.0073144954944932,0.2213816887306708,0.7667704972744466,0.9954666814996106,185.22446879519413,36.27489240982786,66.60456273764258,127.67952261306532,203.2071454479507,87,19347.126436781607,6400.0,128.64239723082892,90.270333367641,253,201359.6837944664,140800.0,435.869104129374,423.4053942720982,0.3197302916077874,0.9954666814996106,0.004533318500389405
285,0.0077316720436088,0.2150684169540549,0.7733340749805317,0.9961341639781957,184.8771554121704,36.04741194879345,65.79856115107914,126.88387430492692,202.3722937495505,87,20450.57471264368,6400.0,132.7961481467495,90.270333367641,259,191085.7142857143,102400.0,415.03680367933714,361.081333470564,0.3233154823430694,0.9961341639781954,0.0038658360218045695
286,0.0076760485037267,0.2144565580153521,0.774947157637112,0.9970797641561908,184.7714984981644,35.884078015993026,66.0036231884058,126.9363247309039,202.0863479758829,80,22080.0,6400.0,139.21886959251495,90.270333367641,251,196615.13944223107,140800.0,433.2350049049252,423.4053942720982,0.3241420892635104,0.9970797641561908,0.0029202358438091824
287,0.0070085660251418,0.2160140171320503,0.7739181221492936,0.9969407053064856,184.89203470908888,35.724032513412816,68.73015873015873,127.08883738895328,202.21346174578647,84,19200.0,6400.0,131.3096084160183,90.270333367641,253,196477.47035573123,134400.0,434.71764493684447,413.6706356661128,0.3237094953232737,0.9969407053064856,0.0030592946935144028
288,0.0058126599176771,0.2179330292579819,0.7726665925019468,0.996412281677606,185.17107019690727,35.862175584402785,69.27751196172248,126.86204696273607,202.65308473112088,88,15200.0,6400.0,119.67491653994566,90.270333367641,258,194381.3953488372,134400.0,430.1485943701308,413.6706356661128,0.3233143175161445,0.9964122816776058,0.00358771832239424
289,0.004338636110802,0.2191011235955056,0.7729447102013572,0.9963844699076648,185.5694459895428,35.63054056403917,70.58974358974359,127.07578065498858,202.9703871617732,61,16367.2131147541,6400.0,124.2900057193344,90.270333367641,253,199285.37549407117,147200.0,436.5606881778549,432.9213103844808,0.3238005115609072,0.9963844699076648,0.003615530092335173
290,0.0038658360218044,0.2207698297919679,0.7716931805540105,0.9963288463677828,185.86644788074312,35.576969921812285,70.46043165467626,127.70849080372888,203.25721699643205,65,13686.153846153846,6400.0,114.73402321700186,90.270333367641,239,212565.69037656905,140800.0,447.22270474288416,423.4053942720982,0.3231997510896495,0.9963288463677828,0.00367115363221715
291,0.0049504950495049,0.2139837579263544,0.7774502169318055,0.9963844699076648,186.09478251195907,35.50719271950847,70.59550561797752,127.50155965687549,203.1377262645775,75,15189.333333333334,6400.0,122.31796814372974,90.270333367641,249,197757.4297188755,128000.0,429.88353058722265,403.7012035232256,0.3262489124241243,0.9963844699076648,0.003615530092335173
292,0.0051729892090332,0.2067526977416842,0.7837634887084214,0.995689175659139,186.4118923128268,35.14984605176316,67.18817204301075,127.6089588377724,202.92129448919485,66,18036.36363636364,6400.0,127.35369053301643,90.270333367641,240,198240.0,140800.0,432.0964881734946,423.4053942720982,0.3299459547823072,0.9956891756591388,0.0043108243408611635
293,0.0051451774390922,0.2034987206585827,0.7877961953498721,0.996440093447547,186.7638224496607,34.87903160346912,66.92972972972973,127.8769987699877,202.93338275789029,69,17159.420289855072,6400.0,121.57027190532824,90.270333367641,253,185094.07114624503,128000.0,417.9012258354017,403.7012035232256,0.3322131649801448,0.996440093447547,0.003559906552452974
294,0.004310824340861,0.2033874735788185,0.7887139837579263,0.996412281677606,186.92969184558905,34.73526544621029,64.14193548387097,127.85067687679476,203.0136111992665,54,18370.37037037037,6400.0,123.67359301136784,90.270333367641,246,190256.9105691057,134400.0,434.8577896802116,413.6706356661128,0.3329209035681565,0.9964122816776059,0.003587718322394129
295,0.0053676715986205,0.2052786739348092,0.7854043831349428,0.9960507286683724,187.04958838580487,34.91649470698449,64.53886010362694,128.55060289933613,203.37942634560903,51,24219.60784313725,6400.0,139.38043076100902,90.270333367641,235,201014.4680851064,160000.0,440.6248006122116,451.35166683820506,0.3308184326912098,0.9960507286683724,0.003949271331627591
296,0.0051729892090332,0.2018022026921793,0.7897430192457447,0.9967182111469574,187.3107130937813,34.77346579647501,62.37096774193548,128.40986769570011,203.350119735174,43,27683.72093023256,6400.0,148.40266677009595,90.270333367641,216,214992.59259259255,176000.0,464.11072053194215,473.3620585710754,0.3333145967061549,0.9967182111469572,0.0032817888530427552
297,0.0054232951385026,0.1942095894982756,0.7973912559795305,0.9970241406163088,187.5520636333296,34.072355303864555,63.65128205128205,128.98424745811255,202.79958843430643,53,23547.169811320757,6400.0,138.16931775783124,90.270333367641,248,180206.4516129032,115200.0,405.1913002240784,382.9845891853754,0.3377509994583279,0.9970241406163087,0.0029758593836912706
298,0.0048114361997997,0.1912059183446434,0.80058960952275,0.9966069640671932,187.736316609189,33.48000360330689,67.02312138728324,129.61192727272729,202.49103730980335,61,18150.819672131147,6400.0,126.88874158739188,90.270333367641,231,190476.19047619047,128000.0,417.3185986959116,403.7012035232256,0.3398290889362393,0.9966069640671932,0.0033930359328068205
299,0.0039492713316275,0.1924574479919902,0.799143397485816,0.9955501168094336,187.86138613861385,33.18112858465784,66.97183098591549,130.27369942196532,202.545520985592,56,16228.57142857143,6400.0,121.13440166313646,90.270333367641,238,186084.03361344535,134400.0,422.244104061934,413.6706356661128,0.3392699469696599,0.9955501168094336,0.004449883190566384
300,0.0049504950495049,0.1889809767493603,0.8017855156302147,0.99571698742908,187.8294304149516,33.17876137339254,70.96067415730337,130.1086092715232,202.35946442818,78,14605.128205128203,6400.0,119.75614425293112,90.270333367641,249,174650.60240963855,128000.0,409.98878511363387,403.7012035232256,0.3406436181197648,0.9957169874290799,0.0042830125709201194
301,0.0033930359328067,0.1921237067526977,0.8009511625319835,0.996467905217488,187.6864222939148,33.05788679727912,71.4672131147541,129.68572669368848,202.28268342650787,57,13698.245614035088,6400.0,118.33447098758748,90.270333367641,248,178270.96774193548,134400.0,419.3923870980472,413.6706356661128,0.340324861520935,0.9964679052174878,0.003532094782512152
302,0.0029480476137501,0.2007731672043609,0.7930804316386695,0.9968016464567804,187.63054844810324,33.60114905573696,74.18867924528301,129.62238537193517,202.8884836582971,61,11121.311475409835,6400.0,109.11095181583582,90.270333367641,242,190915.70247933888,134400.0,431.31984780827815,413.6706356661128,0.3357035494016172,0.9968016464567805,0.003198353543219512
303,0.0031983535432194,0.2056680387139837,0.788463677828457,0.9973300700856602,187.6359995550117,34.465223791050335,71.34782608695652,128.684246112238,203.6185890652557,56,13142.857142857143,6400.0,115.77459295881924,90.270333367641,238,198857.14285714287,140800.0,433.575686630236,423.4053942720982,0.3328807527410103,0.9973300700856602,0.002669929914339786
304,0.0037824007119813,0.2105350984536655,0.7833741239292469,0.9976916230948938,187.76123595505615,34.85034164045129,70.05882352941177,129.4340819022457,204.1185784783612,56,15542.857142857143,6400.0,125.94354063610056,90.270333367641,236,205288.13559322036,121600.0,431.5958964905752,393.4792607492748,0.3297565570134266,0.9976916230948937,0.002308376905106324
305,0.0033652241628657,0.2077261096896206,0.786322171542997,0.9974135053954832,188.04232951385023,34.45261997273747,70.50413223140495,129.98072031061722,204.01054009125315,40,19360.0,6400.0,135.74022121280902,90.270333367641,241,198346.887966805,128000.0,431.3396243786703,403.7012035232256,0.3315884925922371,0.9974135053954833,0.0025864946045166537
306,0.0029480476137501,0.205111803315163,0.7891589720769829,0.997218823005896,188.27605962843475,34.335020651267016,70.87735849056604,129.65125423728813,204.09466079295157,46,14747.826086956522,6400.0,122.32777587204322,90.270333367641,242,195041.3223140496,131200.0,429.9480423925207,408.68591959466926,0.3333514823731401,0.997218823005896,0.002781176994103962
307,0.0034764712426298,0.1978251195906107,0.7944710201357215,0.995772610968962,188.32075314273,34.31063222452794,72.16,128.61746098692535,203.90733739410487,55,14545.454545454546,6400.0,122.20891329826534,90.270333367641,210,216777.14285714287,160000.0,449.23603931678974,451.2613513317184,0.3365561046394227,0.995772610968962,0.004227389031038031
308,0.0038658360218044,0.1918734008232284,0.799143397485816,0.9948826343308488,188.35640783179443,34.14282414481736,71.29496402877697,128.23003333816496,203.62205053247024,54,16474.074074074073,6400.0,129.9008966430282,90.270333367641,226,195369.9115044248,140800.0,429.9564274459669,423.4053942720982,0.3393768952125982,0.9948826343308488,0.005117365669151219
309,0.0035320947825119,0.1824730225831572,0.8089053287351207,0.9949104461007898,188.19112248303483,33.275455530603615,70.33858267716535,128.0108215211096,202.52721334020973,57,14259.649122807015,6400.0,116.3557325407848,90.270333367641,241,174234.02489626556,115200.0,404.8918460728987,382.9845891853754,0.3452959014140877,0.9949104461007898,0.005089553899210175
310,0.0047001891200355,0.1822505284236288,0.8089331405050617,0.9958838580487264,187.98957058627207,33.329548483566626,71.63313609467455,128.1025484510911,202.3521625524307,80,13520.0,6400.0,114.7478023091488,90.270333367641,238,176215.12605042016,108800.0,402.9226370511024,372.1941193345023,0.3449711516707671,0.995883858048726,0.004116141951273966
311,0.0043664478807431,0.1867560351540772,0.8052063633329625,0.9963288463677828,187.795305373234,33.630301863918945,69.54777070063695,127.92449739389428,202.492297596021,68,14776.470588235294,6400.0,119.27128703374692,90.270333367641,237,181333.3333333333,115200.0,409.1793092561456,382.9845891853754,0.3427164912142438,0.9963288463677828,0.00367115363221715
312,0.0052564245188563,0.195183001446212,0.7960841027923017,0.9965235287573702,187.47911336077428,34.66660951999331,71.26455026455027,127.31404958677686,203.1595863610956,76,15915.78947368421,6400.0,125.34478690260578,90.270333367641,229,196136.24454148472,134400.0,431.9436760600098,413.6706356661128,0.3370728004033244,0.9965235287573699,0.0034764712426300637
313,0.0052564245188563,0.20369340304817,0.787017465791523,0.9959672933585494,187.20333185003892,35.46704202806305,69.34391534391534,127.09229929000546,203.75556576436497,61,19829.508196721312,6400.0,136.50327402104696,90.270333367641,225,208327.11111111112,134400.0,443.1540517232039,413.6706356661128,0.3317955398325531,0.9959672933585493,0.004032706641450723
314,0.0059517187673823,0.2070586272110357,0.7821782178217822,0.9951885638002004,187.07144843697853,35.915865119101056,70.0607476635514,126.99892545332438,204.11726639169396,85,16112.941176470587,6400.0,121.84965239941808,90.270333367641,206,231300.9708737864,166400.0,468.6054130083325,460.29019134012736,0.3289265554568353,0.9951885638002003,0.004811436199799735
315,0.0055623539882078,0.2075314273000333,0.7830125709200133,0.9961063522082544,187.1638669484926,35.653733168354684,66.555,127.64754757437684,203.9966612204305,64,20000.0,6400.0,133.81848294753763,90.270333367641,204,234101.9607843137,150400.0,467.3178830528357,437.57691085389513,0.3293763286785613,0.9961063522082544,0.0038936477917456136
316,0.0063410835465569,0.1954333073756813,0.7938591611970186,0.9956335521192567,187.52633774613415,35.089208205493065,66.92105263157895,127.4606517717376,203.5159052690583,81,18014.81481481481,6400.0,123.90722244805367,90.270333367641,217,207247.92626728112,134400.0,435.876524432582,413.6706356661128,0.3356675098070706,0.9956335521192567,0.004366447880743252
317,0.0072310601846701,0.1818611636444543,0.8064857047502503,0.9955779285793748,187.81124151741017,34.323179503731495,66.6923076923077,127.26793087628076,202.76101800124147,88,18909.090909090908,6400.0,126.88556095847052,90.270333367641,225,185998.22222222225,121600.0,415.85884271682113,393.4792607492748,0.343100159857091,0.9955779285793747,0.00442207142062534
318,0.0060629658471465,0.1751863388586049,0.8139948826343308,0.9952441873400824,188.0684447658249,33.57969905469088,65.98165137614679,127.20606445467534,202.32267322673223,75,18602.666666666668,6400.0,127.1897678127539,90.270333367641,211,191059.71563981043,147200.0,430.2801018365776,432.9213103844808,0.3479196990786891,0.9952441873400822,0.0047558126599177575
319,0.0045333185003893,0.1755757036377795,0.8144954944932695,0.9946045166314385,188.54728000889975,32.9523791219727,69.46625766871166,128.04641216537303,202.5445605408728,69,15118.840579710144,6400.0,120.77596980438324,90.270333367641,208,194246.15384615384,140800.0,439.2155114199195,423.4053942720982,0.3485705290021314,0.9946045166314383,0.00539548336856166
320,0.0034208477027478,0.1765769273556569,0.815496718211147,0.9954944932695516,189.1327733896985,32.5992413866885,73.42276422764228,128.89951173413135,202.8988472819044,53,14852.830188679243,6400.0,124.95373740942432,90.270333367641,223,182213.4529147982,121600.0,421.9289954172989,393.4792607492748,0.3492322924055566,0.9954944932695518,0.00450550673044825
321,0.0030314829235732,0.1804149516075203,0.8116308821893425,0.995077316720436,189.64770831015687,32.781929870785305,74.45871559633028,129.39186064436566,203.71620463968748,58,12027.586206896553,6400.0,114.85403628422046,90.270333367641,206,201537.8640776699,147200.0,453.5919373380041,432.9213103844808,0.347008074589945,0.9950773167204361,0.004922683279563911
322,0.0027811769941039,0.1817499165646901,0.809850928913116,0.99438202247191,189.9469907664924,32.992040223530445,72.38,129.54200459066564,204.20045331227035,47,13617.021276595744,6400.0,121.7262813894978,90.270333367641,225,185884.44444444444,147200.0,429.6384957999932,432.9213103844808,0.3460735753370658,0.9943820224719101,0.005617977528089901
323,0.0029202358438091,0.1776059628434753,0.8145233062632106,0.995049504950495,190.1072143731227,32.85479118195297,71.1047619047619,129.1118070779831,204.08884487998088,49,13714.285714285714,6400.0,119.31434284023908,90.270333367641,216,189214.8148148148,153600.0,439.0390920383529,442.23251132330944,0.3487881161138847,0.9950495049504949,0.004950495049505066
324,0.0025030592946935,0.1733229502725553,0.8194738013127155,0.9952998108799644,190.17949716319947,32.434756784885046,71.95555555555555,128.88334403080873,203.75530290174785,47,12255.31914893617,6400.0,114.86860584390234,90.270333367641,225,177265.77777777778,140800.0,412.8193716626467,423.4053942720982,0.3518414337875466,0.9952998108799643,0.004700189120035669
325,0.0025030592946935,0.1728779619534987,0.8196128601624207,0.994993881410613,190.24224051618648,32.38221254855982,75.94444444444444,129.0286357786358,203.77271801832373,51,11294.117647058823,6400.0,112.30000905359933,90.270333367641,212,187652.83018867925,150400.0,429.4232321573076,437.57691085389513,0.3519725467026905,0.994993881410613,0.005006118589387043
326,0.002864612303927,0.1750750917788408,0.8171098008677272,0.995049504950495,190.2060295917232,32.52793443060846,73.86407766990291,129.34392374900716,203.9164397549353,53,12437.735849056604,6400.0,115.4687002475398,90.270333367641,205,196526.82926829267,153600.0,443.05593543738223,442.23251132330944,0.3503744416121335,0.995049504950495,0.004950495049504955
327,0.0037545889420402,0.1789409278006452,0.8133274001557459,0.9960229168984314,189.93436422293917,32.836938354740376,73.6962962962963,129.6153248368045,203.94097934619063,68,12705.882352941177,6400.0,119.3807425726651,90.270333367641,212,194233.96226415093,147200.0,441.095084419182,432.8189527977038,0.3477778004362193,0.9960229168984313,0.003977083101568746
328,0.0032817888530426,0.1814717988652797,0.8115752586494605,0.9963288463677828,189.50336522416288,33.08885048957983,75.47457627118644,128.67417624521073,203.76635481991707,62,12180.645161290322,6400.0,115.74048886072065,90.270333367641,209,199808.61244019135,153600.0,453.1973745642658,442.23251132330944,0.3467500513523455,0.9963288463677827,0.003671153632217261
329,0.0028368005339859,0.1858104349760818,0.8068472577594838,0.9954944932695516,189.0873289576149,33.446568249427614,73.36274509803921,128.15701242328993,203.77125917755333,55,11869.09090909091,6400.0,111.2144934379804,90.270333367641,202,211675.24752475249,166400.0,465.42640258177255,460.29019134012736,0.3440928333203453,0.9954944932695515,0.004505506730448472
330,0.0034486594726888,0.1905106240961174,0.8015073979308043,0.9954666814996106,188.7356769384804,33.94406291055504,73.7258064516129,127.97386861313868,203.9169298032548,63,12596.825396825398,6400.0,115.49637967636856,90.270333367641,201,218109.4527363184,153600.0,471.4961679169934,442.23251132330944,0.3407845500988256,0.9954666814996105,0.004533318500389516
331,0.0034486594726888,0.1901490710868839,0.8025364334186228,0.9961341639781957,188.4756090777617,33.91920061978636,72.91129032258064,127.6339037589586,203.61027169392847,57,13922.80701754386,6400.0,117.85863318270562,90.270333367641,206,212411.6504854369,172800.0,461.62868328996063,469.0584114268032,0.3413073876386378,0.9961341639781955,0.0038658360218044585
332,0.0039770831015685,0.1851151407275559,0.8078206697074202,0.9969128935365448,188.17663255089556,33.749924169236685,71.23076923076923,126.97235576923076,202.93444880534324,62,14761.290322580646,6400.0,120.99747197247792,90.270333367641,213,199992.4882629108,160000.0,448.4513474502006,451.35166683820506,0.3442766464261565,0.9969128935365446,0.003087106463455447
333,0.0047558126599176,0.1836411169206808,0.8089053287351207,0.9973022583157192,187.9666258760708,33.602082586348985,72.62573099415205,127.27638951991518,202.55451263537907,86,12725.581395348838,6400.0,112.94457861384372,90.270333367641,248,170400.0,134400.0,407.6183885254955,413.6706356661128,0.3447401164259473,0.9973022583157191,0.002697741684280941
334,0.0045889420402714,0.1899822004672377,0.8025920569585049,0.997163199466014,187.63141061297145,33.74985036610534,71.95757575757575,127.9262187088274,202.5601912814471,71,14873.23943661972,6400.0,120.99298355325185,90.270333367641,236,185247.45762711865,147200.0,425.723002328141,432.9213103844808,0.340990463854868,0.997163199466014,0.0028368005339860503
335,0.0051173656691511,0.1940983424185115,0.7958059850928914,0.995021693180554,187.0732005784848,34.117412971100585,72.82608695652173,127.87448058461098,202.50181729223456,91,12940.65934065934,6400.0,113.77085859111897,90.270333367641,228,195901.7543859649,166400.0,446.69563262561707,460.29019134012736,0.3371373590347151,0.995021693180554,0.004978306819445999
336,0.0053120480587384,0.197296695961731,0.7912170430526199,0.9938257870730892,186.4862331738792,34.256685108450945,67.66492146596859,127.95742881308148,202.19698407676896,71,17216.901408450703,6400.0,126.71954222616668,90.270333367641,233,194856.65236051503,166400.0,445.69164435090346,460.29019134012736,0.3345388442609934,0.9938257870730892,0.006174212926910783
337,0.0066470130159083,0.2021081321615307,0.785654689064412,0.9944098342418513,186.06772165980644,34.76746014366634,70.02928870292887,127.99091784780516,202.28163828808096,86,17786.04651162791,6400.0,130.69209809804022,90.270333367641,241,192982.5726141079,140800.0,435.8349956786007,423.4053942720982,0.330922043944115,0.994409834241851,0.005590165758148968
338,0.0083435309823117,0.2028312381799977,0.784125041717655,0.9952998108799644,185.83588274557792,35.435943621514255,68.42666666666666,127.35184423419716,202.4552387032702,99,19393.939393939392,6400.0,135.23473401686894,90.270333367641,235,198617.87234042556,147200.0,444.4909545788109,432.9213103844808,0.3295729402796394,0.9952998108799643,0.004700189120035669
339,0.0091222605406608,0.2071698742907998,0.7807041940149071,0.9969963288463678,185.71248192234955,35.8329533554058,66.53353658536585,127.40864545576588,202.73289159630937,108,19437.03703703704,6400.0,130.1433309601598,90.270333367641,241,197815.7676348548,134400.0,433.0532318490732,413.6706356661128,0.3271939882083843,0.9969963288463677,0.0030036711536323146
340,0.0091500723106018,0.2087829569473801,0.7797585938369118,0.9976916230948938,185.7191845589053,35.599733383535934,65.11854103343465,128.26215532169974,202.6228911795128,90,23395.555555555555,6400.0,139.4918054966621,90.270333367641,247,194513.36032388665,140800.0,433.6975941211764,423.4053942720982,0.3265482710614114,0.9976916230948938,0.002308376905106213
341,0.0082600956724885,0.2093391923462009,0.7797307820669708,0.9973300700856602,185.765101791078,35.24680240865395,64.05387205387206,129.06230902085824,202.4056926808389,85,22362.352941176472,6400.0,133.27944627443532,90.270333367641,264,182472.7272727273,115200.0,413.0427035314716,382.9845891853754,0.3267595767038778,0.9973300700856602,0.002669929914339786
342,0.0078151073534319,0.20797641561909,0.7801757703860274,0.9959672933585494,185.826426743798,35.33325512636484,64.70462633451957,128.4069269858251,202.5721873663197,82,21931.70731707317,6400.0,133.2369438879465,90.270333367641,231,207182.683982684,153600.0,455.70031990151,442.23251132330944,0.3272813340779305,0.9959672933585493,0.004032706641450723
343,0.0078151073534319,0.2090888864167315,0.7785070641895651,0.9954110579597284,185.9073033707865,35.36785695278422,67.32384341637011,128.45863261505718,202.76650471563303,98,18351.020408163266,6400.0,124.35455739040262,90.270333367641,229,210110.04366812223,153600.0,455.7722250973089,442.23251132330944,0.326379854982991,0.9954110579597285,0.004588942040271493
344,0.0067860718656135,0.2121481811102458,0.7759761931249305,0.9949104461007898,185.90090666370008,35.20085318303717,68.65983606557377,128.77294179339276,202.8032687000466,87,17949.42528735632,6400.0,121.65092424933866,90.270333367641,240,203413.3333333333,160000.0,452.108036639678,451.35166683820506,0.3251886744113602,0.9949104461007898,0.005089553899210175
345,0.0068973189453776,0.208699521637557,0.7811769941039047,0.9967738346868394,185.9683502058071,34.779197988282434,69.4475806451613,128.965618336887,202.38454144118484,90,17635.555555555555,6400.0,123.2268973078138,90.270333367641,250,192102.4,140800.0,427.9332177519056,423.4053942720982,0.3279504706602418,0.9967738346868393,0.003226165313160667
346,0.0070085660251418,0.2019968850817666,0.7879908777394593,0.9969963288463678,185.9963288463678,34.429465978779405,71.02380952380952,128.37973289274404,201.9249638231038,88,18327.272727272728,6400.0,131.189900800903,90.270333367641,253,183728.06324110672,121600.0,413.9784738881527,393.4792607492748,0.3318873261297627,0.9969963288463677,0.0030036711536323146
347,0.0054511069084436,0.202275002781177,0.7894927133162755,0.997218823005896,185.8767382356213,33.919922199706775,72.68877551020408,128.53457995325175,201.48067777503783,86,14586.046511627908,6400.0,118.22272786798848,90.270333367641,248,187690.32258064515,131200.0,420.6577350009965,408.68591959466926,0.3330474651075657,0.997218823005896,0.002781176994103962
348,0.0053120480587384,0.205862721103571,0.7853765713650017,0.9965513405273112,185.7239681833352,33.804894987809426,73.21465968586388,129.0274250202648,201.5109954318496,81,15091.35802469136,6400.0,117.79367761473684,90.270333367641,263,180124.71482889733,121600.0,407.4786837226026,393.4792607492748,0.3307495755644528,0.9965513405273111,0.0034486594726889086
349,0.0048948715096228,0.2047780620758705,0.7876293247302258,0.9973022583157192,185.5049504950495,33.953976411474386,71.69886363636364,128.0996876273258,201.2592161016949,79,14258.227848101264,6400.0,117.55932133625524,90.270333367641,254,185524.4094488189,134400.0,416.9284426404886,413.6706356661128,0.3320545652126863,0.9973022583157192,0.00269774168428083
350,0.0044498831905662,0.204472132606519,0.788408054288575,0.9973300700856602,185.41620313716768,33.53482113420252,77.14375,128.49197497279653,200.9039085649781,83,12337.349397590362,6400.0,114.51359852325056,90.270333367641,241,195239.83402489623,147200.0,433.9684644472492,432.9213103844808,0.3325959301754448,0.9973300700856602,0.002669929914339786
351,0.0045611302703304,0.1983535432194904,0.793469796417844,0.9963844699076648,185.3654744687952,33.1992573085363,75.21341463414635,128.399467190129,200.39400630914827,89,11793.258426966291,6400.0,112.3063700151037,90.270333367641,258,176917.82945736434,128000.0,408.9445697287934,403.7012035232256,0.3356744020393296,0.9963844699076647,0.003615530092335284
352,0.005006118589387,0.1961564133941484,0.7953888085437757,0.9965513405273112,185.23909778618312,33.11174873066974,77.18888888888888,128.27222458528286,200.13720759467117,98,11755.102040816326,6400.0,113.86079559765687,90.270333367641,259,174282.62548262547,121600.0,410.3411340381517,393.4792607492748,0.3367034130408544,0.9965513405273111,0.0034486594726889086
353,0.005033930359328,0.1996328846367782,0.7925241962398487,0.9971910112359552,185.1955167426855,33.285465669965824,77.69613259668509,128.36110337141264,200.31165777653004,99,11701.0101010101,6400.0,111.92050000757074,90.270333367641,247,185988.66396761133,128000.0,417.73683992792377,403.7012035232256,0.3349178637677634,0.9971910112359549,0.002808988764045117
354,0.0048392479697407,0.2050561797752809,0.7874902658805206,0.9973856936255424,185.1907053064857,33.78938406702495,74.0632183908046,128.18852570188525,200.82574607098712,86,12948.837209302326,6400.0,115.64705312869155,90.270333367641,258,182896.12403100776,140800.0,421.6266584862176,423.4053942720982,0.3319737105179749,0.9973856936255422,0.0026143063744578088
355,0.0052564245188563,0.2100901101346089,0.7825397708310157,0.997886305484481,185.1605851596396,34.21680692284618,75.91534391534391,128.28249933809903,201.25461136581723,91,13292.307692307691,6400.0,114.39014918410454,90.270333367641,253,191089.32806324112,147200.0,431.3367759824022,432.9213103844808,0.3289418816023065,0.9978863054844809,0.0021136945155191267
356,0.0041439537212148,0.2121759928801869,0.7805651351652019,0.9968850817666036,185.0776782734453,34.26754120045632,75.83221476510067,127.87613055446324,201.34686097056937,86,11088.372093023256,6400.0,108.92952047272608,90.270333367641,246,198478.0487804878,150400.0,441.0067889458378,437.57691085389513,0.3281553489463678,0.9968850817666035,0.003114918233396491
357,0.0048114361997997,0.2139837579263544,0.777060852152631,0.9958560462787852,184.94610078985423,34.52943750294756,78.89595375722543,127.84013517026254,201.5079098067287,104,10646.153846153846,6400.0,110.12260452280752,90.270333367641,228,215971.9298245614,169600.0,465.8874525091264,464.67430138346526,0.3261182530341262,0.9958560462787851,0.004143953721214899
358,0.0060629658471465,0.2148737345644676,0.7747246634775837,0.995661363889198,184.79402603181663,35.11628749885892,74.55504587155963,127.37315557856589,201.797781447444,102,13678.43137254902,6400.0,118.54596977753498,90.270333367641,238,207757.9831932773,150400.0,443.10669877184665,437.57691085389513,0.3245297118979852,0.9956613638891978,0.004338636110802208
359,0.0086494604516631,0.2130659695183001,0.7748359105573479,0.9965513405273112,184.64843141617533,35.70519831190845,70.52090032154341,127.07153113170604,201.9286432160804,119,16726.050420168067,6400.0,126.03576454360746,90.270333367641,237,206879.3248945148,166400.0,447.0385784209387,460.29019134012736,0.3239364224589546,0.9965513405273111,0.0034486594726889086
360,0.0087050839915452,0.2166814996106352,0.7716931805540105,0.9970797641561908,184.5742574257426,36.03146482080593,68.60383386581469,127.26158387883456,202.117418099254,97,20651.546391752578,6400.0,134.1025830747019,90.270333367641,249,200250.60240963852,147200.0,436.7258871916,432.9213103844808,0.3220495115374117,0.9970797641561909,0.0029202358438090714
361,0.0087050839915452,0.2194348648347981,0.7696351095783736,0.9977750584047168,184.48904216264324,35.90042775742968,66.89137380191693,128.00278833967047,202.02269360026017,94,21310.63829787234,6400.0,134.36832662219442,90.270333367641,250,201984.0,153600.0,446.4945831473431,442.23251132330944,0.3207875471553835,0.9977750584047169,0.002224941595283081
362,0.0077316720436088,0.2148459227945266,0.774919345867171,0.9974969407053064,184.3458949827567,35.19182810515354,70.45323741007195,127.90511326860842,201.23988802354376,96,18533.33333333333,6400.0,129.07112736654724,90.270333367641,259,190888.0308880309,153600.0,430.4940464246945,442.23251132330944,0.3240636904072393,0.9974969407053065,0.0025030592946935215
363,0.0072310601846701,0.2167649349204583,0.7731950161308265,0.9971910112359552,184.20388808543777,34.978675502607615,73.58461538461539,128.08814472671287,201.09452897377795,115,14469.565217391304,6400.0,118.80022731714652,90.270333367641,249,200327.7108433735,147200.0,438.9285415418656,432.9213103844808,0.3232164155873576,0.997191011235955,0.002808988764045006
364,0.0059239069974413,0.2184614528868617,0.7723606630325954,0.9967460229168984,184.16030704194011,34.65869375164178,73.95774647887323,128.3903246339911,200.92286918007997,104,13107.692307692309,6400.0,115.60919646563973,90.270333367641,254,197921.25984251968,134400.0,438.83161769983,413.6706356661128,0.3230758157348167,0.9967460229168984,0.0032539770831016
365,0.0051729892090332,0.2206307709422627,0.7710535098453666,0.9968572699966626,184.10618533763488,34.630777647861606,77.3010752688172,128.00126055716626,201.0269802337325,97,12272.164948453608,6400.0,114.13745535370477,90.270333367641,244,208078.68852459016,160000.0,452.0628299490779,451.35166683820506,0.3224834567851986,0.9968572699966625,0.003142730003337535
366,0.0042273890310379,0.2242741128045388,0.7676604739125598,0.9961619757481366,184.0196351095784,34.53474445109267,77.75,128.27852182539684,201.06908919643504,85,11444.70588235294,6400.0,111.52680998659932,90.270333367641,243,212385.1851851852,166400.0,454.4372992569256,460.29019134012736,0.3208529211636774,0.9961619757481365,0.0038380242518635255
367,0.0049783068194459,0.2246634775837134,0.7670486149738569,0.9966903993770164,183.9899877628212,34.54861111652769,77.55307262569832,128.5774944293142,201.07719361856417,100,11456.0,6400.0,110.92986637186272,90.270333367641,244,211881.96721311475,163200.0,458.1421878220803,455.8209290891662,0.3202766800554394,0.9966903993770162,0.0033096006229837993
368,0.0049226832795639,0.2214095005006118,0.7708588274557793,0.9971910112359552,184.04708532651017,34.16000469402649,77.52542372881356,128.96018088179878,200.69513295089652,105,10788.57142857143,6400.0,110.61196115545404,90.270333367641,244,208813.11475409835,156800.0,452.5701789273367,446.7920890807573,0.322390253829374,0.997191011235955,0.002808988764045006
369,0.0053676715986205,0.2156246523528757,0.7758927578151074,0.9968850817666036,184.12913004783624,33.59691146412815,79.46632124352331,129.40861601960532,200.1979711807298,105,11763.809523809525,6400.0,116.91288017343828,90.270333367641,268,185146.2686567164,137600.0,418.1781800857247,418.5380149691055,0.3252037406582488,0.9968850817666035,0.003114918233396491
370,0.0062854600066748,0.2119813104905996,0.7770052286127489,0.9952719991100234,184.1331627544777,33.60794720739151,77.20353982300885,129.52295985305693,200.1127854535042,108,13392.592592592591,6400.0,119.88986129374769,90.270333367641,248,196696.7741935484,147200.0,429.76251835953406,432.9213103844808,0.3258445049536854,0.9952719991100233,0.004728000889976713
371,0.0071198131049059,0.2054177327845144,0.7825953943708978,0.9951329402603182,184.0496161975748,33.33429965606838,72.953125,129.43433522881128,199.6131703329898,109,15031.19266055046,6400.0,121.5617869690096,90.270333367641,251,188328.28685258963,115200.0,417.10554411058337,382.9845891853754,0.3289408077659454,0.9951329402603181,0.004867059739681934
372,0.0081210368227834,0.2063077094226276,0.7807041940149071,0.9951329402603182,183.86375013905885,33.368652979507495,70.3458904109589,130.01806416823942,199.47750347333547,103,18143.68932038835,6400.0,129.70164151922884,90.270333367641,279,170162.00716845875,121600.0,397.5073552620228,393.4792607492748,0.3276336052301778,0.9951329402603181,0.004867059739681934
373,0.0084269662921348,0.2075870508399154,0.779925464456558,0.9959394815886085,183.61210924463236,33.15470194369865,70.06600660066006,130.5730171489818,199.10829797097315,116,16717.241379310344,6400.0,123.47082225718826,90.270333367641,260,183729.2307692308,137600.0,425.0634281102801,418.5380149691055,0.3270144291156065,0.9959394815886082,0.004060518411391767
374,0.0070641895650239,0.2056402269440427,0.7842641005673601,0.9969685170764268,183.4723551006786,32.61291667408349,70.48031496062993,130.521503922099,198.48342139792192,111,14645.045045045044,6400.0,117.1682657726375,90.270333367641,269,175916.72862453532,128000.0,413.3035852946057,403.7012035232256,0.3296930780471851,0.9969685170764266,0.0030314829235733587
375,0.0066748247858493,0.2046111914562242,0.7859328067638225,0.997218823005896,183.361330515074,32.62144939735147,70.10416666666667,129.96275655837977,198.3160055203652,100,15360.0,6400.0,118.64704338830131,90.270333367641,255,184646.27450980392,140800.0,418.45421411544544,423.4053942720982,0.3307158276881104,0.997218823005896,0.002781176994103962
376,0.0077316720436088,0.2045833796862832,0.7844309711870063,0.9967460229168984,183.2137890755368,32.73340569438025,69.79496402877697,130.25462207721588,198.2555929799681,103,17273.78640776699,6400.0,123.99525378558371,90.270333367641,259,181769.88416988417,134400.0,415.353705182883,413.6706356661128,0.3296859828282515,0.9967460229168983,0.003253977083101711
377,0.0081488485927244,0.2083657803982645,0.7800645233062632,0.9965791522972522,182.9001279341417,33.30246768926193,71.31399317406144,129.63961558996263,198.42006560182543,111,16893.693693693695,6400.0,124.10868441909066,90.270333367641,268,178913.4328358209,128000.0,407.40208684785694,403.7012035232256,0.327071191926275,0.9965791522972521,0.0034208477027478645
378,0.0091778840805428,0.2102847925241962,0.776393369674046,0.9958560462787852,182.50130715318724,33.86498263887442,71.96060606060605,128.8127231847639,198.50834646797531,122,17311.475409836065,6400.0,127.49583905266064,90.270333367641,273,177254.21245421245,108800.0,392.7958542764832,372.1941193345023,0.3248149064520124,0.9958560462787851,0.004143953721214899
379,0.0089553899210145,0.2124819223495383,0.7739737456891757,0.9954110579597284,182.05331516297696,33.91930851807948,71.2111801242236,128.5925392670157,198.19594667433253,125,16486.4,6400.0,121.7411747073625,90.270333367641,275,177803.63636363635,121600.0,400.2976291261455,393.4792607492748,0.3235135583182926,0.9954110579597284,0.004588942040271604
380,0.0106240961174769,0.2125375458894204,0.7714984981644232,0.9946601401713204,181.5823228390255,34.15713792636036,70.62041884816755,128.68594608741168,197.87303532804611,132,18521.21212121212,6400.0,127.7131113162991,90.270333367641,250,195635.2,121600.0,426.1680340546782,393.4792607492748,0.3218240104048041,0.9946601401713204,0.005339859828679572
381,0.0139893202803426,0.210813216153076,0.7704694626766048,0.9952719991100234,181.20399933251755,34.84350638614842,67.90059642147118,128.63100263852243,197.8242789589575,137,23497.810218978106,6400.0,137.79459256701094,90.270333367641,259,187305.0193050193,108800.0,409.5280888444993,372.1941193345023,0.3204540123184941,0.9952719991100234,0.004728000889976602
382,0.0177995327622649,0.2092001334964957,0.7685782623206141,0.9955779285793748,180.92251640894423,35.52045539457925,61.1625,129.62656208455198,197.8346299981907,129,31751.93798449612,6400.0,143.91219735733648,90.270333367641,268,179629.85074626867,102400.0,394.6157195421253,360.9048085619838,0.3185395111940057,0.9955779285793747,0.00442207142062534
383,0.0217209923239514,0.2039437089776393,0.7700800978974301,0.995744799199021,180.7083101568584,36.58434660375321,56.71959026888605,129.12996045274787,198.0198995991188,126,39669.84126984127,6400.0,144.95288226551042,90.270333367641,286,164095.1048951049,83200.0,377.0822428582763,325.4743156102575,0.3186354378384537,0.9957447991990208,0.004255200800979186
384,0.0248637223272889,0.2028590499499388,0.7694126154188452,0.997135387696073,180.66770497274447,37.536571605480695,55.4407158836689,128.67740608719495,198.5209470450027,122,46898.360655737706,6400.0,148.72286003477635,90.270333367641,268,174185.07462686568,105600.0,395.1687047706695,366.63772640253313,0.3174583670700225,0.9971353876960729,0.0028646123039270943
385,0.0271999110023361,0.210145733674491,0.7604850372677717,0.997830681944599,180.76512960284796,38.51224047726237,55.02862985685071,129.429592376919,199.53152428320652,119,52598.31932773109,6400.0,152.57065532767638,90.270333367641,271,178444.28044280442,128000.0,408.5726456329981,403.7012035232256,0.3116353994146301,0.9978306819445988,0.002169318055401215
386,0.0277005228612748,0.2150684169540549,0.7548114361997997,0.9975803760151296,180.89806986316609,39.23678707053699,53.24698795180723,129.5735160998319,200.2996683861459,109,58480.733944954125,6400.0,152.04303513701808,90.270333367641,256,193325.0,131200.0,422.2889974467192,408.68591959466926,0.308242245078131,0.9975803760151294,0.0024196239848706114
387,0.0291189231282678,0.2125931694293024,0.7554511069084436,0.997163199466014,180.9933529869841,40.11779483932486,51.52913085004776,128.26321297749868,200.93417516474616,92,72834.78260869565,6400.0,159.51797614620273,90.270333367641,252,194133.3333333333,131200.0,431.0448173905746,408.68591959466926,0.3083857578017648,0.9971631994660138,0.0028368005339861613
388,0.031399488263433,0.2147068639448214,0.750723106018467,0.9968294582267216,181.11436199799755,40.6725162804517,51.14526129317981,129.0667098445596,201.5610343422369,86,84018.6046511628,6400.0,168.87842971337344,90.270333367641,240,205866.66666666663,140800.0,447.3037932460224,423.4053942720982,0.3052032970562665,0.9968294582267214,0.003170541773278579
389,0.0330681944598954,0.2151796640338191,0.7490543998220047,0.9973022583157192,181.18725664701304,41.31363513306998,50.80487804878049,128.86247899702727,202.08892436787585,89,85501.12359550562,6400.0,166.93921112160152,90.270333367641,230,215290.4347826087,153600.0,455.9971904049901,442.23251132330944,0.3038316542524662,0.9973022583157192,0.00269774168428083
390,0.0352375125152964,0.211564133941484,0.75,0.9968016464567804,181.16255979530536,41.59634335302253,50.16022099447514,129.36979098199026,202.07987540327068,80,101360.0,6400.0,182.4287898007632,90.270333367641,230,211673.0434782609,160000.0,457.15378747015313,451.35166683820506,0.3040266203251651,0.9968016464567804,0.003198353543219623
391,0.0362943597730559,0.2086717098676159,0.7513071531872288,0.9962732228279008,181.0771220380465,41.3098714937325,48.78773946360153,130.7668932427029,201.6149404012734,85,98258.82352941176,6400.0,178.77868504021436,90.270333367641,230,208779.13043478265,153600.0,449.72674702059845,442.23251132330944,0.3046693052253056,0.9962732228279007,0.0037267771720993492
392,0.0376015129602847,0.2014128379130048,0.7575369896540216,0.9965513405273112,180.9880687506953,41.17482037272226,47.94008875739645,130.982325324496,201.03708054923268,87,99457.47126436782,6400.0,176.75872851125305,90.270333367641,240,193120.0,150400.0,428.9924163147346,437.57691085389513,0.3081152946066111,0.9965513405273111,0.0034486594726889086
393,0.0375458894204027,0.197324507731672,0.7618756257648237,0.9967460229168984,180.8565190788742,41.036368035627305,47.20074074074074,130.58026779422127,200.6010075198949,86,100465.11627906976,6400.0,181.3448255035188,90.270333367641,238,190789.91596638656,147200.0,429.5921608747933,432.9213103844808,0.3107161510472788,0.9967460229168984,0.0032539770831016
394,0.0376571365001668,0.1965457781733229,0.7625987317832907,0.9968016464567804,180.83757926354437,41.00993759040149,47.7658788774003,130.4167256261497,200.55722100656456,86,100762.7906976744,6400.0,187.53602370441425,90.270333367641,233,194115.02145922743,140800.0,426.9186500728114,423.4053942720982,0.3111273164397404,0.9968016464567804,0.003198353543219623
395,0.0371565246412281,0.1948770719768606,0.764239626209812,0.9962732228279008,180.95505617977528,40.89118598685236,48.505239520958085,130.01412872841445,200.5476909640089,94,90961.70212765958,6400.0,176.6467811339109,90.270333367641,245,183040.0,134400.0,413.91593081335776,413.6706356661128,0.312285361986813,0.9962732228279008,0.003726777172099238
396,0.0352931360551785,0.1927633774613416,0.7676882856825008,0.995744799199021,181.10927244409837,40.282926177362185,47.93301812450749,130.38940989756168,200.1434626671014,91,89248.35164835164,6400.0,165.16615200562123,90.270333367641,258,171931.78294573643,102400.0,400.1323846081683,361.081333470564,0.3147729661940229,0.9957447991990209,0.004255200800979075
397,0.0361831126932918,0.1932083657803982,0.7664923795750361,0.9958838580487264,181.16055734786963,40.363897802521535,50.00614911606456,130.3194184540089,200.3310595065312,107,77816.82242990655,6400.0,164.15836969055806,90.270333367641,248,179277.4193548387,128000.0,414.8264271691006,403.7012035232256,0.3138759691118117,0.9958838580487261,0.004116141951273855
398,0.0347647124262988,0.1986038491489598,0.7631271554121705,0.9964957169874292,181.13658360218045,40.489747228182544,50.9664,129.3453297857443,200.6759721564197,113,70796.46017699115,6400.0,155.19131895076222,90.270333367641,252,181358.73015873012,134400.0,417.157471193222,413.6706356661128,0.3119903264862053,0.9964957169874291,0.0035042830125708857
399,0.0319279118923128,0.20155189676271,0.7643786850595172,0.99785849371454,181.0771220380465,40.114098845023385,50.386759581881535,128.76859390092451,200.4072187454519,113,65019.46902654867,6400.0,144.38129994523445,90.270333367641,251,184784.06374501996,134400.0,420.0605198193854,413.6706356661128,0.3130549161943471,0.99785849371454,0.0021415062854599487
400,0.0317054177327845,0.1989654021581933,0.7667983090443876,0.9974691289353654,180.8515963955946,40.14041439627021,50.55438596491228,127.89236790606654,200.08138986616373,121,60297.52066115703,6400.0,143.5553251897678,90.270333367641,246,186120.325203252,115200.0,418.6499822102516,382.9845891853754,0.3146023365367894,0.9974691289353654,0.0025308710646345656
401,0.0316776059628434,0.2038324618978751,0.7622093670041161,0.9977194348648348,180.55058960952277,40.21984064802725,50.6198419666374,128.1112020739528,200.0605706779537,129,56508.52713178295,6400.0,144.51114017475444,90.270333367641,255,183943.5294117647,128000.0,415.3574763663922,403.7012035232256,0.3118223704590125,0.9977194348648346,0.002280565135165391
402,0.0309544999443764,0.2105629102236066,0.7561464011569696,0.9976638113249529,180.1977416842808,40.50397759393023,50.672955974842765,127.52872804120987,200.25890098572896,133,53557.89473684211,6400.0,146.51876099458127,90.270333367641,232,208855.1724137931,144000.0,442.3969389874112,428.16335232828953,0.3083691547131282,0.9976638113249526,0.002336188675047368
403,0.0297307820669707,0.2132606519078874,0.7540048948715096,0.9969963288463678,179.93714539993326,40.07302474175871,51.67259120673527,127.58972352634323,199.9162332632511,141,48521.98581560284,6400.0,140.27279145930956,90.270333367641,231,212446.75324675324,160000.0,449.8503483350078,451.35166683820506,0.3074375347396111,0.9969963288463677,0.0030036711536323146
404,0.0290076760485037,0.2135109578373567,0.7541995772610969,0.9967182111469574,179.87237178774058,39.458791848556125,53.59252157238734,128.2547870261821,199.4751825355852,154,43345.454545454544,6400.0,134.5737191866863,90.270333367641,253,194200.790513834,134400.0,431.7601255802021,413.6706356661128,0.307731653979665,0.9967182111469572,0.0032817888530427552
405,0.0294526643675603,0.2125653576593614,0.7551173656691512,0.997135387696073,179.80039492713317,39.482884461240765,54.75259678942398,128.12194164595056,199.32175610474752,138,49113.04347826087,12800.0,153.77181919588364,127.66152972845846,268,182519.40298507464,131200.0,413.321169134171,408.68591959466926,0.3081273543620053,0.9971353876960729,0.0028646123039270943
406,0.0314551118033151,0.2133718989876515,0.7518077650461675,0.9966347758371342,179.5634386472355,39.99617093436005,56.54022988505747,127.39781021897812,199.64479135839005,161,44959.00621118012,6400.0,152.55344663010024,90.270333367641,251,195620.7171314741,128000.0,422.8774303304226,403.7012035232256,0.3058530591915871,0.9966347758371341,0.0033652241628658874
407,0.0316776059628434,0.2167927466903993,0.7469128935365447,0.9953832461897876,179.32470241406162,40.363689026068805,57.08955223880597,126.71148171905068,199.95207774798928,154,47335.06493506493,6400.0,157.6411124128609,90.270333367641,227,219770.92511013217,147200.0,456.7550737155362,432.9213103844808,0.3031055008865901,0.9953832461897874,0.004616753810212648
408,0.0303426410056736,0.218711758816331,0.7475803760151296,0.9966347758371342,179.17888530426077,39.96621021421095,57.701191567369385,126.65043234994914,199.60200892857145,161,43368.94409937888,6400.0,151.5037806629186,90.270333367641,231,217877.05627705628,128000.0,443.5472355737299,403.7012035232256,0.3036106621103981,0.9966347758371342,0.0033652241628657764
409,0.0286461230392702,0.2239403715652464,0.7437701635332072,0.996356658137724,178.9608966514629,39.70756484452259,59.297087378640775,126.35941381023348,199.5574542871032,137,48116.788321167885,6400.0,158.97993999546836,90.270333367641,233,221170.81545064377,134400.0,448.0368782140009,413.6706356661128,0.3018029617366553,0.9963566581377239,0.003643341862276106
410,0.0282289464901546,0.2319501613082656,0.735760373790188,0.9959394815886085,178.6942930248081,39.87747520781712,60.248275862068965,126.65947242206236,199.8071442071442,172,37767.44186046512,6400.0,143.77854857075135,90.270333367641,239,223330.5439330544,140800.0,451.9836401512784,423.4053942720982,0.2973826162791462,0.9959394815886082,0.004060518411391767
411,0.0277283346312159,0.235092891311603,0.7338969852041384,0.9967182111469574,178.5099566136389,39.93620017507333,60.56469408224674,126.47462439370638,199.7680763983629,177,36049.71751412429,6400.0,143.82844162607486,90.270333367641,244,221718.03278688525,144000.0,449.8808269357265,428.16335232828953,0.2963630930881893,0.9967182111469572,0.0032817888530427552
412,0.026393369674046,0.2362609856491267,0.7337301145844921,0.9963844699076648,178.45119034375347,39.41347693728133,60.20021074815595,127.21730429664508,199.35130012887572,166,36587.951807228914,6400.0,148.18197490439275,90.270333367641,247,220113.36032388665,140800.0,447.8108271635425,423.4053942720982,0.2966189514398117,0.9963844699076648,0.003615530092335173
413,0.0249193458671709,0.239348092112582,0.7325898320169095,0.9968572699966626,178.4341973523195,39.06039082580261,58.70647321428572,127.96165465953986,199.1212178732774,153,37479.7385620915,6400.0,149.66787790695744,90.270333367641,260,211840.0,147200.0,441.2876359315619,432.9213103844808,0.2962852638491857,0.9968572699966625,0.003142730003337535
414,0.0237512515296473,0.2404327511402825,0.732895761486261,0.9970797641561908,178.49883190566248,38.661849358377566,59.53981264637002,128.26362058993638,198.94368548876744,143,38220.97902097902,6400.0,155.79489871833317,90.270333367641,262,211175.572519084,128000.0,430.1074209795975,403.7012035232256,0.2967147198599547,0.9970797641561908,0.0029202358438091824
415,0.0214428746245411,0.2405996217599288,0.7347035265324285,0.9967460229168984,178.73567693848037,38.07958708471829,59.25940337224384,128.70546757600275,198.73134723852064,157,31429.29936305733,6400.0,143.71103238564822,90.270333367641,248,223251.61290322585,137600.0,438.0296423172456,418.5380149691055,0.2983117508182897,0.9967460229168985,0.003253977083101489
416,0.022833463121593,0.2284458782956947,0.7447435754811437,0.9960229168984314,179.1158916453443,37.43842427776112,62.10231425091352,129.0155831507183,198.222346702517,163,32235.58282208589,6400.0,146.5351813769176,90.270333367641,279,188421.50537634408,89600.0,392.3524328238293,337.76065965158017,0.3036800194136555,0.9960229168984314,0.003977083101568635
417,0.0233618867504728,0.2217154299699633,0.751390588497052,0.996467905217488,179.55362109244632,36.96672126224271,62.74880952380953,129.68853487205217,198.02420698078987,158,34025.3164556962,6400.0,147.96648309766013,90.270333367641,260,196233.84615384616,115200.0,411.15480675801615,382.9845891853754,0.3073047152683097,0.9964679052174881,0.0035320947825119298
418,0.0232228279007676,0.2176549115585715,0.7552564245188563,0.9961341639781957,179.9452386249861,36.75202506669179,62.21676646706587,129.98389982110913,198.09316541464133,157,34038.21656050955,6400.0,145.05604684055976,90.270333367641,244,205272.131147541,112000.0,418.77617896345663,377.5893542599388,0.3096041215039901,0.9961341639781954,0.0038658360218045695
419,0.0244743575481143,0.2136500166870619,0.7577872955834909,0.9959116698186672,180.36185893870285,36.97089475517812,61.29318181818182,130.25787555324135,198.4886776525856,127,44346.45669291339,6400.0,160.11615593133243,90.270333367641,235,209211.914893617,96000.0,416.3445204250263,349.61549778946534,0.3108448475768259,0.9959116698186671,0.004088330181332922
420,0.0223328512626543,0.2149849816442318,0.757870730893314,0.9951885638002004,180.72449660696407,37.00481295099638,58.71980074719801,130.05601552393273,198.86190825688072,109,47148.62385321101,6400.0,153.8286524622285,90.270333367641,245,201926.5306122449,102400.0,415.2245903387034,361.081333470564,0.3114224983754857,0.9951885638002002,0.004811436199799846
421,0.0217766158638335,0.210841027923017,0.76284903771276,0.9954666814996106,181.05951718767383,36.92232537146024,56.39080459770115,129.99828518665083,198.9083816398702,108,46400.0,6400.0,148.50526526346678,90.270333367641,251,193300.3984063745,108800.0,412.2960763702207,372.1941193345023,0.3144035851513767,0.9954666814996105,0.004533318500389516
422,0.0211091333852486,0.2111191456224274,0.7634052731115808,0.9956335521192567,181.4043275114028,37.08947798501621,55.33201581027668,129.8562771703333,199.3268607235236,120,40480.0,6400.0,139.6980419304725,90.270333367641,243,199927.5720164609,134400.0,428.9717342536254,413.6706356661128,0.3148416410444309,0.9956335521192567,0.004366447880743252
423,0.0210256980754255,0.208727333407498,0.7672154855935032,0.9969685170764268,181.66517410167984,37.13793133282261,56.05952380952381,129.42065289806794,199.4344595084463,132,36654.545454545456,6400.0,134.4139772680688,90.270333367641,215,223404.6511627907,134400.0,452.3443714580534,413.6706356661128,0.3169192184198691,0.9969685170764266,0.0030314829235733587
424,0.0202747802870174,0.2028312381799977,0.7728612748915341,0.9959672933585494,181.88332962509733,36.713652027309536,56.890260631001375,128.98615110379816,199.18895966029723,128,36450.0,6400.0,135.9303489883514,90.270333367641,236,197776.2711864407,128000.0,427.3040944252194,403.7012035232256,0.3205286492539232,0.9959672933585493,0.004032706641450723
425,0.0205528979864278,0.1963789075536767,0.7793136055178551,0.9962454110579596,182.04741906774947,36.425304648506334,60.23004059539919,128.1100410706699,199.01352557010813,145,32617.93103448276,6400.0,134.16015586478696,90.270333367641,239,189081.1715481172,115200.0,416.73203480902646,382.9845891853754,0.3242847615264711,0.9962454110579596,0.0037545889420403933
426,0.0179107798420291,0.2028034264100567,0.7757258871954611,0.996440093447547,182.2079207920792,36.04315637981721,61.380434782608695,128.45652770159077,199.18847698264736,128,32200.0,6400.0,129.90680105386838,90.270333367641,243,192052.67489711932,115200.0,413.4976070616536,382.9845891853754,0.3226124564930682,0.9964400934475469,0.003559906552453085
427,0.0192179330292579,0.2075870508399154,0.7694404271887862,0.9962454110579596,182.32459116698183,36.42524377459335,65.39942112879885,128.69145230439443,199.8642738379238,146,30290.41095890411,6400.0,132.78449054841715,90.270333367641,245,194977.95918367343,128000.0,425.2152849530122,403.7012035232256,0.3186771148570175,0.9962454110579595,0.0037545889420405043
428,0.0186616976304372,0.2136500166870619,0.7641283791300478,0.996440093447547,182.47266103014795,36.48884963485053,65.70789865871834,129.36396771674043,200.3207643312102,139,30894.96402877698,6400.0,135.02668340154725,90.270333367641,240,204853.3333333333,124800.0,427.6197999280605,398.59023213625017,0.3156593531909713,0.9964400934475469,0.003559906552453085
429,0.017855156302147,0.2133997107575926,0.7653799087773946,0.9966347758371342,182.48133830236955,36.42160987018119,65.51713395638629,129.12641730744167,200.21482558139536,141,29140.42553191489,6400.0,136.38782002807787,90.270333367641,239,205469.4560669456,115200.0,424.2741666159261,382.9845891853754,0.3165285781983356,0.9966347758371341,0.0033652241628658874
430,0.0172432973634442,0.21225942819001,0.7682445210813216,0.997747246634776,182.32058627211035,36.00735299085736,67.76290322580645,128.99659329140462,199.69919994207729,155,25600.0,6400.0,134.4160763312316,90.270333367641,248,196954.83870967745,121600.0,419.24241162331566,393.4792607492748,0.3181812119646556,0.9977472466347758,0.002252753365224236
431,0.0146011792190455,0.2139281343864723,0.7684670152408499,0.9969963288463678,182.0387696072978,35.22041507549413,70.24761904761905,128.96801872074883,199.02670913104845,149,22550.3355704698,6400.0,130.24596421218484,90.270333367641,235,209484.2553191489,140800.0,441.0946718771064,423.4053942720982,0.3189493697467074,0.9969963288463677,0.0030036711536323146
432,0.0134330848815218,0.212287239959951,0.7695238624986094,0.9952441873400824,181.51290466125263,34.36109279846198,73.9896480331263,129.39578147517358,197.94112544725144,161,19200.0,6400.0,131.19187816902934,90.270333367641,291,167873.53951890033,89600.0,379.4040112548146,337.76065965158017,0.3200223763856832,0.9952441873400821,0.0047558126599178685
433,0.0120424963844699,0.2170430526198687,0.7607075314273001,0.9897930804316388,180.76012348425851,34.165449691727964,77.37875288683603,129.39390056381342,197.46585258847617,176,15745.454545454546,6400.0,128.2150600678664,90.270333367641,245,203859.5918367347,121600.0,417.8922098668533,393.4792607492748,0.3158930248376042,0.9897930804316386,0.010206919568361394
434,0.0138780732005784,0.2102291689843141,0.7543942596506842,0.9785015018355768,179.70705862721104,34.37759100299846,76.18036072144288,129.07924328614897,196.7504516129032,165,19355.15151515152,6400.0,134.97950187342363,90.270333367641,231,209426.83982683983,115200.0,423.0954216020757,382.9845891853754,0.313232895446826,0.9785015018355767,0.021498498164423285
